image_index,tissue_type,gt_channel,gt_class,gt_broad_class,gt_original_id,gt_uid,gt_area,gt_bbox_min_row,gt_bbox_min_col,gt_bbox_max_row,gt_bbox_max_col,gt_centroid_row,gt_centroid_col,gt_eccentricity,gt_solidity,gt_major_axis_length,gt_minor_axis_length,matched_iou_0.1,best_match_pred_id_iou_0.1,best_match_iou_0.1,best_match_gt_overlap_fraction_0.1,matched_iou_0.25,best_match_pred_id_iou_0.25,best_match_iou_0.25,best_match_gt_overlap_fraction_0.25,matched_iou_0.5,best_match_pred_id_iou_0.5,best_match_iou_0.5,best_match_gt_overlap_fraction_0.5,best_any_iou,best_any_pred_id,best_any_gt_overlap_fraction
114,Breast,0,neoplastic,neoplastic,97,114__ch0__id97,228.0,0,4,12,30,4.464912280701754,17.17543859649123,0.85849817698339,0.957983193277311,24.766968411358583,12.700912892357582,True,1.0,0.8307086614173228,0.9254385964912281,True,1.0,0.8307086614173228,0.9254385964912281,True,1.0,0.8307086614173228,0.9254385964912281,0.8307086614173228,1.0,0.9254385964912281
114,Breast,0,neoplastic,neoplastic,102,114__ch0__id102,67.0,0,164,5,183,1.5671641791044777,173.22388059701493,0.9525956401123978,0.9305555555555556,17.48103448580221,5.318417545108488,False,,,,False,,,,False,,,,0.0,,0.0
114,Breast,0,neoplastic,neoplastic,112,114__ch0__id112,466.0,0,207,20,234,9.0,220.15236051502146,0.702683091081334,0.9748953974895398,29.09269771129545,20.699540769440787,False,,,,False,,,,False,,,,0.0,,0.0
114,Breast,0,neoplastic,neoplastic,114,114__ch0__id114,895.0,0,142,36,174,17.509497206703912,157.35418994413408,0.6653319246038966,0.9654800431499461,39.16844121991332,29.241108701309415,True,2.0,0.585820895522388,0.7016759776536313,True,2.0,0.585820895522388,0.7016759776536313,True,2.0,0.585820895522388,0.7016759776536313,0.585820895522388,2.0,0.7016759776536313
114,Breast,0,neoplastic,neoplastic,117,114__ch0__id117,76.0,3,252,28,256,15.0,253.76315789473685,0.9829874592654828,0.926829268292683,23.664319132398465,4.346489015171073,False,,,,False,,,,False,,,,0.0,,0.0
114,Breast,0,neoplastic,neoplastic,118,114__ch0__id118,933.0,4,9,42,44,23.515541264737408,28.076098606645232,0.533250673909602,0.933,38.68249855261501,32.723741240653986,True,3.0,0.5329087048832272,0.5380493033226152,True,3.0,0.5329087048832272,0.5380493033226152,True,3.0,0.5329087048832272,0.5380493033226152,0.5329087048832272,3.0,0.5380493033226152
114,Breast,0,neoplastic,neoplastic,121,114__ch0__id121,9.0,26,0,35,1,30.0,0.0,1.0,1.0,10.327955589886445,0.0,False,,,,False,,,,False,,,,0.0,,0.0
114,Breast,0,neoplastic,neoplastic,128,114__ch0__id128,739.0,16,178,51,205,33.495263870094725,191.3788903924222,0.6392054391711207,0.9647519582245431,34.99549091820264,26.912793201042007,True,4.0,0.8393316195372751,0.8836265223274695,True,4.0,0.8393316195372751,0.8836265223274695,True,4.0,0.8393316195372751,0.8836265223274695,0.8393316195372751,4.0,0.8836265223274695
114,Breast,0,neoplastic,neoplastic,129,114__ch0__id129,911.0,21,207,58,238,38.96048298572997,221.98572996706915,0.68371676995854,0.9691489361702128,39.93602718042967,29.143215029520327,True,5.0,0.7905859750240154,0.9034028540065862,True,5.0,0.7905859750240154,0.9034028540065862,True,5.0,0.7905859750240154,0.9034028540065862,0.7905859750240154,5.0,0.9034028540065862
114,Breast,0,neoplastic,neoplastic,138,114__ch0__id138,430.0,42,0,67,21,54.10697674418605,9.944186046511629,0.5400006766779266,0.9750566893424036,25.510529838071857,21.471309441763456,True,6.0,0.8771929824561403,0.9302325581395349,True,6.0,0.8771929824561403,0.9302325581395349,True,6.0,0.8771929824561403,0.9302325581395349,0.8771929824561403,6.0,0.9302325581395349
114,Breast,0,neoplastic,neoplastic,141,114__ch0__id141,594.0,46,230,77,256,62.4006734006734,244.01683501683502,0.6590203753434131,0.9737704918032787,31.95780076830239,24.036263648929886,True,7.0,0.82996632996633,0.82996632996633,True,7.0,0.82996632996633,0.82996632996633,True,7.0,0.82996632996633,0.82996632996633,0.82996632996633,7.0,0.82996632996633
114,Breast,0,neoplastic,neoplastic,143,114__ch0__id143,840.0,52,122,90,159,70.91785714285714,142.12261904761905,0.8104969109718156,0.8974358974358975,44.74335456285166,26.208102731155435,True,9.0,0.4445479962721342,0.5678571428571428,True,9.0,0.4445479962721342,0.5678571428571428,False,,,,0.4445479962721342,9.0,0.5678571428571428
114,Breast,0,neoplastic,neoplastic,146,114__ch0__id146,356.0,54,171,75,193,64.29775280898876,181.72191011235955,0.5564766161253107,0.956989247311828,23.38875728139946,19.432859388018933,True,8.0,0.573469387755102,0.7893258426966292,True,8.0,0.573469387755102,0.7893258426966292,True,8.0,0.573469387755102,0.7893258426966292,0.573469387755102,8.0,0.7893258426966292
114,Breast,0,neoplastic,neoplastic,149,114__ch0__id149,17.0,73,0,83,2,77.70588235294117,0.4117647058823529,0.9815532587249961,0.9444444444444444,10.247242840211568,1.9591592153707706,False,,,,False,,,,False,,,,0.0,,0.0
114,Breast,0,neoplastic,neoplastic,151,114__ch0__id151,580.0,68,199,98,223,81.8103448275862,210.04827586206898,0.6492908828690316,0.9715242881072027,31.25197243433678,23.768380412421152,True,10.0,0.7630402384500745,0.8827586206896552,True,10.0,0.7630402384500745,0.8827586206896552,True,10.0,0.7630402384500745,0.8827586206896552,0.7630402384500745,10.0,0.8827586206896552
114,Breast,0,neoplastic,neoplastic,157,114__ch0__id157,534.0,83,164,113,188,96.6498127340824,175.81273408239701,0.6564385471544592,0.956989247311828,30.157219751342538,22.749988433152655,True,11.0,0.46559139784946235,0.8108614232209738,True,11.0,0.46559139784946235,0.8108614232209738,False,,,,0.46559139784946235,11.0,0.8108614232209738
114,Breast,0,neoplastic,neoplastic,160,114__ch0__id160,683.0,83,124,116,151,100.1376281112738,137.24890190336748,0.5877926165935176,0.9646892655367232,32.87329815864312,26.59488098195825,True,12.0,0.7105643994211288,0.718887262079063,True,12.0,0.7105643994211288,0.718887262079063,True,12.0,0.7105643994211288,0.718887262079063,0.7105643994211288,12.0,0.718887262079063
114,Breast,0,neoplastic,neoplastic,168,114__ch0__id168,714.0,97,219,137,243,117.5,231.26050420168067,0.8270281972922353,0.9635627530364372,40.362729845985356,22.690329990734032,True,13.0,0.8073817762399077,0.9803921568627451,True,13.0,0.8073817762399077,0.9803921568627451,True,13.0,0.8073817762399077,0.9803921568627451,0.8073817762399077,13.0,0.9803921568627451
114,Breast,0,neoplastic,neoplastic,176,114__ch0__id176,521.0,119,118,149,141,133.0172744721689,129.34740882917467,0.6462553122370008,0.9684014869888475,29.585724264573088,22.577495449044516,True,14.0,0.7858472998137802,0.8099808061420346,True,14.0,0.7858472998137802,0.8099808061420346,True,14.0,0.7858472998137802,0.8099808061420346,0.7858472998137802,14.0,0.8099808061420346
114,Breast,0,neoplastic,neoplastic,177,114__ch0__id177,1197.0,121,177,175,209,147.17627401837927,192.64745196324142,0.8920980202010069,0.9402985074626866,58.72567052216148,26.534719831465395,True,15.0,0.8036758563074352,0.8036758563074352,True,15.0,0.8036758563074352,0.8036758563074352,True,15.0,0.8036758563074352,0.8036758563074352,0.8036758563074352,15.0,0.8036758563074352
114,Breast,0,neoplastic,neoplastic,178,114__ch0__id178,299.0,124,245,159,256,142.7458193979933,250.8227424749164,0.946158358589312,0.9552715654952076,35.48471365557425,11.486548180892557,True,17.0,0.7466666666666667,0.7491638795986622,True,17.0,0.7466666666666667,0.7491638795986622,True,17.0,0.7466666666666667,0.7491638795986622,0.7466666666666667,17.0,0.7491638795986622
114,Breast,0,neoplastic,neoplastic,180,114__ch0__id180,1038.0,128,5,174,40,149.40847784200386,24.27552986512524,0.8457787017075582,0.9368231046931408,50.862288503147695,27.1367534934775,True,16.0,0.9352112676056338,0.9595375722543352,True,16.0,0.9352112676056338,0.9595375722543352,True,16.0,0.9352112676056338,0.9595375722543352,0.9352112676056338,16.0,0.9595375722543352
114,Breast,0,neoplastic,neoplastic,181,114__ch0__id181,1155.0,128,143,178,176,151.1930735930736,159.00259740259742,0.8523159269954931,0.9681475272422464,53.28386486136393,27.86891617802374,True,18.0,0.7225433526011561,0.8658008658008658,True,18.0,0.7225433526011561,0.8658008658008658,True,18.0,0.7225433526011561,0.8658008658008658,0.7225433526011561,18.0,0.8658008658008658
114,Breast,0,neoplastic,neoplastic,186,114__ch0__id186,718.0,139,203,169,234,153.79805013927577,218.4108635097493,0.38631408067151274,0.9715832205683356,31.566106349444574,29.115544198904686,True,19.0,0.7677852348993288,0.7966573816155988,True,19.0,0.7677852348993288,0.7966573816155988,True,19.0,0.7677852348993288,0.7966573816155988,0.7677852348993288,19.0,0.7966573816155988
114,Breast,0,neoplastic,neoplastic,195,114__ch0__id195,673.0,160,232,194,256,177.00891530460623,244.97325408618127,0.7101932086051743,0.9725433526011561,35.37427903583551,24.903733790400533,True,20.0,0.8713872832369942,0.8959881129271917,True,20.0,0.8713872832369942,0.8959881129271917,True,20.0,0.8713872832369942,0.8959881129271917,0.8713872832369942,20.0,0.8959881129271917
114,Breast,0,neoplastic,neoplastic,203,114__ch0__id203,648.0,172,194,202,222,186.33333333333334,206.99074074074073,0.557882696495273,0.9700598802395209,31.577638245814395,26.206907645853953,True,21.0,0.9101796407185628,0.9382716049382716,True,21.0,0.9101796407185628,0.9382716049382716,True,21.0,0.9101796407185628,0.9382716049382716,0.9101796407185628,21.0,0.9382716049382716
114,Breast,0,neoplastic,neoplastic,209,114__ch0__id209,548.0,184,0,218,19,200.30109489051094,7.9653284671532845,0.8214393714136019,0.9838420107719928,35.55757521891383,20.278337663353867,True,22.0,0.8722627737226277,0.8722627737226277,True,22.0,0.8722627737226277,0.8722627737226277,True,22.0,0.8722627737226277,0.8722627737226277,0.8722627737226277,22.0,0.8722627737226277
114,Breast,0,neoplastic,neoplastic,210,114__ch0__id210,567.0,184,165,214,192,198.15696649029982,179.4426807760141,0.43989197119455553,0.9626485568760611,28.615568662343172,25.698231371058576,True,23.0,0.6266666666666667,0.6631393298059964,True,23.0,0.6266666666666667,0.6631393298059964,True,23.0,0.6266666666666667,0.6631393298059964,0.6266666666666667,23.0,0.6631393298059964
114,Breast,2,connective,normal,189,114__ch2__id189,307.0,143,105,183,128,162.07491856677524,116.75895765472313,0.9814496204830586,0.8230563002680965,46.26063174690381,8.869098459276893,False,,,,False,,,,False,,,,0.0,,0.0
114,Breast,2,connective,normal,219,114__ch2__id219,623.0,207,146,250,184,229.0963081861958,165.91492776886037,0.9622743158957788,0.9354354354354354,54.63167395814422,14.864247550714314,True,25.0,0.8068006182380216,0.8378812199036918,True,25.0,0.8068006182380216,0.8378812199036918,True,25.0,0.8068006182380216,0.8378812199036918,0.8068006182380216,25.0,0.8378812199036918
114,Breast,2,connective,normal,240,114__ch2__id240,2.0,255,254,256,256,255.0,254.5,1.0,1.0,2.0,0.0,False,,,,False,,,,False,,,,0.0,,0.0
165,Breast,1,inflammatory,normal,220,165__ch1__id220,267.0,211,135,232,152,221.5243445692884,143.4494382022472,0.6302696606608281,0.9501779359430605,20.95869533887089,16.271834281288264,True,19.0,0.9074074074074074,0.9176029962546817,True,19.0,0.9074074074074074,0.9176029962546817,True,19.0,0.9074074074074074,0.9176029962546817,0.9074074074074074,19.0,0.9176029962546817
165,Breast,2,connective,normal,106,165__ch2__id106,1126.0,12,100,63,131,36.4031971580817,115.27175843694494,0.8612378237514084,0.9715271786022434,53.27700278166868,27.075486608341045,True,3.0,0.8118899733806566,0.8126110124333925,True,3.0,0.8118899733806566,0.8126110124333925,True,3.0,0.8118899733806566,0.8126110124333925,0.8118899733806566,3.0,0.8126110124333925
165,Breast,2,connective,normal,136,165__ch2__id136,490.0,73,224,98,251,84.95102040816326,237.62244897959184,0.7627487929215367,0.9514563106796117,31.15374813207297,20.14696967666844,True,7.0,0.7944732297063903,0.9387755102040817,True,7.0,0.7944732297063903,0.9387755102040817,True,7.0,0.7944732297063903,0.9387755102040817,0.7944732297063903,7.0,0.9387755102040817
165,Breast,2,connective,normal,137,165__ch2__id137,245.0,73,48,94,63,83.48571428571428,55.18775510204082,0.7460945663875924,0.9496124031007752,21.68470547310238,14.438544168566738,True,8.0,0.7959183673469388,0.7959183673469388,True,8.0,0.7959183673469388,0.7959183673469388,True,8.0,0.7959183673469388,0.7959183673469388,0.7959183673469388,8.0,0.7959183673469388
165,Breast,2,connective,normal,141,165__ch2__id141,473.0,80,105,112,132,97.2938689217759,117.1014799154334,0.9121358479108344,0.9329388560157791,39.21339450206696,16.07310091772426,True,9.0,0.8702928870292888,0.879492600422833,True,9.0,0.8702928870292888,0.879492600422833,True,9.0,0.8702928870292888,0.879492600422833,0.8702928870292888,9.0,0.879492600422833
165,Breast,2,connective,normal,156,165__ch2__id156,209.0,98,73,118,88,108.63636363636364,79.22009569377991,0.8384413992282147,0.95,22.414862987751242,12.21591566259885,True,10.0,0.7772511848341233,0.784688995215311,True,10.0,0.7772511848341233,0.784688995215311,True,10.0,0.7772511848341233,0.784688995215311,0.7772511848341233,10.0,0.784688995215311
165,Breast,2,connective,normal,160,165__ch2__id160,176.0,105,241,122,256,113.8125,249.7159090909091,0.6049633992501564,0.9361702127659575,17.579307959255722,13.997581618900487,True,11.0,0.5276752767527675,0.8125,True,11.0,0.5276752767527675,0.8125,True,11.0,0.5276752767527675,0.8125,0.5276752767527675,11.0,0.8125
165,Breast,2,connective,normal,167,165__ch2__id167,349.0,119,74,147,90,131.35530085959886,81.77936962750717,0.8411501537885664,0.9561643835616438,28.92440067028845,15.642363451010619,True,12.0,0.6814621409921671,0.7478510028653295,True,12.0,0.6814621409921671,0.7478510028653295,True,12.0,0.6814621409921671,0.7478510028653295,0.6814621409921671,12.0,0.7478510028653295
165,Breast,2,connective,normal,172,165__ch2__id172,494.0,127,220,154,244,139.59919028340082,231.5344129554656,0.41204883181930696,0.96484375,26.338190710462303,23.998352308613185,True,13.0,0.8923076923076924,0.9392712550607287,True,13.0,0.8923076923076924,0.9392712550607287,True,13.0,0.8923076923076924,0.9392712550607287,0.8923076923076924,13.0,0.9392712550607287
165,Breast,2,connective,normal,182,165__ch2__id182,381.0,148,190,175,212,160.11286089238845,201.51968503937007,0.8299799814363018,0.9596977329974811,29.795395567396973,16.61966840979091,True,14.0,0.8668341708542714,0.905511811023622,True,14.0,0.8668341708542714,0.905511811023622,True,14.0,0.8668341708542714,0.905511811023622,0.8668341708542714,14.0,0.905511811023622
165,Breast,2,connective,normal,185,165__ch2__id185,342.0,154,93,174,116,163.8654970760234,104.32163742690058,0.5646664701918486,0.9526462395543176,23.051376107436067,19.024743225777478,True,15.0,0.9085872576177285,0.9590643274853801,True,15.0,0.9085872576177285,0.9590643274853801,True,15.0,0.9085872576177285,0.9590643274853801,0.9085872576177285,15.0,0.9590643274853801
165,Breast,2,connective,normal,193,165__ch2__id193,322.0,171,155,196,173,183.64285714285714,163.51863354037266,0.8360415204456523,0.9387755102040817,27.43964582920286,15.05520563303422,True,16.0,0.7283582089552239,0.7577639751552795,True,16.0,0.7283582089552239,0.7577639751552795,True,16.0,0.7283582089552239,0.7577639751552795,0.7283582089552239,16.0,0.7577639751552795
165,Breast,2,connective,normal,207,165__ch2__id207,204.0,190,114,208,130,198.4656862745098,121.6029411764706,0.7944206082421934,0.9532710280373832,20.723487389253982,12.58678325541747,True,17.0,0.8957345971563981,0.9264705882352942,True,17.0,0.8957345971563981,0.9264705882352942,True,17.0,0.8957345971563981,0.9264705882352942,0.8957345971563981,17.0,0.9264705882352942
165,Breast,2,connective,normal,214,165__ch2__id214,426.0,203,46,237,64,217.83333333333334,54.91079812206573,0.856771770023232,0.9403973509933775,32.73926190758615,16.883499097542547,True,18.0,0.7652582159624414,0.7652582159624414,True,18.0,0.7652582159624414,0.7652582159624414,True,18.0,0.7652582159624414,0.7652582159624414,0.7652582159624414,18.0,0.7652582159624414
165,Breast,2,connective,normal,228,165__ch2__id228,499.0,227,195,253,219,239.6813627254509,206.9759519038076,0.4448268850457465,0.9614643545279383,26.70694617194876,23.91918355375465,True,20.0,0.8537477148080439,0.935871743486974,True,20.0,0.8537477148080439,0.935871743486974,True,20.0,0.8537477148080439,0.935871743486974,0.8537477148080439,20.0,0.935871743486974
165,Breast,4,epithelial,normal,95,165__ch4__id95,399.0,0,170,22,194,10.05513784461153,181.69423558897242,0.3918284582198182,0.9661016949152542,23.53619049564042,21.654196511250202,True,1.0,0.7090464547677262,0.7268170426065163,True,1.0,0.7090464547677262,0.7268170426065163,True,1.0,0.7090464547677262,0.7268170426065163,0.7090464547677262,1.0,0.7268170426065163
165,Breast,4,epithelial,normal,99,165__ch4__id99,453.0,7,151,37,171,21.814569536423843,160.97130242825608,0.7689740513399543,0.9658848614072495,30.12516812586473,19.258417243079453,True,2.0,0.83991683991684,0.891832229580574,True,2.0,0.83991683991684,0.891832229580574,True,2.0,0.83991683991684,0.891832229580574,0.83991683991684,2.0,0.891832229580574
165,Breast,4,epithelial,normal,111,165__ch4__id111,307.0,26,168,43,191,34.23452768729641,179.57654723127035,0.6593270808395081,0.959375,22.819860343257325,17.157254316771606,True,4.0,0.5507692307692308,0.5830618892508144,True,4.0,0.5507692307692308,0.5830618892508144,True,4.0,0.5507692307692308,0.5830618892508144,0.5507692307692308,4.0,0.5830618892508144
165,Breast,4,epithelial,normal,119,165__ch4__id119,386.0,39,184,61,207,49.80829015544042,195.220207253886,0.3247458131355108,0.9578163771712159,22.80786863601188,21.571712502718213,True,5.0,0.849624060150376,0.8782383419689119,True,5.0,0.849624060150376,0.8782383419689119,True,5.0,0.849624060150376,0.8782383419689119,0.849624060150376,5.0,0.8782383419689119
165,Breast,4,epithelial,normal,125,165__ch4__id125,229.0,46,165,65,181,54.7292576419214,172.41484716157206,0.6390971511437907,0.9541666666666667,19.507922729653615,15.00405092642216,True,6.0,0.728,0.7947598253275109,True,6.0,0.728,0.7947598253275109,True,6.0,0.728,0.7947598253275109,0.728,6.0,0.7947598253275109
176,Breast,2,connective,normal,3,176__ch2__id3,127.0,15,0,33,9,24.251968503937007,3.661417322834646,0.8576502153778377,0.9621212121212122,17.918346265480825,9.214214185055683,False,,,,False,,,,False,,,,0.0,,0.0
176,Breast,2,connective,normal,29,176__ch2__id29,354.0,89,0,103,35,95.02542372881356,14.031073446327683,0.9331013011061668,0.9315789473684211,36.51726565641676,13.132106409209499,True,14.0,0.7011173184357542,0.7090395480225988,True,14.0,0.7011173184357542,0.7090395480225988,True,14.0,0.7011173184357542,0.7090395480225988,0.7011173184357542,14.0,0.7090395480225988
176,Breast,4,epithelial,normal,1,176__ch4__id1,319.0,0,131,15,158,6.141065830721003,143.3166144200627,0.8183279796987328,0.9815384615384616,27.083611569054646,15.566347102533983,True,3.0,0.7053291536050157,0.7053291536050157,True,3.0,0.7053291536050157,0.7053291536050157,True,3.0,0.7053291536050157,0.7053291536050157,0.7053291536050157,3.0,0.7053291536050157
176,Breast,4,epithelial,normal,2,176__ch4__id2,289.0,1,171,19,194,8.048442906574394,183.46712802768167,0.5914556723414509,0.9413680781758957,22.25093386936609,17.941762716565783,True,1.0,0.7333333333333333,0.7612456747404844,True,1.0,0.7333333333333333,0.7612456747404844,True,1.0,0.7333333333333333,0.7612456747404844,0.7333333333333333,1.0,0.7612456747404844
176,Breast,4,epithelial,normal,4,176__ch4__id4,348.0,4,91,25,113,13.422413793103448,101.99712643678161,0.24896714153704,0.96398891966759,21.45980691617102,20.78407905682196,True,4.0,0.7212643678160919,0.7212643678160919,True,4.0,0.7212643678160919,0.7212643678160919,True,4.0,0.7212643678160919,0.7212643678160919,0.7212643678160919,4.0,0.7212643678160919
176,Breast,4,epithelial,normal,8,176__ch4__id8,619.0,20,217,40,255,29.581583198707595,235.78675282714056,0.850521967875077,0.9641744548286605,38.85954684358865,20.437771542307832,True,6.0,0.8813813813813813,0.9483037156704361,True,6.0,0.8813813813813813,0.9483037156704361,True,6.0,0.8813813813813813,0.9483037156704361,0.8813813813813813,6.0,0.9483037156704361
176,Breast,4,epithelial,normal,12,176__ch4__id12,435.0,38,188,62,214,48.783908045977014,199.4367816091954,0.7308114463396167,0.9375,28.83123279581064,19.67960542662849,True,8.0,0.8806306306306306,0.8988505747126436,True,8.0,0.8806306306306306,0.8988505747126436,True,8.0,0.8806306306306306,0.8988505747126436,0.8806306306306306,8.0,0.8988505747126436
176,Breast,4,epithelial,normal,13,176__ch4__id13,726.0,41,216,69,248,54.22451790633609,231.53719008264463,0.46587293902975274,0.974496644295302,32.35099739607589,28.625832733551114,True,9.0,0.8801652892561983,0.8801652892561983,True,9.0,0.8801652892561983,0.8801652892561983,True,9.0,0.8801652892561983,0.8801652892561983,0.8801652892561983,9.0,0.8801652892561983
176,Breast,4,epithelial,normal,21,176__ch4__id21,827.0,61,172,89,224,72.8645707376058,200.44377267230956,0.9367773911216378,0.8677859391395593,57.264169890822636,20.0382148770151,True,10.0,0.42806603773584906,0.43893591293833134,True,10.0,0.42806603773584906,0.43893591293833134,False,,,,0.42806603773584906,10.0,0.43893591293833134
176,Breast,4,epithelial,normal,22,176__ch4__id22,281.0,63,239,88,256,75.33096085409252,248.94661921708186,0.6654188462325662,0.9429530201342282,23.057946755780595,17.212070120052005,True,11.0,0.9047619047619048,0.9466192170818505,True,11.0,0.9047619047619048,0.9466192170818505,True,11.0,0.9047619047619048,0.9466192170818505,0.9047619047619048,11.0,0.9466192170818505
176,Breast,4,epithelial,normal,26,176__ch4__id26,587.0,78,174,103,206,90.37649063032367,188.76831345826236,0.7550067830441963,0.9654605263157895,33.80896300742273,22.16911111234585,True,13.0,0.8516666666666667,0.8705281090289608,True,13.0,0.8516666666666667,0.8705281090289608,True,13.0,0.8516666666666667,0.8705281090289608,0.8516666666666667,13.0,0.8705281090289608
176,Breast,4,epithelial,normal,35,176__ch4__id35,861.0,99,198,131,232,115.14169570267131,215.14401858304296,0.453009892346801,0.9706877113866967,35.09811563300289,31.290162750591445,True,15.0,0.9086705202312139,0.9128919860627178,True,15.0,0.9086705202312139,0.9128919860627178,True,15.0,0.9086705202312139,0.9128919860627178,0.9086705202312139,15.0,0.9128919860627178
176,Breast,4,epithelial,normal,38,176__ch4__id38,225.0,102,247,134,256,118.24,251.65777777777777,0.9555495072234803,0.9533898305084746,32.03266153406573,9.444211891622418,True,16.0,0.5155555555555555,0.5155555555555555,True,16.0,0.5155555555555555,0.5155555555555555,True,16.0,0.5155555555555555,0.5155555555555555,0.5155555555555555,16.0,0.5155555555555555
176,Breast,4,epithelial,normal,41,176__ch4__id41,384.0,108,167,128,193,117.09895833333333,180.84635416666666,0.5976688933012649,0.9624060150375939,24.94428879374432,19.998909800442277,True,17.0,0.7630208333333334,0.7630208333333334,True,17.0,0.7630208333333334,0.7630208333333334,True,17.0,0.7630208333333334,0.7630208333333334,0.7630208333333334,17.0,0.7630208333333334
176,Breast,4,epithelial,normal,46,176__ch4__id46,411.0,115,145,135,173,125.55474452554745,158.49391727493918,0.7402647598528358,0.9602803738317757,28.12623456377269,18.909702487051405,True,18.0,0.8491484184914841,0.8491484184914841,True,18.0,0.8491484184914841,0.8491484184914841,True,18.0,0.8491484184914841,0.8491484184914841,0.8491484184914841,18.0,0.8491484184914841
176,Breast,4,epithelial,normal,53,176__ch4__id53,193.0,124,125,137,145,130.19689119170985,135.27461139896374,0.7787690014021088,0.9368932038834952,19.867544329586188,12.463125169527173,True,19.0,0.7333333333333333,0.7409326424870466,True,19.0,0.7333333333333333,0.7409326424870466,True,19.0,0.7333333333333333,0.7409326424870466,0.7333333333333333,19.0,0.7409326424870466
176,Breast,4,epithelial,normal,59,176__ch4__id59,362.0,136,118,158,142,147.49447513812154,130.47790055248618,0.708564777321652,0.9378238341968912,26.015106740637037,18.35745009436259,True,20.0,0.5973333333333334,0.6187845303867403,True,20.0,0.5973333333333334,0.6187845303867403,True,20.0,0.5973333333333334,0.6187845303867403,0.5973333333333334,20.0,0.6187845303867403
176,Breast,4,epithelial,normal,63,176__ch4__id63,610.0,147,74,172,107,159.9360655737705,90.12950819672132,0.6492158056040349,0.9591194968553459,32.18739981701091,24.48187336463073,True,22.0,0.8147540983606557,0.8147540983606557,True,22.0,0.8147540983606557,0.8147540983606557,True,22.0,0.8147540983606557,0.8147540983606557,0.8147540983606557,22.0,0.8147540983606557
176,Breast,4,epithelial,normal,67,176__ch4__id67,481.0,157,42,180,74,168.86902286902287,57.07276507276507,0.8351788623375231,0.9524752475247524,33.55588220710647,18.4550112438927,True,23.0,0.7868852459016393,0.7983367983367984,True,23.0,0.7868852459016393,0.7983367983367984,True,23.0,0.7868852459016393,0.7983367983367984,0.7868852459016393,23.0,0.7983367983367984
176,Breast,4,epithelial,normal,76,176__ch4__id76,718.0,162,165,187,201,173.55710306406687,182.51949860724233,0.7334768619204208,0.967654986522911,36.69915484201371,24.94494475525722,True,24.0,0.7503250975292588,0.8036211699164345,True,24.0,0.7503250975292588,0.8036211699164345,True,24.0,0.7503250975292588,0.8036211699164345,0.7503250975292588,24.0,0.8036211699164345
176,Breast,4,epithelial,normal,77,176__ch4__id77,1028.0,163,121,199,157,181.3900778210117,138.2023346303502,0.3083953930824194,0.9527340129749768,37.35072467061598,35.53018544447156,True,28.0,0.4906191369606004,0.5087548638132295,True,28.0,0.4906191369606004,0.5087548638132295,False,,,,0.4906191369606004,28.0,0.5087548638132295
176,Breast,4,epithelial,normal,82,176__ch4__id82,562.0,177,69,200,101,188.25978647686833,84.66370106761566,0.6999568295312701,0.9590443686006825,31.673602586192025,22.620816798375795,True,27.0,0.9270462633451957,0.9270462633451957,True,27.0,0.9270462633451957,0.9270462633451957,True,27.0,0.9270462633451957,0.9270462633451957,0.9270462633451957,27.0,0.9270462633451957
176,Breast,4,epithelial,normal,84,176__ch4__id84,350.0,179,4,196,31,187.84571428571428,16.645714285714284,0.7848652552670431,0.9668508287292817,27.079083002520992,16.779999710166596,True,26.0,0.7944162436548223,0.8942857142857142,True,26.0,0.7944162436548223,0.8942857142857142,True,26.0,0.7944162436548223,0.8942857142857142,0.7944162436548223,26.0,0.8942857142857142
176,Breast,4,epithelial,normal,89,176__ch4__id89,421.0,190,52,218,72,203.41567695961996,61.17102137767221,0.7667045455536994,0.9481981981981982,29.153840711375103,18.716768911548883,False,,,,False,,,,False,,,,0.004694835680751174,29.0,0.011876484560570071
176,Breast,4,epithelial,normal,92,176__ch4__id92,614.0,195,24,220,55,207.33061889250814,39.10912052117264,0.5595541897741096,0.9654088050314465,30.754726398994894,25.489325554335146,True,29.0,0.8304347826086956,0.9332247557003257,True,29.0,0.8304347826086956,0.9332247557003257,True,29.0,0.8304347826086956,0.9332247557003257,0.8304347826086956,29.0,0.9332247557003257
176,Breast,4,epithelial,normal,98,176__ch4__id98,232.0,219,247,256,256,239.64224137931035,251.98706896551724,0.9710259124059514,0.9354838709677419,36.583410004263314,8.74249184097845,True,31.0,0.6163793103448276,0.6163793103448276,True,31.0,0.6163793103448276,0.6163793103448276,True,31.0,0.6163793103448276,0.6163793103448276,0.6163793103448276,31.0,0.6163793103448276
176,Breast,4,epithelial,normal,101,176__ch4__id101,484.0,216,11,238,40,227.00619834710744,24.60330578512397,0.665465521141578,0.9660678642714571,28.813600378584916,21.507295107316736,True,30.0,0.8336755646817249,0.8388429752066116,True,30.0,0.8336755646817249,0.8388429752066116,True,30.0,0.8336755646817249,0.8388429752066116,0.8336755646817249,30.0,0.8388429752066116
176,Breast,4,epithelial,normal,114,176__ch4__id114,390.0,235,216,256,240,246.23589743589744,227.2128205128205,0.6714330637092775,0.9629629629629629,26.120448669754822,19.356955699186692,True,32.0,0.8625954198473282,0.8692307692307693,True,32.0,0.8625954198473282,0.8692307692307693,True,32.0,0.8625954198473282,0.8692307692307693,0.8625954198473282,32.0,0.8692307692307693
176,Breast,4,epithelial,normal,118,176__ch4__id118,350.0,243,3,256,37,249.86285714285714,18.705714285714286,0.9114414838459737,0.9641873278236914,33.828277921796534,13.91795920226444,True,33.0,0.9277777777777778,0.9542857142857143,True,33.0,0.9277777777777778,0.9542857142857143,True,33.0,0.9277777777777778,0.9542857142857143,0.9277777777777778,33.0,0.9542857142857143
176,Breast,4,epithelial,normal,119,176__ch4__id119,52.0,251,204,256,218,253.44230769230768,209.84615384615384,0.9288013438458531,0.9454545454545454,13.796761921447345,5.112776617773906,False,,,,False,,,,False,,,,0.0,,0.0
200,Breast,1,inflammatory,normal,46,200__ch1__id46,274.0,205,64,224,83,214.44160583941607,73.2956204379562,0.29279246800867736,0.9647887323943662,19.117120444660202,18.279332035214587,True,17.0,0.8072727272727273,0.8102189781021898,True,17.0,0.8072727272727273,0.8102189781021898,True,17.0,0.8072727272727273,0.8102189781021898,0.8072727272727273,17.0,0.8102189781021898
200,Breast,1,inflammatory,normal,58,200__ch1__id58,356.0,227,190,245,217,236.26404494382024,203.01966292134833,0.7147380710903083,0.956989247311828,25.593881555212196,17.9001618650604,True,21.0,0.6613333333333333,0.6966292134831461,True,21.0,0.6613333333333333,0.6966292134831461,True,21.0,0.6613333333333333,0.6966292134831461,0.6613333333333333,21.0,0.6966292134831461
200,Breast,2,connective,normal,3,200__ch2__id3,310.0,13,85,28,113,20.612903225806452,98.28709677419354,0.8774480084927728,0.9538461538461539,28.768687906546774,13.799527012601025,True,1.0,0.8938906752411575,0.896774193548387,True,1.0,0.8938906752411575,0.896774193548387,True,1.0,0.8938906752411575,0.896774193548387,0.8938906752411575,1.0,0.896774193548387
200,Breast,2,connective,normal,27,200__ch2__id27,243.0,121,219,143,233,131.62139917695472,225.4814814814815,0.8334624923259076,0.9642857142857143,23.740842143397686,13.118620406905531,False,,,,False,,,,False,,,,0.0,,0.0
200,Breast,2,connective,normal,53,200__ch2__id53,378.0,217,223,242,246,228.96560846560845,234.35449735449737,0.8544616627953385,0.9545454545454546,30.459736645691056,15.824273420167346,False,,,,False,,,,False,,,,0.0,,0.0
200,Breast,4,epithelial,normal,6,200__ch4__id6,449.0,51,44,81,62,64.71269487750557,53.10690423162583,0.802483617252339,0.9655913978494624,31.143596620399,18.582579113537168,True,2.0,0.7821229050279329,0.9354120267260579,True,2.0,0.7821229050279329,0.9354120267260579,True,2.0,0.7821229050279329,0.9354120267260579,0.7821229050279329,2.0,0.9354120267260579
200,Breast,4,epithelial,normal,7,200__ch4__id7,281.0,53,28,77,46,64.47330960854093,36.81494661921708,0.834351460221295,0.9461279461279462,25.594317596708496,14.108428305473327,True,3.0,0.5637583892617449,0.597864768683274,True,3.0,0.5637583892617449,0.597864768683274,True,3.0,0.5637583892617449,0.597864768683274,0.5637583892617449,3.0,0.597864768683274
200,Breast,4,epithelial,normal,8,200__ch4__id8,543.0,56,0,86,25,69.78637200736648,12.248618784530386,0.6639348002058273,0.9610619469026549,30.54224347820331,22.839198483968957,True,4.0,0.4732965009208103,0.4732965009208103,True,4.0,0.4732965009208103,0.4732965009208103,False,,,,0.4732965009208103,4.0,0.4732965009208103
200,Breast,4,epithelial,normal,10,200__ch4__id10,396.0,62,63,83,89,72.14646464646465,75.06313131313131,0.7198436217907671,0.9519230769230769,27.051819986126986,18.777649399231905,True,5.0,0.8512195121951219,0.8813131313131313,True,5.0,0.8512195121951219,0.8813131313131313,True,5.0,0.8512195121951219,0.8813131313131313,0.8512195121951219,5.0,0.8813131313131313
200,Breast,4,epithelial,normal,12,200__ch4__id12,380.0,68,20,98,38,83.53421052631579,29.060526315789474,0.8332611103710107,0.945273631840796,29.821752646393023,16.487840558176984,True,6.0,0.7105788423153693,0.9368421052631579,True,6.0,0.7105788423153693,0.9368421052631579,True,6.0,0.7105788423153693,0.9368421052631579,0.7105788423153693,6.0,0.9368421052631579
200,Breast,4,epithelial,normal,13,200__ch4__id13,496.0,69,94,90,126,79.20564516129032,109.93548387096774,0.8243850839262227,0.9612403100775194,33.4587517138407,18.93863573084753,True,7.0,0.780241935483871,0.780241935483871,True,7.0,0.780241935483871,0.780241935483871,True,7.0,0.780241935483871,0.780241935483871,0.780241935483871,7.0,0.780241935483871
200,Breast,4,epithelial,normal,16,200__ch4__id16,301.0,80,71,100,90,89.62458471760797,80.84717607973423,0.43382239395264827,0.9709677419354839,20.665033940086627,18.619162673103524,True,8.0,0.7009966777408638,0.7009966777408638,True,8.0,0.7009966777408638,0.7009966777408638,True,8.0,0.7009966777408638,0.7009966777408638,0.7009966777408638,8.0,0.7009966777408638
200,Breast,4,epithelial,normal,18,200__ch4__id18,376.0,89,93,111,116,99.35106382978724,103.48670212765957,0.6687115014171205,0.9690721649484536,25.43709235486799,18.9130371556061,True,9.0,0.7628865979381443,0.7872340425531915,True,9.0,0.7628865979381443,0.7872340425531915,True,9.0,0.7628865979381443,0.7872340425531915,0.7628865979381443,9.0,0.7872340425531915
200,Breast,4,epithelial,normal,19,200__ch4__id19,346.0,94,126,115,150,103.4971098265896,137.9942196531792,0.6889591064269515,0.9584487534626038,24.78970451754402,17.967583130025616,True,10.0,0.7159090909090909,0.7283236994219653,True,10.0,0.7159090909090909,0.7283236994219653,True,10.0,0.7159090909090909,0.7283236994219653,0.7159090909090909,10.0,0.7283236994219653
200,Breast,4,epithelial,normal,23,200__ch4__id23,667.0,113,98,139,132,125.77061469265367,115.24587706146927,0.6397309673743581,0.9680696661828737,33.27383329761193,25.574232110759976,True,11.0,0.8079019073569482,0.889055472263868,True,11.0,0.8079019073569482,0.889055472263868,True,11.0,0.8079019073569482,0.889055472263868,0.8079019073569482,11.0,0.889055472263868
200,Breast,4,epithelial,normal,24,200__ch4__id24,330.0,115,139,134,164,123.64848484848486,150.24848484848485,0.7988303231076259,0.9593023255813954,26.54674434714113,15.969364237061606,True,12.0,0.6501305483028721,0.7545454545454545,True,12.0,0.6501305483028721,0.7545454545454545,True,12.0,0.6501305483028721,0.7545454545454545,0.6501305483028721,12.0,0.7545454545454545
200,Breast,4,epithelial,normal,29,200__ch4__id29,607.0,135,135,160,168,147.23228995057661,150.8467874794069,0.7772471524844068,0.9650238473767886,35.082810423943215,22.07394328836123,True,13.0,0.7800891530460624,0.8649093904448105,True,13.0,0.7800891530460624,0.8649093904448105,True,13.0,0.7800891530460624,0.8649093904448105,0.7800891530460624,13.0,0.8649093904448105
200,Breast,4,epithelial,normal,34,200__ch4__id34,402.0,156,166,177,194,166.28855721393035,179.7089552238806,0.844046163398269,0.9458823529411765,30.985312851451624,16.616509934348073,True,14.0,0.7904761904761904,0.8258706467661692,True,14.0,0.7904761904761904,0.8258706467661692,True,14.0,0.7904761904761904,0.8258706467661692,0.7904761904761904,14.0,0.8258706467661692
200,Breast,4,epithelial,normal,36,200__ch4__id36,418.0,177,170,199,194,186.9665071770335,182.23684210526315,0.5517835630916997,0.9653579676674365,25.37206465051415,21.159980954941243,True,15.0,0.7478991596638656,0.8516746411483254,True,15.0,0.7478991596638656,0.8516746411483254,True,15.0,0.7478991596638656,0.8516746411483254,0.7478991596638656,15.0,0.8516746411483254
200,Breast,4,epithelial,normal,38,200__ch4__id38,730.0,188,139,219,169,203.57260273972602,153.75890410958905,0.2834090240347623,0.9694555112881806,31.148930585235522,29.87179723024886,True,16.0,0.891644908616188,0.9356164383561644,True,16.0,0.891644908616188,0.9356164383561644,True,16.0,0.891644908616188,0.9356164383561644,0.891644908616188,16.0,0.9356164383561644
200,Breast,4,epithelial,normal,48,200__ch4__id48,384.0,211,128,238,153,225.0,139.08333333333334,0.9038963001095788,0.9142857142857143,34.52478438764778,14.768033672157838,True,18.0,0.8492462311557789,0.8802083333333334,True,18.0,0.8492462311557789,0.8802083333333334,True,18.0,0.8492462311557789,0.8802083333333334,0.8492462311557789,18.0,0.8802083333333334
200,Breast,4,epithelial,normal,49,200__ch4__id49,748.0,212,86,252,110,231.50401069518716,97.61229946524064,0.8339280426290118,0.9565217391304348,42.023626627539116,23.19171295374151,True,20.0,0.6826029216467463,0.6871657754010695,True,20.0,0.6826029216467463,0.6871657754010695,True,20.0,0.6826029216467463,0.6871657754010695,0.6826029216467463,20.0,0.6871657754010695
200,Breast,4,epithelial,normal,52,200__ch4__id52,472.0,216,112,251,129,233.71610169491527,119.91101694915254,0.8811158541145219,0.9554655870445344,35.76693033323686,16.91419805544563,True,19.0,0.7841328413284133,0.9004237288135594,True,19.0,0.7841328413284133,0.9004237288135594,True,19.0,0.7841328413284133,0.9004237288135594,0.7841328413284133,19.0,0.9004237288135594
200,Breast,4,epithelial,normal,54,200__ch4__id54,233.0,217,163,234,180,225.18884120171674,171.62231759656652,0.5242088845417361,0.9708333333333333,18.70328691333072,15.927526801447797,False,,,,False,,,,False,,,,0.0,,0.0
200,Breast,4,epithelial,normal,61,200__ch4__id61,314.0,235,0,256,18,244.5891719745223,7.535031847133758,0.542589328246261,0.9781931464174455,22.099927962598375,18.563897668016665,True,22.0,0.788235294117647,0.8535031847133758,True,22.0,0.788235294117647,0.8535031847133758,True,22.0,0.788235294117647,0.8535031847133758,0.788235294117647,22.0,0.8535031847133758
200,Breast,4,epithelial,normal,62,200__ch4__id62,365.0,237,64,256,86,246.73424657534247,74.14520547945206,0.5552542227977644,0.9733333333333334,23.91654872462691,19.890931428619503,True,23.0,0.863013698630137,0.863013698630137,True,23.0,0.863013698630137,0.863013698630137,True,23.0,0.863013698630137,0.863013698630137,0.863013698630137,23.0,0.863013698630137
200,Breast,4,epithelial,normal,66,200__ch4__id66,112.0,249,15,256,38,252.75,27.071428571428573,0.9506414478087244,0.9256198347107438,22.271471422994065,6.9106490909928455,True,24.0,0.33035714285714285,0.33035714285714285,True,24.0,0.33035714285714285,0.33035714285714285,False,,,,0.33035714285714285,24.0,0.33035714285714285
220,Breast,4,epithelial,normal,87,220__ch4__id87,351.0,0,107,14,142,5.2763532763532766,125.6039886039886,0.899460256201474,0.9642857142857143,33.14346148561366,14.483777898245007,True,2.0,0.768361581920904,0.7749287749287749,True,2.0,0.768361581920904,0.7749287749287749,True,2.0,0.768361581920904,0.7749287749287749,0.768361581920904,2.0,0.7749287749287749
220,Breast,4,epithelial,normal,89,220__ch4__id89,887.0,0,0,24,50,10.294250281848928,25.011273957158963,0.8800190609314288,0.8790882061446977,51.40302702697712,24.41326971227539,True,1.0,0.42615558060879366,0.42615558060879366,True,1.0,0.42615558060879366,0.42615558060879366,False,,,,0.42615558060879366,1.0,0.42615558060879366
220,Breast,4,epithelial,normal,98,220__ch4__id98,476.0,4,134,27,162,15.426470588235293,148.01260504201682,0.585360006079097,0.9734151329243353,27.36191796239696,22.18431790839217,True,4.0,0.7566539923954373,0.8361344537815126,True,4.0,0.7566539923954373,0.8361344537815126,True,4.0,0.7566539923954373,0.8361344537815126,0.7566539923954373,4.0,0.8361344537815126
220,Breast,4,epithelial,normal,101,220__ch4__id101,411.0,13,165,34,191,22.51338199513382,177.43065693430657,0.6138681407849685,0.9625292740046838,25.809081013628926,20.373909986743563,True,5.0,0.8394160583941606,0.8394160583941606,True,5.0,0.8394160583941606,0.8394160583941606,True,5.0,0.8394160583941606,0.8394160583941606,0.8394160583941606,5.0,0.8394160583941606
220,Breast,4,epithelial,normal,107,220__ch4__id107,225.0,21,186,37,208,28.93777777777778,196.36444444444444,0.7323480685310828,0.9336099585062241,21.117921062272853,14.379835938304405,False,,,,False,,,,False,,,,0.0,,0.0
220,Breast,4,epithelial,normal,109,220__ch4__id109,430.0,25,0,45,27,34.07674418604651,12.327906976744186,0.6974199422686952,0.9750566893424036,27.73605179475349,19.877393738598947,True,7.0,0.835214446952596,0.8604651162790697,True,7.0,0.835214446952596,0.8604651162790697,True,7.0,0.835214446952596,0.8604651162790697,0.835214446952596,7.0,0.8604651162790697
220,Breast,4,epithelial,normal,114,220__ch4__id114,549.0,37,193,59,229,48.32422586520947,209.72859744990893,0.841166150222998,0.9631578947368421,36.250106284127085,19.603215145403315,True,8.0,0.866785079928952,0.8888888888888888,True,8.0,0.866785079928952,0.8888888888888888,True,8.0,0.866785079928952,0.8888888888888888,0.866785079928952,8.0,0.8888888888888888
220,Breast,4,epithelial,normal,120,220__ch4__id120,551.0,51,24,77,61,62.938294010889294,43.4464609800363,0.9101222908371854,0.9483648881239243,41.49280424975617,17.192117503301237,True,9.0,0.7399650959860384,0.7695099818511797,True,9.0,0.7399650959860384,0.7695099818511797,True,9.0,0.7399650959860384,0.7695099818511797,0.7399650959860384,9.0,0.7695099818511797
220,Breast,4,epithelial,normal,126,220__ch4__id126,717.0,62,169,96,197,78.64853556485356,182.73640167364016,0.732697186434626,0.9702300405953992,36.67177840156492,24.957154739951925,True,10.0,0.8046132971506106,0.8270571827057183,True,10.0,0.8046132971506106,0.8270571827057183,True,10.0,0.8046132971506106,0.8270571827057183,0.8046132971506106,10.0,0.8270571827057183
220,Breast,4,epithelial,normal,127,220__ch4__id127,383.0,61,207,78,237,69.44908616187989,221.72584856396867,0.8400694356957494,0.9598997493734336,30.028634508111114,16.28990023630465,True,11.0,0.6710182767624021,0.6710182767624021,True,11.0,0.6710182767624021,0.6710182767624021,True,11.0,0.6710182767624021,0.6710182767624021,0.6710182767624021,11.0,0.6710182767624021
220,Breast,4,epithelial,normal,141,220__ch4__id141,417.0,84,219,105,246,94.03117505995203,232.91846522781773,0.7268215775522492,0.9586206896551724,27.853412379000332,19.130456735060577,True,13.0,0.7194244604316546,0.7194244604316546,True,13.0,0.7194244604316546,0.7194244604316546,True,13.0,0.7194244604316546,0.7194244604316546,0.7194244604316546,13.0,0.7194244604316546
220,Breast,4,epithelial,normal,142,220__ch4__id142,298.0,86,192,106,211,95.76845637583892,201.6979865771812,0.40998067705009017,0.9581993569131833,20.567905940417983,18.759867880955543,True,12.0,0.7114093959731543,0.7114093959731543,True,12.0,0.7114093959731543,0.7114093959731543,True,12.0,0.7114093959731543,0.7114093959731543,0.7114093959731543,12.0,0.7114093959731543
220,Breast,4,epithelial,normal,143,220__ch4__id143,415.0,87,0,111,20,99.07951807228916,8.927710843373495,0.5348203305384118,0.9810874704491725,25.219118727502646,21.309292993140915,True,14.0,0.7783132530120482,0.7783132530120482,True,14.0,0.7783132530120482,0.7783132530120482,True,14.0,0.7783132530120482,0.7783132530120482,0.7783132530120482,14.0,0.7783132530120482
220,Breast,4,epithelial,normal,145,220__ch4__id145,446.0,90,85,108,118,98.75784753363229,100.39013452914799,0.8515233063911122,0.9449152542372882,33.051553776753366,17.329483395537547,True,15.0,0.6707566462167689,0.7354260089686099,True,15.0,0.6707566462167689,0.7354260089686099,True,15.0,0.6707566462167689,0.7354260089686099,0.6707566462167689,15.0,0.7354260089686099
220,Breast,4,epithelial,normal,147,220__ch4__id147,488.0,93,130,115,160,103.73565573770492,144.76434426229508,0.8012440303926431,0.9587426326129665,32.25531357278868,19.299570149906653,True,16.0,0.8282208588957055,0.8299180327868853,True,16.0,0.8282208588957055,0.8299180327868853,True,16.0,0.8282208588957055,0.8299180327868853,0.8282208588957055,16.0,0.8299180327868853
220,Breast,4,epithelial,normal,152,220__ch4__id152,441.0,105,33,131,57,117.55102040816327,45.06122448979592,0.7057911649100747,0.9566160520607375,28.2057825915699,19.981539212215683,True,18.0,0.7847533632286996,0.7936507936507936,True,18.0,0.7847533632286996,0.7936507936507936,True,18.0,0.7847533632286996,0.7936507936507936,0.7847533632286996,18.0,0.7936507936507936
220,Breast,4,epithelial,normal,153,220__ch4__id153,448.0,105,183,126,213,115.39285714285714,197.63616071428572,0.8244899659700832,0.9511677282377919,31.853971364070524,18.025416156005356,True,17.0,0.7713717693836978,0.8660714285714286,True,17.0,0.7713717693836978,0.8660714285714286,True,17.0,0.7713717693836978,0.8660714285714286,0.7713717693836978,17.0,0.8660714285714286
220,Breast,4,epithelial,normal,154,220__ch4__id154,302.0,107,214,125,237,115.99006622516556,224.58940397350995,0.686144447032717,0.937888198757764,23.252525880862425,16.91540627667651,True,19.0,0.37748344370860926,0.37748344370860926,True,19.0,0.37748344370860926,0.37748344370860926,False,,,,0.37748344370860926,19.0,0.37748344370860926
220,Breast,4,epithelial,normal,163,220__ch4__id163,281.0,129,28,148,49,138.5409252669039,38.31672597864769,0.7050398974321775,0.9429530201342282,22.66116775714599,16.070566880437884,False,,,,False,,,,False,,,,0.0031545741324921135,18.0,0.0071174377224199285
220,Breast,4,epithelial,normal,174,220__ch4__id174,325.0,153,112,171,136,161.0953846153846,124.55384615384615,0.6593034372185235,0.9502923976608187,23.57833810834896,17.728009409138675,True,20.0,0.7002652519893899,0.8123076923076923,True,20.0,0.7002652519893899,0.8123076923076923,True,20.0,0.7002652519893899,0.8123076923076923,0.7002652519893899,20.0,0.8123076923076923
220,Breast,4,epithelial,normal,177,220__ch4__id177,475.0,155,140,181,164,167.70736842105262,152.24421052631578,0.5019822968437483,0.9595959595959596,26.469922725574378,22.89325105376491,True,21.0,0.8604166666666667,0.8694736842105263,True,21.0,0.8604166666666667,0.8694736842105263,True,21.0,0.8604166666666667,0.8694736842105263,0.8604166666666667,21.0,0.8694736842105263
220,Breast,4,epithelial,normal,181,220__ch4__id181,611.0,166,96,193,124,178.620294599018,109.89689034369886,0.4764228885577485,0.9683042789223455,29.79248240541676,26.194034946608536,True,22.0,0.7545731707317073,0.8101472995090017,True,22.0,0.7545731707317073,0.8101472995090017,True,22.0,0.7545731707317073,0.8101472995090017,0.7545731707317073,22.0,0.8101472995090017
220,Breast,4,epithelial,normal,182,220__ch4__id182,377.0,168,173,187,199,177.79310344827587,185.78779840848807,0.6909384823148538,0.9592875318066157,25.898206376705712,18.722164541179378,True,24.0,0.8201058201058201,0.8222811671087533,True,24.0,0.8201058201058201,0.8222811671087533,True,24.0,0.8201058201058201,0.8222811671087533,0.8201058201058201,24.0,0.8222811671087533
220,Breast,4,epithelial,normal,183,220__ch4__id183,461.0,167,230,193,256,177.95010845986985,244.4164859002169,0.7533848562306404,0.9644351464435147,30.416158375709973,20.001052845538684,True,23.0,0.7722342733188721,0.7722342733188721,True,23.0,0.7722342733188721,0.7722342733188721,True,23.0,0.7722342733188721,0.7722342733188721,0.7722342733188721,23.0,0.7722342733188721
220,Breast,4,epithelial,normal,184,220__ch4__id184,480.0,170,53,192,84,181.36875,69.17083333333333,0.8227601771967833,0.9523809523809523,33.07594005852944,18.79998988829842,True,25.0,0.7623762376237624,0.8020833333333334,True,25.0,0.7623762376237624,0.8020833333333334,True,25.0,0.7623762376237624,0.8020833333333334,0.7623762376237624,25.0,0.8020833333333334
220,Breast,4,epithelial,normal,186,220__ch4__id186,339.0,175,207,197,227,184.89970501474926,217.08849557522123,0.7104623081326993,0.9658119658119658,24.85287915497771,17.489847242422904,False,,,,False,,,,False,,,,0.0,,0.0
220,Breast,4,epithelial,normal,191,220__ch4__id191,350.0,183,158,207,180,194.68571428571428,168.84,0.7801563591479862,0.9510869565217391,26.771897074332013,16.7480857419875,True,26.0,0.7824858757062146,0.7914285714285715,True,26.0,0.7824858757062146,0.7914285714285715,True,26.0,0.7824858757062146,0.7914285714285715,0.7824858757062146,26.0,0.7914285714285715
220,Breast,4,epithelial,normal,194,220__ch4__id194,741.0,191,128,220,162,204.9689608636977,144.7948717948718,0.5285710362857022,0.9586028460543338,33.36367249165739,28.322057039672302,True,27.0,0.8525469168900804,0.8582995951417004,True,27.0,0.8525469168900804,0.8582995951417004,True,27.0,0.8525469168900804,0.8582995951417004,0.8525469168900804,27.0,0.8582995951417004
220,Breast,4,epithelial,normal,201,220__ch4__id201,286.0,197,17,216,36,205.96153846153845,26.223776223776223,0.3957442782483408,0.9565217391304348,19.939242542395466,18.311417725821407,True,29.0,0.7508532423208191,0.7692307692307693,True,29.0,0.7508532423208191,0.7692307692307693,True,29.0,0.7508532423208191,0.7692307692307693,0.7508532423208191,29.0,0.7692307692307693
220,Breast,4,epithelial,normal,203,220__ch4__id203,642.0,198,41,226,73,212.02180685358255,56.953271028037385,0.7465994609683876,0.9668674698795181,35.096248618127845,23.348615103728534,True,28.0,0.8095975232198143,0.8146417445482866,True,28.0,0.8095975232198143,0.8146417445482866,True,28.0,0.8095975232198143,0.8146417445482866,0.8095975232198143,28.0,0.8146417445482866
220,Breast,4,epithelial,normal,207,220__ch4__id207,141.0,203,0,224,9,212.06382978723406,3.2907801418439715,0.8876059490112517,0.9591836734693877,20.423004428600844,9.406909427961207,True,30.0,0.7724137931034483,0.7943262411347518,True,30.0,0.7724137931034483,0.7943262411347518,True,30.0,0.7724137931034483,0.7943262411347518,0.7724137931034483,30.0,0.7943262411347518
220,Breast,4,epithelial,normal,211,220__ch4__id211,449.0,212,5,237,28,224.1425389755011,16.347438752783965,0.40434555244646103,0.9553191489361702,25.03726851733708,22.8992433868448,True,31.0,0.8863157894736842,0.9376391982182628,True,31.0,0.8863157894736842,0.9376391982182628,True,31.0,0.8863157894736842,0.9376391982182628,0.8863157894736842,31.0,0.9376391982182628
220,Breast,4,epithelial,normal,215,220__ch4__id215,459.0,220,141,251,168,235.12200435729847,153.2636165577342,0.8988859678482377,0.9329268292682927,37.30872210770162,16.34803395686332,True,32.0,0.37037037037037035,0.37037037037037035,True,32.0,0.37037037037037035,0.37037037037037035,False,,,,0.37037037037037035,32.0,0.37037037037037035
220,Breast,4,epithelial,normal,226,220__ch4__id226,370.0,239,85,256,111,247.9,98.15405405405406,0.7618527651886527,0.9736842105263158,27.297372608674415,17.681879463823943,True,33.0,0.8328840970350404,0.8351351351351352,True,33.0,0.8328840970350404,0.8351351351351352,True,33.0,0.8328840970350404,0.8351351351351352,0.8328840970350404,33.0,0.8351351351351352
220,Breast,4,epithelial,normal,229,220__ch4__id229,317.0,240,227,256,252,248.59305993690853,239.69716088328076,0.7292909312114983,0.9694189602446484,24.900649756150685,17.037117324425502,True,34.0,0.8264984227129337,0.8264984227129337,True,34.0,0.8264984227129337,0.8264984227129337,True,34.0,0.8264984227129337,0.8264984227129337,0.8264984227129337,34.0,0.8264984227129337
220,Breast,4,epithelial,normal,233,220__ch4__id233,237.0,244,118,256,142,250.25316455696202,130.08860759493672,0.8531148493919616,0.9753086419753086,24.597927719361714,12.833308533618233,True,35.0,0.8314606741573034,0.9367088607594937,True,35.0,0.8314606741573034,0.9367088607594937,True,35.0,0.8314606741573034,0.9367088607594937,0.8314606741573034,35.0,0.9367088607594937
228,Breast,1,inflammatory,normal,129,228__ch1__id129,111.0,44,93,55,106,49.387387387387385,99.29729729729729,0.582968615096136,0.9487179487179487,13.228784756469228,10.748317146193449,False,,,,False,,,,False,,,,0.0,,0.0
228,Breast,1,inflammatory,normal,137,228__ch1__id137,322.0,68,32,88,53,77.54347826086956,41.90683229813665,0.3093696435407875,0.9498525073746312,20.784104585290226,19.764475100693925,True,11.0,0.8858024691358025,0.9053627760252366,True,11.0,0.8858024691358025,0.9053627760252366,True,11.0,0.8858024691358025,0.9053627760252366,0.8858024691358025,11.0,0.9053627760252366
228,Breast,2,connective,normal,124,228__ch2__id124,435.0,40,48,61,82,49.81609195402299,64.34252873563219,0.8687531280253573,0.9539473684210527,34.440221319535226,17.056361055698723,True,8.0,0.6599552572706935,0.6781609195402298,True,8.0,0.6599552572706935,0.6781609195402298,True,8.0,0.6599552572706935,0.6781609195402298,0.6599552572706935,8.0,0.6781609195402298
228,Breast,2,connective,normal,134,228__ch2__id134,238.0,64,50,87,65,73.68067226890756,56.96218487394958,0.7902629112097966,0.9333333333333333,22.753104125835897,13.942372425842303,False,,,,False,,,,False,,,,0.011406844106463879,11.0,0.025210084033613446
228,Breast,2,connective,normal,144,228__ch2__id144,344.0,76,58,92,86,84.11046511627907,71.48546511627907,0.8294077372589556,0.9608938547486033,28.137193375226985,15.718666364389183,True,13.0,0.5652173913043478,0.5668604651162791,True,13.0,0.5652173913043478,0.5668604651162791,True,13.0,0.5652173913043478,0.5668604651162791,0.5652173913043478,13.0,0.5668604651162791
228,Breast,2,connective,normal,147,228__ch2__id147,186.0,82,98,93,120,87.33333333333333,108.47849462365592,0.858885378956597,0.9587628865979382,21.564081276396553,11.044429128578148,False,,,,False,,,,False,,,,0.0,,0.0
228,Breast,2,connective,normal,157,228__ch2__id157,435.0,102,37,123,68,111.68045977011494,51.86896551724138,0.8549500876726631,0.9518599562363238,32.79242687955886,17.009768707650696,True,16.0,0.8835616438356164,0.8896551724137931,True,16.0,0.8835616438356164,0.8896551724137931,True,16.0,0.8835616438356164,0.8896551724137931,0.8835616438356164,16.0,0.8896551724137931
228,Breast,2,connective,normal,160,228__ch2__id160,186.0,110,0,130,13,118.81720430107526,4.876344086021505,0.6731165611967936,0.9587628865979382,18.645663898783884,13.789147257650198,True,17.0,0.7311827956989247,0.7311827956989247,True,17.0,0.7311827956989247,0.7311827956989247,True,17.0,0.7311827956989247,0.7311827956989247,0.7311827956989247,17.0,0.7311827956989247
228,Breast,2,connective,normal,207,228__ch2__id207,389.0,209,229,238,256,225.17737789203085,245.10539845758356,0.8969465072246382,0.8702460850111857,36.3749957852842,16.08280705280447,True,33.0,0.4498714652956298,0.4498714652956298,True,33.0,0.4498714652956298,0.4498714652956298,False,,,,0.4498714652956298,33.0,0.4498714652956298
228,Breast,4,epithelial,normal,104,228__ch4__id104,131.0,0,0,6,26,2.2061068702290076,11.427480916030534,0.9698213835092654,0.9632352941176471,26.62591857939507,6.491838190818785,True,1.0,0.5801526717557252,0.5801526717557252,True,1.0,0.5801526717557252,0.5801526717557252,True,1.0,0.5801526717557252,0.5801526717557252,0.5801526717557252,1.0,0.5801526717557252
228,Breast,4,epithelial,normal,106,228__ch4__id106,230.0,0,241,19,256,7.804347826086956,249.10434782608695,0.7368845324467221,0.9787234042553191,21.435665070245722,14.490908897995647,True,2.0,0.3826086956521739,0.3826086956521739,True,2.0,0.3826086956521739,0.3826086956521739,False,,,,0.3826086956521739,2.0,0.3826086956521739
228,Breast,4,epithelial,normal,114,228__ch4__id114,243.0,14,182,29,203,21.226337448559672,192.33333333333334,0.7135271329586158,0.9529411764705882,21.08092718170001,14.76987936669225,True,3.0,0.5498575498575499,0.7942386831275721,True,3.0,0.5498575498575499,0.7942386831275721,True,3.0,0.5498575498575499,0.7942386831275721,0.5498575498575499,3.0,0.7942386831275721
228,Breast,4,epithelial,normal,117,228__ch4__id117,341.0,22,241,53,256,38.71554252199414,249.32551319648093,0.8700343291262295,0.9578651685393258,30.58022567606399,15.075780380254916,True,5.0,0.6929824561403509,0.6950146627565983,True,5.0,0.6929824561403509,0.6950146627565983,True,5.0,0.6929824561403509,0.6950146627565983,0.6929824561403509,5.0,0.6950146627565983
228,Breast,4,epithelial,normal,119,228__ch4__id119,409.0,24,158,44,186,33.72371638141809,171.0317848410758,0.6870853550809394,0.9423963133640553,26.91242667922744,19.55394242209486,True,4.0,0.8362068965517241,0.9486552567237164,True,4.0,0.8362068965517241,0.9486552567237164,True,4.0,0.8362068965517241,0.9486552567237164,0.8362068965517241,4.0,0.9486552567237164
228,Breast,4,epithelial,normal,120,228__ch4__id120,500.0,25,200,48,232,36.776,215.082,0.7756231304931392,0.9523809523809523,31.91675067708631,20.14573469041798,True,6.0,0.8410852713178295,0.868,True,6.0,0.8410852713178295,0.868,True,6.0,0.8410852713178295,0.868,0.8410852713178295,6.0,0.868
228,Breast,4,epithelial,normal,121,228__ch4__id121,424.0,27,139,53,164,39.193396226415096,151.72877358490567,0.7933959260254154,0.9464285714285714,30.116782253538144,18.33226383519197,True,7.0,0.7630979498861048,0.7900943396226415,True,7.0,0.7630979498861048,0.7900943396226415,True,7.0,0.7630979498861048,0.7900943396226415,0.7630979498861048,7.0,0.7900943396226415
228,Breast,4,epithelial,normal,125,228__ch4__id125,274.0,44,129,62,151,52.613138686131386,139.6021897810219,0.7794256959067288,0.9448275862068966,23.62583273029051,14.801458525373993,True,9.0,0.551094890510949,0.551094890510949,True,9.0,0.551094890510949,0.551094890510949,True,9.0,0.551094890510949,0.551094890510949,0.551094890510949,9.0,0.551094890510949
228,Breast,4,epithelial,normal,131,228__ch4__id131,506.0,47,175,69,205,57.758893280632414,190.199604743083,0.7063509276168977,0.9674952198852772,30.20408452378872,21.38031847373351,True,10.0,0.7414104882459313,0.8102766798418972,True,10.0,0.7414104882459313,0.8102766798418972,True,10.0,0.7414104882459313,0.8102766798418972,0.7414104882459313,10.0,0.8102766798418972
228,Breast,4,epithelial,normal,132,228__ch4__id132,465.0,59,231,85,256,69.66881720430108,244.8989247311828,0.647572902886848,0.9489795918367347,28.80783968750774,21.951674696434793,False,,,,False,,,,False,,,,0.0,,0.0
228,Breast,4,epithelial,normal,140,228__ch4__id140,499.0,71,164,90,199,80.4188376753507,180.78356713426854,0.8402358207443498,0.9614643545279383,34.27932687388339,18.58697572365388,True,12.0,0.7912713472485768,0.8356713426853707,True,12.0,0.7912713472485768,0.8356713426853707,True,12.0,0.7912713472485768,0.8356713426853707,0.7912713472485768,12.0,0.8356713426853707
228,Breast,4,epithelial,normal,149,228__ch4__id149,681.0,83,195,106,233,94.65785609397945,214.4625550660793,0.8083677209368079,0.9659574468085106,38.57280607210233,22.706957093034067,True,14.0,0.7402088772845953,0.8325991189427313,True,14.0,0.7402088772845953,0.8325991189427313,True,14.0,0.7402088772845953,0.8325991189427313,0.7402088772845953,14.0,0.8325991189427313
228,Breast,4,epithelial,normal,156,228__ch4__id156,264.0,96,239,118,256,107.89772727272727,248.93939393939394,0.7272065248137151,0.9635036496350365,22.951728529839812,15.754496304847155,True,15.0,0.2878787878787879,0.2878787878787879,True,15.0,0.2878787878787879,0.2878787878787879,False,,,,0.2878787878787879,15.0,0.2878787878787879
228,Breast,4,epithelial,normal,162,228__ch4__id162,372.0,116,86,138,109,126.65322580645162,97.41397849462365,0.7078597001697235,0.9489795918367347,25.981097782879203,18.351827911978884,True,18.0,0.8784119106699751,0.9516129032258065,True,18.0,0.8784119106699751,0.9516129032258065,True,18.0,0.8784119106699751,0.9516129032258065,0.8784119106699751,18.0,0.9516129032258065
228,Breast,4,epithelial,normal,166,228__ch4__id166,514.0,131,138,162,161,145.10505836575877,150.284046692607,0.6875851414315728,0.9536178107606679,30.56701577635189,22.194825150258332,True,19.0,0.46405228758169936,0.6906614785992218,True,19.0,0.46405228758169936,0.6906614785992218,False,,,,0.46405228758169936,19.0,0.6906614785992218
228,Breast,4,epithelial,normal,169,228__ch4__id169,404.0,134,84,157,107,145.25,95.39108910891089,0.6329523902441869,0.9550827423167849,25.867417343922295,20.026314470562134,True,20.0,0.7870967741935484,0.905940594059406,True,20.0,0.7870967741935484,0.905940594059406,True,20.0,0.7870967741935484,0.905940594059406,0.7870967741935484,20.0,0.905940594059406
228,Breast,4,epithelial,normal,180,228__ch4__id180,406.0,152,160,180,182,165.16748768472905,170.73645320197045,0.8609514133380867,0.9620853080568721,31.937187246941512,16.24603824436934,True,21.0,0.7977011494252874,0.854679802955665,True,21.0,0.7977011494252874,0.854679802955665,True,21.0,0.7977011494252874,0.854679802955665,0.7977011494252874,21.0,0.854679802955665
228,Breast,4,epithelial,normal,181,228__ch4__id181,250.0,159,70,175,90,166.944,79.72,0.6334261430655374,0.946969696969697,20.330815413231836,15.732049091999892,True,22.0,0.7472527472527473,0.816,True,22.0,0.7472527472527473,0.816,True,22.0,0.7472527472527473,0.816,0.7472527472527473,22.0,0.816
228,Breast,4,epithelial,normal,185,228__ch4__id185,314.0,168,115,184,141,175.37898089171975,128.18789808917197,0.7967952622769396,0.9544072948328267,25.73846427559378,15.552451012156707,True,23.0,0.7017045454545454,0.7866242038216561,True,23.0,0.7017045454545454,0.7866242038216561,True,23.0,0.7017045454545454,0.7866242038216561,0.7017045454545454,23.0,0.7866242038216561
228,Breast,4,epithelial,normal,187,228__ch4__id187,508.0,172,143,199,168,185.1279527559055,154.82677165354332,0.5431754561192829,0.9566854990583804,27.786601291520157,23.330164325388886,True,24.0,0.7074074074074074,0.7519685039370079,True,24.0,0.7074074074074074,0.7519685039370079,True,24.0,0.7074074074074074,0.7519685039370079,0.7074074074074074,24.0,0.7519685039370079
228,Breast,4,epithelial,normal,188,228__ch4__id188,395.0,174,89,197,112,185.77974683544304,99.75949367088607,0.2467431949391465,0.9610705596107056,22.853179719752013,22.14658002971045,True,25.0,0.751207729468599,0.7873417721518987,True,25.0,0.751207729468599,0.7873417721518987,True,25.0,0.751207729468599,0.7873417721518987,0.751207729468599,25.0,0.7873417721518987
228,Breast,4,epithelial,normal,195,228__ch4__id195,133.0,187,0,210,8,198.85714285714286,2.7969924812030076,0.9233649516279795,0.9637681159420289,21.84585694237598,8.387135361338643,True,26.0,0.6268656716417911,0.631578947368421,True,26.0,0.6268656716417911,0.631578947368421,True,26.0,0.6268656716417911,0.631578947368421,0.6268656716417911,26.0,0.631578947368421
228,Breast,4,epithelial,normal,197,228__ch4__id197,576.0,190,167,219,193,203.72916666666666,179.96006944444446,0.5871029204938993,0.96,30.138343180276614,24.397359448278237,True,27.0,0.8993174061433447,0.9149305555555556,True,27.0,0.8993174061433447,0.9149305555555556,True,27.0,0.8993174061433447,0.9149305555555556,0.8993174061433447,27.0,0.9149305555555556
228,Breast,4,epithelial,normal,200,228__ch4__id200,400.0,197,50,223,72,209.6925,60.65,0.7785468375298523,0.9592326139088729,28.714677120138905,18.020943867793697,True,28.0,0.735,0.735,True,28.0,0.735,0.735,True,28.0,0.735,0.735,0.735,28.0,0.735
228,Breast,4,epithelial,normal,201,228__ch4__id201,496.0,197,120,220,151,208.53427419354838,134.94556451612902,0.7949292866811929,0.9593810444874274,32.324911673920695,19.611591555979174,True,29.0,0.778672032193159,0.780241935483871,True,29.0,0.778672032193159,0.780241935483871,True,29.0,0.778672032193159,0.780241935483871,0.778672032193159,29.0,0.780241935483871
228,Breast,4,epithelial,normal,202,228__ch4__id202,779.0,201,15,233,45,216.73427471116815,29.51219512195122,0.5023145534429486,0.9761904761904762,33.87609704420914,29.292151800766895,True,30.0,0.8366583541147132,0.8613607188703466,True,30.0,0.8366583541147132,0.8613607188703466,True,30.0,0.8366583541147132,0.8613607188703466,0.8366583541147132,30.0,0.8613607188703466
228,Breast,4,epithelial,normal,205,228__ch4__id205,326.0,205,152,226,171,215.67484662576686,160.69018404907976,0.5813381461328687,0.9760479041916168,22.67355465231057,18.44861135266312,True,31.0,0.7871148459383753,0.8619631901840491,True,31.0,0.7871148459383753,0.8619631901840491,True,31.0,0.7871148459383753,0.8619631901840491,0.7871148459383753,31.0,0.8619631901840491
228,Breast,4,epithelial,normal,213,228__ch4__id213,579.0,216,55,243,89,231.06735751295338,72.87910189982729,0.8571958200103784,0.9175911251980983,38.808265707066525,19.985892345446807,True,32.0,0.8013816925734024,0.8013816925734024,True,32.0,0.8013816925734024,0.8013816925734024,True,32.0,0.8013816925734024,0.8013816925734024,0.8013816925734024,32.0,0.8013816925734024
228,Breast,4,epithelial,normal,219,228__ch4__id219,382.0,234,86,255,109,244.50523560209425,96.67539267015707,0.40638696379534067,0.9597989949748744,23.132274864036912,21.135984172498404,True,34.0,0.7839195979899497,0.8167539267015707,True,34.0,0.7839195979899497,0.8167539267015707,True,34.0,0.7839195979899497,0.8167539267015707,0.7839195979899497,34.0,0.8167539267015707
228,Breast,4,epithelial,normal,224,228__ch4__id224,160.0,247,60,256,84,251.5875,70.36875,0.9131586281240314,0.9580838323353293,22.897485419157775,9.333115046942101,False,,,,False,,,,False,,,,0.0,,0.0
228,Breast,4,epithelial,normal,226,228__ch4__id226,9.0,253,252,256,256,254.22222222222223,253.88888888888889,0.7869526281849774,1.0,4.312594463574638,2.6609286609047587,False,,,,False,,,,False,,,,0.0,,0.0
238,Breast,0,neoplastic,neoplastic,64,238__ch0__id64,404.0,0,0,22,23,8.80940594059406,9.445544554455445,0.6934125650782289,0.9853658536585366,27.612072663898083,19.895624354516716,True,1.0,0.728448275862069,0.8366336633663366,True,1.0,0.728448275862069,0.8366336633663366,True,1.0,0.728448275862069,0.8366336633663366,0.728448275862069,1.0,0.8366336633663366
238,Breast,0,neoplastic,neoplastic,69,238__ch0__id69,509.0,0,147,21,178,9.19056974459725,161.87229862475442,0.7071678124412328,0.9695238095238096,30.43995529131882,21.522440856481012,True,2.0,0.8426103646833013,0.862475442043222,True,2.0,0.8426103646833013,0.862475442043222,True,2.0,0.8426103646833013,0.862475442043222,0.8426103646833013,2.0,0.862475442043222
238,Breast,0,neoplastic,neoplastic,72,238__ch0__id72,702.0,17,98,49,125,31.683760683760685,112.07264957264957,0.6102780355095613,0.9722991689750693,33.796754309744536,26.773359568721403,True,3.0,0.6955903271692745,0.6965811965811965,True,3.0,0.6955903271692745,0.6965811965811965,True,3.0,0.6955903271692745,0.6965811965811965,0.6955903271692745,3.0,0.6965811965811965
238,Breast,0,neoplastic,neoplastic,74,238__ch0__id74,1051.0,30,1,62,46,45.29686013320647,22.679352997145575,0.7339534798183095,0.9659926470588235,44.51945250208453,30.237600651094,True,4.0,0.8363463368220743,0.8363463368220743,True,4.0,0.8363463368220743,0.8363463368220743,True,4.0,0.8363463368220743,0.8363463368220743,0.8363463368220743,4.0,0.8363463368220743
238,Breast,0,neoplastic,neoplastic,77,238__ch0__id77,783.0,37,65,63,108,50.10472541507024,85.5874840357599,0.8293581825738724,0.9595588235294118,42.41573058919016,23.698401852785057,True,5.0,0.7803320561941252,0.7803320561941252,True,5.0,0.7803320561941252,0.7803320561941252,True,5.0,0.7803320561941252,0.7803320561941252,0.7803320561941252,5.0,0.7803320561941252
238,Breast,0,neoplastic,neoplastic,82,238__ch0__id82,643.0,65,224,93,255,78.86314152410576,239.71850699844478,0.6045722612189792,0.9683734939759037,32.13089001305623,25.593870089946762,True,6.0,0.8133903133903134,0.8880248833592534,True,6.0,0.8133903133903134,0.8880248833592534,True,6.0,0.8133903133903134,0.8880248833592534,0.8133903133903134,6.0,0.8880248833592534
238,Breast,0,neoplastic,neoplastic,87,238__ch0__id87,432.0,93,182,114,210,103.92824074074075,195.89583333333334,0.6785041713758497,0.9494505494505494,27.65253894726675,20.313459674651913,True,7.0,0.7708737864077669,0.9189814814814815,True,7.0,0.7708737864077669,0.9189814814814815,True,7.0,0.7708737864077669,0.9189814814814815,0.7708737864077669,7.0,0.9189814814814815
238,Breast,0,neoplastic,neoplastic,90,238__ch0__id90,129.0,105,247,126,256,115.3953488372093,252.06201550387595,0.9011143021696328,0.9485294117647058,20.272371408453875,8.789727478099692,False,,,,False,,,,False,,,,0.0,,0.0
238,Breast,0,neoplastic,neoplastic,93,238__ch0__id93,628.0,120,150,152,177,137.29299363057325,163.60668789808918,0.67563061145888,0.9676425269645609,33.261745640435734,24.521899716065583,True,8.0,0.8098068350668648,0.8678343949044586,True,8.0,0.8098068350668648,0.8678343949044586,True,8.0,0.8098068350668648,0.8678343949044586,0.8098068350668648,8.0,0.8678343949044586
238,Breast,0,neoplastic,neoplastic,94,238__ch0__id94,830.0,120,183,153,216,135.96626506024097,200.0409638554217,0.44014408985613723,0.9707602339181286,34.416490381904104,30.903501379532354,True,9.0,0.8204833141542003,0.8590361445783132,True,9.0,0.8204833141542003,0.8590361445783132,True,9.0,0.8204833141542003,0.8590361445783132,0.8204833141542003,9.0,0.8590361445783132
238,Breast,0,neoplastic,neoplastic,95,238__ch0__id95,893.0,123,218,165,247,143.7838745800672,231.80963045912654,0.7968204771204682,0.9622844827586207,43.48573887189889,26.274784689051806,True,10.0,0.8734602463605823,0.8734602463605823,True,10.0,0.8734602463605823,0.8734602463605823,True,10.0,0.8734602463605823,0.8734602463605823,0.8734602463605823,10.0,0.8734602463605823
238,Breast,0,neoplastic,neoplastic,98,238__ch0__id98,788.0,142,234,192,256,169.85913705583755,246.87436548223351,0.9232238181672081,0.9482551143200962,53.09692111143877,20.403163432366636,True,11.0,0.46835443037974683,0.46954314720812185,True,11.0,0.46835443037974683,0.46954314720812185,False,,,,0.46835443037974683,11.0,0.46954314720812185
238,Breast,0,neoplastic,neoplastic,99,238__ch0__id99,1093.0,145,166,183,205,164.96248856358645,185.11436413540713,0.6709734144829794,0.9741532976827094,43.44709453131075,32.2152127869573,True,12.0,0.9075937785910339,0.9075937785910339,True,12.0,0.9075937785910339,0.9075937785910339,True,12.0,0.9075937785910339,0.9075937785910339,0.9075937785910339,12.0,0.9075937785910339
238,Breast,0,neoplastic,neoplastic,103,238__ch0__id103,350.0,180,59,197,90,187.65428571428572,75.33714285714285,0.8954905146047947,0.9186351706036745,32.13327878704592,14.301898921518482,False,,,,False,,,,False,,,,0.0,,0.0
238,Breast,0,neoplastic,neoplastic,114,238__ch0__id114,786.0,220,12,256,49,237.65139949109414,29.412213740458014,0.8728160901499967,0.9527272727272728,45.5573270350386,22.23421940112306,True,15.0,0.8388324873096447,0.8409669211195929,True,15.0,0.8388324873096447,0.8409669211195929,True,15.0,0.8388324873096447,0.8409669211195929,0.8388324873096447,15.0,0.8409669211195929
238,Breast,0,neoplastic,neoplastic,120,238__ch0__id120,189.0,230,0,256,10,242.93121693121694,3.6031746031746033,0.9053477637566909,0.9742268041237113,24.76808878041747,10.518288109541354,False,,,,False,,,,False,,,,0.0,,0.0
238,Breast,1,inflammatory,normal,100,238__ch1__id100,489.0,149,119,173,147,161.17177914110428,133.0879345603272,0.5398563517290331,0.9569471624266145,27.28858018760879,22.97035780918469,True,13.0,0.89,0.9100204498977505,True,13.0,0.89,0.9100204498977505,True,13.0,0.89,0.9100204498977505,0.89,13.0,0.9100204498977505
238,Breast,2,connective,normal,162,238__ch2__id162,323.0,194,6,219,29,207.34055727554178,19.56656346749226,0.7928786478399376,0.9098591549295775,27.226633583318442,16.591354030227286,True,14.0,0.7533875338753387,0.8606811145510835,True,14.0,0.7533875338753387,0.8606811145510835,True,14.0,0.7533875338753387,0.8606811145510835,0.7533875338753387,14.0,0.8606811145510835
241,Breast,1,inflammatory,normal,191,241__ch1__id191,328.0,0,214,22,234,10.429878048780488,223.9939024390244,0.7612328751320253,0.9507246376811594,25.499061172780543,16.535595788700313,True,4.0,0.7202380952380952,0.7378048780487805,True,4.0,0.7202380952380952,0.7378048780487805,True,4.0,0.7202380952380952,0.7378048780487805,0.7202380952380952,4.0,0.7378048780487805
241,Breast,1,inflammatory,normal,233,241__ch1__id233,182.0,74,45,90,61,81.3021978021978,52.714285714285715,0.5021457943130175,0.9479166666666666,16.479723626017154,14.251384495031036,False,,,,False,,,,False,,,,0.0,,0.0
241,Breast,1,inflammatory,normal,237,241__ch1__id237,258.0,77,238,95,256,85.50387596899225,247.1124031007752,0.4607356418498937,0.9699248120300752,19.28062945894566,17.11228008717992,True,10.0,0.6666666666666666,0.6821705426356589,True,10.0,0.6666666666666666,0.6821705426356589,True,10.0,0.6666666666666666,0.6821705426356589,0.6666666666666666,10.0,0.6821705426356589
241,Breast,1,inflammatory,normal,244,241__ch1__id244,247.0,85,58,104,76,94.02024291497976,66.5425101214575,0.6993483133813821,0.96484375,21.020414363417416,15.024993660899156,True,11.0,0.7489878542510121,0.7489878542510121,True,11.0,0.7489878542510121,0.7489878542510121,True,11.0,0.7489878542510121,0.7489878542510121,0.7489878542510121,11.0,0.7489878542510121
241,Breast,1,inflammatory,normal,250,241__ch1__id250,164.0,94,109,111,123,102.46341463414635,116.26219512195122,0.7959354678573716,0.9371428571428572,18.651405040464326,11.291215105517923,True,13.0,0.7570621468926554,0.8170731707317073,True,13.0,0.7570621468926554,0.8170731707317073,True,13.0,0.7570621468926554,0.8170731707317073,0.7570621468926554,13.0,0.8170731707317073
241,Breast,1,inflammatory,normal,258,241__ch1__id258,254.0,105,64,124,81,113.75590551181102,72.74803149606299,0.5468990189795079,0.9621212121212122,19.716543394167562,16.50666214017432,True,16.0,0.6971608832807571,0.8700787401574803,True,16.0,0.6971608832807571,0.8700787401574803,True,16.0,0.6971608832807571,0.8700787401574803,0.6971608832807571,16.0,0.8700787401574803
241,Breast,1,inflammatory,normal,269,241__ch1__id269,210.0,122,110,137,129,129.84761904761905,120.16190476190476,0.6593258750672492,0.9417040358744395,19.1544689277037,14.401427175045265,True,17.0,0.9056603773584906,0.9142857142857143,True,17.0,0.9056603773584906,0.9142857142857143,True,17.0,0.9056603773584906,0.9142857142857143,0.9056603773584906,17.0,0.9142857142857143
241,Breast,2,connective,normal,199,241__ch2__id199,305.0,15,176,41,199,27.937704918032786,187.4262295081967,0.9308848426072385,0.9472049689440993,32.68077341227599,11.938703408271113,True,5.0,0.7213114754098361,0.7213114754098361,True,5.0,0.7213114754098361,0.7213114754098361,True,5.0,0.7213114754098361,0.7213114754098361,0.7213114754098361,5.0,0.7213114754098361
241,Breast,2,connective,normal,204,241__ch2__id204,304.0,23,51,37,82,29.894736842105264,67.06907894736842,0.9103542125540453,0.9382716049382716,30.97116379889972,12.816794424227703,True,6.0,0.71900826446281,0.8585526315789473,True,6.0,0.71900826446281,0.8585526315789473,True,6.0,0.71900826446281,0.8585526315789473,0.71900826446281,6.0,0.8585526315789473
241,Breast,2,connective,normal,206,241__ch2__id206,368.0,31,223,53,246,40.86413043478261,235.16304347826087,0.5577653725100519,0.968421052631579,24.06047804408809,19.970164733065136,True,7.0,0.6938325991189427,0.8559782608695652,True,7.0,0.6938325991189427,0.8559782608695652,True,7.0,0.6938325991189427,0.8559782608695652,0.6938325991189427,7.0,0.8559782608695652
241,Breast,2,connective,normal,221,241__ch2__id221,417.0,52,142,72,170,61.621103117505996,155.80575539568346,0.7859662567024781,0.954233409610984,29.335143347591796,18.137021294914057,True,8.0,0.7939814814814815,0.8225419664268585,True,8.0,0.7939814814814815,0.8225419664268585,True,8.0,0.7939814814814815,0.8225419664268585,0.7939814814814815,8.0,0.8225419664268585
241,Breast,2,connective,normal,224,241__ch2__id224,310.0,55,185,80,208,66.20645161290322,195.61612903225807,0.9192889888863481,0.9480122324159022,31.83389204683264,12.529285892491545,True,9.0,0.6978851963746223,0.7451612903225806,True,9.0,0.6978851963746223,0.7451612903225806,True,9.0,0.6978851963746223,0.7451612903225806,0.6978851963746223,9.0,0.7451612903225806
241,Breast,2,connective,normal,248,241__ch2__id248,450.0,89,163,106,199,97.26222222222222,179.24,0.9077083949819165,0.9316770186335404,37.514843159888954,15.741286736510176,True,12.0,0.7145669291338582,0.8066666666666666,True,12.0,0.7145669291338582,0.8066666666666666,True,12.0,0.7145669291338582,0.8066666666666666,0.7145669291338582,12.0,0.8066666666666666
241,Breast,2,connective,normal,252,241__ch2__id252,414.0,96,208,120,230,107.57246376811594,218.98067632850243,0.39930269739823954,0.9583333333333334,24.001533069388127,22.00506517412535,True,14.0,0.8130630630630631,0.8719806763285024,True,14.0,0.8130630630630631,0.8719806763285024,True,14.0,0.8130630630630631,0.8719806763285024,0.8130630630630631,14.0,0.8719806763285024
241,Breast,2,connective,normal,255,241__ch2__id255,303.0,97,238,123,253,109.34653465346534,245.6006600660066,0.8363125580281997,0.9439252336448598,26.642903423578847,14.607050595371247,True,15.0,0.8353658536585366,0.9042904290429042,True,15.0,0.8353658536585366,0.9042904290429042,True,15.0,0.8353658536585366,0.9042904290429042,0.8353658536585366,15.0,0.9042904290429042
241,Breast,2,connective,normal,278,241__ch2__id278,267.0,142,152,165,168,153.16479400749063,159.53932584269663,0.8161640524214377,0.9401408450704225,24.36585142012314,14.079082321612836,True,19.0,0.7883211678832117,0.8089887640449438,True,19.0,0.7883211678832117,0.8089887640449438,True,19.0,0.7883211678832117,0.8089887640449438,0.7883211678832117,19.0,0.8089887640449438
241,Breast,2,connective,normal,279,241__ch2__id279,483.0,143,26,186,42,163.8985507246377,33.37267080745342,0.9401577057721349,0.9378640776699029,43.21885253028763,14.726375365145625,True,20.0,0.7888198757763976,0.7888198757763976,True,20.0,0.7888198757763976,0.7888198757763976,True,20.0,0.7888198757763976,0.7888198757763976,0.7888198757763976,20.0,0.7888198757763976
241,Breast,2,connective,normal,308,241__ch2__id308,371.0,189,200,219,216,204.11859838274933,207.80592991913747,0.8492616631339862,0.9561855670103093,29.991453851733738,15.834653404306112,True,24.0,0.8014888337468983,0.8706199460916442,True,24.0,0.8014888337468983,0.8706199460916442,True,24.0,0.8014888337468983,0.8706199460916442,0.8014888337468983,24.0,0.8706199460916442
241,Breast,4,epithelial,normal,187,241__ch4__id187,319.0,0,145,14,174,5.435736677115988,158.4576802507837,0.8615020667669467,0.9725609756097561,29.086012058361767,14.768540812369121,True,1.0,0.8482142857142857,0.8934169278996865,True,1.0,0.8482142857142857,0.8934169278996865,True,1.0,0.8482142857142857,0.8934169278996865,0.8482142857142857,1.0,0.8934169278996865
241,Breast,4,epithelial,normal,194,241__ch4__id194,395.0,3,119,26,141,14.063291139240507,130.13670886075948,0.43183027094968285,0.9587378640776699,23.694543471260452,21.37140926479825,True,2.0,0.6426966292134831,0.7240506329113924,True,2.0,0.6426966292134831,0.7240506329113924,True,2.0,0.6426966292134831,0.7240506329113924,0.6426966292134831,2.0,0.7240506329113924
241,Breast,4,epithelial,normal,311,241__ch4__id311,391.0,196,49,216,75,205.88235294117646,62.1764705882353,0.7073682378818792,0.9559902200488998,26.640648491566644,18.830815251238235,True,25.0,0.6934673366834171,0.7058823529411765,True,25.0,0.6934673366834171,0.7058823529411765,True,25.0,0.6934673366834171,0.7058823529411765,0.6934673366834171,25.0,0.7058823529411765
241,Breast,4,epithelial,normal,313,241__ch4__id313,580.0,201,77,227,107,214.05862068965519,91.9396551724138,0.6397392367867256,0.9634551495016611,31.147807593803176,23.939956675379275,True,26.0,0.7894736842105263,0.9051724137931034,True,26.0,0.7894736842105263,0.9051724137931034,True,26.0,0.7894736842105263,0.9051724137931034,0.7894736842105263,26.0,0.9051724137931034
241,Breast,4,epithelial,normal,323,241__ch4__id323,480.0,219,50,241,78,229.96041666666667,64.39791666666666,0.6483861722540184,0.96,28.420831975205775,21.637109425280578,True,27.0,0.7398058252427184,0.79375,True,27.0,0.7398058252427184,0.79375,True,27.0,0.7398058252427184,0.79375,0.7398058252427184,27.0,0.79375
241,Breast,4,epithelial,normal,327,241__ch4__id327,202.0,226,31,243,47,233.71782178217822,38.04950495049505,0.5601580923305409,0.9439252336448598,17.748931504564784,14.702961516090244,False,,,,False,,,,False,,,,0.002277904328018223,28.0,0.0049504950495049506
241,Breast,4,epithelial,normal,334,241__ch4__id334,256.0,238,22,256,42,247.7265625,30.83984375,0.7930966107280237,0.9660377358490566,23.510818860414872,14.320342421172592,True,28.0,0.8641509433962264,0.89453125,True,28.0,0.8641509433962264,0.89453125,True,28.0,0.8641509433962264,0.89453125,0.8641509433962264,28.0,0.89453125
241,Breast,4,epithelial,normal,336,241__ch4__id336,364.0,241,48,256,78,249.04945054945054,63.06318681318681,0.8688863026894543,0.9655172413793104,31.058444655763576,15.374293797782897,True,29.0,0.7197802197802198,0.7197802197802198,True,29.0,0.7197802197802198,0.7197802197802198,True,29.0,0.7197802197802198,0.7197802197802198,0.7197802197802198,29.0,0.7197802197802198
241,Breast,4,epithelial,normal,338,241__ch4__id338,271.0,243,93,256,117,249.34317343173433,105.01476014760148,0.8274642422496241,0.9644128113879004,24.972434003292335,14.022481502720352,True,30.0,0.791970802919708,0.8007380073800738,True,30.0,0.791970802919708,0.8007380073800738,True,30.0,0.791970802919708,0.8007380073800738,0.791970802919708,30.0,0.8007380073800738
256,Breast,1,inflammatory,normal,18,256__ch1__id18,211.0,71,195,88,210,79.09478672985782,202.41232227488152,0.48236372058730137,0.9590909090909091,17.543569799860343,15.36765886401991,True,2.0,0.8430493273542601,0.8909952606635071,True,2.0,0.8430493273542601,0.8909952606635071,True,2.0,0.8430493273542601,0.8909952606635071,0.8430493273542601,2.0,0.8909952606635071
256,Breast,2,connective,normal,17,256__ch2__id17,299.0,66,219,97,238,80.27090301003345,228.37123745819397,0.9457072632975267,0.934375,34.476404889853825,11.205509011320427,True,1.0,0.8012618296529969,0.8494983277591973,True,1.0,0.8012618296529969,0.8494983277591973,True,1.0,0.8012618296529969,0.8494983277591973,0.8012618296529969,1.0,0.8494983277591973
256,Breast,2,connective,normal,23,256__ch2__id23,359.0,98,232,137,256,117.41225626740948,243.6824512534819,0.9753788494040552,0.9134860050890585,45.63353987401223,10.063835539586409,True,3.0,0.5292479108635098,0.5292479108635098,True,3.0,0.5292479108635098,0.5292479108635098,True,3.0,0.5292479108635098,0.5292479108635098,0.5292479108635098,3.0,0.5292479108635098
256,Breast,2,connective,normal,34,256__ch2__id34,625.0,144,222,200,239,171.984,230.3008,0.9719382237656078,0.8928571428571429,59.97465590030173,14.10821262245514,True,4.0,0.8146487294469357,0.872,True,4.0,0.8146487294469357,0.872,True,4.0,0.8146487294469357,0.872,0.8146487294469357,4.0,0.872
256,Breast,2,connective,normal,41,256__ch2__id41,340.0,154,80,174,102,163.96176470588236,91.11176470588235,0.4969476378631663,0.9577464788732394,22.369185842470376,19.411543907060803,True,5.0,0.7176470588235294,0.7176470588235294,True,5.0,0.7176470588235294,0.7176470588235294,True,5.0,0.7176470588235294,0.7176470588235294,0.7176470588235294,5.0,0.7176470588235294
256,Breast,2,connective,normal,45,256__ch2__id45,494.0,157,134,193,154,174.84008097165992,144.00404858299595,0.8764553561589455,0.9445506692160612,36.596181937427964,17.6204443843539,True,6.0,0.484,0.4898785425101215,True,6.0,0.484,0.4898785425101215,False,,,,0.484,6.0,0.4898785425101215
256,Breast,2,connective,normal,52,256__ch2__id52,296.0,178,202,209,215,192.94594594594594,208.34459459459458,0.9247184811664969,0.9456869009584664,31.543110437225263,12.006939186152142,True,7.0,0.6303630363036303,0.6452702702702703,True,7.0,0.6303630363036303,0.6452702702702703,True,7.0,0.6303630363036303,0.6452702702702703,0.6303630363036303,7.0,0.6452702702702703
329,Breast,0,neoplastic,neoplastic,94,329__ch0__id94,26.0,0,216,2,233,0.34615384615384615,224.0,0.9936931294433703,0.8666666666666667,16.97056274847714,1.9029718272081468,False,,,,False,,,,False,,,,0.0,,0.0
329,Breast,0,neoplastic,neoplastic,96,329__ch0__id96,104.0,0,53,7,75,2.3173076923076925,64.41346153846153,0.9319186265165984,0.9369369369369369,20.05355914606634,7.272773000285418,False,,,,False,,,,False,,,,0.0,,0.0
329,Breast,0,neoplastic,neoplastic,99,329__ch0__id99,188.0,0,96,11,120,4.031914893617022,108.51595744680851,0.8563404240386064,0.9641025641025641,22.422206693957992,11.57909062036052,True,2.0,0.7326732673267327,0.7872340425531915,True,2.0,0.7326732673267327,0.7872340425531915,True,2.0,0.7326732673267327,0.7872340425531915,0.7326732673267327,2.0,0.7872340425531915
329,Breast,0,neoplastic,neoplastic,102,329__ch0__id102,704.0,0,2,28,34,11.887784090909092,16.438920454545453,0.4754533809162836,0.9683631361760661,32.666217426894676,28.737808102487065,True,1.0,0.7784090909090909,0.7784090909090909,True,1.0,0.7784090909090909,0.7784090909090909,True,1.0,0.7784090909090909,0.7784090909090909,0.7784090909090909,1.0,0.7784090909090909
329,Breast,0,neoplastic,neoplastic,113,329__ch0__id113,695.0,2,117,33,146,17.33956834532374,130.8978417266187,0.5267813506786797,0.967966573816156,32.31022832715362,27.46372084950823,True,3.0,0.8474820143884892,0.8474820143884892,True,3.0,0.8474820143884892,0.8474820143884892,True,3.0,0.8474820143884892,0.8474820143884892,0.8474820143884892,3.0,0.8474820143884892
329,Breast,0,neoplastic,neoplastic,115,329__ch0__id115,913.0,8,30,47,60,27.384446878422782,44.232201533406354,0.726885444942846,0.9530271398747391,41.43945922449058,28.45891028930655,True,4.0,0.8817086527929902,0.8817086527929902,True,4.0,0.8817086527929902,0.8817086527929902,True,4.0,0.8817086527929902,0.8817086527929902,0.8817086527929902,4.0,0.8817086527929902
329,Breast,0,neoplastic,neoplastic,119,329__ch0__id119,699.0,9,72,38,103,23.745350500715308,87.758226037196,0.585024317726818,0.9708333333333333,33.19656928601649,26.92294055575866,True,5.0,0.789002557544757,0.882689556509299,True,5.0,0.789002557544757,0.882689556509299,True,5.0,0.789002557544757,0.882689556509299,0.789002557544757,5.0,0.882689556509299
329,Breast,0,neoplastic,neoplastic,130,329__ch0__id130,860.0,29,226,71,256,48.526744186046514,243.6906976744186,0.6744090833933415,0.9619686800894854,40.150416871127405,29.645377478133707,True,6.0,0.6906976744186046,0.6906976744186046,True,6.0,0.6906976744186046,0.6906976744186046,True,6.0,0.6906976744186046,0.6906976744186046,0.6906976744186046,6.0,0.6906976744186046
329,Breast,0,neoplastic,neoplastic,131,329__ch0__id131,1100.0,31,158,65,200,47.944545454545455,179.04454545454544,0.6601605715708606,0.9717314487632509,43.202674991958304,32.45058780277842,True,7.0,0.8206713780918727,0.8445454545454546,True,7.0,0.8206713780918727,0.8445454545454546,True,7.0,0.8206713780918727,0.8445454545454546,0.8206713780918727,7.0,0.8445454545454546
329,Breast,0,neoplastic,neoplastic,136,329__ch0__id136,860.0,41,58,72,95,57.10232558139535,75.88720930232559,0.527018092602205,0.9652076318742986,36.09574277958085,30.67611369374394,True,10.0,0.3136664659843468,0.6058139534883721,True,10.0,0.3136664659843468,0.6058139534883721,False,,,,0.3136664659843468,10.0,0.6058139534883721
329,Breast,0,neoplastic,neoplastic,137,329__ch0__id137,1007.0,42,118,79,154,59.79344587884806,135.19463753723932,0.597543411014417,0.9710703953712633,40.08340235823746,32.1403375350248,True,8.0,0.8927507447864945,0.8927507447864945,True,8.0,0.8927507447864945,0.8927507447864945,True,8.0,0.8927507447864945,0.8927507447864945,0.8927507447864945,8.0,0.8927507447864945
329,Breast,0,neoplastic,neoplastic,141,329__ch0__id141,1005.0,47,197,88,228,67.66666666666667,211.8825870646766,0.6713698021684839,0.971953578336557,41.59819618202249,30.829359956198854,True,9.0,0.8436578171091446,0.8537313432835821,True,9.0,0.8436578171091446,0.8537313432835821,True,9.0,0.8436578171091446,0.8537313432835821,0.8436578171091446,9.0,0.8537313432835821
329,Breast,0,neoplastic,neoplastic,153,329__ch0__id153,654.0,75,153,99,192,87.45107033639144,173.56727828746176,0.8207936760943394,0.96602658788774,38.611022142048476,22.055572358208437,True,11.0,0.5220804710500491,0.8134556574923547,True,11.0,0.5220804710500491,0.8134556574923547,True,11.0,0.5220804710500491,0.8134556574923547,0.5220804710500491,11.0,0.8134556574923547
329,Breast,0,neoplastic,neoplastic,156,329__ch0__id156,457.0,77,231,100,256,86.54266958424508,244.63894967177242,0.6261162907930155,0.9621052631578947,28.116162242166798,21.92300648595177,False,,,,False,,,,False,,,,0.0,,0.0
329,Breast,0,neoplastic,neoplastic,157,329__ch0__id157,1057.0,78,60,122,92,99.01419110690634,75.48533585619678,0.7294546574342967,0.9732965009208103,44.46363510932954,30.414423332451186,True,12.0,0.7833182230281052,0.8174077578051088,True,12.0,0.7833182230281052,0.8174077578051088,True,12.0,0.7833182230281052,0.8174077578051088,0.7833182230281052,12.0,0.8174077578051088
329,Breast,0,neoplastic,neoplastic,161,329__ch0__id161,693.0,92,185,121,216,105.81818181818181,200.40404040404042,0.5700291604513356,0.9692307692307692,32.819395570455846,26.965218222317013,True,13.0,0.7878787878787878,0.8253968253968254,True,13.0,0.7878787878787878,0.8253968253968254,True,13.0,0.7878787878787878,0.8253968253968254,0.7878787878787878,13.0,0.8253968253968254
329,Breast,0,neoplastic,neoplastic,164,329__ch0__id164,939.0,96,0,135,33,114.5569755058573,14.323748668796592,0.6453218590106751,0.9771071800208116,39.917468469611116,30.493384957146993,True,14.0,0.7835051546391752,0.8903088391906283,True,14.0,0.7835051546391752,0.8903088391906283,True,14.0,0.7835051546391752,0.8903088391906283,0.7835051546391752,14.0,0.8903088391906283
329,Breast,0,neoplastic,neoplastic,168,329__ch0__id168,936.0,100,92,143,130,119.47649572649573,111.78632478632478,0.8864989070811947,0.9397590361445783,51.507932319651886,23.83430085547944,True,15.0,0.7724358974358975,0.7724358974358975,True,15.0,0.7724358974358975,0.7724358974358975,True,15.0,0.7724358974358975,0.7724358974358975,0.7724358974358975,15.0,0.7724358974358975
329,Breast,0,neoplastic,neoplastic,173,329__ch0__id173,357.0,107,220,128,242,117.41176470588235,230.93557422969187,0.42454385956304347,0.9571045576407506,22.429008265029626,20.307389455017116,False,,,,False,,,,False,,,,0.0,,0.0
329,Breast,0,neoplastic,neoplastic,174,329__ch0__id174,1574.0,108,14,166,63,138.34625158831003,40.949174078780175,0.6489700131433687,0.8943181818181818,52.94065198652213,40.27798848531139,True,16.0,0.7674714104193139,0.7674714104193139,True,16.0,0.7674714104193139,0.7674714104193139,True,16.0,0.7674714104193139,0.7674714104193139,0.7674714104193139,16.0,0.7674714104193139
329,Breast,0,neoplastic,neoplastic,176,329__ch0__id176,5.0,117,255,122,256,119.0,255.0,1.0,1.0,5.656854249492381,0.0,False,,,,False,,,,False,,,,0.0,,0.0
329,Breast,0,neoplastic,neoplastic,181,329__ch0__id181,841.0,122,178,155,211,138.17717003567182,194.13555291319858,0.43368469514054053,0.9666666666666667,34.489198071417995,31.076998752986018,True,17.0,0.8794326241134752,0.8846611177170036,True,17.0,0.8794326241134752,0.8846611177170036,True,17.0,0.8794326241134752,0.8846611177170036,0.8794326241134752,17.0,0.8846611177170036
329,Breast,0,neoplastic,neoplastic,184,329__ch0__id184,661.0,131,137,158,170,145.3857791225416,153.714069591528,0.5505280279282436,0.9635568513119533,32.10616789196428,26.802764511306293,False,,,,False,,,,False,,,,0.0,,0.0
329,Breast,0,neoplastic,neoplastic,185,329__ch0__id185,245.0,135,241,160,256,146.6122448979592,249.84489795918367,0.7702973806360527,0.9423076923076923,23.306824064078185,14.862408195473844,False,,,,False,,,,False,,,,0.0,,0.0
329,Breast,0,neoplastic,neoplastic,189,329__ch0__id189,643.0,155,56,181,88,168.50077760497666,72.24727838258165,0.5613870535535194,0.9640179910044977,31.602393528768772,26.15266718659299,True,18.0,0.8685015290519877,0.8833592534992224,True,18.0,0.8685015290519877,0.8833592534992224,True,18.0,0.8685015290519877,0.8833592534992224,0.8685015290519877,18.0,0.8833592534992224
329,Breast,0,neoplastic,neoplastic,190,329__ch0__id190,693.0,155,199,177,240,166.017316017316,218.78354978354977,0.8573143355458018,0.9638386648122392,41.46299819192431,21.344873197660597,True,19.0,0.8585858585858586,0.8585858585858586,True,19.0,0.8585858585858586,0.8585858585858586,True,19.0,0.8585858585858586,0.8585858585858586,0.8585858585858586,19.0,0.8585858585858586
329,Breast,0,neoplastic,neoplastic,198,329__ch0__id198,605.0,166,166,194,198,180.3090909090909,180.56694214876032,0.8122614672981411,0.969551282051282,36.51206580703017,21.29725070690324,True,20.0,0.8088962108731467,0.8115702479338843,True,20.0,0.8088962108731467,0.8115702479338843,True,20.0,0.8088962108731467,0.8115702479338843,0.8088962108731467,20.0,0.8115702479338843
329,Breast,0,neoplastic,neoplastic,199,329__ch0__id199,251.0,167,242,191,256,177.81274900398407,249.69322709163347,0.7809979822508819,0.9580152671755725,23.387579272896826,14.606327846379205,True,21.0,0.6892430278884463,0.6892430278884463,True,21.0,0.6892430278884463,0.6892430278884463,True,21.0,0.6892430278884463,0.6892430278884463,0.6892430278884463,21.0,0.6892430278884463
329,Breast,0,neoplastic,neoplastic,207,329__ch0__id207,1002.0,186,79,223,114,204.24850299401197,96.21956087824351,0.6751769684429032,0.9709302325581395,41.75446125798679,30.800420013691213,True,23.0,0.8405940594059406,0.8473053892215568,True,23.0,0.8405940594059406,0.8473053892215568,True,23.0,0.8405940594059406,0.8473053892215568,0.8405940594059406,23.0,0.8473053892215568
329,Breast,0,neoplastic,neoplastic,211,329__ch0__id211,840.0,192,144,227,177,209.56785714285715,160.03452380952382,0.5930896060142703,0.9666283084004603,36.49790152426787,29.385791231051755,True,24.0,0.8192488262910798,0.830952380952381,True,24.0,0.8192488262910798,0.830952380952381,True,24.0,0.8192488262910798,0.830952380952381,0.8192488262910798,24.0,0.830952380952381
329,Breast,0,neoplastic,neoplastic,212,329__ch0__id212,545.0,194,47,220,77,206.6440366972477,61.97981651376147,0.7724581398958117,0.9646017699115044,33.27755322708165,21.133432078797988,False,,,,False,,,,False,,,,0.0,,0.0
329,Breast,0,neoplastic,neoplastic,213,329__ch0__id213,433.0,195,240,231,256,211.97459584295612,248.90300230946883,0.883365529584434,0.9643652561247216,35.41170254318076,16.59692292332831,True,25.0,0.6397228637413395,0.6397228637413395,True,25.0,0.6397228637413395,0.6397228637413395,True,25.0,0.6397228637413395,0.6397228637413395,0.6397228637413395,25.0,0.6397228637413395
329,Breast,0,neoplastic,neoplastic,215,329__ch0__id215,922.0,196,113,236,142,215.90347071583514,127.35466377440348,0.7307856687891722,0.9705263157894737,41.52587825915421,28.34585487191081,True,26.0,0.834056399132321,0.834056399132321,True,26.0,0.834056399132321,0.834056399132321,True,26.0,0.834056399132321,0.834056399132321,0.834056399132321,26.0,0.834056399132321
329,Breast,0,neoplastic,neoplastic,216,329__ch0__id216,330.0,202,182,221,205,211.36060606060607,192.9909090909091,0.5116449873193456,0.9649122807017544,22.182631777851196,19.059249670570566,True,27.0,0.5824742268041238,0.6848484848484848,True,27.0,0.5824742268041238,0.6848484848484848,True,27.0,0.5824742268041238,0.6848484848484848,0.5824742268041238,27.0,0.6848484848484848
329,Breast,0,neoplastic,neoplastic,231,329__ch0__id231,1091.0,229,45,256,113,243.15032080659944,78.00091659028415,0.9528124084962658,0.9495213228894691,68.53315780769832,20.803907392398614,True,28.0,0.8130155820348305,0.8130155820348305,True,28.0,0.8130155820348305,0.8130155820348305,True,28.0,0.8130155820348305,0.8130155820348305,0.8130155820348305,28.0,0.8130155820348305
329,Breast,0,neoplastic,neoplastic,234,329__ch0__id234,560.0,234,228,256,256,244.95892857142857,242.45357142857142,0.6225594404319937,0.984182776801406,30.587159556288174,23.936670417715423,True,29.0,0.7625,0.7625,True,29.0,0.7625,0.7625,True,29.0,0.7625,0.7625,0.7625,29.0,0.7625
329,Breast,0,neoplastic,neoplastic,237,329__ch0__id237,317.0,238,0,256,21,247.3596214511041,9.785488958990536,0.5722548275664397,0.9664634146341463,22.58224585412089,18.5191546368465,True,30.0,0.7602523659305994,0.7602523659305994,True,30.0,0.7602523659305994,0.7602523659305994,True,30.0,0.7602523659305994,0.7602523659305994,0.7602523659305994,30.0,0.7602523659305994
329,Breast,0,neoplastic,neoplastic,239,329__ch0__id239,179.0,246,45,256,70,251.43016759776538,55.43016759776536,0.9062928516726468,0.9572192513368984,24.152207252968417,10.207937381605998,True,31.0,0.3687150837988827,0.3687150837988827,True,31.0,0.3687150837988827,0.3687150837988827,False,,,,0.3687150837988827,31.0,0.3687150837988827
341,Breast,0,neoplastic,neoplastic,27,341__ch0__id27,1205.0,11,203,47,247,28.1551867219917,225.1228215767635,0.5490339823133706,0.9709911361804996,42.89409281105024,35.85088395866195,True,1.0,0.7531025473546702,0.9568464730290457,True,1.0,0.7531025473546702,0.9568464730290457,True,1.0,0.7531025473546702,0.9568464730290457,0.7531025473546702,1.0,0.9568464730290457
341,Breast,0,neoplastic,neoplastic,32,341__ch0__id32,2092.0,74,123,129,173,101.56166347992352,147.82313575525814,0.4686520006419783,0.9752913752913753,54.95631129276072,48.54746422101152,True,2.0,0.85260663507109,0.859942638623327,True,2.0,0.85260663507109,0.859942638623327,True,2.0,0.85260663507109,0.859942638623327,0.85260663507109,2.0,0.859942638623327
341,Breast,0,neoplastic,neoplastic,38,341__ch0__id38,319.0,116,0,147,12,131.8025078369906,4.956112852664577,0.9111445215312451,0.9815384615384616,32.01941350996754,13.1947827075434,False,,,,False,,,,False,,,,0.0,,0.0
341,Breast,0,neoplastic,neoplastic,40,341__ch0__id40,277.0,122,211,142,230,131.77256317689532,219.87725631768953,0.6066317508565495,0.9453924914675768,21.133145418709898,16.80049066073325,False,,,,False,,,,False,,,,0.0,,0.0
341,Breast,0,neoplastic,neoplastic,42,341__ch0__id42,757.0,146,19,176,53,161.1360634081902,35.39894319682959,0.6454429126222391,0.9717586649550706,35.598971600056615,27.19079760911239,True,3.0,0.8906455862977603,0.892998678996037,True,3.0,0.8906455862977603,0.892998678996037,True,3.0,0.8906455862977603,0.892998678996037,0.8906455862977603,3.0,0.892998678996037
341,Breast,0,neoplastic,neoplastic,45,341__ch0__id45,999.0,153,149,195,186,173.07507507507506,168.01301301301302,0.7865726658343148,0.9327731092436975,46.11096222250843,28.473414306629394,True,5.0,0.4725274725274725,0.47347347347347346,True,5.0,0.4725274725274725,0.47347347347347346,False,,,,0.4725274725274725,5.0,0.47347347347347346
341,Breast,0,neoplastic,neoplastic,47,341__ch0__id47,319.0,183,0,207,18,193.03134796238245,6.971786833855799,0.6495160007086114,0.9696048632218845,23.96899183527495,18.224773171170874,True,6.0,0.7696969696969697,0.7962382445141066,True,6.0,0.7696969696969697,0.7962382445141066,True,6.0,0.7696969696969697,0.7962382445141066,0.7696969696969697,6.0,0.7962382445141066
341,Breast,0,neoplastic,neoplastic,51,341__ch0__id51,210.0,247,177,256,207,251.61904761904762,191.2904761904762,0.9424797783688507,0.967741935483871,29.229938102970845,9.77049179313472,False,,,,False,,,,False,,,,0.0,,0.0
371,Breast,0,neoplastic,neoplastic,1,371__ch0__id1,834.0,1,71,21,123,9.954436450839328,97.71702637889689,0.9232871898126653,0.9641618497109826,53.655454165090006,20.609615568662964,True,1.0,0.8626560726447219,0.9112709832134293,True,1.0,0.8626560726447219,0.9112709832134293,True,1.0,0.8626560726447219,0.9112709832134293,0.8626560726447219,1.0,0.9112709832134293
371,Breast,0,neoplastic,neoplastic,4,371__ch0__id4,2337.0,7,161,67,219,39.14848095849379,190.77663671373557,0.691449258790373,0.966501240694789,65.06143793569342,47.00201118714148,True,2.0,0.897008547008547,0.8981600342319213,True,2.0,0.897008547008547,0.8981600342319213,True,2.0,0.897008547008547,0.8981600342319213,0.897008547008547,2.0,0.8981600342319213
371,Breast,0,neoplastic,neoplastic,10,371__ch0__id10,526.0,32,0,100,12,66.95437262357414,4.096958174904943,0.980121054819632,0.9460431654676259,61.793170838408436,12.259789683769835,True,3.0,0.7434094903339191,0.8041825095057035,True,3.0,0.7434094903339191,0.8041825095057035,True,3.0,0.7434094903339191,0.8041825095057035,0.7434094903339191,3.0,0.8041825095057035
371,Breast,0,neoplastic,neoplastic,18,371__ch0__id18,2048.0,67,1,127,61,94.64453125,30.63525390625,0.8905887206321396,0.9642184557438794,76.14867916796766,34.63314683293752,True,4.0,0.927458617332035,0.93017578125,True,4.0,0.927458617332035,0.93017578125,True,4.0,0.927458617332035,0.93017578125,0.927458617332035,4.0,0.93017578125
371,Breast,0,neoplastic,neoplastic,24,371__ch0__id24,2786.0,79,153,159,200,118.88585786073223,175.53517587939697,0.8534496491222046,0.9630141721396475,82.82641006049518,43.167079356188026,True,8.0,0.4793980652096023,0.48025843503230436,True,8.0,0.4793980652096023,0.48025843503230436,False,,,,0.4793980652096023,8.0,0.48025843503230436
371,Breast,0,neoplastic,neoplastic,30,371__ch0__id30,2152.0,107,18,162,76,134.38011152416357,46.655204460966544,0.8222943903037577,0.9772933696639419,69.45566843921966,39.52460452898289,True,6.0,0.913769123783032,0.9158921933085502,True,6.0,0.913769123783032,0.9158921933085502,True,6.0,0.913769123783032,0.9158921933085502,0.913769123783032,6.0,0.9158921933085502
371,Breast,0,neoplastic,neoplastic,34,371__ch0__id34,1238.0,118,102,159,144,137.04361873990308,121.17447495961228,0.45984970495993716,0.9649259547934529,42.58852195066437,37.8184695791839,True,7.0,0.8536018590240124,0.8901453957996769,True,7.0,0.8536018590240124,0.8901453957996769,True,7.0,0.8536018590240124,0.8901453957996769,0.8536018590240124,7.0,0.8901453957996769
371,Breast,0,neoplastic,neoplastic,42,371__ch0__id42,1553.0,147,111,202,150,173.24919510624596,129.6477784932389,0.791416504858629,0.9724483406386976,57.31642456499511,35.036228238365425,True,10.0,0.8841354723707665,0.9581455247907277,True,10.0,0.8841354723707665,0.9581455247907277,True,10.0,0.8841354723707665,0.9581455247907277,0.8841354723707665,10.0,0.9581455247907277
371,Breast,0,neoplastic,neoplastic,46,371__ch0__id46,1485.0,163,73,209,115,186.63636363636363,93.56430976430977,0.5813025744181004,0.9712230215827338,48.32987649360824,39.325415468216015,True,9.0,0.6690340909090909,0.9515151515151515,True,9.0,0.6690340909090909,0.9515151515151515,True,9.0,0.6690340909090909,0.9515151515151515,0.6690340909090909,9.0,0.9515151515151515
371,Breast,0,neoplastic,neoplastic,47,371__ch0__id47,509.0,164,24,192,49,177.1532416502947,35.67976424361493,0.7707728302596085,0.9788461538461538,31.925833384834274,20.34027001373145,True,11.0,0.5952848722986247,0.5952848722986247,True,11.0,0.5952848722986247,0.5952848722986247,True,11.0,0.5952848722986247,0.5952848722986247,0.5952848722986247,11.0,0.5952848722986247
371,Breast,0,neoplastic,neoplastic,52,371__ch0__id52,697.0,198,0,239,26,215.9512195121951,9.72022955523673,0.699691367327558,0.9694019471488178,37.40546619546265,26.72415699921001,True,12.0,0.8507890961262554,0.8507890961262554,True,12.0,0.8507890961262554,0.8507890961262554,True,12.0,0.8507890961262554,0.8507890961262554,0.8507890961262554,12.0,0.8507890961262554
371,Breast,0,neoplastic,neoplastic,55,371__ch0__id55,1263.0,216,15,253,63,235.45526524148852,39.98574821852731,0.7639076200511294,0.9707916986933128,50.21333213260291,32.403949387253604,True,13.0,0.8782201405152225,0.8907363420427553,True,13.0,0.8782201405152225,0.8907363420427553,True,13.0,0.8782201405152225,0.8907363420427553,0.8782201405152225,13.0,0.8907363420427553
403,Breast,1,inflammatory,normal,134,403__ch1__id134,144.0,0,209,11,226,4.173611111111111,217.91666666666666,0.7314119914924768,0.9795918367346939,16.948840819607145,11.558022111007238,False,,,,False,,,,False,,,,0.0,,0.0
403,Breast,1,inflammatory,normal,135,403__ch1__id135,298.0,0,77,17,97,7.348993288590604,87.32214765100672,0.5669817673713331,0.9802631578947368,21.77174767129581,17.934049143809926,True,1.0,0.7859424920127795,0.825503355704698,True,1.0,0.7859424920127795,0.825503355704698,True,1.0,0.7859424920127795,0.825503355704698,0.7859424920127795,1.0,0.825503355704698
403,Breast,1,inflammatory,normal,144,403__ch1__id144,531.0,14,20,38,48,25.65536723163842,33.54425612052731,0.46932288818757756,0.9637023593466425,27.70112047119091,24.46082701508443,True,3.0,0.8780487804878049,0.8813559322033898,True,3.0,0.8780487804878049,0.8813559322033898,True,3.0,0.8780487804878049,0.8813559322033898,0.8780487804878049,3.0,0.8813559322033898
403,Breast,1,inflammatory,normal,158,403__ch1__id158,475.0,83,193,106,220,94.36842105263158,205.90526315789472,0.5389636729908569,0.9654471544715447,26.876953474661168,22.639237581952486,True,5.0,0.8589473684210527,0.8589473684210527,True,5.0,0.8589473684210527,0.8589473684210527,True,5.0,0.8589473684210527,0.8589473684210527,0.8589473684210527,5.0,0.8589473684210527
403,Breast,1,inflammatory,normal,160,403__ch1__id160,334.0,88,15,112,32,100.07784431137725,23.51197604790419,0.7063544187333339,0.9709302325581395,24.5980031006507,17.41190173993354,True,6.0,0.7163323782234957,0.7485029940119761,True,6.0,0.7163323782234957,0.7485029940119761,True,6.0,0.7163323782234957,0.7485029940119761,0.7163323782234957,6.0,0.7485029940119761
403,Breast,1,inflammatory,normal,164,403__ch1__id164,463.0,101,52,127,75,114.11879049676025,63.15334773218142,0.4451706332975818,0.9605809128630706,25.737458036190223,23.046497645060924,True,8.0,0.5064655172413793,0.5075593952483801,True,8.0,0.5064655172413793,0.5075593952483801,True,8.0,0.5064655172413793,0.5075593952483801,0.5064655172413793,8.0,0.5075593952483801
403,Breast,1,inflammatory,normal,165,403__ch1__id165,393.0,102,174,123,199,112.31552162849873,185.5114503816794,0.6433711447386915,0.9515738498789347,25.742786809297296,19.707504227263335,True,7.0,0.7455470737913485,0.7455470737913485,True,7.0,0.7455470737913485,0.7455470737913485,True,7.0,0.7455470737913485,0.7455470737913485,0.7455470737913485,7.0,0.7455470737913485
403,Breast,1,inflammatory,normal,166,403__ch1__id166,390.0,105,141,125,166,114.97692307692307,153.0179487179487,0.6240528318244294,0.9558823529411765,25.23922879474222,19.721482839842718,True,9.0,0.7588652482269503,0.823076923076923,True,9.0,0.7588652482269503,0.823076923076923,True,9.0,0.7588652482269503,0.823076923076923,0.7588652482269503,9.0,0.823076923076923
403,Breast,1,inflammatory,normal,169,403__ch1__id169,450.0,116,111,139,137,127.19111111111111,123.63777777777777,0.39188912500093614,0.9615384615384616,24.974903733411328,22.977222447634343,True,10.0,0.7707423580786026,0.7844444444444445,True,10.0,0.7707423580786026,0.7844444444444445,True,10.0,0.7707423580786026,0.7844444444444445,0.7707423580786026,10.0,0.7844444444444445
403,Breast,1,inflammatory,normal,172,403__ch1__id172,374.0,127,143,148,166,137.27540106951872,154.58823529411765,0.36447346016034504,0.9540816326530612,22.64414980244393,21.086544244598162,True,11.0,0.7581863979848866,0.8048128342245989,True,11.0,0.7581863979848866,0.8048128342245989,True,11.0,0.7581863979848866,0.8048128342245989,0.7581863979848866,11.0,0.8048128342245989
403,Breast,1,inflammatory,normal,184,403__ch1__id184,329.0,171,140,196,156,183.2340425531915,147.73252279635258,0.7746627148652078,0.9563953488372093,25.797798188521035,16.31387319707975,True,12.0,0.7976539589442815,0.8267477203647416,True,12.0,0.7976539589442815,0.8267477203647416,True,12.0,0.7976539589442815,0.8267477203647416,0.7976539589442815,12.0,0.8267477203647416
403,Breast,1,inflammatory,normal,187,403__ch1__id187,356.0,179,166,200,187,188.8876404494382,175.99157303370785,0.5313251585549142,0.9621621621621622,23.236994791329533,19.68563779531509,True,14.0,0.7443037974683544,0.8258426966292135,True,14.0,0.7443037974683544,0.8258426966292135,True,14.0,0.7443037974683544,0.8258426966292135,0.7443037974683544,14.0,0.8258426966292135
403,Breast,2,connective,normal,133,403__ch2__id133,40.0,0,149,3,166,0.825,157.125,0.980745297818774,0.9302325581395349,16.424715659204043,3.2076027675348837,False,,,,False,,,,False,,,,0.0,,0.0
403,Breast,2,connective,normal,143,403__ch2__id143,447.0,12,225,38,250,24.277404921700224,237.5480984340045,0.7614831674038508,0.9530916844349681,29.75984154201131,19.289873513080376,True,2.0,0.6129753914988815,0.6129753914988815,True,2.0,0.6129753914988815,0.6129753914988815,True,2.0,0.6129753914988815,0.6129753914988815,0.6129753914988815,2.0,0.6129753914988815
403,Breast,2,connective,normal,150,403__ch2__id150,1033.0,45,177,86,212,64.52855759922555,192.4975798644724,0.5164251127987279,0.934841628959276,40.31146293453219,34.52001000354534,True,4.0,0.6718296224588577,0.6718296224588577,True,4.0,0.6718296224588577,0.6718296224588577,True,4.0,0.6718296224588577,0.6718296224588577,0.6718296224588577,4.0,0.6718296224588577
403,Breast,2,connective,normal,153,403__ch2__id153,404.0,72,156,97,176,84.86881188118812,165.42821782178217,0.6862338873187971,0.964200477326969,26.80298994218223,19.495984387810722,False,,,,False,,,,False,,,,0.0,,0.0
403,Breast,2,connective,normal,161,403__ch2__id161,740.0,91,78,124,109,108.26351351351352,94.18513513513514,0.685876389464444,0.961038961038961,36.186932908565694,26.333884701216046,False,,,,False,,,,False,,,,0.0,,0.0
403,Breast,2,connective,normal,185,403__ch2__id185,608.0,171,0,200,25,185.47368421052633,11.700657894736842,0.525726685540622,0.9806451612903225,30.250765884000263,25.732921211330147,True,13.0,0.8125,0.8125,True,13.0,0.8125,0.8125,True,13.0,0.8125,0.8125,0.8125,13.0,0.8125
403,Breast,2,connective,normal,196,403__ch2__id196,794.0,222,22,254,57,237.69899244332493,39.433249370277075,0.7452340246054147,0.9635922330097088,38.99073064552907,25.99913639355178,True,15.0,0.6649874055415617,0.6649874055415617,True,15.0,0.6649874055415617,0.6649874055415617,True,15.0,0.6649874055415617,0.6649874055415617,0.6649874055415617,15.0,0.6649874055415617
403,Breast,2,connective,normal,200,403__ch2__id200,392.0,243,185,256,228,250.00255102040816,203.34948979591837,0.9581057328663753,0.9537712895377128,42.74901495447464,12.24394810488492,False,,,,False,,,,False,,,,0.0,,0.0
403,Breast,2,connective,normal,203,403__ch2__id203,89.0,245,0,256,14,251.61797752808988,4.617977528089888,0.8296278021888974,0.956989247311828,15.326855138771702,8.557241547936718,False,,,,False,,,,False,,,,0.0,,0.0
424,Breast,0,neoplastic,neoplastic,67,424__ch0__id67,710.0,0,27,22,64,10.263380281690141,45.13380281690141,0.7947992071396351,0.9861111111111112,38.737264407655424,23.508580145524874,True,1.0,0.8402203856749312,0.8591549295774648,True,1.0,0.8402203856749312,0.8591549295774648,True,1.0,0.8402203856749312,0.8591549295774648,0.8402203856749312,1.0,0.8591549295774648
424,Breast,0,neoplastic,neoplastic,72,424__ch0__id72,938.0,19,206,62,233,39.97014925373134,219.4594882729211,0.7679360709078996,0.9770833333333333,43.257972601661855,27.70787757815442,True,2.0,0.9058201058201059,0.9125799573560768,True,2.0,0.9058201058201059,0.9125799573560768,True,2.0,0.9058201058201059,0.9125799573560768,0.9058201058201059,2.0,0.9125799573560768
424,Breast,0,neoplastic,neoplastic,77,424__ch0__id77,485.0,39,144,65,168,51.855670103092784,155.95876288659792,0.35625045542366246,0.9661354581673307,25.730078482974477,24.041940988518093,True,4.0,0.8404669260700389,0.8907216494845361,True,4.0,0.8404669260700389,0.8907216494845361,True,4.0,0.8404669260700389,0.8907216494845361,0.8404669260700389,4.0,0.8907216494845361
424,Breast,0,neoplastic,neoplastic,81,424__ch0__id81,855.0,54,96,97,122,76.13567251461988,109.1204678362573,0.8078805472206527,0.9650112866817155,43.10400303219218,25.403183243049757,True,5.0,0.8735498839907193,0.8807017543859649,True,5.0,0.8735498839907193,0.8807017543859649,True,5.0,0.8735498839907193,0.8807017543859649,0.8735498839907193,5.0,0.8807017543859649
424,Breast,0,neoplastic,neoplastic,84,424__ch0__id84,449.0,65,0,97,17,79.83073496659243,6.917594654788418,0.833419581071253,0.9824945295404814,32.932771148153485,18.199991446008355,True,6.0,0.7728285077951003,0.7728285077951003,True,6.0,0.7728285077951003,0.7728285077951003,True,6.0,0.7728285077951003,0.7728285077951003,0.7728285077951003,6.0,0.7728285077951003
424,Breast,0,neoplastic,neoplastic,86,424__ch0__id86,787.0,77,127,111,156,93.64930114358323,141.6277001270648,0.6432464886793865,0.9668304668304668,36.245081395325485,27.751378705687546,True,7.0,0.8237410071942446,0.8729351969504447,True,7.0,0.8237410071942446,0.8729351969504447,True,7.0,0.8237410071942446,0.8729351969504447,0.8237410071942446,7.0,0.8729351969504447
424,Breast,0,neoplastic,neoplastic,87,424__ch0__id87,202.0,89,176,104,192,96.05940594059406,183.85643564356437,0.47755035411821073,0.9711538461538461,17.142653419017016,15.061610405367912,True,8.0,0.675,0.801980198019802,True,8.0,0.675,0.801980198019802,True,8.0,0.675,0.801980198019802,0.675,8.0,0.801980198019802
424,Breast,0,neoplastic,neoplastic,89,424__ch0__id89,1046.0,96,73,136,106,116.27055449330784,89.53346080305927,0.6130696819683668,0.9739292364990689,41.12233046199614,32.487826955416416,True,9.0,0.8393881453154876,0.8393881453154876,True,9.0,0.8393881453154876,0.8393881453154876,True,9.0,0.8393881453154876,0.8393881453154876,0.8393881453154876,9.0,0.8393881453154876
424,Breast,0,neoplastic,neoplastic,91,424__ch0__id91,1020.0,102,11,134,52,118.18137254901961,31.633333333333333,0.6536966312345752,0.9742120343839542,41.511329539644024,31.413977065444953,True,10.0,0.8502415458937198,0.8627450980392157,True,10.0,0.8502415458937198,0.8627450980392157,True,10.0,0.8502415458937198,0.8627450980392157,0.8502415458937198,10.0,0.8627450980392157
424,Breast,0,neoplastic,neoplastic,95,424__ch0__id95,827.0,121,212,159,240,139.70133010882708,225.3385731559855,0.6837182166811271,0.9672514619883041,38.02348288010343,27.747489114275847,True,11.0,0.8478260869565217,0.848851269649335,True,11.0,0.8478260869565217,0.848851269649335,True,11.0,0.8478260869565217,0.848851269649335,0.8478260869565217,11.0,0.848851269649335
424,Breast,0,neoplastic,neoplastic,97,424__ch0__id97,599.0,125,138,155,164,139.70784641068448,150.73956594323874,0.6426347800109286,0.9599358974358975,31.579945603259475,24.195690813986374,True,12.0,0.8686371100164204,0.8831385642737897,True,12.0,0.8686371100164204,0.8831385642737897,True,12.0,0.8686371100164204,0.8831385642737897,0.8686371100164204,12.0,0.8831385642737897
424,Breast,0,neoplastic,neoplastic,103,424__ch0__id103,702.0,140,23,164,62,150.77920227920228,42.403133903133906,0.7968642605835119,0.9669421487603306,38.58754759561266,23.31299030997792,True,13.0,0.6481481481481481,0.6481481481481481,True,13.0,0.6481481481481481,0.6481481481481481,True,13.0,0.6481481481481481,0.6481481481481481,0.6481481481481481,13.0,0.6481481481481481
424,Breast,0,neoplastic,neoplastic,104,424__ch0__id104,577.0,141,169,170,195,155.35355285961873,181.52339688041593,0.5777612613407063,0.9632721202003339,30.041430050034837,24.51998975888775,True,14.0,0.8717504332755632,0.8717504332755632,True,14.0,0.8717504332755632,0.8717504332755632,True,14.0,0.8717504332755632,0.8717504332755632,0.8717504332755632,14.0,0.8717504332755632
424,Breast,0,neoplastic,neoplastic,110,424__ch0__id110,613.0,169,81,209,106,187.62805872756934,94.27406199021208,0.8910241855004984,0.9231927710843374,42.316376491105004,19.209766057874436,True,17.0,0.419773095623987,0.42251223491027734,True,17.0,0.419773095623987,0.42251223491027734,False,,,,0.419773095623987,17.0,0.42251223491027734
424,Breast,0,neoplastic,neoplastic,111,424__ch0__id111,789.0,171,23,205,52,187.88466413181243,37.60583016476553,0.6153644848966233,0.9621951219512195,35.91226359632985,28.30757954339183,True,15.0,0.8390367553865653,0.8390367553865653,True,15.0,0.8390367553865653,0.8390367553865653,True,15.0,0.8390367553865653,0.8390367553865653,0.8390367553865653,15.0,0.8390367553865653
424,Breast,0,neoplastic,neoplastic,112,424__ch0__id112,566.0,172,237,207,256,189.51943462897526,246.98586572438163,0.836884955443468,0.9725085910652921,36.78436125572657,20.134980217210583,False,,,,False,,,,False,,,,0.0,,0.0
424,Breast,0,neoplastic,neoplastic,113,424__ch0__id113,573.0,183,54,213,79,197.48865619546248,66.53752181500873,0.5412070264176637,0.9695431472081218,29.48186060731759,24.790983577778253,True,16.0,0.8032,0.8760907504363001,True,16.0,0.8032,0.8760907504363001,True,16.0,0.8032,0.8760907504363001,0.8032,16.0,0.8760907504363001
424,Breast,0,neoplastic,neoplastic,117,424__ch0__id117,536.0,198,3,225,28,211.2910447761194,15.434701492537313,0.4719483211293647,0.9675090252707581,27.874417826420114,24.574817471114116,True,18.0,0.7335423197492164,0.8731343283582089,True,18.0,0.7335423197492164,0.8731343283582089,True,18.0,0.7335423197492164,0.8731343283582089,0.7335423197492164,18.0,0.8731343283582089
424,Breast,0,neoplastic,neoplastic,121,424__ch0__id121,572.0,202,108,236,131,217.743006993007,118.57167832167832,0.7954398321454067,0.9501661129568106,34.90845040360159,21.15565784183788,True,19.0,0.6730769230769231,0.6730769230769231,True,19.0,0.6730769230769231,0.6730769230769231,True,19.0,0.6730769230769231,0.6730769230769231,0.6730769230769231,19.0,0.6730769230769231
424,Breast,0,neoplastic,neoplastic,122,424__ch0__id122,494.0,212,179,237,204,223.9574898785425,191.28947368421052,0.41021216558015844,0.9592233009708738,26.285037623026813,23.97169461937813,True,20.0,0.7981481481481482,0.8724696356275303,True,20.0,0.7981481481481482,0.8724696356275303,True,20.0,0.7981481481481482,0.8724696356275303,0.7981481481481482,20.0,0.8724696356275303
424,Breast,0,neoplastic,neoplastic,125,424__ch0__id125,823.0,226,24,256,59,242.0753341433779,41.963547995139734,0.5342422095468873,0.9682352941176471,35.74473752129891,30.216150823683503,True,21.0,0.7764277035236938,0.7764277035236938,True,21.0,0.7764277035236938,0.7764277035236938,True,21.0,0.7764277035236938,0.7764277035236938,0.7764277035236938,21.0,0.7764277035236938
424,Breast,0,neoplastic,neoplastic,128,424__ch0__id128,533.0,234,138,256,168,245.9812382739212,152.39962476547842,0.6827338453207443,0.9690909090909091,30.918861880253278,22.59139695289444,True,23.0,0.6735459662288931,0.6735459662288931,True,23.0,0.6735459662288931,0.6735459662288931,True,23.0,0.6735459662288931,0.6735459662288931,0.6735459662288931,23.0,0.6735459662288931
424,Breast,0,neoplastic,neoplastic,129,424__ch0__id129,394.0,237,60,256,87,247.5989847715736,74.26903553299492,0.7100807580224736,0.9800995024875622,27.53878395440263,19.39061525936039,True,22.0,0.7002341920374707,0.7588832487309645,True,22.0,0.7002341920374707,0.7588832487309645,True,22.0,0.7002341920374707,0.7588832487309645,0.7002341920374707,22.0,0.7588832487309645
424,Breast,0,neoplastic,neoplastic,132,424__ch0__id132,213.0,245,191,256,218,251.093896713615,203.15962441314554,0.903697856784692,0.9551569506726457,26.099437089754115,11.17501532432368,True,24.0,0.29107981220657275,0.29107981220657275,True,24.0,0.29107981220657275,0.29107981220657275,False,,,,0.29107981220657275,24.0,0.29107981220657275
429,Breast,0,neoplastic,neoplastic,65,429__ch0__id65,92.0,0,66,6,86,2.097826086956522,76.08695652173913,0.939269609590517,0.9787234042553191,19.159860210290645,6.575283286285093,True,3.0,0.5825242718446602,0.6521739130434783,True,3.0,0.5825242718446602,0.6521739130434783,True,3.0,0.5825242718446602,0.6521739130434783,0.5825242718446602,3.0,0.6521739130434783
429,Breast,0,neoplastic,neoplastic,68,429__ch0__id68,276.0,0,154,14,183,5.1268115942028984,165.55797101449275,0.8539597419529289,0.9616724738675958,27.368023323291087,14.240652102402164,False,,,,False,,,,False,,,,0.0,,0.0
429,Breast,0,neoplastic,neoplastic,70,429__ch0__id70,358.0,0,231,17,256,7.089385474860335,244.12569832402235,0.7262410356087848,0.9808219178082191,26.26888054619985,18.058283151789276,True,2.0,0.8679245283018868,0.8994413407821229,True,2.0,0.8679245283018868,0.8994413407821229,True,2.0,0.8679245283018868,0.8994413407821229,0.8679245283018868,2.0,0.8994413407821229
429,Breast,0,neoplastic,neoplastic,73,429__ch0__id73,486.0,5,121,26,153,15.847736625514404,137.45679012345678,0.8268359503250405,0.9604743083003953,33.37036721407402,18.768934875813418,True,4.0,0.8413926499032882,0.8950617283950617,True,4.0,0.8413926499032882,0.8950617283950617,True,4.0,0.8413926499032882,0.8950617283950617,0.8413926499032882,4.0,0.8950617283950617
429,Breast,0,neoplastic,neoplastic,75,429__ch0__id75,1100.0,9,154,51,194,30.920909090909092,174.85181818181817,0.8285982306148459,0.970873786407767,50.277425799476816,28.14750025633861,True,5.0,0.7655293088363955,0.7954545454545454,True,5.0,0.7655293088363955,0.7954545454545454,True,5.0,0.7655293088363955,0.7954545454545454,0.7655293088363955,5.0,0.7954545454545454
429,Breast,0,neoplastic,neoplastic,77,429__ch0__id77,2406.0,12,5,76,55,41.15835411471322,28.741895261845386,0.6458879521521818,0.9705526421944333,63.8189596270488,48.7214499731078,True,10.0,0.12685668406262546,0.1313383208645054,False,,,,False,,,,0.12685668406262546,10.0,0.1313383208645054
429,Breast,0,neoplastic,neoplastic,79,429__ch0__id79,587.0,20,192,50,219,34.901192504258944,205.40715502555366,0.7568971089520831,0.9575856443719413,33.91430614335066,22.164154156883697,True,6.0,0.5674814027630181,0.909710391822828,True,6.0,0.5674814027630181,0.909710391822828,True,6.0,0.5674814027630181,0.909710391822828,0.5674814027630181,6.0,0.909710391822828
429,Breast,0,neoplastic,neoplastic,85,429__ch0__id85,453.0,48,238,79,256,63.49448123620309,247.93598233995584,0.8361351869776454,0.9658848614072495,32.9758450024644,18.088023482822503,True,8.0,0.7373068432671082,0.7373068432671082,True,8.0,0.7373068432671082,0.7373068432671082,True,8.0,0.7373068432671082,0.7373068432671082,0.7373068432671082,8.0,0.7373068432671082
429,Breast,0,neoplastic,neoplastic,90,429__ch0__id90,563.0,86,203,107,237,96.37122557726465,220.1119005328597,0.7875276011394057,0.9690189328743546,34.17027490075034,21.058435919821285,True,12.0,0.7456556082148499,0.8383658969804618,True,12.0,0.7456556082148499,0.8383658969804618,True,12.0,0.7456556082148499,0.8383658969804618,0.7456556082148499,12.0,0.8383658969804618
429,Breast,0,neoplastic,neoplastic,93,429__ch0__id93,504.0,111,224,140,246,124.57738095238095,235.09325396825398,0.6727435987669671,0.9673704414587332,29.513376017822413,21.836229717963654,True,14.0,0.8888888888888888,0.8888888888888888,True,14.0,0.8888888888888888,0.8888888888888888,True,14.0,0.8888888888888888,0.8888888888888888,0.8888888888888888,14.0,0.8888888888888888
429,Breast,0,neoplastic,neoplastic,98,429__ch0__id98,675.0,139,196,169,227,154.4311111111111,211.69925925925926,0.6322289373085616,0.9684361549497847,33.46285031310136,25.926401637562766,True,15.0,0.748,0.8311111111111111,True,15.0,0.748,0.8311111111111111,True,15.0,0.748,0.8311111111111111,0.748,15.0,0.8311111111111111
429,Breast,0,neoplastic,neoplastic,99,429__ch0__id99,671.0,146,110,171,143,158.14754098360655,125.70193740685544,0.628187571898763,0.9824304538799414,33.15921103115294,25.79991989405121,True,16.0,0.8823529411764706,0.9165424739195231,True,16.0,0.8823529411764706,0.9165424739195231,True,16.0,0.8823529411764706,0.9165424739195231,0.8823529411764706,16.0,0.9165424739195231
429,Breast,0,neoplastic,neoplastic,102,429__ch0__id102,448.0,154,149,176,175,165.18080357142858,161.54910714285714,0.5688289162436725,0.9696969696969697,26.420921319802353,21.73004192581108,True,17.0,0.9354120267260579,0.9375,True,17.0,0.9354120267260579,0.9375,True,17.0,0.9354120267260579,0.9375,0.9354120267260579,17.0,0.9375
429,Breast,0,neoplastic,neoplastic,112,429__ch0__id112,880.0,203,232,245,256,223.39886363636364,244.26136363636363,0.8188011407997802,0.9777777777777777,44.489398106518145,25.540351429866064,True,22.0,0.8694665153234961,0.8704545454545455,True,22.0,0.8694665153234961,0.8704545454545455,True,22.0,0.8694665153234961,0.8704545454545455,0.8694665153234961,22.0,0.8704545454545455
429,Breast,0,neoplastic,neoplastic,113,429__ch0__id113,753.0,207,14,243,44,223.9203187250996,27.9203187250996,0.7741714910031341,0.9629156010230179,39.20105427620469,24.813322999651596,True,23.0,0.8817610062893082,0.9309428950863213,True,23.0,0.8817610062893082,0.9309428950863213,True,23.0,0.8817610062893082,0.9309428950863213,0.8817610062893082,23.0,0.9309428950863213
429,Breast,0,neoplastic,neoplastic,121,429__ch0__id121,247.0,243,203,256,229,250.31578947368422,215.1174089068826,0.8593027741442281,0.9610894941634242,25.709294609537682,13.149462075789359,False,,,,False,,,,False,,,,0.0,,0.0
429,Breast,2,connective,normal,71,429__ch2__id71,326.0,0,89,17,112,7.904907975460123,99.89263803680981,0.6354775481871299,0.9616519174041298,23.343156070950855,18.023702418466748,True,1.0,0.8313609467455622,0.8619631901840491,True,1.0,0.8313609467455622,0.8619631901840491,True,1.0,0.8313609467455622,0.8619631901840491,0.8313609467455622,1.0,0.8619631901840491
429,Breast,2,connective,normal,80,429__ch2__id80,431.0,23,95,55,113,38.635730858468676,103.61716937354988,0.8757119945393851,0.9472527472527472,33.77984580860411,16.31005216162772,True,7.0,0.8454545454545455,0.8631090487238979,True,7.0,0.8454545454545455,0.8631090487238979,True,7.0,0.8454545454545455,0.8631090487238979,0.8454545454545455,7.0,0.8631090487238979
429,Breast,2,connective,normal,88,429__ch2__id88,414.0,64,95,97,115,78.02173913043478,105.83574879227054,0.8818887584409302,0.9282511210762332,34.046299909477476,16.051385007694417,True,11.0,0.5106382978723404,0.927536231884058,True,11.0,0.5106382978723404,0.927536231884058,True,11.0,0.5106382978723404,0.927536231884058,0.5106382978723404,11.0,0.927536231884058
429,Breast,2,connective,normal,92,429__ch2__id92,275.0,109,42,132,65,120.22909090909091,54.86181818181818,0.8957140587444773,0.9322033898305084,28.714657397625068,12.7674138786438,True,13.0,0.65,0.7090909090909091,True,13.0,0.65,0.7090909090909091,True,13.0,0.65,0.7090909090909091,0.65,13.0,0.7090909090909091
429,Breast,2,connective,normal,106,429__ch2__id106,518.0,171,0,207,44,187.86872586872587,18.523166023166024,0.9734661015743383,0.9333333333333333,54.62293587237466,12.499435662182337,True,18.0,0.6462264150943396,0.7934362934362934,True,18.0,0.6462264150943396,0.7934362934362934,True,18.0,0.6462264150943396,0.7934362934362934,0.6462264150943396,18.0,0.7934362934362934
429,Breast,2,connective,normal,110,429__ch2__id110,518.0,197,178,215,218,205.8918918918919,197.0984555984556,0.9164949275620655,0.9452554744525548,40.92783429600333,16.373028964067377,True,20.0,0.8223938223938224,0.8223938223938224,True,20.0,0.8223938223938224,0.8223938223938224,True,20.0,0.8223938223938224,0.8223938223938224,0.8223938223938224,20.0,0.8223938223938224
429,Breast,2,connective,normal,111,429__ch2__id111,646.0,200,105,225,149,211.54798761609908,125.11145510835914,0.8950998893554326,0.9458272327964861,43.19937017600654,19.26111575850653,True,21.0,0.6928895612708018,0.7089783281733746,True,21.0,0.6928895612708018,0.7089783281733746,True,21.0,0.6928895612708018,0.7089783281733746,0.6928895612708018,21.0,0.7089783281733746
429,Breast,2,connective,normal,114,429__ch2__id114,156.0,212,76,224,94,217.48076923076923,85.26923076923077,0.7590043589294971,0.9341317365269461,17.52451665274207,11.409959424815307,True,25.0,0.2283464566929134,0.3717948717948718,False,,,,False,,,,0.2283464566929134,25.0,0.3717948717948718
429,Breast,2,connective,normal,116,429__ch2__id116,151.0,220,66,233,82,226.25165562913907,73.02649006622516,0.6340320968302299,0.937888198757764,15.97834234075004,12.356159682108954,False,,,,False,,,,False,,,,0.12867647058823528,25.0,0.23178807947019867
470,Breast,0,neoplastic,neoplastic,101,470__ch0__id101,941.0,1,86,40,125,18.103081827842722,104.36131774707758,0.4097057591712766,0.9252704031465093,37.36497591299349,34.08499359027573,False,,,,False,,,,False,,,,0.009538950715421303,3.0,0.019128586609989374
470,Breast,0,neoplastic,neoplastic,103,470__ch0__id103,1820.0,3,155,49,206,26.176923076923078,179.48626373626374,0.44446028422159706,0.9753483386923901,50.91350069288561,45.608240481672894,True,1.0,0.908008658008658,0.921978021978022,True,1.0,0.908008658008658,0.921978021978022,True,1.0,0.908008658008658,0.921978021978022,0.908008658008658,1.0,0.921978021978022
470,Breast,0,neoplastic,neoplastic,110,470__ch0__id110,945.0,27,109,58,147,41.93227513227513,127.4888888888889,0.6803679429910905,0.9752321981424149,40.54781324416318,29.716304254461868,True,3.0,0.9341438703140831,0.9756613756613757,True,3.0,0.9341438703140831,0.9756613756613757,True,3.0,0.9341438703140831,0.9756613756613757,0.9341438703140831,3.0,0.9756613756613757
470,Breast,0,neoplastic,neoplastic,115,470__ch0__id115,1260.0,51,209,99,246,75.76190476190476,227.66746031746032,0.7862292053232363,0.973724884080371,51.07246718410485,31.559463871803523,True,4.0,0.853454821564161,0.8920634920634921,True,4.0,0.853454821564161,0.8920634920634921,True,4.0,0.853454821564161,0.8920634920634921,0.853454821564161,4.0,0.8920634920634921
470,Breast,0,neoplastic,neoplastic,119,470__ch0__id119,952.0,65,151,93,193,79.04201680672269,171.38340336134453,0.7458418004069418,0.9724208375893769,42.77903317850248,28.496102979751274,True,5.0,0.9029227557411273,0.9086134453781513,True,5.0,0.9029227557411273,0.9086134453781513,True,5.0,0.9029227557411273,0.9086134453781513,0.9029227557411273,5.0,0.9086134453781513
470,Breast,0,neoplastic,neoplastic,147,470__ch0__id147,618.0,150,0,176,30,162.4546925566343,13.166666666666666,0.607260653357527,0.965625,31.99912652197181,25.423391585168634,True,8.0,0.5602836879432624,0.7669902912621359,True,8.0,0.5602836879432624,0.7669902912621359,True,8.0,0.5602836879432624,0.7669902912621359,0.5602836879432624,8.0,0.7669902912621359
470,Breast,0,neoplastic,neoplastic,154,470__ch0__id154,535.0,170,132,195,159,182.42429906542057,145.1140186915888,0.5065573887244116,0.9674502712477396,28.12516248835202,24.24969078821776,False,,,,False,,,,False,,,,0.0,,0.0
470,Breast,0,neoplastic,neoplastic,155,470__ch0__id155,743.0,172,0,204,27,187.35666218034993,12.755047106325707,0.6022151950397542,0.9712418300653595,34.868695664456325,27.83685836851964,True,9.0,0.6199494949494949,0.6608344549125168,True,9.0,0.6199494949494949,0.6608344549125168,True,9.0,0.6199494949494949,0.6608344549125168,0.6199494949494949,9.0,0.6608344549125168
470,Breast,0,neoplastic,neoplastic,157,470__ch0__id157,984.0,184,32,226,63,204.5711382113821,47.482723577235774,0.7019632391633638,0.9704142011834319,41.98759999118249,29.90412202473344,True,10.0,0.8165217391304348,0.9542682926829268,True,10.0,0.8165217391304348,0.9542682926829268,True,10.0,0.8165217391304348,0.9542682926829268,0.8165217391304348,10.0,0.9542682926829268
470,Breast,0,neoplastic,neoplastic,158,470__ch0__id158,889.0,191,103,222,141,206.07874015748033,121.85489313835771,0.6264555623261535,0.9684095860566448,38.197935005724766,29.773653059128794,True,11.0,0.7765258215962442,0.9302587176602924,True,11.0,0.7765258215962442,0.9302587176602924,True,11.0,0.7765258215962442,0.9302587176602924,0.7765258215962442,11.0,0.9302587176602924
470,Breast,0,neoplastic,neoplastic,162,470__ch0__id162,746.0,209,1,241,34,224.23324396782843,17.94101876675603,0.7545153024281958,0.9576379974326059,38.30223727705338,25.1370862439182,True,12.0,0.8344988344988346,0.9597855227882037,True,12.0,0.8344988344988346,0.9597855227882037,True,12.0,0.8344988344988346,0.9597855227882037,0.8344988344988346,12.0,0.9597855227882037
470,Breast,0,neoplastic,neoplastic,164,470__ch0__id164,1068.0,220,133,256,171,238.92696629213484,151.17790262172284,0.4515261343771054,0.9762340036563071,39.35976361889793,35.11905980748908,True,13.0,0.9459459459459459,0.950374531835206,True,13.0,0.9459459459459459,0.950374531835206,True,13.0,0.9459459459459459,0.950374531835206,0.9459459459459459,13.0,0.950374531835206
470,Breast,0,neoplastic,neoplastic,165,470__ch0__id165,351.0,224,240,255,256,237.35897435897436,249.02279202279203,0.8400852286605254,0.9590163934426229,29.921887824801484,16.23126060341702,False,,,,False,,,,False,,,,0.0,,0.0
470,Breast,0,neoplastic,neoplastic,171,470__ch0__id171,240.0,245,37,256,67,250.9625,51.80833333333333,0.9128477765923266,0.96,28.466854934069396,11.623018500008403,False,,,,False,,,,False,,,,0.0,,0.0
470,Breast,0,neoplastic,neoplastic,173,470__ch0__id173,56.0,252,158,256,177,253.82142857142858,167.73214285714286,0.9739388471999199,0.9333333333333333,18.305821143508563,4.151957248885015,False,,,,False,,,,False,,,,0.0,,0.0
470,Breast,1,inflammatory,normal,163,470__ch1__id163,177.0,212,194,227,210,218.87570621468927,202.180790960452,0.6788727137850705,0.9567567567567568,17.528620606304983,12.870494433440882,False,,,,False,,,,False,,,,0.0,,0.0
470,Breast,1,inflammatory,normal,169,470__ch1__id169,346.0,233,78,256,97,244.96242774566474,87.01156069364161,0.6496896403659291,0.9664804469273743,24.221282214677718,18.413008085053526,True,14.0,0.861271676300578,0.861271676300578,True,14.0,0.861271676300578,0.861271676300578,True,14.0,0.861271676300578,0.861271676300578,0.861271676300578,14.0,0.861271676300578
470,Breast,1,inflammatory,normal,170,470__ch1__id170,180.0,244,0,256,22,250.71666666666667,8.183333333333334,0.8529896303776361,0.972972972972973,21.922438628308612,11.441931467158568,True,15.0,0.7058823529411765,0.7333333333333333,True,15.0,0.7058823529411765,0.7333333333333333,True,15.0,0.7058823529411765,0.7333333333333333,0.7058823529411765,15.0,0.7333333333333333
470,Breast,2,connective,normal,104,470__ch2__id104,452.0,10,53,33,83,21.34070796460177,67.17699115044248,0.8646299510684334,0.9741379310344828,33.94394684071394,17.053752645578875,True,2.0,0.7911392405063291,0.8296460176991151,True,2.0,0.7911392405063291,0.8296460176991151,True,2.0,0.7911392405063291,0.8296460176991151,0.7911392405063291,2.0,0.8296460176991151
470,Breast,2,connective,normal,108,470__ch2__id108,217.0,25,236,43,256,33.56221198156682,246.2258064516129,0.8785092197604475,0.9313304721030042,24.15766528460547,11.540730133931527,False,,,,False,,,,False,,,,0.0,,0.0
470,Breast,2,connective,normal,121,470__ch2__id121,988.0,67,80,112,126,89.19331983805668,102.58097165991903,0.9412365368648407,0.95,61.274842552192226,20.69546188719887,False,,,,False,,,,False,,,,0.0,,0.0
470,Breast,2,connective,normal,136,470__ch2__id136,363.0,117,220,137,252,126.50137741046832,236.35537190082644,0.9223671934098044,0.928388746803069,34.79671074250805,13.442467949766186,True,6.0,0.6105527638190955,0.6694214876033058,True,6.0,0.6105527638190955,0.6694214876033058,True,6.0,0.6105527638190955,0.6694214876033058,0.6105527638190955,6.0,0.6694214876033058
470,Breast,2,connective,normal,148,470__ch2__id148,247.0,151,220,170,241,159.44534412955466,229.65991902834008,0.801582529894481,0.9285714285714286,23.0609052797213,13.787749576800692,True,7.0,0.6578073089700996,0.8016194331983806,True,7.0,0.6578073089700996,0.8016194331983806,True,7.0,0.6578073089700996,0.8016194331983806,0.6578073089700996,7.0,0.8016194331983806
497,Breast,0,neoplastic,neoplastic,65,497__ch0__id65,584.0,4,79,37,111,19.693493150684933,94.97945205479452,0.9088665892471125,0.9652892561983472,42.39245862027628,17.681341222687234,True,2.0,0.8482293423271501,0.8613013698630136,True,2.0,0.8482293423271501,0.8613013698630136,True,2.0,0.8482293423271501,0.8613013698630136,0.8482293423271501,2.0,0.8613013698630136
497,Breast,0,neoplastic,neoplastic,66,497__ch0__id66,773.0,5,0,38,29,21.41785252263907,13.679172056921086,0.4435050757672401,0.9735516372795969,33.15450878356311,29.71545326853277,True,1.0,0.9133247089262613,0.9133247089262613,True,1.0,0.9133247089262613,0.9133247089262613,True,1.0,0.9133247089262613,0.9133247089262613,0.9133247089262613,1.0,0.9133247089262613
497,Breast,0,neoplastic,neoplastic,68,497__ch0__id68,718.0,11,215,41,250,26.14066852367688,232.58635097493035,0.8244161582442364,0.9663526244952894,40.23027962279456,22.769698483259887,True,3.0,0.6323119777158774,0.6323119777158774,True,3.0,0.6323119777158774,0.6323119777158774,True,3.0,0.6323119777158774,0.6323119777158774,0.6323119777158774,3.0,0.6323119777158774
497,Breast,0,neoplastic,neoplastic,75,497__ch0__id75,964.0,21,50,54,88,37.96058091286307,68.55186721991701,0.6525431871091701,0.9688442211055276,40.48173884421458,30.67509975301473,True,4.0,0.865,0.8973029045643154,True,4.0,0.865,0.8973029045643154,True,4.0,0.865,0.8973029045643154,0.865,4.0,0.8973029045643154
497,Breast,0,neoplastic,neoplastic,78,497__ch0__id78,56.0,37,251,56,256,45.32142857142857,253.80357142857142,0.9712496399461421,0.875,18.125631737174206,4.315047785789793,False,,,,False,,,,False,,,,0.0,,0.0
497,Breast,0,neoplastic,neoplastic,83,497__ch0__id83,1074.0,46,133,86,166,65.77746741154563,149.37523277467412,0.5867783889804395,0.9763636363636363,41.12820145326868,33.30346106093309,True,5.0,0.8710575139146568,0.8743016759776536,True,5.0,0.8710575139146568,0.8743016759776536,True,5.0,0.8710575139146568,0.8743016759776536,0.8710575139146568,5.0,0.8743016759776536
497,Breast,0,neoplastic,neoplastic,85,497__ch0__id85,817.0,48,206,77,244,61.90575275397797,224.57772337821297,0.7457953599823095,0.9680094786729858,39.546671385266826,26.34500827435109,True,6.0,0.8249158249158249,0.8996328029375765,True,6.0,0.8249158249158249,0.8996328029375765,True,6.0,0.8249158249158249,0.8996328029375765,0.8249158249158249,6.0,0.8996328029375765
497,Breast,0,neoplastic,neoplastic,86,497__ch0__id86,1448.0,54,45,99,89,74.56629834254143,65.56560773480663,0.496383968305344,0.9698593436034829,46.493767495024905,40.36138272317245,True,7.0,0.8972789115646258,0.9109116022099447,True,7.0,0.8972789115646258,0.9109116022099447,True,7.0,0.8972789115646258,0.9109116022099447,0.8972789115646258,7.0,0.9109116022099447
497,Breast,0,neoplastic,neoplastic,92,497__ch0__id92,564.0,70,101,94,131,81.82801418439716,115.01595744680851,0.6133538597369739,0.9641025641025641,30.275993382925872,23.912228794519198,True,8.0,0.8811544991511036,0.9202127659574468,True,8.0,0.8811544991511036,0.9202127659574468,True,8.0,0.8811544991511036,0.9202127659574468,0.8811544991511036,8.0,0.9202127659574468
497,Breast,0,neoplastic,neoplastic,97,497__ch0__id97,765.0,85,235,133,256,107.03529411764706,246.69934640522877,0.8830079618043979,0.9782608695652174,47.06264494001106,22.089229266032284,True,9.0,0.6928104575163399,0.6928104575163399,True,9.0,0.6928104575163399,0.6928104575163399,True,9.0,0.6928104575163399,0.6928104575163399,0.6928104575163399,9.0,0.6928104575163399
497,Breast,0,neoplastic,neoplastic,100,497__ch0__id100,382.0,94,68,116,93,104.65706806282722,80.15968586387434,0.790463822439382,0.955,28.290541291062976,17.328203542334926,True,10.0,0.8578811369509044,0.8691099476439791,True,10.0,0.8578811369509044,0.8691099476439791,True,10.0,0.8578811369509044,0.8691099476439791,0.8578811369509044,10.0,0.8691099476439791
497,Breast,0,neoplastic,neoplastic,103,497__ch0__id103,715.0,103,22,132,53,117.56923076923077,37.09230769230769,0.5624735620380605,0.9714673913043478,33.222428132098905,27.468810912275867,True,11.0,0.7924791086350975,0.7958041958041958,True,11.0,0.7924791086350975,0.7958041958041958,True,11.0,0.7924791086350975,0.7958041958041958,0.7924791086350975,11.0,0.7958041958041958
497,Breast,0,neoplastic,neoplastic,116,497__ch0__id116,1055.0,140,179,171,222,155.69857819905212,200.1696682464455,0.720332731998947,0.9714548802946593,44.076997045648554,30.573069580736572,True,12.0,0.9023255813953488,0.919431279620853,True,12.0,0.9023255813953488,0.919431279620853,True,12.0,0.9023255813953488,0.919431279620853,0.9023255813953488,12.0,0.919431279620853
497,Breast,0,neoplastic,neoplastic,118,497__ch0__id118,457.0,142,241,185,256,163.06345733041576,249.57986870897156,0.9346601907218224,0.9580712788259959,41.71677538847238,14.832078316579967,True,13.0,0.7177242888402626,0.7177242888402626,True,13.0,0.7177242888402626,0.7177242888402626,True,13.0,0.7177242888402626,0.7177242888402626,0.7177242888402626,13.0,0.7177242888402626
497,Breast,0,neoplastic,neoplastic,131,497__ch0__id131,1133.0,180,190,216,233,197.8234774933804,211.57105030891438,0.6298291737834916,0.9626168224299065,43.256757033578246,33.59898013695215,True,14.0,0.8369659982563208,0.8473080317740512,True,14.0,0.8369659982563208,0.8473080317740512,True,14.0,0.8369659982563208,0.8473080317740512,0.8369659982563208,14.0,0.8473080317740512
497,Breast,0,neoplastic,neoplastic,132,497__ch0__id132,1202.0,181,90,215,135,197.55990016638935,113.14059900166389,0.6664752447958576,0.970137207425343,45.345359394556425,33.80619706263333,True,15.0,0.8186356073211315,0.8186356073211315,True,15.0,0.8186356073211315,0.8186356073211315,True,15.0,0.8186356073211315,0.8186356073211315,0.8186356073211315,15.0,0.8186356073211315
497,Breast,0,neoplastic,neoplastic,136,497__ch0__id136,594.0,196,153,225,180,210.23063973063972,166.003367003367,0.6688905109003606,0.9674267100977199,31.912132238159494,23.722232560217417,True,16.0,0.7847328244274809,0.8653198653198653,True,16.0,0.7847328244274809,0.8653198653198653,True,16.0,0.7847328244274809,0.8653198653198653,0.7847328244274809,16.0,0.8653198653198653
497,Breast,0,neoplastic,neoplastic,143,497__ch0__id143,398.0,219,115,236,146,227.48743718592965,130.26884422110552,0.8515022066221033,0.9567307692307693,31.12399363703013,16.31989780834815,False,,,,False,,,,False,,,,0.0,,0.0
497,Breast,0,neoplastic,neoplastic,147,497__ch0__id147,420.0,242,182,256,221,249.58333333333334,200.74761904761905,0.9243282385339892,0.963302752293578,38.44487086727849,14.67049962772503,True,17.0,0.7379310344827587,0.7642857142857142,True,17.0,0.7379310344827587,0.7642857142857142,True,17.0,0.7379310344827587,0.7642857142857142,0.7379310344827587,17.0,0.7642857142857142
497,Breast,0,neoplastic,neoplastic,148,497__ch0__id148,331.0,243,133,256,166,250.05438066465257,148.67673716012084,0.9105710612706662,0.9650145772594753,32.903205594845915,13.600624404848126,True,18.0,0.6404833836858006,0.6404833836858006,True,18.0,0.6404833836858006,0.6404833836858006,True,18.0,0.6404833836858006,0.6404833836858006,0.6404833836858006,18.0,0.6404833836858006
497,Breast,1,inflammatory,normal,84,497__ch1__id84,326.0,47,174,69,194,57.40490797546012,183.08282208588957,0.7499415041967844,0.978978978978979,25.10393563305196,16.606357599102367,False,,,,False,,,,False,,,,0.0,,0.0
497,Breast,2,connective,normal,142,497__ch2__id142,1031.0,211,60,253,101,230.69350145489815,80.69156159068865,0.8823187376040396,0.9528650646950092,53.504237022683775,25.1818954985752,False,,,,False,,,,False,,,,0.0,,0.0
507,Breast,0,neoplastic,neoplastic,2,507__ch0__id2,1354.0,2,121,39,168,20.17060561299852,145.87592319054653,0.6091853913785121,0.9713055954088953,46.80673702331134,37.11904567460962,True,2.0,0.8441654357459379,0.8441654357459379,True,2.0,0.8441654357459379,0.8441654357459379,True,2.0,0.8441654357459379,0.8441654357459379,0.8441654357459379,2.0,0.8441654357459379
507,Breast,0,neoplastic,neoplastic,9,507__ch0__id9,771.0,17,90,47,125,32.26070038910506,107.08949416342412,0.5129323875249404,0.9710327455919395,33.88345314606813,29.086539151764914,True,3.0,0.8236057068741893,0.8236057068741893,True,3.0,0.8236057068741893,0.8236057068741893,True,3.0,0.8236057068741893,0.8236057068741893,0.8236057068741893,3.0,0.8236057068741893
507,Breast,0,neoplastic,neoplastic,11,507__ch0__id11,622.0,28,200,52,233,39.60932475884244,215.88906752411575,0.6868532740904831,0.9628482972136223,33.125207120469604,24.07527154957556,True,4.0,0.8070739549839229,0.8070739549839229,True,4.0,0.8070739549839229,0.8070739549839229,True,4.0,0.8070739549839229,0.8070739549839229,0.8070739549839229,4.0,0.8070739549839229
507,Breast,0,neoplastic,neoplastic,15,507__ch0__id15,240.0,47,243,86,256,65.93333333333334,250.39583333333334,0.9696277941380969,0.8275862068965517,36.97184042157724,9.042766554132557,False,,,,False,,,,False,,,,0.02643171806167401,8.0,0.05
507,Breast,0,neoplastic,neoplastic,17,507__ch0__id17,1038.0,46,31,98,68,68.1281310211946,47.09826589595376,0.9109794572662749,0.8994800693240901,58.31307755513224,24.051329638569683,True,5.0,0.8159922928709056,0.8159922928709056,True,5.0,0.8159922928709056,0.8159922928709056,True,5.0,0.8159922928709056,0.8159922928709056,0.8159922928709056,5.0,0.8159922928709056
507,Breast,0,neoplastic,neoplastic,29,507__ch0__id29,404.0,81,49,108,68,94.30940594059406,58.36138613861386,0.7357800247920444,0.9550827423167849,27.606725007154708,18.695843159806834,True,9.0,0.8316831683168316,0.8316831683168316,True,9.0,0.8316831683168316,0.8316831683168316,True,9.0,0.8316831683168316,0.8316831683168316,0.8316831683168316,9.0,0.8316831683168316
507,Breast,0,neoplastic,neoplastic,33,507__ch0__id33,701.0,89,74,125,100,105.97289586305278,86.74465049928673,0.7483444803007714,0.9615912208504801,36.8989182629872,24.475432117620525,True,10.0,0.8062330623306233,0.8487874465049928,True,10.0,0.8062330623306233,0.8487874465049928,True,10.0,0.8062330623306233,0.8487874465049928,0.8062330623306233,10.0,0.8487874465049928
507,Breast,0,neoplastic,neoplastic,35,507__ch0__id35,736.0,91,177,125,206,107.86548913043478,191.1100543478261,0.6441635417739184,0.9620915032679739,35.02193995133706,26.7878542545126,True,11.0,0.8233695652173914,0.8233695652173914,True,11.0,0.8233695652173914,0.8233695652173914,True,11.0,0.8233695652173914,0.8233695652173914,0.8233695652173914,11.0,0.8233695652173914
507,Breast,0,neoplastic,neoplastic,36,507__ch0__id36,1033.0,94,209,137,240,114.1190706679574,223.5159728944821,0.6836812267810414,0.972693032015066,42.60627798635066,31.09324258589626,True,12.0,0.8266542404473439,0.8586640851887706,True,12.0,0.8266542404473439,0.8586640851887706,True,12.0,0.8266542404473439,0.8586640851887706,0.8266542404473439,12.0,0.8586640851887706
507,Breast,0,neoplastic,neoplastic,40,507__ch0__id40,384.0,113,35,138,57,125.7890625,46.169270833333336,0.7667564330445347,0.96,27.695968053873507,17.77909814893247,True,14.0,0.6640625,0.6640625,True,14.0,0.6640625,0.6640625,True,14.0,0.6640625,0.6640625,0.6640625,14.0,0.6640625
507,Breast,0,neoplastic,neoplastic,42,507__ch0__id42,285.0,121,58,145,75,132.97894736842105,66.2421052631579,0.7395373897581622,0.9405940594059405,23.386487275652804,15.741806603444955,True,16.0,0.4666666666666667,0.4666666666666667,True,16.0,0.4666666666666667,0.4666666666666667,False,,,,0.4666666666666667,16.0,0.4666666666666667
507,Breast,0,neoplastic,neoplastic,43,507__ch0__id43,503.0,122,161,150,184,135.220675944334,172.0675944333996,0.5758502777733785,0.9617590822179732,28.03104601098063,22.916926614121557,True,15.0,0.7655677655677655,0.831013916500994,True,15.0,0.7655677655677655,0.831013916500994,True,15.0,0.7655677655677655,0.831013916500994,0.7655677655677655,15.0,0.831013916500994
507,Breast,0,neoplastic,neoplastic,44,507__ch0__id44,185.0,131,247,160,256,145.57297297297296,251.85405405405405,0.9379834884746088,0.9585492227979274,27.38641387883967,9.494320105090225,False,,,,False,,,,False,,,,0.0,,0.0
507,Breast,0,neoplastic,neoplastic,50,507__ch0__id50,462.0,143,4,168,31,155.0194805194805,17.235930735930737,0.5943279752407643,0.9565217391304348,27.24336631368717,21.909735420303857,True,17.0,0.7077922077922078,0.7077922077922078,True,17.0,0.7077922077922078,0.7077922077922078,True,17.0,0.7077922077922078,0.7077922077922078,0.7077922077922078,17.0,0.7077922077922078
507,Breast,0,neoplastic,neoplastic,55,507__ch0__id55,549.0,149,110,176,135,161.5974499089253,122.0528233151184,0.5293571928263415,0.9665492957746479,28.797135228935186,24.43146241469612,True,18.0,0.6014492753623188,0.604735883424408,True,18.0,0.6014492753623188,0.604735883424408,True,18.0,0.6014492753623188,0.604735883424408,0.6014492753623188,18.0,0.604735883424408
507,Breast,0,neoplastic,neoplastic,58,507__ch0__id58,319.0,162,40,180,65,170.90595611285266,52.21316614420063,0.76619474460086,0.9522388059701492,25.198044400707076,16.192476124687694,True,19.0,0.7272727272727273,0.7272727272727273,True,19.0,0.7272727272727273,0.7272727272727273,True,19.0,0.7272727272727273,0.7272727272727273,0.7272727272727273,19.0,0.7272727272727273
507,Breast,0,neoplastic,neoplastic,59,507__ch0__id59,753.0,164,178,194,211,178.19787516600266,194.19389110225762,0.5664352470502544,0.9691119691119691,34.15007746468358,28.143292268550436,True,20.0,0.865979381443299,0.8924302788844621,True,20.0,0.865979381443299,0.8924302788844621,True,20.0,0.865979381443299,0.8924302788844621,0.865979381443299,20.0,0.8924302788844621
507,Breast,0,neoplastic,neoplastic,63,507__ch0__id63,252.0,174,124,192,145,182.20238095238096,136.17460317460316,0.556214467813795,0.9130434782608695,20.449422648377862,16.994263396202392,True,21.0,0.4178082191780822,0.7261904761904762,True,21.0,0.4178082191780822,0.7261904761904762,False,,,,0.4178082191780822,21.0,0.7261904761904762
507,Breast,0,neoplastic,neoplastic,65,507__ch0__id65,711.0,178,232,213,256,195.69901547116737,244.75668073136427,0.7188469359720612,0.9766483516483516,36.575738086718744,25.426296753305017,True,23.0,0.8846694796061885,0.8846694796061885,True,23.0,0.8846694796061885,0.8846694796061885,True,23.0,0.8846694796061885,0.8846694796061885,0.8846694796061885,23.0,0.8846694796061885
507,Breast,0,neoplastic,neoplastic,68,507__ch0__id68,636.0,179,150,209,178,194.58647798742138,163.5927672955975,0.4805214092449847,0.9709923664122138,30.567301420180723,26.807003578827665,True,22.0,0.8504672897196262,0.8584905660377359,True,22.0,0.8504672897196262,0.8584905660377359,True,22.0,0.8504672897196262,0.8584905660377359,0.8504672897196262,22.0,0.8584905660377359
507,Breast,0,neoplastic,neoplastic,73,507__ch0__id73,166.0,188,122,202,138,194.56626506024097,129.72289156626505,0.4376862898372784,0.9485714285714286,15.352021247105984,13.803428329276413,False,,,,False,,,,False,,,,0.32425742574257427,21.0,0.7891566265060241
507,Breast,0,neoplastic,neoplastic,75,507__ch0__id75,848.0,199,35,239,65,218.21698113207546,49.194575471698116,0.8275851882640163,0.9680365296803652,43.92443457049561,24.656548383886324,True,24.0,0.8537735849056604,0.8537735849056604,True,24.0,0.8537735849056604,0.8537735849056604,True,24.0,0.8537735849056604,0.8537735849056604,0.8537735849056604,24.0,0.8537735849056604
507,Breast,0,neoplastic,neoplastic,80,507__ch0__id80,969.0,205,174,240,210,222.24148606811144,191.9112487100103,0.3717056381818075,0.9728915662650602,36.46607019588137,33.85329975695026,True,25.0,0.8448098663926003,0.848297213622291,True,25.0,0.8448098663926003,0.848297213622291,True,25.0,0.8448098663926003,0.848297213622291,0.8448098663926003,25.0,0.848297213622291
507,Breast,0,neoplastic,neoplastic,93,507__ch0__id93,76.0,251,223,256,243,253.39473684210526,232.07894736842104,0.9634345600745331,0.9382716049382716,19.609606738725265,5.254271393244759,False,,,,False,,,,False,,,,0.0,,0.0
507,Breast,0,neoplastic,neoplastic,95,507__ch0__id95,45.0,252,191,256,208,253.9777777777778,198.6,0.9704486423051705,0.8823529411764706,16.12396856250484,3.8908386563408928,False,,,,False,,,,False,,,,0.0,,0.0
507,Breast,0,neoplastic,neoplastic,96,507__ch0__id96,8.0,255,139,256,147,255.0,142.5,1.0,1.0,9.16515138991168,0.0,False,,,,False,,,,False,,,,0.0,,0.0
507,Breast,1,inflammatory,normal,6,507__ch1__id6,729.0,12,0,40,41,27.10013717421125,22.96570644718793,0.8360586923168597,0.9418604651162791,42.59013026875327,23.366649590815317,False,,,,False,,,,False,,,,0.0,,0.0
507,Breast,1,inflammatory,normal,21,507__ch1__id21,342.0,55,127,77,146,65.12280701754386,135.71052631578948,0.5025792325892754,0.9771428571428571,22.528689720544797,19.476754105707503,True,6.0,0.7386666666666667,0.8099415204678363,True,6.0,0.7386666666666667,0.8099415204678363,True,6.0,0.7386666666666667,0.8099415204678363,0.7386666666666667,6.0,0.8099415204678363
516,Breast,0,neoplastic,neoplastic,1,516__ch0__id1,948.0,1,5,32,41,14.751054852320674,22.477848101265824,0.5198758805374921,0.9813664596273292,37.86770524275822,32.34817704236897,True,1.0,0.9314928425357873,0.9609704641350211,True,1.0,0.9314928425357873,0.9609704641350211,True,1.0,0.9314928425357873,0.9609704641350211,0.9314928425357873,1.0,0.9609704641350211
516,Breast,0,neoplastic,neoplastic,6,516__ch0__id6,704.0,20,54,50,83,34.99715909090909,68.68181818181819,0.25912227790395453,0.9723756906077348,30.532175418190338,29.48933444220849,True,3.0,0.8806818181818182,0.8806818181818182,True,3.0,0.8806818181818182,0.8806818181818182,True,3.0,0.8806818181818182,0.8806818181818182,0.8806818181818182,3.0,0.8806818181818182
516,Breast,0,neoplastic,neoplastic,7,516__ch0__id7,524.0,25,97,51,129,36.18702290076336,113.21564885496183,0.8286053227657227,0.9323843416370107,35.201943777314376,19.707217059391166,False,,,,False,,,,False,,,,0.0,,0.0
516,Breast,0,neoplastic,neoplastic,12,516__ch0__id12,889.0,52,89,83,126,66.607424071991,107.4904386951631,0.5045660679050873,0.9747807017543859,36.25668640501083,31.30304717691804,True,4.0,0.874468085106383,0.9246344206974129,True,4.0,0.874468085106383,0.9246344206974129,True,4.0,0.874468085106383,0.9246344206974129,0.874468085106383,4.0,0.9246344206974129
516,Breast,0,neoplastic,neoplastic,22,516__ch0__id22,849.0,76,60,107,99,90.04593639575971,81.188457008245,0.7633336567768199,0.9517937219730942,41.459357814738,26.782928968975323,True,5.0,0.7706611570247934,0.8786808009422851,True,5.0,0.7706611570247934,0.8786808009422851,True,5.0,0.7706611570247934,0.8786808009422851,0.7706611570247934,5.0,0.8786808009422851
516,Breast,0,neoplastic,neoplastic,26,516__ch0__id26,1235.0,90,38,131,80,111.9246963562753,56.72874493927125,0.7813676247544592,0.9747434885556433,50.59772464486783,31.57657350644604,True,6.0,0.797505502567865,0.8801619433198381,True,6.0,0.797505502567865,0.8801619433198381,True,6.0,0.797505502567865,0.8801619433198381,0.797505502567865,6.0,0.8801619433198381
516,Breast,0,neoplastic,neoplastic,38,516__ch0__id38,730.0,120,170,152,199,135.14657534246575,183.5068493150685,0.5275370517012373,0.9668874172185431,33.162741331160596,28.17281075041237,False,,,,False,,,,False,,,,0.0,,0.0
516,Breast,0,neoplastic,neoplastic,39,516__ch0__id39,164.0,126,247,154,256,139.89634146341464,252.0609756097561,0.9364016979282416,0.9318181818181818,25.82957104984836,9.064371192505144,False,,,,False,,,,False,,,,0.0,,0.0
516,Breast,0,neoplastic,neoplastic,46,516__ch0__id46,980.0,136,111,166,154,151.2581632653061,131.8030612244898,0.7576601161042948,0.9712586719524281,43.83123601010188,28.606426832370975,True,8.0,0.8889980353634578,0.923469387755102,True,8.0,0.8889980353634578,0.923469387755102,True,8.0,0.8889980353634578,0.923469387755102,0.8889980353634578,8.0,0.923469387755102
516,Breast,0,neoplastic,neoplastic,47,516__ch0__id47,888.0,137,59,170,92,153.3096846846847,75.22409909909909,0.5059753888952077,0.9683751363140676,36.28451394322431,31.297131851913363,True,9.0,0.8457207207207207,0.8457207207207207,True,9.0,0.8457207207207207,0.8457207207207207,True,9.0,0.8457207207207207,0.8457207207207207,0.8457207207207207,9.0,0.8457207207207207
516,Breast,0,neoplastic,neoplastic,57,516__ch0__id57,796.0,168,97,196,135,181.41708542713567,115.36557788944724,0.6823152325060716,0.9660194174757282,37.31490445757192,27.279362590788356,True,10.0,0.8742586002372479,0.9258793969849246,True,10.0,0.8742586002372479,0.9258793969849246,True,10.0,0.8742586002372479,0.9258793969849246,0.8742586002372479,10.0,0.9258793969849246
516,Breast,0,neoplastic,neoplastic,58,516__ch0__id58,753.0,169,143,203,172,185.6547144754316,157.58964143426294,0.6371720225900491,0.9691119691119691,35.30585641939555,27.210986811367086,True,11.0,0.858560794044665,0.9189907038512616,True,11.0,0.858560794044665,0.9189907038512616,True,11.0,0.858560794044665,0.9189907038512616,0.858560794044665,11.0,0.9189907038512616
516,Breast,0,neoplastic,neoplastic,63,516__ch0__id63,664.0,200,129,231,159,215.45180722891567,143.51807228915663,0.6350293177117144,0.9595375722543352,33.19880206569687,25.645677402778617,True,12.0,0.5630630630630631,0.5647590361445783,True,12.0,0.5630630630630631,0.5647590361445783,True,12.0,0.5630630630630631,0.5647590361445783,0.5630630630630631,12.0,0.5647590361445783
516,Breast,0,neoplastic,neoplastic,65,516__ch0__id65,816.0,211,90,240,127,225.78186274509804,107.89583333333333,0.6809308777445335,0.9645390070921985,37.71607630024044,27.621281372002276,True,13.0,0.8954869358669834,0.9240196078431373,True,13.0,0.8954869358669834,0.9240196078431373,True,13.0,0.8954869358669834,0.9240196078431373,0.8954869358669834,13.0,0.9240196078431373
516,Breast,0,neoplastic,neoplastic,71,516__ch0__id71,703.0,227,172,256,204,242.4950213371266,186.96728307254622,0.6972469422996939,0.9777468706536857,35.73277764501396,25.61436320293779,True,14.0,0.926241134751773,0.9288762446657184,True,14.0,0.926241134751773,0.9288762446657184,True,14.0,0.926241134751773,0.9288762446657184,0.926241134751773,14.0,0.9288762446657184
516,Breast,0,neoplastic,neoplastic,77,516__ch0__id77,44.0,252,209,256,224,253.88636363636363,215.5,0.9639997273947878,0.9166666666666666,14.965243344057635,3.9793064826538216,False,,,,False,,,,False,,,,0.0,,0.0
516,Breast,1,inflammatory,normal,27,516__ch1__id27,424.0,90,169,114,190,101.64386792452831,179.26179245283018,0.49923160038088865,0.9792147806004619,24.9948581171805,21.65725935068324,True,7.0,0.7806603773584906,0.7806603773584906,True,7.0,0.7806603773584906,0.7806603773584906,True,7.0,0.7806603773584906,0.7806603773584906,0.7806603773584906,7.0,0.7806603773584906
516,Breast,2,connective,normal,4,516__ch2__id4,611.0,12,182,27,236,18.44844517184943,210.10474631751228,0.9643545392351361,0.9414483821263482,55.40888830977871,14.661941780042024,True,2.0,0.4500818330605565,0.4500818330605565,True,2.0,0.4500818330605565,0.4500818330605565,False,,,,0.4500818330605565,2.0,0.4500818330605565
588,Breast,0,neoplastic,neoplastic,135,588__ch0__id135,609.0,201,0,236,24,217.0623973727422,9.60919540229885,0.6493266798385146,0.9728434504792333,32.92346393745975,25.03861063120839,True,7.0,0.8987138263665595,0.9178981937602627,True,7.0,0.8987138263665595,0.9178981937602627,True,7.0,0.8987138263665595,0.9178981937602627,0.8987138263665595,7.0,0.9178981937602627
588,Breast,0,neoplastic,neoplastic,136,588__ch0__id136,220.0,204,243,230,256,216.6,250.57272727272726,0.8446187950226737,0.9361702127659575,24.003077121148298,12.85048377860952,True,8.0,0.7404580152671756,0.8818181818181818,True,8.0,0.7404580152671756,0.8818181818181818,True,8.0,0.7404580152671756,0.8818181818181818,0.7404580152671756,8.0,0.8818181818181818
588,Breast,0,neoplastic,neoplastic,141,588__ch0__id141,241.0,229,229,247,246,237.6058091286307,237.16597510373444,0.3970790447554142,0.9601593625498008,18.291818460641533,16.78794590318543,True,10.0,0.7100371747211895,0.7925311203319502,True,10.0,0.7100371747211895,0.7925311203319502,True,10.0,0.7100371747211895,0.7925311203319502,0.7100371747211895,10.0,0.7925311203319502
588,Breast,0,neoplastic,neoplastic,142,588__ch0__id142,479.0,229,0,250,34,239.61377870563675,16.350730688935283,0.9005763429333559,0.9503968253968254,37.69941793625824,16.38785721336606,True,9.0,0.7638640429338104,0.8914405010438413,True,9.0,0.7638640429338104,0.8914405010438413,True,9.0,0.7638640429338104,0.8914405010438413,0.7638640429338104,9.0,0.8914405010438413
588,Breast,0,neoplastic,neoplastic,144,588__ch0__id144,50.0,234,251,248,256,240.56,253.44,0.9160329952019319,0.9433962264150944,13.100840793902155,5.2547854849488616,False,,,,False,,,,False,,,,0.0,,0.0
588,Breast,0,neoplastic,neoplastic,148,588__ch0__id148,83.0,249,241,256,256,252.5421686746988,247.84337349397592,0.8760279013324384,0.9540229885057471,15.252899464620098,7.3558697556112,False,,,,False,,,,False,,,,0.0,,0.0
588,Breast,0,neoplastic,neoplastic,150,588__ch0__id150,122.0,250,4,256,33,253.12295081967213,20.28688524590164,0.9794730314293225,0.9312977099236641,29.10179057963351,5.866200660291821,False,,,,False,,,,False,,,,0.0,,0.0
588,Breast,2,connective,normal,106,588__ch2__id106,328.0,2,214,26,239,13.701219512195122,226.09451219512195,0.9159622124283313,0.9398280802292264,32.278974462919756,12.952407611961023,True,1.0,0.8405797101449275,0.8841463414634146,True,1.0,0.8405797101449275,0.8841463414634146,True,1.0,0.8405797101449275,0.8841463414634146,0.8405797101449275,1.0,0.8841463414634146
588,Breast,2,connective,normal,112,588__ch2__id112,5.0,30,255,35,256,32.0,255.0,1.0,1.0,5.656854249492381,0.0,False,,,,False,,,,False,,,,0.0,,0.0
588,Breast,2,connective,normal,115,588__ch2__id115,19.0,89,0,100,2,94.21052631578948,0.42105263157894735,0.9848869047710224,0.95,11.358057403983027,1.967200617175118,False,,,,False,,,,False,,,,0.0,,0.0
588,Breast,2,connective,normal,116,588__ch2__id116,578.0,81,167,136,185,107.16608996539793,176.20934256055364,0.9741608613345231,0.9203821656050956,57.29829076947914,12.94112261392088,True,2.0,0.5572390572390572,0.5726643598615917,True,2.0,0.5572390572390572,0.5726643598615917,True,2.0,0.5572390572390572,0.5726643598615917,0.5572390572390572,2.0,0.5726643598615917
588,Breast,2,connective,normal,117,588__ch2__id117,175.0,114,7,132,21,122.84,13.805714285714286,0.7878793195106307,0.9408602150537635,19.04016163169468,11.725496383825504,True,3.0,0.5333333333333333,0.5485714285714286,True,3.0,0.5333333333333333,0.5485714285714286,True,3.0,0.5333333333333333,0.5485714285714286,0.5333333333333333,3.0,0.5485714285714286
588,Breast,2,connective,normal,120,588__ch2__id120,397.0,147,159,171,181,159.49370277078086,169.24433249370276,0.5008453987303343,0.9635922330097088,24.335411785700284,21.063193521704008,True,4.0,0.5288888888888889,0.5994962216624685,True,4.0,0.5288888888888889,0.5994962216624685,True,4.0,0.5288888888888889,0.5994962216624685,0.5288888888888889,4.0,0.5994962216624685
588,Breast,2,connective,normal,127,588__ch2__id127,360.0,186,185,213,205,198.96944444444443,195.21666666666667,0.8208834106317509,0.9574468085106383,28.444404462074523,16.24448025479831,True,5.0,0.8542713567839196,0.9444444444444444,True,5.0,0.8542713567839196,0.9444444444444444,True,5.0,0.8542713567839196,0.9444444444444444,0.8542713567839196,5.0,0.9444444444444444
588,Breast,2,connective,normal,130,588__ch2__id130,253.0,194,107,206,133,199.41106719367588,119.69565217391305,0.8871384700262577,0.9511278195488722,26.452175051508537,12.207767198676962,True,6.0,0.5019607843137255,0.5059288537549407,True,6.0,0.5019607843137255,0.5059288537549407,True,6.0,0.5019607843137255,0.5059288537549407,0.5019607843137255,6.0,0.5059288537549407
588,Breast,2,connective,normal,145,588__ch2__id145,172.0,241,193,256,208,249.11627906976744,199.58139534883722,0.6428730835425465,0.9662921348314607,17.215909443999028,13.186916879269495,True,11.0,0.5752688172043011,0.622093023255814,True,11.0,0.5752688172043011,0.622093023255814,True,11.0,0.5752688172043011,0.622093023255814,0.5752688172043011,11.0,0.622093023255814
597,Breast,0,neoplastic,neoplastic,45,597__ch0__id45,402.0,121,213,144,235,131.85572139303483,223.3084577114428,0.3963418936101836,0.9686746987951808,23.68238037423669,21.742864272177012,True,1.0,0.7324263038548753,0.8034825870646766,True,1.0,0.7324263038548753,0.8034825870646766,True,1.0,0.7324263038548753,0.8034825870646766,0.7324263038548753,1.0,0.8034825870646766
597,Breast,0,neoplastic,neoplastic,46,597__ch0__id46,278.0,121,238,141,256,129.80935251798562,247.8956834532374,0.6377834906364392,0.952054794520548,21.78929444252537,16.782456594396734,True,2.0,0.6284916201117319,0.8093525179856115,True,2.0,0.6284916201117319,0.8093525179856115,True,2.0,0.6284916201117319,0.8093525179856115,0.6284916201117319,2.0,0.8093525179856115
597,Breast,0,neoplastic,neoplastic,51,597__ch0__id51,484.0,127,189,153,214,139.34504132231405,201.20661157024793,0.47956819547077895,0.9603174603174603,26.53880185485628,23.28792105198555,True,3.0,0.8166023166023166,0.8739669421487604,True,3.0,0.8166023166023166,0.8739669421487604,True,3.0,0.8166023166023166,0.8739669421487604,0.8166023166023166,3.0,0.8739669421487604
597,Breast,0,neoplastic,neoplastic,55,597__ch0__id55,400.0,137,159,159,183,148.22,170.61,0.5198157348787271,0.9569377990430622,24.486836816091387,20.918576020898545,True,5.0,0.7298578199052133,0.77,True,5.0,0.7298578199052133,0.77,True,5.0,0.7298578199052133,0.77,0.7298578199052133,5.0,0.77
597,Breast,0,neoplastic,neoplastic,56,597__ch0__id56,435.0,138,226,163,248,150.09655172413792,236.99310344827586,0.5302778542836295,0.9688195991091314,25.59495769801519,21.700017336552754,True,4.0,0.8391752577319588,0.9356321839080459,True,4.0,0.8391752577319588,0.9356321839080459,True,4.0,0.8391752577319588,0.9356321839080459,0.8391752577319588,4.0,0.9356321839080459
597,Breast,0,neoplastic,neoplastic,62,597__ch0__id62,443.0,148,206,178,226,163.08577878103839,215.65688487584652,0.8335370958207029,0.9465811965811965,32.135091734220495,17.753464992259946,True,6.0,0.8497942386831275,0.9322799097065463,True,6.0,0.8497942386831275,0.9322799097065463,True,6.0,0.8497942386831275,0.9322799097065463,0.8497942386831275,6.0,0.9322799097065463
597,Breast,0,neoplastic,neoplastic,66,597__ch0__id66,655.0,153,171,179,204,166.10992366412214,187.87022900763358,0.6056920925899333,0.9534206695778749,32.569609546298864,25.9156096425615,True,7.0,0.49025069637883006,0.5374045801526718,True,7.0,0.49025069637883006,0.5374045801526718,False,,,,0.49025069637883006,7.0,0.5374045801526718
597,Breast,0,neoplastic,neoplastic,67,597__ch0__id67,5.0,167,255,172,256,169.0,255.0,1.0,1.0,5.656854249492381,0.0,False,,,,False,,,,False,,,,0.0,,0.0
597,Breast,0,neoplastic,neoplastic,71,597__ch0__id71,658.0,165,145,195,173,178.6565349544073,158.81306990881458,0.44875559228243034,0.9648093841642229,30.74534921423304,27.475720591508548,True,8.0,0.6903703703703704,0.7082066869300911,True,8.0,0.6903703703703704,0.7082066869300911,True,8.0,0.6903703703703704,0.7082066869300911,0.6903703703703704,8.0,0.7082066869300911
597,Breast,0,neoplastic,neoplastic,86,597__ch0__id86,341.0,181,174,200,197,190.2375366568915,185.0850439882698,0.6578224185745561,0.9551820728291317,24.01527025110443,18.087654698307922,False,,,,False,,,,False,,,,0.0011737089201877935,9.0,0.002932551319648094
597,Breast,0,neoplastic,neoplastic,95,597__ch0__id95,525.0,197,155,218,190,206.88761904761904,171.28571428571428,0.851017480214557,0.9442446043165468,35.93737931166441,18.872060548422954,True,9.0,0.8752260397830018,0.9219047619047619,True,9.0,0.8752260397830018,0.9219047619047619,True,9.0,0.8752260397830018,0.9219047619047619,0.8752260397830018,9.0,0.9219047619047619
597,Breast,0,neoplastic,neoplastic,99,597__ch0__id99,273.0,202,239,222,256,212.07692307692307,247.82417582417582,0.6780190639387296,0.9715302491103203,21.962648089764482,16.14351967931786,False,,,,False,,,,False,,,,0.0,,0.0
597,Breast,0,neoplastic,neoplastic,103,597__ch0__id103,760.0,204,182,237,213,220.8578947368421,197.76315789473685,0.41916977880939954,0.9669211195928753,32.74226284996812,29.726958053220766,True,10.0,0.8313679245283019,0.9276315789473685,True,10.0,0.8313679245283019,0.9276315789473685,True,10.0,0.8313679245283019,0.9276315789473685,0.8313679245283019,10.0,0.9276315789473685
597,Breast,0,neoplastic,neoplastic,120,597__ch0__id120,396.0,223,159,245,183,234.27020202020202,170.90656565656565,0.38105154520285134,0.9635036496350365,23.43682679567584,21.66860715732867,True,12.0,0.7527114967462039,0.8762626262626263,True,12.0,0.7527114967462039,0.8762626262626263,True,12.0,0.7527114967462039,0.8762626262626263,0.7527114967462039,12.0,0.8762626262626263
597,Breast,0,neoplastic,neoplastic,121,597__ch0__id121,331.0,222,224,244,244,232.7311178247734,233.88519637462235,0.5571488546454442,0.9622093023255814,22.567038888977955,18.739954355664338,True,11.0,0.7280966767371602,0.7280966767371602,True,11.0,0.7280966767371602,0.7280966767371602,True,11.0,0.7280966767371602,0.7280966767371602,0.7280966767371602,11.0,0.7280966767371602
597,Breast,0,neoplastic,neoplastic,131,597__ch0__id131,423.0,236,197,256,224,246.19621749408984,209.59574468085106,0.737346124341335,0.9724137931034482,28.329874927609666,19.137259187802123,False,,,,False,,,,False,,,,0.16576576576576577,13.0,0.21749408983451538
597,Breast,0,neoplastic,neoplastic,138,597__ch0__id138,192.0,244,174,256,193,250.0,183.55208333333334,0.7562052698496387,0.9552238805970149,19.525140799561278,12.775972525781743,False,,,,False,,,,False,,,,0.0,,0.0
597,Breast,0,neoplastic,neoplastic,139,597__ch0__id139,152.0,245,216,256,236,251.05263157894737,226.875,0.7949217514051783,0.9620253164556962,18.694449671022355,11.342146304802778,True,13.0,0.5100401606425703,0.8355263157894737,True,13.0,0.5100401606425703,0.8355263157894737,True,13.0,0.5100401606425703,0.8355263157894737,0.5100401606425703,13.0,0.8355263157894737
597,Breast,0,neoplastic,neoplastic,142,597__ch0__id142,70.0,250,240,256,256,252.95714285714286,247.1,0.9023856363818757,0.9459459459459459,14.90975366758499,6.425051469697535,False,,,,False,,,,False,,,,0.0,,0.0
635,Breast,1,inflammatory,normal,60,635__ch1__id60,307.0,53,62,76,80,64.1270358306189,71.50488599348535,0.6460749705321355,0.953416149068323,22.706925118872935,17.3316045721699,False,,,,False,,,,False,,,,0.0,,0.0
635,Breast,1,inflammatory,normal,63,635__ch1__id63,265.0,61,124,79,143,69.74716981132076,133.22264150943397,0.47927616016112656,0.9742647058823529,19.617533259432324,17.217605676772855,True,2.0,0.7655172413793103,0.8377358490566038,True,2.0,0.7655172413793103,0.8377358490566038,True,2.0,0.7655172413793103,0.8377358490566038,0.7655172413793103,2.0,0.8377358490566038
635,Breast,1,inflammatory,normal,84,635__ch1__id84,215.0,237,203,253,220,245.08372093023254,211.5720930232558,0.5313935306805877,0.9641255605381166,18.063713902987683,15.302225238543851,True,3.0,0.7569721115537849,0.8837209302325582,True,3.0,0.7569721115537849,0.8837209302325582,True,3.0,0.7569721115537849,0.8837209302325582,0.7569721115537849,3.0,0.8837209302325582
635,Breast,1,inflammatory,normal,87,635__ch1__id87,26.0,253,204,256,215,254.19230769230768,208.8846153846154,0.956770951676212,0.9629629629629629,10.776839413541541,3.1343626618752545,False,,,,False,,,,False,,,,0.0,,0.0
635,Breast,2,connective,normal,51,635__ch2__id51,595.0,6,23,43,44,23.17983193277311,33.581512605042015,0.8559534200907171,0.947452229299363,38.931067031570166,20.129422661205187,True,1.0,0.7638190954773869,0.7663865546218488,True,1.0,0.7638190954773869,0.7663865546218488,True,1.0,0.7638190954773869,0.7663865546218488,0.7638190954773869,1.0,0.7663865546218488
635,Breast,2,connective,normal,85,635__ch2__id85,150.0,248,83,256,106,252.04666666666665,94.02666666666667,0.9346213074997588,0.9493670886075949,23.681380590567,8.42215279896779,False,,,,False,,,,False,,,,0.0,,0.0
718,Breast,0,neoplastic,neoplastic,122,718__ch0__id122,73.0,0,16,4,38,1.3150684931506849,26.19178082191781,0.9799272055907405,0.9733333333333334,21.947509129434316,4.37535975881149,False,,,,False,,,,False,,,,0.0,,0.0
718,Breast,0,neoplastic,neoplastic,131,718__ch0__id131,451.0,0,0,40,14,21.951219512195124,5.512195121951219,0.9414810622731951,0.9678111587982833,42.31951508536728,14.264464714000965,True,1.0,0.6887966804979253,0.7361419068736141,True,1.0,0.6887966804979253,0.7361419068736141,True,1.0,0.6887966804979253,0.7361419068736141,0.6887966804979253,1.0,0.7361419068736141
718,Breast,0,neoplastic,neoplastic,134,718__ch0__id134,936.0,16,121,51,155,32.56517094017094,137.69017094017093,0.44451111918213887,0.9739854318418314,36.51772065808004,32.7116003639519,True,2.0,0.8687299893276414,0.8696581196581197,True,2.0,0.8687299893276414,0.8696581196581197,True,2.0,0.8687299893276414,0.8696581196581197,0.8687299893276414,2.0,0.8696581196581197
718,Breast,0,neoplastic,neoplastic,136,718__ch0__id136,1131.0,19,24,56,64,37.177718832891244,43.785145888594165,0.6204086171907266,0.9691516709511568,42.900629903776284,33.646052122023505,True,3.0,0.8910472972972973,0.9328028293545535,True,3.0,0.8910472972972973,0.9328028293545535,True,3.0,0.8910472972972973,0.9328028293545535,0.8910472972972973,3.0,0.9328028293545535
718,Breast,0,neoplastic,neoplastic,141,718__ch0__id141,1668.0,38,61,80,111,58.75,84.72122302158273,0.6397724087814924,0.9765807962529274,52.6498187531673,40.464777319693226,True,4.0,0.9009009009009009,0.9592326139088729,True,4.0,0.9009009009009009,0.9592326139088729,True,4.0,0.9009009009009009,0.9592326139088729,0.9009009009009009,4.0,0.9592326139088729
718,Breast,0,neoplastic,neoplastic,143,718__ch0__id143,233.0,46,0,81,9,62.08583690987125,3.2832618025751072,0.9566928396948765,0.9708333333333333,33.24006016303898,9.67615870308783,True,5.0,0.6781115879828327,0.6781115879828327,True,5.0,0.6781115879828327,0.6781115879828327,True,5.0,0.6781115879828327,0.6781115879828327,0.6781115879828327,5.0,0.6781115879828327
718,Breast,0,neoplastic,neoplastic,152,718__ch0__id152,1269.0,76,30,107,84,90.25531914893617,55.464933018124505,0.8357704839502549,0.9628224582701063,54.6369798867675,30.000015787429945,False,,,,False,,,,False,,,,0.0,,0.0
718,Breast,0,neoplastic,neoplastic,160,718__ch0__id160,1073.0,108,0,147,32,127.29916123019571,14.666356011183597,0.5752895490561478,0.9799086757990868,41.04997732808565,33.57682223671986,True,6.0,0.9402023919043239,0.9524697110904008,True,6.0,0.9402023919043239,0.9524697110904008,True,6.0,0.9402023919043239,0.9524697110904008,0.9402023919043239,6.0,0.9524697110904008
718,Breast,0,neoplastic,neoplastic,172,718__ch0__id172,373.0,147,0,183,13,163.78552278820376,5.1554959785522785,0.9202955257237305,0.9713541666666666,35.83559572523035,14.019741765841,True,8.0,0.7506702412868632,0.7506702412868632,True,8.0,0.7506702412868632,0.7506702412868632,True,8.0,0.7506702412868632,0.7506702412868632,0.7506702412868632,8.0,0.7506702412868632
718,Breast,1,inflammatory,normal,180,718__ch1__id180,586.0,170,76,204,100,185.6518771331058,88.20648464163823,0.7569433425042464,0.9528455284552846,34.25129220379558,22.382551878852848,True,10.0,0.7834890965732088,0.8583617747440273,True,10.0,0.7834890965732088,0.8583617747440273,True,10.0,0.7834890965732088,0.8583617747440273,0.7834890965732088,10.0,0.8583617747440273
718,Breast,1,inflammatory,normal,465,718__ch1__id465,530.0,224,21,254,47,238.09622641509435,32.820754716981135,0.7290462151906533,0.9233449477351916,31.821818241718603,21.78090408333477,True,12.0,0.6904315196998124,0.6943396226415094,True,12.0,0.6904315196998124,0.6943396226415094,True,12.0,0.6904315196998124,0.6943396226415094,0.6904315196998124,12.0,0.6943396226415094
718,Breast,2,connective,normal,158,718__ch2__id158,1098.0,103,198,159,231,132.1848816029144,214.16029143897995,0.9017271475557138,0.944110060189166,58.00579836692912,25.076232779401952,False,,,,False,,,,False,,,,0.0,,0.0
718,Breast,2,connective,normal,168,718__ch2__id168,1616.0,136,159,189,197,161.7617574257426,177.32178217821783,0.7169092423054446,0.9793939393939394,54.4755851705254,37.97855342286698,True,7.0,0.8342474101157831,0.8471534653465347,True,7.0,0.8342474101157831,0.8471534653465347,True,7.0,0.8342474101157831,0.8471534653465347,0.8342474101157831,7.0,0.8471534653465347
718,Breast,2,connective,normal,177,718__ch2__id177,553.0,160,106,191,132,174.08318264014466,118.39783001808318,0.8134413975625236,0.9600694444444444,35.11461866923602,20.424308382832347,True,9.0,0.8566433566433567,0.8860759493670886,True,9.0,0.8566433566433567,0.8860759493670886,True,9.0,0.8566433566433567,0.8860759493670886,0.8566433566433567,9.0,0.8860759493670886
718,Breast,2,connective,normal,199,718__ch2__id199,1276.0,218,126,256,188,239.4835423197492,161.37774294670845,0.9095914841789997,0.9688686408504176,64.25292671072471,26.697329340474855,True,11.0,0.7776037588097102,0.7782131661442007,True,11.0,0.7776037588097102,0.7782131661442007,True,11.0,0.7776037588097102,0.7782131661442007,0.7776037588097102,11.0,0.7782131661442007
718,Breast,2,connective,normal,209,718__ch2__id209,247.0,237,85,256,105,247.7327935222672,97.15789473684211,0.7532344701384673,0.8981818181818182,23.23243120254971,15.281180551821127,True,13.0,0.6349206349206349,0.6477732793522267,True,13.0,0.6349206349206349,0.6477732793522267,True,13.0,0.6349206349206349,0.6477732793522267,0.6349206349206349,13.0,0.6477732793522267
764,Colon,1,inflammatory,normal,8,764__ch1__id8,225.0,30,26,46,44,37.32888888888889,34.8,0.49676587819412693,0.9615384615384616,18.212294088402043,15.806169395243627,True,2.0,0.6775244299674267,0.9244444444444444,True,2.0,0.6775244299674267,0.9244444444444444,True,2.0,0.6775244299674267,0.9244444444444444,0.6775244299674267,2.0,0.9244444444444444
764,Colon,1,inflammatory,normal,10,764__ch1__id10,367.0,36,0,57,23,46.444141689373296,10.716621253405995,0.6672593022732268,0.9734748010610079,25.123142794813916,18.712357361330838,True,3.0,0.7275204359673024,0.7275204359673024,True,3.0,0.7275204359673024,0.7275204359673024,True,3.0,0.7275204359673024,0.7275204359673024,0.7275204359673024,3.0,0.7275204359673024
764,Colon,1,inflammatory,normal,11,764__ch1__id11,277.0,41,192,58,214,48.88447653429603,202.971119133574,0.6623641824102268,0.9326599326599326,21.989713931718363,16.474298167110803,False,,,,False,,,,False,,,,0.0,,0.0
764,Colon,1,inflammatory,normal,17,764__ch1__id17,305.0,56,4,72,30,63.96393442622951,16.537704918032787,0.8280702759489539,0.9501557632398754,26.561954767648757,14.891277590558879,True,4.0,0.6721311475409836,0.6721311475409836,True,4.0,0.6721311475409836,0.6721311475409836,True,4.0,0.6721311475409836,0.6721311475409836,0.6721311475409836,4.0,0.6721311475409836
764,Colon,1,inflammatory,normal,25,764__ch1__id25,109.0,73,0,87,10,78.66055045871559,3.81651376146789,0.6671627462847528,0.9819819819819819,13.98852718215408,10.420221593423873,True,5.0,0.7168141592920354,0.7431192660550459,True,5.0,0.7168141592920354,0.7431192660550459,True,5.0,0.7168141592920354,0.7431192660550459,0.7168141592920354,5.0,0.7431192660550459
764,Colon,1,inflammatory,normal,34,764__ch1__id34,296.0,99,92,120,111,109.26351351351352,101.1554054054054,0.49276681235907527,0.9487179487179487,20.884204729817647,18.17262890463619,True,6.0,0.8888888888888888,0.8918918918918919,True,6.0,0.8888888888888888,0.8918918918918919,True,6.0,0.8888888888888888,0.8918918918918919,0.8888888888888888,6.0,0.8918918918918919
764,Colon,1,inflammatory,normal,35,764__ch1__id35,274.0,109,238,128,256,118.33211678832117,246.8978102189781,0.5422155595899941,0.9681978798586572,20.583473849403582,17.295046178005336,True,7.0,0.8284671532846716,0.8284671532846716,True,7.0,0.8284671532846716,0.8284671532846716,True,7.0,0.8284671532846716,0.8284671532846716,0.8284671532846716,7.0,0.8284671532846716
764,Colon,1,inflammatory,normal,39,764__ch1__id39,271.0,122,75,139,97,130.15129151291512,86.22878228782288,0.7651323827121379,0.954225352112676,23.319102671046927,15.014540536099942,True,8.0,0.8327526132404182,0.8819188191881919,True,8.0,0.8327526132404182,0.8819188191881919,True,8.0,0.8327526132404182,0.8819188191881919,0.8327526132404182,8.0,0.8819188191881919
764,Colon,1,inflammatory,normal,42,764__ch1__id42,269.0,129,225,150,248,139.95539033457248,235.76951672862452,0.9022116134861243,0.9340277777777778,28.52024698841391,12.300601156717748,True,9.0,0.8040540540540541,0.8847583643122676,True,9.0,0.8040540540540541,0.8847583643122676,True,9.0,0.8040540540540541,0.8847583643122676,0.8040540540540541,9.0,0.8847583643122676
764,Colon,1,inflammatory,normal,58,764__ch1__id58,256.0,209,155,228,172,217.2890625,162.3984375,0.5355200227900238,0.973384030418251,19.97935164427679,16.87301261628564,True,10.0,0.8783269961977186,0.90234375,True,10.0,0.8783269961977186,0.90234375,True,10.0,0.8783269961977186,0.90234375,0.8783269961977186,10.0,0.90234375
764,Colon,2,connective,normal,2,764__ch2__id2,230.0,0,0,17,17,7.078260869565217,7.265217391304348,0.700236754504167,0.9704641350210971,20.52175181120056,14.65069820172316,True,1.0,0.7854077253218884,0.7956521739130434,True,1.0,0.7854077253218884,0.7956521739130434,True,1.0,0.7854077253218884,0.7956521739130434,0.7854077253218884,1.0,0.7956521739130434
764,Colon,2,connective,normal,4,764__ch2__id4,412.0,4,161,23,191,12.99757281553398,175.51941747572815,0.8140937602251642,0.9406392694063926,30.3211393326962,17.60850010357775,False,,,,False,,,,False,,,,0.0,,0.0
764,Colon,2,connective,normal,15,764__ch2__id15,482.0,47,230,70,256,58.155601659751035,243.9668049792531,0.4567561696803376,0.9601593625498008,26.52298955974888,23.594637464936984,False,,,,False,,,,False,,,,0.0,,0.0
764,Colon,2,connective,normal,62,764__ch2__id62,215.0,218,66,233,87,225.16744186046512,75.96279069767442,0.8553143632407139,0.9555555555555556,22.978392918710828,11.90532113891361,False,,,,False,,,,False,,,,0.0,,0.0
764,Colon,2,connective,normal,64,764__ch2__id64,450.0,222,114,240,149,230.06,132.88,0.8688793040121582,0.9554140127388535,34.54877008147146,17.10247016830092,True,11.0,0.7066666666666667,0.7066666666666667,True,11.0,0.7066666666666667,0.7066666666666667,True,11.0,0.7066666666666667,0.7066666666666667,0.7066666666666667,11.0,0.7066666666666667
825,Colon,1,inflammatory,normal,9,825__ch1__id9,421.0,1,84,22,109,10.342042755344417,96.93349168646081,0.5232308962104553,0.9722863741339491,25.229019237398038,21.49994207855645,True,2.0,0.7948717948717948,0.8099762470308789,True,2.0,0.7948717948717948,0.8099762470308789,True,2.0,0.7948717948717948,0.8099762470308789,0.7948717948717948,2.0,0.8099762470308789
825,Colon,1,inflammatory,normal,10,825__ch1__id10,401.0,0,140,22,162,10.28927680798005,150.15211970074813,0.5903943345526927,0.9435294117647058,25.543980828960855,20.616928607248,True,4.0,0.6758104738154613,0.6758104738154613,True,4.0,0.6758104738154613,0.6758104738154613,True,4.0,0.6758104738154613,0.6758104738154613,0.6758104738154613,4.0,0.6758104738154613
825,Colon,1,inflammatory,normal,13,825__ch1__id13,308.0,3,160,23,181,12.905844155844155,169.4805194805195,0.6860234063034419,0.9746835443037974,23.30309695108455,16.95485494245402,True,6.0,0.7942122186495176,0.801948051948052,True,6.0,0.7942122186495176,0.801948051948052,True,6.0,0.7942122186495176,0.801948051948052,0.7942122186495176,6.0,0.801948051948052
825,Colon,1,inflammatory,normal,20,825__ch1__id20,515.0,9,182,34,210,20.72621359223301,195.3766990291262,0.49099826019358045,0.9554730983302412,27.695852826935866,24.127534454721978,True,7.0,0.6271844660194175,0.6271844660194175,True,7.0,0.6271844660194175,0.6271844660194175,True,7.0,0.6271844660194175,0.6271844660194175,0.6271844660194175,7.0,0.6271844660194175
825,Colon,1,inflammatory,normal,22,825__ch1__id22,477.0,10,25,32,55,20.51153039832285,38.80712788259958,0.7416958760595137,0.9655870445344129,30.250796397347585,20.29030822401314,True,8.0,0.7274633123689728,0.7274633123689728,True,8.0,0.7274633123689728,0.7274633123689728,True,8.0,0.7274633123689728,0.7274633123689728,0.7274633123689728,8.0,0.7274633123689728
825,Colon,1,inflammatory,normal,26,825__ch1__id26,9.0,14,254,20,256,16.333333333333332,254.66666666666666,0.9502829948133152,0.9,5.971098560847527,1.8593259767334247,False,,,,False,,,,False,,,,0.0,,0.0
825,Colon,1,inflammatory,normal,30,825__ch1__id30,402.0,17,99,43,123,29.05223880597015,110.78855721393035,0.6479129573055783,0.95260663507109,26.217960047961974,19.970597235404387,True,9.0,0.7512315270935961,0.7587064676616916,True,9.0,0.7512315270935961,0.7587064676616916,True,9.0,0.7512315270935961,0.7587064676616916,0.7512315270935961,9.0,0.7587064676616916
825,Colon,1,inflammatory,normal,32,825__ch1__id32,206.0,19,78,34,97,26.344660194174757,86.26699029126213,0.5860032119104154,0.976303317535545,18.083595815069422,14.653295533261472,True,10.0,0.5636942675159236,0.8592233009708737,True,10.0,0.5636942675159236,0.8592233009708737,True,10.0,0.5636942675159236,0.8592233009708737,0.5636942675159236,10.0,0.8592233009708737
825,Colon,1,inflammatory,normal,34,825__ch1__id34,285.0,20,0,43,16,31.880701754385964,6.221052631578948,0.7276547325671793,0.9531772575250836,23.705095713471373,16.260358135508604,True,11.0,0.5850746268656717,0.6877192982456141,True,11.0,0.5850746268656717,0.6877192982456141,True,11.0,0.5850746268656717,0.6877192982456141,0.5850746268656717,11.0,0.6877192982456141
825,Colon,1,inflammatory,normal,38,825__ch1__id38,242.0,23,167,40,188,31.206611570247933,175.9297520661157,0.5451135147172965,0.9453125,19.36603522122776,16.235752790586787,True,12.0,0.7665369649805448,0.8140495867768595,True,12.0,0.7665369649805448,0.8140495867768595,True,12.0,0.7665369649805448,0.8140495867768595,0.7665369649805448,12.0,0.8140495867768595
825,Colon,1,inflammatory,normal,42,825__ch1__id42,161.0,29,84,46,98,37.57142857142857,91.03105590062111,0.7166008262720114,0.9252873563218391,17.628398914164475,12.295517664879126,False,,,,False,,,,False,,,,0.31176470588235294,10.0,0.6583850931677019
825,Colon,1,inflammatory,normal,44,825__ch1__id44,335.0,30,193,51,213,39.29253731343284,202.37611940298507,0.33918718072594467,0.9571428571428572,21.4732881306322,20.200328076531452,True,13.0,0.7780429594272077,0.9731343283582089,True,13.0,0.7780429594272077,0.9731343283582089,True,13.0,0.7780429594272077,0.9731343283582089,0.7780429594272077,13.0,0.9731343283582089
825,Colon,1,inflammatory,normal,47,825__ch1__id47,284.0,30,61,48,83,39.01056338028169,70.86971830985915,0.6153454242082567,0.9498327759197325,21.59037395078372,17.018775873512933,True,14.0,0.7934426229508197,0.852112676056338,True,14.0,0.7934426229508197,0.852112676056338,True,14.0,0.7934426229508197,0.852112676056338,0.7934426229508197,14.0,0.852112676056338
825,Colon,1,inflammatory,normal,49,825__ch1__id49,143.0,32,220,42,240,36.71328671328671,229.02797202797203,0.92201469513456,0.934640522875817,22.019896073416135,8.52511024603453,False,,,,False,,,,False,,,,0.32036613272311215,15.0,0.9790209790209791
825,Colon,1,inflammatory,normal,53,825__ch1__id53,485.0,34,17,57,47,45.509278350515466,31.816494845360825,0.772619742407692,0.9661354581673307,31.250173205805762,19.839768341421674,True,16.0,0.7855670103092783,0.7855670103092783,True,16.0,0.7855670103092783,0.7855670103092783,True,16.0,0.7855670103092783,0.7855670103092783,0.7855670103092783,16.0,0.7855670103092783
825,Colon,1,inflammatory,normal,55,825__ch1__id55,232.0,36,177,54,194,45.043103448275865,184.68534482758622,0.3634077066244056,0.9626556016597511,17.92810844655425,16.702367346340747,True,17.0,0.8212765957446808,0.8318965517241379,True,17.0,0.8212765957446808,0.8318965517241379,True,17.0,0.8212765957446808,0.8318965517241379,0.8212765957446808,17.0,0.8318965517241379
825,Colon,1,inflammatory,normal,57,825__ch1__id57,590.0,37,140,65,168,50.847457627118644,152.72203389830509,0.1181364624770721,0.9609120521172638,27.548726249301332,27.355812704173264,True,18.0,0.8152542372881356,0.8152542372881356,True,18.0,0.8152542372881356,0.8152542372881356,True,18.0,0.8152542372881356,0.8152542372881356,0.8152542372881356,18.0,0.8152542372881356
825,Colon,1,inflammatory,normal,60,825__ch1__id60,120.0,38,246,52,256,44.28333333333333,251.06666666666666,0.6984492591520971,0.975609756097561,14.858397211177527,10.633554286282472,True,19.0,0.7355371900826446,0.7416666666666667,True,19.0,0.7355371900826446,0.7416666666666667,True,19.0,0.7355371900826446,0.7416666666666667,0.7355371900826446,19.0,0.7416666666666667
825,Colon,1,inflammatory,normal,61,825__ch1__id61,117.0,60,0,73,12,65.94871794871794,5.863247863247863,0.752264860531752,0.9435483870967742,15.25205984508631,10.048984650181538,True,25.0,0.6470588235294118,0.7521367521367521,True,25.0,0.6470588235294118,0.7521367521367521,True,25.0,0.6470588235294118,0.7521367521367521,0.6470588235294118,25.0,0.7521367521367521
825,Colon,1,inflammatory,normal,63,825__ch1__id63,201.0,40,216,53,236,46.07960199004975,225.51243781094527,0.7514332304422919,0.9481132075471698,19.76615310940151,13.041888468637536,True,15.0,0.45308924485125857,0.9850746268656716,True,15.0,0.45308924485125857,0.9850746268656716,False,,,,0.45308924485125857,15.0,0.9850746268656716
825,Colon,1,inflammatory,normal,68,825__ch1__id68,209.0,41,111,56,129,47.89473684210526,119.55023923444976,0.5865074679466417,0.954337899543379,18.16205008911797,14.710240211243729,True,20.0,0.7942583732057417,0.7942583732057417,True,20.0,0.7942583732057417,0.7942583732057417,True,20.0,0.7942583732057417,0.7942583732057417,0.7942583732057417,20.0,0.7942583732057417
825,Colon,1,inflammatory,normal,70,825__ch1__id70,10.0,46,0,56,1,50.5,0.0,1.0,1.0,11.489125293076057,0.0,False,,,,False,,,,False,,,,0.0,,0.0
825,Colon,1,inflammatory,normal,74,825__ch1__id74,225.0,45,95,62,112,52.70666666666666,102.8488888888889,0.4671799266133841,0.9615384615384616,18.054723530525038,15.963305305011145,True,21.0,0.8978723404255319,0.9377777777777778,True,21.0,0.8978723404255319,0.9377777777777778,True,21.0,0.8978723404255319,0.9377777777777778,0.8978723404255319,21.0,0.9377777777777778
825,Colon,1,inflammatory,normal,77,825__ch1__id77,371.0,46,63,64,90,54.110512129380055,77.04851752021564,0.7847357385160727,0.9561855670103093,27.886498334830485,17.28490157548112,True,22.0,0.7681940700808625,0.7681940700808625,True,22.0,0.7681940700808625,0.7681940700808625,True,22.0,0.7681940700808625,0.7681940700808625,0.7681940700808625,22.0,0.7681940700808625
825,Colon,1,inflammatory,normal,84,825__ch1__id84,314.0,52,213,69,241,60.62738853503185,226.62738853503186,0.9051848252919669,0.9401197604790419,30.994690351824794,13.173306107456042,True,24.0,0.55,0.5605095541401274,True,24.0,0.55,0.5605095541401274,True,24.0,0.55,0.5605095541401274,0.55,24.0,0.5605095541401274
825,Colon,1,inflammatory,normal,85,825__ch1__id85,310.0,53,185,74,205,63.174193548387095,193.95483870967743,0.6517033339515592,0.9748427672955975,22.86591513841984,17.34320145305264,True,23.0,0.8048048048048048,0.864516129032258,True,23.0,0.8048048048048048,0.864516129032258,True,23.0,0.8048048048048048,0.864516129032258,0.8048048048048048,23.0,0.864516129032258
825,Colon,1,inflammatory,normal,86,825__ch1__id86,7.0,59,255,66,256,62.0,255.0,1.0,1.0,8.0,0.0,False,,,,False,,,,False,,,,0.0,,0.0
825,Colon,1,inflammatory,normal,90,825__ch1__id90,305.0,57,18,73,45,64.96065573770491,30.64262295081967,0.8445316381884139,0.9442724458204335,27.01807180416424,14.468330378632194,True,26.0,0.780327868852459,0.780327868852459,True,26.0,0.780327868852459,0.780327868852459,True,26.0,0.780327868852459,0.780327868852459,0.780327868852459,26.0,0.780327868852459
825,Colon,1,inflammatory,normal,92,825__ch1__id92,71.0,60,123,70,132,64.7605633802817,127.22535211267606,0.5217824781614253,1.0,10.299663096667558,8.786421859289005,False,,,,False,,,,False,,,,0.1355421686746988,27.0,0.6338028169014085
825,Colon,1,inflammatory,normal,97,825__ch1__id97,341.0,64,233,83,255,73.35777126099707,243.56891495601172,0.5321477706234599,0.9660056657223796,22.67812302795005,19.20046671498043,True,28.0,0.8793103448275862,0.8973607038123167,True,28.0,0.8793103448275862,0.8973607038123167,True,28.0,0.8793103448275862,0.8973607038123167,0.8793103448275862,28.0,0.8973607038123167
825,Colon,1,inflammatory,normal,100,825__ch1__id100,223.0,64,106,82,123,72.82511210762331,113.86547085201794,0.6129960468899442,0.9570815450643777,19.018477050407416,15.026231966603694,True,27.0,0.5422740524781341,0.8340807174887892,True,27.0,0.5422740524781341,0.8340807174887892,True,27.0,0.5422740524781341,0.8340807174887892,0.5422740524781341,27.0,0.8340807174887892
825,Colon,1,inflammatory,normal,106,825__ch1__id106,312.0,71,85,90,106,81.0,95.6826923076923,0.47979824133533877,0.9570552147239264,21.464179607902615,18.83221723506009,True,30.0,0.832807570977918,0.8461538461538461,True,30.0,0.832807570977918,0.8461538461538461,True,30.0,0.832807570977918,0.8461538461538461,0.832807570977918,30.0,0.8461538461538461
825,Colon,1,inflammatory,normal,109,825__ch1__id109,163.0,73,127,88,143,79.60736196319019,134.96319018404907,0.6959054732164613,0.9644970414201184,17.12922067189729,12.301065386860751,True,31.0,0.7738095238095238,0.7975460122699386,True,31.0,0.7738095238095238,0.7975460122699386,True,31.0,0.7738095238095238,0.7975460122699386,0.7738095238095238,31.0,0.7975460122699386
825,Colon,1,inflammatory,normal,114,825__ch1__id114,365.0,77,189,97,212,86.64383561643835,199.8849315068493,0.5307742010353669,0.9733333333333334,23.441109550489948,19.866651472412194,True,33.0,0.8136986301369863,0.8136986301369863,True,33.0,0.8136986301369863,0.8136986301369863,True,33.0,0.8136986301369863,0.8136986301369863,0.8136986301369863,33.0,0.8136986301369863
825,Colon,1,inflammatory,normal,118,825__ch1__id118,295.0,80,111,98,133,88.76271186440678,121.78305084745763,0.6431811154575676,0.9735973597359736,22.260789535177132,17.045399984939912,True,34.0,0.6466666666666666,0.6576271186440678,True,34.0,0.6466666666666666,0.6576271186440678,True,34.0,0.6466666666666666,0.6576271186440678,0.6466666666666666,34.0,0.6576271186440678
825,Colon,1,inflammatory,normal,125,825__ch1__id125,415.0,87,47,112,73,99.06265060240963,59.93493975903615,0.7842065680139636,0.9474885844748858,29.714734990377874,18.437988480617257,True,36.0,0.7228915662650602,0.7228915662650602,True,36.0,0.7228915662650602,0.7228915662650602,True,36.0,0.7228915662650602,0.7228915662650602,0.7228915662650602,36.0,0.7228915662650602
825,Colon,1,inflammatory,normal,126,825__ch1__id126,231.0,87,141,104,160,94.94372294372295,150.08658008658008,0.7128268471374583,0.9352226720647774,20.658798116751797,14.488842802623076,True,35.0,0.5560165975103735,0.5800865800865801,True,35.0,0.5560165975103735,0.5800865800865801,True,35.0,0.5560165975103735,0.5800865800865801,0.5560165975103735,35.0,0.5800865800865801
825,Colon,1,inflammatory,normal,131,825__ch1__id131,327.0,91,171,113,191,101.79204892966361,179.85932721712538,0.37205544833404186,0.9646017699115044,21.280449950189812,19.752737215212505,True,37.0,0.8103975535168195,0.8103975535168195,True,37.0,0.8103975535168195,0.8103975535168195,True,37.0,0.8103975535168195,0.8103975535168195,0.8103975535168195,37.0,0.8103975535168195
825,Colon,1,inflammatory,normal,133,825__ch1__id133,194.0,93,80,108,96,100.00515463917526,88.35567010309278,0.38058343651127025,0.9603960396039604,16.523592176870704,15.280135449859701,True,38.0,0.5542168674698795,0.711340206185567,True,38.0,0.5542168674698795,0.711340206185567,True,38.0,0.5542168674698795,0.711340206185567,0.5542168674698795,38.0,0.711340206185567
825,Colon,1,inflammatory,normal,134,825__ch1__id134,310.0,93,95,111,117,102.04838709677419,105.33870967741936,0.7394060812441567,0.950920245398773,24.490072752161456,16.48817945923683,False,,,,False,,,,False,,,,0.11529933481152993,38.0,0.16774193548387098
825,Colon,1,inflammatory,normal,138,825__ch1__id138,277.0,97,35,116,55,106.63537906137184,44.51263537906137,0.1717380733816888,0.9584775086505191,19.020111918953145,18.73752339447626,True,39.0,0.8070175438596491,0.8303249097472925,True,39.0,0.8070175438596491,0.8303249097472925,True,39.0,0.8070175438596491,0.8303249097472925,0.8070175438596491,39.0,0.8303249097472925
825,Colon,1,inflammatory,normal,140,825__ch1__id140,288.0,98,240,119,256,107.74652777777777,248.33680555555554,0.6364916598059601,0.9664429530201343,22.16896453000482,17.09855841698337,True,40.0,0.7777777777777778,0.7777777777777778,True,40.0,0.7777777777777778,0.7777777777777778,True,40.0,0.7777777777777778,0.7777777777777778,0.7777777777777778,40.0,0.7777777777777778
825,Colon,1,inflammatory,normal,142,825__ch1__id142,249.0,100,215,115,238,107.19678714859438,226.07630522088354,0.8036216089706989,0.97265625,23.123898570860923,13.761970400185938,True,41.0,0.7162162162162162,0.8514056224899599,True,41.0,0.7162162162162162,0.8514056224899599,True,41.0,0.7162162162162162,0.8514056224899599,0.7162162162162162,41.0,0.8514056224899599
825,Colon,1,inflammatory,normal,143,825__ch1__id143,339.0,101,143,122,164,111.31858407079646,152.93215339233038,0.4218025003604599,0.9658119658119658,21.83099843093675,19.793898542890883,True,42.0,0.7964601769911505,0.7964601769911505,True,42.0,0.7964601769911505,0.7964601769911505,True,42.0,0.7964601769911505,0.7964601769911505,0.7964601769911505,42.0,0.7964601769911505
825,Colon,1,inflammatory,normal,146,825__ch1__id146,344.0,105,119,125,141,115.17151162790698,129.23837209302326,0.6265439429385498,0.9690140845070423,23.788543431403493,18.540460008703935,True,43.0,0.7383720930232558,0.7383720930232558,True,43.0,0.7383720930232558,0.7383720930232558,True,43.0,0.7383720930232558,0.7383720930232558,0.7383720930232558,43.0,0.7383720930232558
825,Colon,1,inflammatory,normal,158,825__ch1__id158,275.0,113,94,130,120,120.79636363636364,106.62545454545455,0.8966728976850747,0.9482758620689655,28.19324587205515,12.480972410906608,True,44.0,0.5884244372990354,0.6654545454545454,True,44.0,0.5884244372990354,0.6654545454545454,True,44.0,0.5884244372990354,0.6654545454545454,0.5884244372990354,44.0,0.6654545454545454
825,Colon,1,inflammatory,normal,161,825__ch1__id161,264.0,118,233,136,251,125.92045454545455,241.32954545454547,0.11798328188691519,0.9814126394052045,18.45707800846746,18.328166052237272,True,45.0,0.734982332155477,0.7878787878787878,True,45.0,0.734982332155477,0.7878787878787878,True,45.0,0.734982332155477,0.7878787878787878,0.734982332155477,45.0,0.7878787878787878
825,Colon,1,inflammatory,normal,167,825__ch1__id167,381.0,121,159,141,183,131.03412073490813,170.9291338582677,0.6189956309888707,0.9645569620253165,24.88882136245595,19.547541637892984,True,46.0,0.8188976377952756,0.8188976377952756,True,46.0,0.8188976377952756,0.8188976377952756,True,46.0,0.8188976377952756,0.8188976377952756,0.8188976377952756,46.0,0.8188976377952756
825,Colon,1,inflammatory,normal,169,825__ch1__id169,249.0,123,193,140,213,130.8273092369478,201.93975903614458,0.707593076898522,0.9540229885057471,21.245303479164356,15.012359548369181,True,47.0,0.7094594594594594,0.8433734939759037,True,47.0,0.7094594594594594,0.8433734939759037,True,47.0,0.7094594594594594,0.8433734939759037,0.7094594594594594,47.0,0.8433734939759037
825,Colon,1,inflammatory,normal,173,825__ch1__id173,267.0,126,0,142,21,133.64794007490636,9.0187265917603,0.6862643528798702,0.967391304347826,21.763698046332728,15.829873880367666,True,48.0,0.797752808988764,0.797752808988764,True,48.0,0.797752808988764,0.797752808988764,True,48.0,0.797752808988764,0.797752808988764,0.797752808988764,48.0,0.797752808988764
825,Colon,1,inflammatory,normal,174,825__ch1__id174,311.0,126,23,147,43,136.2508038585209,32.68167202572347,0.6075550440284869,0.9569230769230769,22.54741715520077,17.908907853584324,True,49.0,0.7652733118971061,0.7652733118971061,True,49.0,0.7652733118971061,0.7652733118971061,True,49.0,0.7652733118971061,0.7652733118971061,0.7652733118971061,49.0,0.7652733118971061
825,Colon,1,inflammatory,normal,182,825__ch1__id182,125.0,131,58,142,74,136.112,64.6,0.7807183236247508,0.9398496240601504,16.073114752085576,10.043817907861982,False,,,,False,,,,False,,,,0.0,,0.0
825,Colon,1,inflammatory,normal,190,825__ch1__id190,199.0,135,216,149,235,141.6532663316583,224.9748743718593,0.6834304255995254,0.943127962085308,18.664703549410067,13.62552574634812,True,51.0,0.8277511961722488,0.8693467336683417,True,51.0,0.8277511961722488,0.8693467336683417,True,51.0,0.8277511961722488,0.8693467336683417,0.8277511961722488,51.0,0.8693467336683417
825,Colon,1,inflammatory,normal,191,825__ch1__id191,219.0,135,237,149,256,141.58447488584474,246.2785388127854,0.7259609370415652,0.9521739130434783,20.210468552887324,13.899465510508938,True,50.0,0.58984375,0.6894977168949772,True,50.0,0.58984375,0.6894977168949772,True,50.0,0.58984375,0.6894977168949772,0.58984375,50.0,0.6894977168949772
825,Colon,1,inflammatory,normal,192,825__ch1__id192,317.0,136,83,157,102,145.95268138801262,91.58359621451105,0.4969481606540228,0.9664634146341463,21.621776567512633,18.762950218393335,True,52.0,0.7287066246056783,0.7287066246056783,True,52.0,0.7287066246056783,0.7287066246056783,True,52.0,0.7287066246056783,0.7287066246056783,0.7287066246056783,52.0,0.7287066246056783
825,Colon,1,inflammatory,normal,195,825__ch1__id195,60.0,141,0,155,6,146.86666666666667,1.95,0.8867679205526056,0.967741935483871,13.355465059813666,6.173095543700251,False,,,,False,,,,False,,,,0.0,,0.0
825,Colon,1,inflammatory,normal,197,825__ch1__id197,204.0,139,202,156,217,146.81372549019608,209.27450980392157,0.6366020249730518,0.9577464788732394,18.420889918885266,14.206052026280801,True,53.0,0.6535087719298246,0.7303921568627451,True,53.0,0.6535087719298246,0.7303921568627451,True,53.0,0.6535087719298246,0.7303921568627451,0.6535087719298246,53.0,0.7303921568627451
825,Colon,1,inflammatory,normal,199,825__ch1__id199,313.0,142,180,160,202,150.92012779552715,190.98722044728436,0.5891859639522369,0.9513677811550152,22.260815375532996,17.98668234315814,True,54.0,0.5873015873015873,0.5910543130990416,True,54.0,0.5873015873015873,0.5910543130990416,True,54.0,0.5873015873015873,0.5910543130990416,0.5873015873015873,54.0,0.5910543130990416
825,Colon,1,inflammatory,normal,203,825__ch1__id203,315.0,144,12,166,32,154.92698412698414,21.933333333333334,0.5415557244129219,0.963302752293578,21.8956139683255,18.406873127798306,True,55.0,0.7714285714285715,0.7714285714285715,True,55.0,0.7714285714285715,0.7714285714285715,True,55.0,0.7714285714285715,0.7714285714285715,0.7714285714285715,55.0,0.7714285714285715
825,Colon,1,inflammatory,normal,205,825__ch1__id205,451.0,146,52,171,78,158.47893569844788,64.42572062084257,0.7377899274881716,0.9678111587982833,29.29817218570126,19.777156498568647,True,58.0,0.5277161862527716,0.5277161862527716,True,58.0,0.5277161862527716,0.5277161862527716,True,58.0,0.5277161862527716,0.5277161862527716,0.5277161862527716,58.0,0.5277161862527716
825,Colon,1,inflammatory,normal,207,825__ch1__id207,237.0,149,32,168,49,157.65400843881858,39.79746835443038,0.6531926849384586,0.9713114754098361,20.023448644599032,15.161589724563065,True,57.0,0.7309236947791165,0.7679324894514767,True,57.0,0.7309236947791165,0.7679324894514767,True,57.0,0.7309236947791165,0.7679324894514767,0.7309236947791165,57.0,0.7679324894514767
825,Colon,1,inflammatory,normal,208,825__ch1__id208,275.0,150,94,171,112,160.33454545454546,102.61818181818182,0.7007583432139448,0.9615384615384616,22.172532762117758,15.817856658217698,True,56.0,0.746875,0.8690909090909091,True,56.0,0.746875,0.8690909090909091,True,56.0,0.746875,0.8690909090909091,0.746875,56.0,0.8690909090909091
825,Colon,1,inflammatory,normal,210,825__ch1__id210,277.0,151,118,171,136,160.92057761732852,126.85198555956678,0.47557748634635433,0.9618055555555556,20.038581860717635,17.627416136258667,True,59.0,0.8122743682310469,0.8122743682310469,True,59.0,0.8122743682310469,0.8122743682310469,True,59.0,0.8122743682310469,0.8122743682310469,0.8122743682310469,59.0,0.8122743682310469
825,Colon,1,inflammatory,normal,214,825__ch1__id214,162.0,156,77,170,92,162.78395061728395,84.25925925925925,0.48014880885050015,0.9585798816568047,15.341260979962172,13.45715546816724,False,,,,False,,,,False,,,,0.0,,0.0
825,Colon,1,inflammatory,normal,218,825__ch1__id218,261.0,159,161,179,178,168.98850574712642,168.64367816091954,0.54122413082103,0.9630996309963099,19.915569218739137,16.746571466155228,True,60.0,0.896551724137931,0.896551724137931,True,60.0,0.896551724137931,0.896551724137931,True,60.0,0.896551724137931,0.896551724137931,0.896551724137931,60.0,0.896551724137931
825,Colon,1,inflammatory,normal,223,825__ch1__id223,339.0,162,38,183,62,172.61061946902655,49.014749262536874,0.5121861405636452,0.9603399433427762,22.722846663382875,19.516072913963264,True,61.0,0.8357771260997068,0.8407079646017699,True,61.0,0.8357771260997068,0.8407079646017699,True,61.0,0.8357771260997068,0.8407079646017699,0.8357771260997068,61.0,0.8407079646017699
825,Colon,1,inflammatory,normal,227,825__ch1__id227,526.0,166,230,197,256,183.50950570342206,243.47148288973384,0.521789754827125,0.8470209339774557,30.2481411535982,25.803906352693605,True,66.0,0.29890453834115804,0.36311787072243346,True,66.0,0.29890453834115804,0.36311787072243346,False,,,,0.29890453834115804,66.0,0.36311787072243346
825,Colon,1,inflammatory,normal,235,825__ch1__id235,318.0,171,87,194,104,182.08490566037736,94.65094339622641,0.6748753124513983,0.9665653495440729,23.464002791915636,17.31483335744578,True,62.0,0.8301886792452831,0.8301886792452831,True,62.0,0.8301886792452831,0.8301886792452831,True,62.0,0.8301886792452831,0.8301886792452831,0.8301886792452831,62.0,0.8301886792452831
825,Colon,1,inflammatory,normal,238,825__ch1__id238,247.0,172,22,190,41,180.17004048582996,31.210526315789473,0.2192782346770539,0.95,18.010054363368525,17.571732283040053,True,63.0,0.8225806451612904,0.8259109311740891,True,63.0,0.8225806451612904,0.8259109311740891,True,63.0,0.8225806451612904,0.8259109311740891,0.8225806451612904,63.0,0.8259109311740891
825,Colon,1,inflammatory,normal,239,825__ch1__id239,200.0,174,0,192,14,182.525,5.505,0.5779143963813844,0.970873786407767,18.08584155936861,14.759808097987426,True,64.0,0.67,0.67,True,64.0,0.67,0.67,True,64.0,0.67,0.67,0.67,64.0,0.67
825,Colon,1,inflammatory,normal,240,825__ch1__id240,346.0,173,135,193,160,182.65028901734104,147.6849710982659,0.8009223665326921,0.9664804469273743,27.162604728930937,16.26410406461664,True,65.0,0.8323699421965318,0.8323699421965318,True,65.0,0.8323699421965318,0.8323699421965318,True,65.0,0.8323699421965318,0.8323699421965318,0.8323699421965318,65.0,0.8323699421965318
825,Colon,1,inflammatory,normal,242,825__ch1__id242,150.0,179,165,194,178,185.65333333333334,170.88,0.5838449507887606,0.967741935483871,15.376930092509033,12.483994145263726,False,,,,False,,,,False,,,,0.0,,0.0
825,Colon,1,inflammatory,normal,244,825__ch1__id244,243.0,180,10,199,27,189.92592592592592,18.189300411522634,0.5518742215644532,0.9604743083003953,19.484801452659386,16.248909056756617,True,67.0,0.7598425196850394,0.7942386831275721,True,67.0,0.7598425196850394,0.7942386831275721,True,67.0,0.7598425196850394,0.7942386831275721,0.7598425196850394,67.0,0.7942386831275721
825,Colon,1,inflammatory,normal,246,825__ch1__id246,278.0,181,64,199,83,189.69064748201438,73.05035971223022,0.3520555235030551,0.9788732394366197,19.473138736976626,18.226451209729458,True,68.0,0.7913669064748201,0.7913669064748201,True,68.0,0.7913669064748201,0.7913669064748201,True,68.0,0.7913669064748201,0.7913669064748201,0.7913669064748201,68.0,0.7913669064748201
825,Colon,1,inflammatory,normal,257,825__ch1__id257,585.0,191,107,220,132,205.09059829059828,119.52991452991454,0.5986611507374625,0.9733777038269551,30.518901506262022,24.445713005007825,True,69.0,0.717948717948718,0.717948717948718,True,69.0,0.717948717948718,0.717948717948718,True,69.0,0.717948717948718,0.717948717948718,0.717948717948718,69.0,0.717948717948718
825,Colon,1,inflammatory,normal,258,825__ch1__id258,18.0,197,254,207,256,201.5,254.55555555555554,0.9819886206309312,1.0,10.519822558706334,1.9876159799998159,False,,,,False,,,,False,,,,0.00625,66.0,0.1111111111111111
825,Colon,1,inflammatory,normal,260,825__ch1__id260,203.0,193,239,210,255,200.7832512315271,246.10344827586206,0.4158536559542305,0.9575471698113207,16.918617077301448,15.386324084509024,False,,,,False,,,,False,,,,0.2706766917293233,66.0,0.5320197044334976
825,Colon,1,inflammatory,normal,263,825__ch1__id263,252.0,195,50,210,71,202.11507936507937,59.551587301587304,0.7013280167393354,0.9618320610687023,21.336936116393005,15.209793813950032,True,71.0,0.8142292490118577,0.8174603174603174,True,71.0,0.8142292490118577,0.8174603174603174,True,71.0,0.8142292490118577,0.8174603174603174,0.8142292490118577,71.0,0.8174603174603174
825,Colon,1,inflammatory,normal,265,825__ch1__id265,268.0,195,158,215,176,204.32089552238807,166.4365671641791,0.5827870911177511,0.9710144927536232,20.502407095182864,16.66076624207265,True,70.0,0.8676470588235294,0.8805970149253731,True,70.0,0.8676470588235294,0.8805970149253731,True,70.0,0.8676470588235294,0.8805970149253731,0.8676470588235294,70.0,0.8805970149253731
825,Colon,1,inflammatory,normal,270,825__ch1__id270,442.0,199,0,221,25,209.13348416289594,12.214932126696832,0.5756738600782779,0.9692982456140351,26.295962310664063,21.501666775266813,True,73.0,0.7986425339366516,0.7986425339366516,True,73.0,0.7986425339366516,0.7986425339366516,True,73.0,0.7986425339366516,0.7986425339366516,0.7986425339366516,73.0,0.7986425339366516
825,Colon,1,inflammatory,normal,282,825__ch1__id282,380.0,209,226,231,250,219.64473684210526,237.41315789473686,0.6689320626291158,0.9669211195928753,25.560961517190915,19.000064580756504,True,75.0,0.8052631578947368,0.8052631578947368,True,75.0,0.8052631578947368,0.8052631578947368,True,75.0,0.8052631578947368,0.8052631578947368,0.8052631578947368,75.0,0.8052631578947368
825,Colon,1,inflammatory,normal,283,825__ch1__id283,266.0,210,44,227,64,217.50751879699249,52.8421052631579,0.5300511436148436,0.9708029197080292,20.20556191698322,17.133622939852547,True,74.0,0.7925925925925926,0.8045112781954887,True,74.0,0.7925925925925926,0.8045112781954887,True,74.0,0.7925925925925926,0.8045112781954887,0.7925925925925926,74.0,0.8045112781954887
825,Colon,1,inflammatory,normal,284,825__ch1__id284,208.0,211,169,227,186,218.71153846153845,176.9471153846154,0.4022718351657731,0.9497716894977168,17.10928687387608,15.66389899295493,True,76.0,0.7857142857142857,0.7932692307692307,True,76.0,0.7857142857142857,0.7932692307692307,True,76.0,0.7857142857142857,0.7932692307692307,0.7857142857142857,76.0,0.7932692307692307
825,Colon,1,inflammatory,normal,286,825__ch1__id286,109.0,215,0,236,7,224.1834862385321,2.4311926605504586,0.9307543110391047,0.9646017699115044,20.17320879624784,7.376236970437622,True,78.0,0.7610619469026548,0.7889908256880734,True,78.0,0.7610619469026548,0.7889908256880734,True,78.0,0.7610619469026548,0.7889908256880734,0.7610619469026548,78.0,0.7889908256880734
825,Colon,1,inflammatory,normal,287,825__ch1__id287,299.0,214,151,234,171,223.97658862876253,160.55518394648828,0.32511447348830147,0.9583333333333334,20.086521643128034,18.995314701342895,True,79.0,0.7357859531772575,0.7357859531772575,True,79.0,0.7357859531772575,0.7357859531772575,True,79.0,0.7357859531772575,0.7357859531772575,0.7357859531772575,79.0,0.7357859531772575
825,Colon,1,inflammatory,normal,293,825__ch1__id293,302.0,218,57,239,76,228.23841059602648,66.90728476821192,0.5593505366674656,0.9805194805194806,21.647094951684036,17.943952953615643,True,80.0,0.7947019867549668,0.7947019867549668,True,80.0,0.7947019867549668,0.7947019867549668,True,80.0,0.7947019867549668,0.7947019867549668,0.7947019867549668,80.0,0.7947019867549668
825,Colon,1,inflammatory,normal,294,825__ch1__id294,389.0,220,12,242,36,231.2107969151671,23.133676092544988,0.6160433725827916,0.9676616915422885,25.144716279499317,19.80680062589692,True,82.0,0.7557840616966581,0.7557840616966581,True,82.0,0.7557840616966581,0.7557840616966581,True,82.0,0.7557840616966581,0.7557840616966581,0.7557840616966581,82.0,0.7557840616966581
825,Colon,1,inflammatory,normal,295,825__ch1__id295,343.0,219,91,241,113,229.40524781341108,101.43440233236151,0.7228104363775593,0.927027027027027,25.46801222125609,17.599577167629942,True,81.0,0.6938775510204082,0.6938775510204082,True,81.0,0.6938775510204082,0.6938775510204082,True,81.0,0.6938775510204082,0.6938775510204082,0.6938775510204082,81.0,0.6938775510204082
825,Colon,1,inflammatory,normal,297,825__ch1__id297,107.0,221,249,241,256,230.81308411214954,252.5981308411215,0.9369388971662136,0.9385964912280702,20.226064201724224,7.068872078666237,False,,,,False,,,,False,,,,0.006688963210702341,88.0,0.018691588785046728
825,Colon,1,inflammatory,normal,301,825__ch1__id301,229.0,225,179,240,199,232.15720524017468,188.33187772925766,0.7303318826362359,0.9462809917355371,20.70542309567833,14.143718887237073,True,83.0,0.7641921397379913,0.7641921397379913,True,83.0,0.7641921397379913,0.7641921397379913,True,83.0,0.7641921397379913,0.7641921397379913,0.7641921397379913,83.0,0.7641921397379913
825,Colon,1,inflammatory,normal,305,825__ch1__id305,382.0,227,137,253,157,239.0759162303665,145.94240837696336,0.6550522268591444,0.9720101781170484,25.55099973513242,19.305916422613592,True,85.0,0.7853403141361257,0.7853403141361257,True,85.0,0.7853403141361257,0.7853403141361257,True,85.0,0.7853403141361257,0.7853403141361257,0.7853403141361257,85.0,0.7853403141361257
825,Colon,1,inflammatory,normal,306,825__ch1__id306,200.0,227,198,243,214,234.94,205.855,0.6074087954472431,0.975609756097561,17.94583495499574,14.255981473334378,True,84.0,0.7,0.77,True,84.0,0.7,0.77,True,84.0,0.7,0.77,0.7,84.0,0.77
825,Colon,1,inflammatory,normal,307,825__ch1__id307,281.0,229,31,249,49,239.04626334519574,39.729537366548044,0.5866640915467005,0.9623287671232876,21.06325400985631,17.05766298997886,True,86.0,0.8280701754385965,0.8398576512455516,True,86.0,0.8280701754385965,0.8398576512455516,True,86.0,0.8280701754385965,0.8398576512455516,0.8280701754385965,86.0,0.8398576512455516
825,Colon,1,inflammatory,normal,308,825__ch1__id308,223.0,232,167,251,182,241.05829596412556,173.8071748878924,0.6646530782229703,0.9695652173913043,19.50084091036043,14.570094565164453,True,87.0,0.8938053097345132,0.905829596412556,True,87.0,0.8938053097345132,0.905829596412556,True,87.0,0.8938053097345132,0.905829596412556,0.8938053097345132,87.0,0.905829596412556
825,Colon,1,inflammatory,normal,315,825__ch1__id315,238.0,240,91,256,109,247.75210084033614,99.97058823529412,0.4270119795580498,0.9596774193548387,18.37111567993099,16.612007267725236,True,89.0,0.7226890756302521,0.7226890756302521,True,89.0,0.7226890756302521,0.7226890756302521,True,89.0,0.7226890756302521,0.7226890756302521,0.7226890756302521,89.0,0.7226890756302521
825,Colon,1,inflammatory,normal,318,825__ch1__id318,279.0,241,183,256,207,249.11469534050178,194.7706093189964,0.7433604054301581,0.9755244755244755,23.73256346861547,15.874500554939278,True,90.0,0.6845878136200717,0.6845878136200717,True,90.0,0.6845878136200717,0.6845878136200717,True,90.0,0.6845878136200717,0.6845878136200717,0.6845878136200717,90.0,0.6845878136200717
825,Colon,1,inflammatory,normal,320,825__ch1__id320,39.0,243,0,256,4,249.07692307692307,1.205128205128205,0.9384176648195888,0.975,12.334783566500798,4.261704072277424,False,,,,False,,,,False,,,,0.0,,0.0
825,Colon,1,inflammatory,normal,324,825__ch1__id324,147.0,245,153,256,172,251.12244897959184,162.14965986394557,0.7764064838508933,0.9735099337748344,18.05490012510031,11.378784381544968,False,,,,False,,,,False,,,,0.0,,0.0
825,Colon,1,inflammatory,normal,327,825__ch1__id327,144.0,247,14,256,36,251.75694444444446,24.90277777777778,0.890886457233635,0.96,20.791155456187386,9.44388477984145,True,91.0,0.6111111111111112,0.6111111111111112,True,91.0,0.6111111111111112,0.6111111111111112,True,91.0,0.6111111111111112,0.6111111111111112,0.6111111111111112,91.0,0.6111111111111112
825,Colon,1,inflammatory,normal,329,825__ch1__id329,23.0,250,251,256,256,252.95652173913044,253.43478260869566,0.7610918642773147,0.9583333333333334,6.877759808001768,4.461218350716972,False,,,,False,,,,False,,,,0.0,,0.0
825,Colon,1,inflammatory,normal,330,825__ch1__id330,72.0,250,79,256,93,252.80555555555554,85.5,0.8936749804935986,1.0,14.52966314513558,6.519675823191379,True,92.0,0.5454545454545454,0.5833333333333334,True,92.0,0.5454545454545454,0.5833333333333334,True,92.0,0.5454545454545454,0.5833333333333334,0.5454545454545454,92.0,0.5833333333333334
825,Colon,1,inflammatory,normal,331,825__ch1__id331,83.0,250,111,256,129,252.96385542168676,119.39759036144578,0.9348068190098242,0.9651162790697675,17.693149881440746,6.283838970356772,False,,,,False,,,,False,,,,0.0,,0.0
825,Colon,1,inflammatory,normal,1153,825__ch1__id1153,85.0,1,220,9,233,3.988235294117647,225.8470588235294,0.7560500462471055,0.9770114942528736,13.189075300300557,8.632431926073666,True,5.0,0.8295454545454546,0.8588235294117647,True,5.0,0.8295454545454546,0.8588235294117647,True,5.0,0.8295454545454546,0.8588235294117647,0.8295454545454546,5.0,0.8588235294117647
825,Colon,1,inflammatory,normal,1154,825__ch1__id1154,190.0,1,237,14,255,6.094736842105263,246.06842105263158,0.7219223655510458,0.9693877551020408,19.07903893193792,13.202200008632884,True,3.0,0.7725118483412322,0.8578947368421053,True,3.0,0.7725118483412322,0.8578947368421053,True,3.0,0.7725118483412322,0.8578947368421053,0.7725118483412322,3.0,0.8578947368421053
825,Colon,1,inflammatory,normal,1155,825__ch1__id1155,134.0,1,12,12,28,5.753731343283582,19.395522388059703,0.7763516827644468,0.9241379310344827,16.957152534853854,10.68809290197205,True,1.0,0.8220858895705522,1.0,True,1.0,0.8220858895705522,1.0,True,1.0,0.8220858895705522,1.0,0.8220858895705522,1.0,1.0
854,Colon,1,inflammatory,normal,91,854__ch1__id91,281.0,13,93,32,115,21.26334519572954,103.27046263345196,0.7563872918725284,0.9656357388316151,23.517914218459538,15.383633150616493,True,3.0,0.9078014184397163,0.9110320284697508,True,3.0,0.9078014184397163,0.9110320284697508,True,3.0,0.9078014184397163,0.9110320284697508,0.9078014184397163,3.0,0.9110320284697508
854,Colon,1,inflammatory,normal,129,854__ch1__id129,273.0,187,4,206,24,196.34798534798534,14.245421245421245,0.6961394285531742,0.9479166666666666,22.077240855893294,15.849397069231618,True,9.0,0.7947019867549668,0.8791208791208791,True,9.0,0.7947019867549668,0.8791208791208791,True,9.0,0.7947019867549668,0.8791208791208791,0.7947019867549668,9.0,0.8791208791208791
854,Colon,1,inflammatory,normal,145,854__ch1__id145,322.0,231,11,252,33,240.7049689440994,21.437888198757765,0.6330593942045168,0.9526627218934911,23.093404559635943,17.876678952616,True,13.0,0.8571428571428571,0.8571428571428571,True,13.0,0.8571428571428571,0.8571428571428571,True,13.0,0.8571428571428571,0.8571428571428571,0.8571428571428571,13.0,0.8571428571428571
854,Colon,2,connective,normal,85,854__ch2__id85,587.0,7,29,39,54,23.015332197614992,40.34071550255537,0.6506654498410513,0.9638752052545156,31.575161723251885,23.977057487401986,True,2.0,0.8885298869143781,0.9369676320272572,True,2.0,0.8885298869143781,0.9369676320272572,True,2.0,0.8885298869143781,0.9369676320272572,0.8885298869143781,2.0,0.9369676320272572
854,Colon,2,connective,normal,96,854__ch2__id96,401.0,35,161,54,193,44.765586034912715,177.4214463840399,0.8893533770477922,0.9639423076923077,33.527331670094746,15.329382804061279,True,4.0,0.8217821782178217,0.827930174563591,True,4.0,0.8217821782178217,0.827930174563591,True,4.0,0.8217821782178217,0.827930174563591,0.8217821782178217,4.0,0.827930174563591
854,Colon,2,connective,normal,104,854__ch2__id104,849.0,78,7,121,41,100.06124852767962,23.492343934040047,0.8848752648441727,0.9507278835386338,48.636804974292524,22.656387680082556,True,5.0,0.7817142857142857,0.8056537102473498,True,5.0,0.7817142857142857,0.8056537102473498,True,5.0,0.7817142857142857,0.8056537102473498,0.7817142857142857,5.0,0.8056537102473498
854,Colon,2,connective,normal,106,854__ch2__id106,265.0,87,224,100,250,92.95471698113208,236.6377358490566,0.8850780641666917,0.9498207885304659,27.20227898405479,12.661099644341585,False,,,,False,,,,False,,,,0.0,,0.0
854,Colon,2,connective,normal,108,854__ch2__id108,46.0,103,248,111,256,106.8913043478261,251.91304347826087,0.7014762546872899,0.92,9.189573455573811,6.54934307500111,False,,,,False,,,,False,,,,0.0,,0.0
854,Colon,2,connective,normal,116,854__ch2__id116,162.0,101,68,114,83,107.11111111111111,75.10493827160494,0.5064956750018506,0.9700598802395209,15.456428527770028,13.327189596350362,False,,,,False,,,,False,,,,0.0,,0.0
854,Colon,2,connective,normal,118,854__ch2__id118,199.0,106,81,124,95,114.42713567839196,86.97989949748744,0.6878916212618454,0.9660194174757282,18.762028286950358,13.617731875026305,False,,,,False,,,,False,,,,0.0,,0.0
854,Colon,2,connective,normal,120,854__ch2__id120,399.0,110,23,134,47,121.95238095238095,34.96741854636591,0.7579000108132669,0.9432624113475178,28.166774523463804,18.375179349334523,True,7.0,0.6004566210045662,0.6591478696741855,True,7.0,0.6004566210045662,0.6591478696741855,True,7.0,0.6004566210045662,0.6591478696741855,0.6004566210045662,7.0,0.6591478696741855
854,Colon,2,connective,normal,121,854__ch2__id121,457.0,110,185,131,213,119.87527352297593,198.45295404814004,0.7396630349831986,0.9723404255319149,29.418664632035334,19.79809673648254,True,6.0,0.888646288209607,0.8905908096280087,True,6.0,0.888646288209607,0.8905908096280087,True,6.0,0.888646288209607,0.8905908096280087,0.888646288209607,6.0,0.8905908096280087
854,Colon,2,connective,normal,131,854__ch2__id131,722.0,190,135,216,174,202.07479224376732,154.75069252077563,0.7928033152780924,0.9601063829787234,39.087438750932826,23.822917025538125,True,10.0,0.8130489335006273,0.8975069252077562,True,10.0,0.8130489335006273,0.8975069252077562,True,10.0,0.8130489335006273,0.8975069252077562,0.8130489335006273,10.0,0.8975069252077562
854,Colon,2,connective,normal,132,854__ch2__id132,321.0,194,189,210,216,201.06542056074767,201.77570093457945,0.8113367541896911,0.9582089552238806,26.52518762146204,15.506069107921775,False,,,,False,,,,False,,,,0.0,,0.0
854,Colon,2,connective,normal,134,854__ch2__id134,621.0,202,70,236,95,217.82608695652175,81.93558776167473,0.7929801712382587,0.971830985915493,36.100802470761636,21.994321631731776,True,11.0,0.8869701726844584,0.9098228663446055,True,11.0,0.8869701726844584,0.9098228663446055,True,11.0,0.8869701726844584,0.9098228663446055,0.8869701726844584,11.0,0.9098228663446055
854,Colon,2,connective,normal,136,854__ch2__id136,317.0,207,122,223,151,215.4416403785489,135.29968454258676,0.9045667029407156,0.9378698224852071,31.16093663332293,13.284908299859243,False,,,,False,,,,False,,,,0.031746031746031744,10.0,0.10094637223974763
854,Colon,2,connective,normal,141,854__ch2__id141,742.0,212,201,243,233,227.0498652291105,217.59299191374663,0.5291255916757411,0.9636363636363636,33.560683826764034,28.477700845314438,True,12.0,0.7856209150326797,0.8099730458221024,True,12.0,0.7856209150326797,0.8099730458221024,True,12.0,0.7856209150326797,0.8099730458221024,0.7856209150326797,12.0,0.8099730458221024
854,Colon,2,connective,normal,143,854__ch2__id143,127.0,222,121,231,140,225.9291338582677,129.18897637795277,0.8665246420333109,0.9338235294117647,18.10994517563025,9.03929472323993,False,,,,False,,,,False,,,,0.0,,0.0
854,Colon,2,connective,normal,144,854__ch2__id144,201.0,231,239,248,256,238.60696517412936,248.54228855721394,0.49446068743872906,0.9392523364485982,17.7749991238515,15.450029121658808,False,,,,False,,,,False,,,,0.0,,0.0
854,Colon,2,connective,normal,149,854__ch2__id149,335.0,236,163,256,186,245.69253731343284,174.09253731343284,0.7895116592563628,0.9738372093023255,26.490683052667407,16.258274247527634,True,14.0,0.7940298507462686,0.7940298507462686,True,14.0,0.7940298507462686,0.7940298507462686,True,14.0,0.7940298507462686,0.7940298507462686,0.7940298507462686,14.0,0.7940298507462686
854,Colon,2,connective,normal,151,854__ch2__id151,320.0,239,197,256,220,247.625,207.93125,0.7199937768870927,0.9785932721712538,24.31803480334384,16.876242422510934,True,15.0,0.8204334365325078,0.828125,True,15.0,0.8204334365325078,0.828125,True,15.0,0.8204334365325078,0.828125,0.8204334365325078,15.0,0.828125
869,Lung,0,neoplastic,neoplastic,92,869__ch0__id92,572.0,0,221,24,256,9.388111888111888,242.22027972027973,0.7574900334250463,0.9711375212224108,34.93972265419716,22.810283585298475,True,1.0,0.9248251748251748,0.9248251748251748,True,1.0,0.9248251748251748,0.9248251748251748,True,1.0,0.9248251748251748,0.9248251748251748,0.9248251748251748,1.0,0.9248251748251748
869,Lung,0,neoplastic,neoplastic,98,869__ch0__id98,1225.0,0,182,37,232,16.782857142857143,207.44816326530614,0.8709198380594882,0.9714512291831879,56.51049046069395,27.770673814626623,True,2.0,0.8704156479217604,0.8718367346938776,True,2.0,0.8704156479217604,0.8718367346938776,True,2.0,0.8704156479217604,0.8718367346938776,0.8704156479217604,2.0,0.8718367346938776
869,Lung,0,neoplastic,neoplastic,102,869__ch0__id102,1536.0,12,96,65,135,38.595703125,114.58919270833333,0.7762091154483093,0.955818294959552,56.16308903419267,35.40945400077508,True,3.0,0.9398353388220393,0.9661458333333334,True,3.0,0.9398353388220393,0.9661458333333334,True,3.0,0.9398353388220393,0.9661458333333334,0.9398353388220393,3.0,0.9661458333333334
869,Lung,0,neoplastic,neoplastic,104,869__ch0__id104,1786.0,16,131,63,186,39.234042553191486,157.34826427771557,0.7813383763931459,0.9754232659748772,60.46875711235653,37.7390130659344,True,4.0,0.9411764705882353,0.9496080627099664,True,4.0,0.9411764705882353,0.9496080627099664,True,4.0,0.9411764705882353,0.9496080627099664,0.9411764705882353,4.0,0.9496080627099664
869,Lung,0,neoplastic,neoplastic,106,869__ch0__id106,1508.0,23,48,75,92,48.0815649867374,69.75663129973475,0.7894418127735343,0.9648112603966731,56.06313379851302,34.412975646018516,True,5.0,0.9216073781291173,0.9277188328912467,True,5.0,0.9216073781291173,0.9277188328912467,True,5.0,0.9216073781291173,0.9277188328912467,0.9216073781291173,5.0,0.9277188328912467
869,Lung,0,neoplastic,neoplastic,112,869__ch0__id112,664.0,40,24,73,49,55.846385542168676,36.14307228915663,0.6749578236614995,0.9665211062590975,33.92124706427696,25.02900623705773,True,6.0,0.896600566572238,0.9533132530120482,True,6.0,0.896600566572238,0.9533132530120482,True,6.0,0.896600566572238,0.9533132530120482,0.896600566572238,6.0,0.9533132530120482
869,Lung,0,neoplastic,neoplastic,118,869__ch0__id118,916.0,60,164,92,202,75.60152838427948,182.38318777292577,0.7003832652665652,0.9744680851063829,40.49070536106014,28.900927916244733,True,7.0,0.8942408376963351,0.9323144104803494,True,7.0,0.8942408376963351,0.9323144104803494,True,7.0,0.8942408376963351,0.9323144104803494,0.8942408376963351,7.0,0.9323144104803494
869,Lung,0,neoplastic,neoplastic,121,869__ch0__id121,1346.0,62,117,107,157,83.0111441307578,137.2964338781575,0.45555508441865894,0.9718411552346571,44.105468491015635,39.26302310269943,True,8.0,0.9464809384164223,0.9591381872213968,True,8.0,0.9464809384164223,0.9591381872213968,True,8.0,0.9464809384164223,0.9591381872213968,0.9464809384164223,8.0,0.9591381872213968
869,Lung,0,neoplastic,neoplastic,127,869__ch0__id127,1561.0,68,57,114,105,90.2703395259449,80.61563100576554,0.47990952938062875,0.9725856697819315,47.811877909993406,41.946220300006765,True,9.0,0.9309904153354632,0.9333760409993593,True,9.0,0.9309904153354632,0.9333760409993593,True,9.0,0.9309904153354632,0.9333760409993593,0.9309904153354632,9.0,0.9333760409993593
869,Lung,0,neoplastic,neoplastic,132,869__ch0__id132,1730.0,81,27,137,75,109.51445086705202,49.828323699421965,0.8376079656435916,0.9422657952069716,64.41617790287239,35.18874241995748,True,10.0,0.8952991452991453,0.96878612716763,True,10.0,0.8952991452991453,0.96878612716763,True,10.0,0.8952991452991453,0.96878612716763,0.8952991452991453,10.0,0.96878612716763
869,Lung,0,neoplastic,neoplastic,135,869__ch0__id135,514.0,84,184,112,212,98.04280155642023,197.61867704280155,0.7773327448132258,0.9716446124763705,32.363001190048585,20.35922950582614,True,11.0,0.8197674418604651,0.8229571984435797,True,11.0,0.8197674418604651,0.8229571984435797,True,11.0,0.8197674418604651,0.8229571984435797,0.8197674418604651,11.0,0.8229571984435797
869,Lung,0,neoplastic,neoplastic,143,869__ch0__id143,291.0,105,4,125,27,114.66666666666667,16.656357388316152,0.7119238434887828,0.917981072555205,23.386033583718838,16.422998244053154,True,14.0,0.22875,0.6288659793814433,False,,,,False,,,,0.22875,14.0,0.6288659793814433
869,Lung,0,neoplastic,neoplastic,145,869__ch0__id145,1525.0,109,177,162,241,135.4577049180328,211.1816393442623,0.94725088424302,0.9298780487804879,78.97421662008837,25.31068351504028,True,15.0,0.940192926045016,0.958688524590164,True,15.0,0.940192926045016,0.958688524590164,True,15.0,0.940192926045016,0.958688524590164,0.940192926045016,15.0,0.958688524590164
869,Lung,0,neoplastic,neoplastic,146,869__ch0__id146,725.0,111,89,141,122,125.8248275862069,104.92137931034483,0.6039983654754053,0.9731543624161074,34.0626973014314,27.14747770555143,True,16.0,0.8629441624365483,0.9379310344827586,True,16.0,0.8629441624365483,0.9379310344827586,True,16.0,0.8629441624365483,0.9379310344827586,0.8629441624365483,16.0,0.9379310344827586
869,Lung,0,neoplastic,neoplastic,148,869__ch0__id148,1050.0,118,107,160,144,140.41142857142856,125.97238095238096,0.760537473025869,0.9571558796718322,45.93189806519303,29.823307721300367,True,17.0,0.9445488721804511,0.9571428571428572,True,17.0,0.9445488721804511,0.9571428571428572,True,17.0,0.9445488721804511,0.9571428571428572,0.9445488721804511,17.0,0.9571428571428572
869,Lung,0,neoplastic,neoplastic,156,869__ch0__id156,429.0,136,238,174,256,157.80652680652682,248.72727272727272,0.8895154530149753,0.959731543624161,36.459355907978484,16.65846519590961,True,19.0,0.670774647887324,0.8881118881118881,True,19.0,0.670774647887324,0.8881118881118881,True,19.0,0.670774647887324,0.8881118881118881,0.670774647887324,19.0,0.8881118881118881
869,Lung,0,neoplastic,neoplastic,161,869__ch0__id161,889.0,138,197,172,242,155.99662542182227,221.35658042744657,0.8998756341319268,0.9518201284796574,51.82268137078324,22.602285475022192,True,18.0,0.8893617021276595,0.9403824521934758,True,18.0,0.8893617021276595,0.9403824521934758,True,18.0,0.8893617021276595,0.9403824521934758,0.8893617021276595,18.0,0.9403824521934758
869,Lung,0,neoplastic,neoplastic,162,869__ch0__id162,967.0,142,14,176,52,157.7549120992761,32.934850051706306,0.6057369963123426,0.9708835341365462,39.61244572832847,31.51823411810077,True,20.0,0.9331306990881459,0.9524301964839711,True,20.0,0.9331306990881459,0.9524301964839711,True,20.0,0.9331306990881459,0.9524301964839711,0.9331306990881459,20.0,0.9524301964839711
869,Lung,0,neoplastic,neoplastic,165,869__ch0__id165,926.0,149,121,176,170,162.8952483801296,145.59719222462203,0.8772271064778612,0.9625779625779626,49.85199836576317,23.932729166055008,True,22.0,0.9403620873269436,0.9535637149028078,True,22.0,0.9403620873269436,0.9535637149028078,True,22.0,0.9403620873269436,0.9535637149028078,0.9403620873269436,22.0,0.9535637149028078
869,Lung,0,neoplastic,neoplastic,171,869__ch0__id171,1118.0,156,46,194,85,174.76654740608228,65.46153846153847,0.5078574463531447,0.9696444058976583,40.67121406665581,35.03585645599159,True,23.0,0.9161518093556928,0.9284436493738819,True,23.0,0.9161518093556928,0.9284436493738819,True,23.0,0.9161518093556928,0.9284436493738819,0.9161518093556928,23.0,0.9284436493738819
869,Lung,0,neoplastic,neoplastic,179,869__ch0__id179,569.0,178,135,198,172,187.80140597539543,152.76625659050967,0.8538272666228139,0.966044142614601,37.328249390955435,19.431460311274552,True,25.0,0.9165302782324058,0.984182776801406,True,25.0,0.9165302782324058,0.984182776801406,True,25.0,0.9165302782324058,0.984182776801406,0.9165302782324058,25.0,0.984182776801406
869,Lung,0,neoplastic,neoplastic,183,869__ch0__id183,299.0,207,241,236,256,222.97993311036788,249.30100334448161,0.8553417883948519,0.9614147909967846,27.815268086830518,14.410092185154245,True,29.0,0.8361204013377926,0.8361204013377926,True,29.0,0.8361204013377926,0.8361204013377926,True,29.0,0.8361204013377926,0.8361204013377926,0.8361204013377926,29.0,0.8361204013377926
869,Lung,0,neoplastic,neoplastic,185,869__ch0__id185,1561.0,196,35,229,96,210.7078795643818,65.33888532991672,0.8475193470706608,0.9683622828784119,61.67968880238647,32.73738929662983,True,26.0,0.9186418962203715,0.9186418962203715,True,26.0,0.9186418962203715,0.9186418962203715,True,26.0,0.9186418962203715,0.9186418962203715,0.9186418962203715,26.0,0.9186418962203715
869,Lung,0,neoplastic,neoplastic,189,869__ch0__id189,1524.0,204,118,236,182,219.67125984251967,150.52034120734908,0.8832585524487615,0.9719387755102041,64.43969577370848,30.214888270476937,True,27.0,0.9785575048732943,0.9881889763779528,True,27.0,0.9785575048732943,0.9881889763779528,True,27.0,0.9785575048732943,0.9881889763779528,0.9785575048732943,27.0,0.9881889763779528
869,Lung,0,neoplastic,neoplastic,190,869__ch0__id190,1017.0,206,1,245,32,223.55457227138643,14.935103244837759,0.6383937784336764,0.9816602316602316,41.49907692102163,31.94225178918138,True,28.0,0.9217719132893497,0.9616519174041298,True,28.0,0.9217719132893497,0.9616519174041298,True,28.0,0.9217719132893497,0.9616519174041298,0.9217719132893497,28.0,0.9616519174041298
869,Lung,0,neoplastic,neoplastic,199,869__ch0__id199,773.0,230,177,256,219,242.86804657179817,198.60543337645538,0.863962502541637,0.96625,44.460137561643286,22.388175610682495,True,30.0,0.9370277078085643,0.96248382923674,True,30.0,0.9370277078085643,0.96248382923674,True,30.0,0.9370277078085643,0.96248382923674,0.9370277078085643,30.0,0.96248382923674
869,Lung,0,neoplastic,neoplastic,205,869__ch0__id205,702.0,240,125,256,180,248.15099715099714,150.4045584045584,0.9539431825645633,0.9736477115117892,55.205915914286344,16.561075892999387,True,31.0,0.8620253164556962,0.9700854700854701,True,31.0,0.8620253164556962,0.9700854700854701,True,31.0,0.8620253164556962,0.9700854700854701,0.8620253164556962,31.0,0.9700854700854701
869,Lung,0,neoplastic,neoplastic,206,869__ch0__id206,519.0,241,56,256,98,248.85934489402698,75.67244701348747,0.9217514775478627,0.9904580152671756,42.39910247507564,16.44157235282262,True,32.0,0.8285714285714286,0.838150289017341,True,32.0,0.8285714285714286,0.838150289017341,True,32.0,0.8285714285714286,0.838150289017341,0.8285714285714286,32.0,0.838150289017341
921,Prostate,0,neoplastic,neoplastic,81,921__ch0__id81,5.0,0,105,1,110,0.0,107.0,1.0,1.0,5.656854249492381,0.0,False,,,,False,,,,False,,,,0.0,,0.0
921,Prostate,0,neoplastic,neoplastic,85,921__ch0__id85,659.0,0,112,27,143,11.30804248861912,127.37329286798179,0.48088064915639395,0.9748520710059172,31.277995450523935,27.42411050736013,True,4.0,0.3550834597875569,0.3550834597875569,True,4.0,0.3550834597875569,0.3550834597875569,False,,,,0.3550834597875569,4.0,0.3550834597875569
921,Prostate,0,neoplastic,neoplastic,86,921__ch0__id86,445.0,0,183,20,210,8.296629213483145,196.7078651685393,0.6953462148977417,0.9823399558498896,28.439293426322823,20.438606943657426,True,2.0,0.6785714285714286,0.6831460674157304,True,2.0,0.6785714285714286,0.6831460674157304,True,2.0,0.6785714285714286,0.6831460674157304,0.6785714285714286,2.0,0.6831460674157304
921,Prostate,0,neoplastic,neoplastic,87,921__ch0__id87,551.0,0,144,24,172,10.172413793103448,156.68784029038113,0.5121451205901808,0.9786856127886323,29.025215347070585,24.929726463766016,True,1.0,0.7414965986394558,0.7912885662431942,True,1.0,0.7414965986394558,0.7912885662431942,True,1.0,0.7414965986394558,0.7912885662431942,0.7414965986394558,1.0,0.7912885662431942
921,Prostate,0,neoplastic,neoplastic,89,921__ch0__id89,395.0,0,210,22,232,9.893670886075949,220.8,0.40216494196977487,0.9610705596107056,23.514273811536086,21.528898626418325,True,3.0,0.8207547169811321,0.8810126582278481,True,3.0,0.8207547169811321,0.8810126582278481,True,3.0,0.8207547169811321,0.8810126582278481,0.8207547169811321,3.0,0.8810126582278481
921,Prostate,0,neoplastic,neoplastic,94,921__ch0__id94,350.0,21,147,43,168,31.514285714285716,157.98,0.31185754200711774,0.9459459459459459,22.02345446941007,20.925119953552393,True,6.0,0.8535211267605634,0.8657142857142858,True,6.0,0.8535211267605634,0.8657142857142858,True,6.0,0.8535211267605634,0.8657142857142858,0.8535211267605634,6.0,0.8657142857142858
921,Prostate,0,neoplastic,neoplastic,96,921__ch0__id96,695.0,26,195,59,224,42.67769784172662,209.15827338129498,0.4652966293079593,0.967966573816156,31.683060716393733,28.044413751294247,True,7.0,0.8430311231393776,0.8964028776978418,True,7.0,0.8430311231393776,0.8964028776978418,True,7.0,0.8430311231393776,0.8964028776978418,0.8430311231393776,7.0,0.8964028776978418
921,Prostate,0,neoplastic,neoplastic,98,921__ch0__id98,339.0,31,116,53,137,41.469026548672566,126.0589970501475,0.7316534888067238,0.9741379310344828,25.22560271622139,17.19570652162301,True,9.0,0.6843657817109144,0.6843657817109144,True,9.0,0.6843657817109144,0.6843657817109144,True,9.0,0.6843657817109144,0.6843657817109144,0.6843657817109144,9.0,0.6843657817109144
921,Prostate,0,neoplastic,neoplastic,104,921__ch0__id104,517.0,54,125,78,152,65.65957446808511,137.80077369439073,0.48432008835191215,0.9736346516007532,27.43357379931261,24.001383524575587,True,10.0,0.8557692307692307,0.8607350096711799,True,10.0,0.8557692307692307,0.8607350096711799,True,10.0,0.8557692307692307,0.8607350096711799,0.8557692307692307,10.0,0.8607350096711799
921,Prostate,0,neoplastic,neoplastic,108,921__ch0__id108,475.0,81,138,112,157,95.88631578947368,147.93052631578948,0.7954593795292357,0.977366255144033,31.833400131509407,19.291260462967212,False,,,,False,,,,False,,,,0.0,,0.0
921,Prostate,0,neoplastic,neoplastic,110,921__ch0__id110,662.0,89,104,118,135,102.86253776435045,119.56797583081571,0.5366964347960703,0.9692532942898975,31.673789653027267,26.725564744813855,True,11.0,0.8174962292609351,0.8187311178247734,True,11.0,0.8174962292609351,0.8187311178247734,True,11.0,0.8174962292609351,0.8187311178247734,0.8174962292609351,11.0,0.8187311178247734
921,Prostate,0,neoplastic,neoplastic,115,921__ch0__id115,737.0,110,86,141,118,125.24016282225237,101.08819538670285,0.30219202459477,0.9684625492772667,31.497211549527613,30.024624685664893,True,12.0,0.8384615384615385,0.8873812754409769,True,12.0,0.8384615384615385,0.8873812754409769,True,12.0,0.8384615384615385,0.8873812754409769,0.8384615384615385,12.0,0.8873812754409769
921,Prostate,0,neoplastic,neoplastic,116,921__ch0__id116,268.0,115,133,133,152,122.95522388059702,141.6492537313433,0.49383444716342145,0.9675090252707581,19.886161354917697,17.292129798638175,False,,,,False,,,,False,,,,0.0,,0.0
921,Prostate,0,neoplastic,neoplastic,117,921__ch0__id117,715.0,121,62,153,91,136.4,75.81818181818181,0.5184128578495565,0.9610215053763441,32.75730173965585,28.011766604520247,True,13.0,0.8470588235294118,0.9062937062937063,True,13.0,0.8470588235294118,0.9062937062937063,True,13.0,0.8470588235294118,0.9062937062937063,0.8470588235294118,13.0,0.9062937062937063
921,Prostate,0,neoplastic,neoplastic,119,921__ch0__id119,622.0,129,135,153,168,140.97909967845658,151.64630225080387,0.6845413287803931,0.9688473520249221,33.0531876099315,24.09491611944926,True,14.0,0.864951768488746,0.864951768488746,True,14.0,0.864951768488746,0.864951768488746,True,14.0,0.864951768488746,0.864951768488746,0.864951768488746,14.0,0.864951768488746
921,Prostate,0,neoplastic,neoplastic,120,921__ch0__id120,756.0,135,34,165,65,149.4206349206349,49.07804232804233,0.3760845446406464,0.9717223650385605,32.25202780239733,29.884256546902503,True,15.0,0.8494208494208494,0.873015873015873,True,15.0,0.8494208494208494,0.873015873015873,True,15.0,0.8494208494208494,0.873015873015873,0.8494208494208494,15.0,0.873015873015873
921,Prostate,0,neoplastic,neoplastic,121,921__ch0__id121,675.0,140,189,171,218,155.26074074074074,202.88444444444445,0.5380027114521527,0.9601706970128022,31.97383426483185,26.952123213666866,True,16.0,0.8652482269503546,0.9037037037037037,True,16.0,0.8652482269503546,0.9037037037037037,True,16.0,0.8652482269503546,0.9037037037037037,0.8652482269503546,16.0,0.9037037037037037
921,Prostate,0,neoplastic,neoplastic,125,921__ch0__id125,241.0,150,0,178,12,164.24066390041494,4.423236514522822,0.8858913551634882,0.9678714859437751,26.692024783107456,12.38223745130261,True,18.0,0.7302904564315352,0.7302904564315352,True,18.0,0.7302904564315352,0.7302904564315352,True,18.0,0.7302904564315352,0.7302904564315352,0.7302904564315352,18.0,0.7302904564315352
921,Prostate,0,neoplastic,neoplastic,126,921__ch0__id126,838.0,151,119,181,155,165.68257756563247,137.2255369928401,0.5468408612141408,0.96878612716763,35.73427370735065,29.91804071521071,True,17.0,0.9090909090909091,0.918854415274463,True,17.0,0.9090909090909091,0.918854415274463,True,17.0,0.9090909090909091,0.918854415274463,0.9090909090909091,17.0,0.918854415274463
921,Prostate,0,neoplastic,neoplastic,129,921__ch0__id129,806.0,166,50,196,84,180.5955334987593,66.55831265508685,0.5090613872230869,0.9757869249394673,34.55699475475351,29.74424954558012,True,19.0,0.8647642679900744,0.8647642679900744,True,19.0,0.8647642679900744,0.8647642679900744,True,19.0,0.8647642679900744,0.8647642679900744,0.8647642679900744,19.0,0.8647642679900744
921,Prostate,0,neoplastic,neoplastic,138,921__ch0__id138,556.0,178,22,203,50,189.94424460431654,35.356115107913666,0.5269050060127839,0.9754385964912281,28.912554385017184,24.57347912654679,False,,,,False,,,,False,,,,0.0,,0.0
921,Prostate,0,neoplastic,neoplastic,143,921__ch0__id143,922.0,193,187,227,222,209.8872017353579,203.77223427331887,0.547293325845013,0.9725738396624473,37.499807431361546,31.385121358068364,True,21.0,0.8268398268398268,0.8286334056399133,True,21.0,0.8268398268398268,0.8286334056399133,True,21.0,0.8268398268398268,0.8286334056399133,0.8268398268398268,21.0,0.8286334056399133
921,Prostate,0,neoplastic,neoplastic,147,921__ch0__id147,399.0,201,237,229,256,213.8295739348371,247.05012531328322,0.7550599249477336,0.973170731707317,28.288838089924663,18.547740373364814,False,,,,False,,,,False,,,,0.0,,0.0
921,Prostate,0,neoplastic,neoplastic,156,921__ch0__id156,13.0,251,252,256,256,253.53846153846155,254.0,0.8190050248742256,0.9285714285714286,5.547001962252292,3.182793979319569,False,,,,False,,,,False,,,,0.0,,0.0
949,Prostate,0,neoplastic,neoplastic,4,949__ch0__id4,390.0,20,29,45,49,31.97948717948718,38.3,0.621062221693342,0.9605911330049262,25.2151772613614,19.762679167578003,False,,,,False,,,,False,,,,0.0,,0.0
949,Prostate,0,neoplastic,neoplastic,8,949__ch0__id8,867.0,32,81,69,112,49.79815455594002,96.88119953863898,0.567831842842869,0.9796610169491525,36.714966483874726,30.221725636428516,True,3.0,0.8748564867967853,0.8788927335640139,True,3.0,0.8748564867967853,0.8788927335640139,True,3.0,0.8748564867967853,0.8788927335640139,0.8748564867967853,3.0,0.8788927335640139
949,Prostate,0,neoplastic,neoplastic,11,949__ch0__id11,753.0,47,143,79,175,62.85922974767596,159.066401062417,0.5961103759381466,0.9741267787839586,34.584656007671555,27.768106666661918,True,4.0,0.8884462151394422,0.8884462151394422,True,4.0,0.8884462151394422,0.8884462151394422,True,4.0,0.8884462151394422,0.8884462151394422,0.8884462151394422,4.0,0.8884462151394422
949,Prostate,0,neoplastic,neoplastic,12,949__ch0__id12,1031.0,48,53,86,88,66.57710960232784,70.4364694471387,0.504354368332146,0.9717247879359096,39.07029667052087,33.737074963092226,True,5.0,0.7749757516973812,0.7749757516973812,True,5.0,0.7749757516973812,0.7749757516973812,True,5.0,0.7749757516973812,0.7749757516973812,0.7749757516973812,5.0,0.7749757516973812
949,Prostate,0,neoplastic,neoplastic,17,949__ch0__id17,524.0,63,120,88,148,74.28625954198473,133.12977099236642,0.5479582182613781,0.9685767097966729,28.29538433614869,23.669250363875943,False,,,,False,,,,False,,,,0.0,,0.0
949,Prostate,0,neoplastic,neoplastic,21,949__ch0__id21,764.0,74,11,109,42,91.49607329842932,26.49738219895288,0.7572520787338803,0.9646464646464646,38.638368142875585,25.23559615323961,True,6.0,0.8664072632944229,0.8743455497382199,True,6.0,0.8664072632944229,0.8743455497382199,True,6.0,0.8664072632944229,0.8743455497382199,0.8664072632944229,6.0,0.8743455497382199
949,Prostate,0,neoplastic,neoplastic,23,949__ch0__id23,1089.0,81,84,122,120,100.5720844811754,101.14416896235078,0.4927654044330382,0.9714540588760036,39.97279648365003,34.78281657166336,True,7.0,0.9142335766423357,0.9201101928374655,True,7.0,0.9142335766423357,0.9201101928374655,True,7.0,0.9142335766423357,0.9201101928374655,0.9142335766423357,7.0,0.9201101928374655
949,Prostate,0,neoplastic,neoplastic,25,949__ch0__id25,1278.0,84,160,125,200,104.21126760563381,179.7887323943662,0.5434069938257401,0.9740853658536586,44.06114310066552,36.987980457284635,True,8.0,0.8943661971830986,0.8943661971830986,True,8.0,0.8943661971830986,0.8943661971830986,True,8.0,0.8943661971830986,0.8943661971830986,0.8943661971830986,8.0,0.8943661971830986
949,Prostate,0,neoplastic,neoplastic,27,949__ch0__id27,382.0,90,0,125,14,106.27486910994764,5.468586387434555,0.9084941823611786,0.9597989949748744,34.99019871266585,14.622316571116452,True,9.0,0.8047058823529412,0.8952879581151832,True,9.0,0.8047058823529412,0.8952879581151832,True,9.0,0.8047058823529412,0.8952879581151832,0.8047058823529412,9.0,0.8952879581151832
949,Prostate,0,neoplastic,neoplastic,29,949__ch0__id29,757.0,96,23,129,57,112.55878467635402,39.81902245706737,0.7778682600972734,0.9680306905370843,39.31711998684457,24.70795463990081,True,10.0,0.8562005277044855,0.857331571994716,True,10.0,0.8562005277044855,0.857331571994716,True,10.0,0.8562005277044855,0.857331571994716,0.8562005277044855,10.0,0.857331571994716
949,Prostate,0,neoplastic,neoplastic,34,949__ch0__id34,847.0,110,131,149,159,129.86658795749705,144.9952774498229,0.7060291376706525,0.9516853932584269,39.39803204419229,27.90100805072498,True,11.0,0.8203033838973163,0.8299881936245572,True,11.0,0.8203033838973163,0.8299881936245572,True,11.0,0.8203033838973163,0.8299881936245572,0.8203033838973163,11.0,0.8299881936245572
949,Prostate,0,neoplastic,neoplastic,35,949__ch0__id35,385.0,112,201,135,224,123.31168831168831,212.2,0.6833492530564144,0.9625,25.98721742363021,18.97305010864553,True,12.0,0.7610389610389611,0.7610389610389611,True,12.0,0.7610389610389611,0.7610389610389611,True,12.0,0.7610389610389611,0.7610389610389611,0.7610389610389611,12.0,0.7610389610389611
949,Prostate,0,neoplastic,neoplastic,39,949__ch0__id39,1266.0,122,72,161,114,142.16034755134282,92.78988941548184,0.39516915081201204,0.9760986892829607,41.98462716063508,38.56743003106441,True,13.0,0.9160784313725491,0.9225908372827805,True,13.0,0.9160784313725491,0.9225908372827805,True,13.0,0.9160784313725491,0.9225908372827805,0.9160784313725491,13.0,0.9225908372827805
949,Prostate,0,neoplastic,neoplastic,41,949__ch0__id41,1053.0,126,220,164,256,144.7587844254511,239.07692307692307,0.6373794592705607,0.9714022140221402,42.081207608559055,32.42567786502305,True,14.0,0.8964862298195632,0.8964862298195632,True,14.0,0.8964862298195632,0.8964862298195632,True,14.0,0.8964862298195632,0.8964862298195632,0.8964862298195632,14.0,0.8964862298195632
949,Prostate,0,neoplastic,neoplastic,46,949__ch0__id46,1083.0,128,15,164,54,145.52446906740536,33.533702677747,0.3955398093513601,0.9635231316725978,38.819309924434904,35.65354990597681,True,15.0,0.900359066427289,0.9261311172668514,True,15.0,0.900359066427289,0.9261311172668514,True,15.0,0.900359066427289,0.9261311172668514,0.900359066427289,15.0,0.9261311172668514
949,Prostate,0,neoplastic,neoplastic,50,949__ch0__id50,293.0,136,197,157,218,146.30034129692834,207.10580204778157,0.8095427238354633,0.9451612903225807,25.29669822725429,14.850704108334702,False,,,,False,,,,False,,,,0.0,,0.0
949,Prostate,0,neoplastic,neoplastic,52,949__ch0__id52,413.0,139,116,165,135,151.83535108958839,124.8135593220339,0.7098415541876938,0.9672131147540983,27.419863936288184,19.313493480167285,True,16.0,0.7699757869249395,0.7699757869249395,True,16.0,0.7699757869249395,0.7699757869249395,True,16.0,0.7699757869249395,0.7699757869249395,0.7699757869249395,16.0,0.7699757869249395
949,Prostate,0,neoplastic,neoplastic,62,949__ch0__id62,1212.0,188,212,222,256,204.19719471947195,235.07508250825083,0.7106522115126646,0.9588607594936709,47.45226607216594,33.384732609370204,True,19.0,0.8044871794871795,0.8283828382838284,True,19.0,0.8044871794871795,0.8283828382838284,True,19.0,0.8044871794871795,0.8283828382838284,0.8044871794871795,19.0,0.8283828382838284
949,Prostate,0,neoplastic,neoplastic,80,949__ch0__id80,113.0,250,206,256,232,253.0,218.0353982300885,0.9648056633878644,0.9495798319327731,24.39015003819279,6.413729865642805,False,,,,False,,,,False,,,,0.0,,0.0
949,Prostate,0,neoplastic,neoplastic,81,949__ch0__id81,34.0,252,245,256,256,253.7941176470588,250.94117647058823,0.9412653946265341,0.9444444444444444,11.579925751656951,3.9101665733181874,False,,,,False,,,,False,,,,0.0,,0.0
949,Prostate,2,connective,normal,51,949__ch2__id51,180.0,140,0,162,10,151.05,3.8777777777777778,0.8777993961773508,0.967741935483871,22.360845275723197,10.711480216651234,True,17.0,0.6,0.6,True,17.0,0.6,0.6,True,17.0,0.6,0.6,0.6,17.0,0.6
949,Prostate,2,connective,normal,61,949__ch2__id61,429.0,185,146,207,176,195.1911421911422,160.17249417249417,0.8777654136130533,0.9575892857142857,33.873988016449374,16.228711917825358,True,18.0,0.7226107226107226,0.7226107226107226,True,18.0,0.7226107226107226,0.7226107226107226,True,18.0,0.7226107226107226,0.7226107226107226,0.7226107226107226,18.0,0.7226107226107226
949,Prostate,2,connective,normal,66,949__ch2__id66,154.0,202,27,213,46,207.07142857142858,35.753246753246756,0.8399231590888584,0.9506172839506173,19.08604965304391,10.358101079605534,False,,,,False,,,,False,,,,0.0,,0.0
949,Prostate,2,connective,normal,69,949__ch2__id69,183.0,215,57,229,75,221.63934426229508,65.00546448087432,0.7198560732606989,0.9682539682539683,18.376285130750748,12.75540871165989,False,,,,False,,,,False,,,,0.0,,0.0
949,Prostate,2,connective,normal,71,949__ch2__id71,966.0,224,11,256,49,241.30538302277432,29.217391304347824,0.5431281054280175,0.982706002034588,38.573394758976306,32.38814490490169,True,20.0,0.8586171310629515,0.8612836438923396,True,20.0,0.8586171310629515,0.8612836438923396,True,20.0,0.8586171310629515,0.8612836438923396,0.8586171310629515,20.0,0.8612836438923396
949,Prostate,2,connective,normal,73,949__ch2__id73,848.0,226,171,256,209,241.95872641509433,188.77712264150944,0.657851759616616,0.9758342922899885,38.11690027211881,28.707645759227695,True,21.0,0.8160377358490566,0.8160377358490566,True,21.0,0.8160377358490566,0.8160377358490566,True,21.0,0.8160377358490566,0.8160377358490566,0.8160377358490566,21.0,0.8160377358490566
955,Kidney,0,neoplastic,neoplastic,39,955__ch0__id39,235.0,34,0,57,14,43.85957446808511,5.587234042553192,0.8454876359299007,0.9631147540983607,24.128737578183273,12.884625165782069,True,12.0,0.6468085106382979,0.6468085106382979,True,12.0,0.6468085106382979,0.6468085106382979,True,12.0,0.6468085106382979,0.6468085106382979,0.6468085106382979,12.0,0.6468085106382979
955,Kidney,0,neoplastic,neoplastic,67,955__ch0__id67,101.0,63,0,83,6,72.14851485148515,2.1683168316831685,0.9496588396950901,0.9805825242718447,20.6112783613727,6.45722397878876,True,13.0,0.32673267326732675,0.32673267326732675,True,13.0,0.32673267326732675,0.32673267326732675,False,,,,0.32673267326732675,13.0,0.32673267326732675
955,Kidney,0,neoplastic,neoplastic,73,955__ch0__id73,110.0,72,243,88,256,80.95454545454545,249.73636363636365,0.8758048975310547,0.9090909090909091,17.887233232985825,8.633546602537626,False,,,,False,,,,False,,,,0.0,,0.0
955,Kidney,0,neoplastic,neoplastic,78,955__ch0__id78,82.0,79,59,93,67,84.59756097560975,62.18292682926829,0.8344590494252538,0.9425287356321839,13.916528910737016,7.6689809546437555,False,,,,False,,,,False,,,,0.0,,0.0
955,Kidney,0,neoplastic,neoplastic,85,955__ch0__id85,190.0,84,29,104,43,93.80526315789474,34.88947368421053,0.8234357508153383,0.8296943231441049,22.09613219440688,12.537555779663846,True,17.0,0.602510460251046,0.7578947368421053,True,17.0,0.602510460251046,0.7578947368421053,True,17.0,0.602510460251046,0.7578947368421053,0.602510460251046,17.0,0.7578947368421053
955,Kidney,0,neoplastic,neoplastic,86,955__ch0__id86,271.0,84,39,105,57,93.85977859778598,48.22509225092251,0.44455753616238247,0.9508771929824561,19.796602846258438,17.732812906373123,True,18.0,0.5461254612546126,0.5461254612546126,True,18.0,0.5461254612546126,0.5461254612546126,True,18.0,0.5461254612546126,0.5461254612546126,0.5461254612546126,18.0,0.5461254612546126
955,Kidney,0,neoplastic,neoplastic,88,955__ch0__id88,323.0,89,11,113,29,100.40247678018576,19.479876160990713,0.6514759576517795,0.9613095238095238,23.305797100063188,17.68139230858759,True,19.0,0.7753846153846153,0.7801857585139319,True,19.0,0.7753846153846153,0.7801857585139319,True,19.0,0.7753846153846153,0.7801857585139319,0.7753846153846153,19.0,0.7801857585139319
955,Kidney,0,neoplastic,neoplastic,89,955__ch0__id89,120.0,91,237,103,250,96.75833333333334,242.54166666666666,0.6130181571879488,0.9448818897637795,13.930037320699237,11.005688136370102,True,20.0,0.7723577235772358,0.7916666666666666,True,20.0,0.7723577235772358,0.7916666666666666,True,20.0,0.7723577235772358,0.7916666666666666,0.7723577235772358,20.0,0.7916666666666666
955,Kidney,0,neoplastic,neoplastic,91,955__ch0__id91,179.0,93,64,110,78,100.93296089385476,70.77094972067039,0.6330833378924553,0.9728260869565217,17.170562509880273,13.291451590241978,True,21.0,0.36312849162011174,0.36312849162011174,True,21.0,0.36312849162011174,0.36312849162011174,False,,,,0.36312849162011174,21.0,0.36312849162011174
955,Kidney,0,neoplastic,neoplastic,99,955__ch0__id99,100.0,105,25,117,37,110.88,30.63,0.7683296974054877,0.970873786407767,14.157308883703239,9.061446086106638,True,23.0,0.52,0.52,True,23.0,0.52,0.52,True,23.0,0.52,0.52,0.52,23.0,0.52
955,Kidney,0,neoplastic,neoplastic,100,955__ch0__id100,166.0,105,237,119,252,111.0,243.34939759036143,0.3959189838437488,0.9651162790697675,15.35980958006928,14.104689573118565,True,22.0,0.531578947368421,0.608433734939759,True,22.0,0.531578947368421,0.608433734939759,True,22.0,0.531578947368421,0.608433734939759,0.531578947368421,22.0,0.608433734939759
955,Kidney,0,neoplastic,neoplastic,104,955__ch0__id104,116.0,106,209,117,224,111.55172413793103,216.23275862068965,0.7248479586240999,0.9508196721311475,14.855792252239253,10.23428711505174,False,,,,False,,,,False,,,,0.0,,0.0
955,Kidney,0,neoplastic,neoplastic,110,955__ch0__id110,322.0,113,122,134,141,123.15217391304348,131.2391304347826,0.4490803317965892,0.972809667673716,21.41674623354172,19.135678260683754,True,24.0,0.7329192546583851,0.7329192546583851,True,24.0,0.7329192546583851,0.7329192546583851,True,24.0,0.7329192546583851,0.7329192546583851,0.7329192546583851,24.0,0.7329192546583851
955,Kidney,0,neoplastic,neoplastic,111,955__ch0__id111,246.0,113,169,132,186,121.97967479674797,176.72357723577235,0.35730624404729217,0.9498069498069498,18.329955246336105,17.11994512903644,True,25.0,0.7479674796747967,0.7479674796747967,True,25.0,0.7479674796747967,0.7479674796747967,True,25.0,0.7479674796747967,0.7479674796747967,0.7479674796747967,25.0,0.7479674796747967
955,Kidney,0,neoplastic,neoplastic,113,955__ch0__id113,196.0,114,80,132,94,122.85204081632654,86.96938775510205,0.6919761581545848,0.9607843137254902,18.60547540464576,13.431671377910849,True,26.0,0.6326530612244898,0.6326530612244898,True,26.0,0.6326530612244898,0.6326530612244898,True,26.0,0.6326530612244898,0.6326530612244898,0.6326530612244898,26.0,0.6326530612244898
955,Kidney,0,neoplastic,neoplastic,114,955__ch0__id114,72.0,116,251,135,256,125.05555555555556,253.36111111111111,0.9557039560781415,0.972972972972973,18.15882763543995,5.344681551008546,False,,,,False,,,,False,,,,0.0,,0.0
955,Kidney,0,neoplastic,neoplastic,117,955__ch0__id117,94.0,116,200,122,220,118.56382978723404,209.37234042553192,0.9598970246626752,0.9215686274509803,20.737497862241586,5.8138159448348254,False,,,,False,,,,False,,,,0.013888888888888888,28.0,0.031914893617021274
955,Kidney,0,neoplastic,neoplastic,118,955__ch0__id118,313.0,118,147,138,166,127.69968051118211,155.79233226837061,0.3763781143366483,0.9720496894409938,20.751791463070866,19.225832207469704,True,27.0,0.7380191693290735,0.7380191693290735,True,27.0,0.7380191693290735,0.7380191693290735,True,27.0,0.7380191693290735,0.7380191693290735,0.7380191693290735,27.0,0.7380191693290735
955,Kidney,0,neoplastic,neoplastic,122,955__ch0__id122,216.0,120,210,136,227,127.58333333333333,217.96296296296296,0.4946799670078708,0.972972972972973,17.797894801981215,15.46770926093607,True,28.0,0.5570776255707762,0.5648148148148148,True,28.0,0.5570776255707762,0.5648148148148148,True,28.0,0.5570776255707762,0.5648148148148148,0.5570776255707762,28.0,0.5648148148148148
955,Kidney,0,neoplastic,neoplastic,123,955__ch0__id123,215.0,120,95,137,111,128.64186046511628,102.48372093023256,0.36827476410566734,0.9598214285714286,17.20647157736508,15.997149117299752,True,29.0,0.6232558139534884,0.6232558139534884,True,29.0,0.6232558139534884,0.6232558139534884,True,29.0,0.6232558139534884,0.6232558139534884,0.6232558139534884,29.0,0.6232558139534884
955,Kidney,0,neoplastic,neoplastic,125,955__ch0__id125,170.0,122,111,139,124,130.5,116.67058823529412,0.7256415902098319,0.9550561797752809,17.810427514912707,12.254872081303832,True,30.0,0.6176470588235294,0.6176470588235294,True,30.0,0.6176470588235294,0.6176470588235294,True,30.0,0.6176470588235294,0.6176470588235294,0.6176470588235294,30.0,0.6176470588235294
955,Kidney,0,neoplastic,neoplastic,130,955__ch0__id130,209.0,132,220,148,238,140.37799043062202,228.64114832535884,0.6541658791762544,0.9372197309417041,19.135413838707485,14.473091508895676,True,31.0,0.2966507177033493,0.2966507177033493,True,31.0,0.2966507177033493,0.2966507177033493,False,,,,0.2966507177033493,31.0,0.2966507177033493
955,Kidney,0,neoplastic,neoplastic,135,955__ch0__id135,10.0,145,254,152,256,148.0,254.7,0.9643650760992954,0.8333333333333334,6.928203230275509,1.8330302779823366,False,,,,False,,,,False,,,,0.0,,0.0
955,Kidney,0,neoplastic,neoplastic,139,955__ch0__id139,171.0,142,52,157,67,148.75438596491227,58.771929824561404,0.43639687090016255,0.9715909090909091,15.595512377475863,14.032129068408015,True,32.0,0.41522491349480967,0.7017543859649122,True,32.0,0.41522491349480967,0.7017543859649122,False,,,,0.41522491349480967,32.0,0.7017543859649122
955,Kidney,0,neoplastic,neoplastic,141,955__ch0__id141,112.0,143,81,156,93,149.36607142857142,86.67857142857143,0.7362010080797544,0.9491525423728814,14.522269386803915,9.828133712219282,False,,,,False,,,,False,,,,0.0,,0.0
955,Kidney,0,neoplastic,neoplastic,155,955__ch0__id155,119.0,164,226,176,240,170.10084033613447,232.48739495798318,0.675496812732031,0.952,14.423445596205248,10.635313767606487,True,33.0,0.5210084033613446,0.5210084033613446,True,33.0,0.5210084033613446,0.5210084033613446,True,33.0,0.5210084033613446,0.5210084033613446,0.5210084033613446,33.0,0.5210084033613446
955,Kidney,0,neoplastic,neoplastic,171,955__ch0__id171,335.0,177,109,197,132,186.1373134328358,118.8268656716418,0.712735212979584,0.9654178674351584,24.931601656618934,17.48785281330742,True,34.0,0.6447761194029851,0.6447761194029851,True,34.0,0.6447761194029851,0.6447761194029851,True,34.0,0.6447761194029851,0.6447761194029851,0.6447761194029851,34.0,0.6447761194029851
955,Kidney,0,neoplastic,neoplastic,175,955__ch0__id175,325.0,185,1,206,21,195.32,10.683076923076923,0.27536400867060645,0.9672619047619048,20.76517839701429,19.96239732518551,True,35.0,0.7692307692307693,0.7692307692307693,True,35.0,0.7692307692307693,0.7692307692307693,True,35.0,0.7692307692307693,0.7692307692307693,0.7692307692307693,35.0,0.7692307692307693
955,Kidney,0,neoplastic,neoplastic,186,955__ch0__id186,224.0,197,133,213,150,204.64732142857142,141.53125,0.4224798317149815,0.9824561403508771,17.78582329675792,16.12057801615285,True,36.0,0.6830357142857143,0.6830357142857143,True,36.0,0.6830357142857143,0.6830357142857143,True,36.0,0.6830357142857143,0.6830357142857143,0.6830357142857143,36.0,0.6830357142857143
955,Kidney,0,neoplastic,neoplastic,188,955__ch0__id188,133.0,202,76,217,89,208.6766917293233,81.7218045112782,0.8064297372722261,0.9432624113475178,17.024815517776496,10.067282863724525,True,37.0,0.41353383458646614,0.41353383458646614,True,37.0,0.41353383458646614,0.41353383458646614,False,,,,0.41353383458646614,37.0,0.41353383458646614
955,Kidney,0,neoplastic,neoplastic,193,955__ch0__id193,17.0,211,0,221,2,215.7058823529412,0.4117647058823529,0.9815532587249961,0.9444444444444444,10.247242840211568,1.9591592153707706,False,,,,False,,,,False,,,,0.0,,0.0
955,Kidney,0,neoplastic,neoplastic,199,955__ch0__id199,244.0,212,92,231,109,221.80737704918033,100.81147540983606,0.6665090106999982,0.9568627450980393,20.54176058940388,15.313820365716882,True,39.0,0.6967213114754098,0.6967213114754098,True,39.0,0.6967213114754098,0.6967213114754098,True,39.0,0.6967213114754098,0.6967213114754098,0.6967213114754098,39.0,0.6967213114754098
955,Kidney,0,neoplastic,neoplastic,201,955__ch0__id201,188.0,212,60,228,76,219.88829787234042,67.7127659574468,0.7237757803220815,0.9791666666666666,18.684360946049534,12.89286731875902,True,38.0,0.7712765957446809,0.7712765957446809,True,38.0,0.7712765957446809,0.7712765957446809,True,38.0,0.7712765957446809,0.7712765957446809,0.7712765957446809,38.0,0.7712765957446809
955,Kidney,0,neoplastic,neoplastic,205,955__ch0__id205,170.0,215,18,230,32,221.9,24.11764705882353,0.3798448765853818,0.9659090909090909,15.31225016208432,14.164600051809723,False,,,,False,,,,False,,,,0.0,,0.0
955,Kidney,0,neoplastic,neoplastic,208,955__ch0__id208,135.0,216,120,230,133,223.0074074074074,126.62222222222222,0.571518278865159,0.9642857142857143,14.500486662125645,11.898944709081317,False,,,,False,,,,False,,,,0.0,,0.0
955,Kidney,0,neoplastic,neoplastic,212,955__ch0__id212,120.0,220,182,233,195,226.2,188.0,0.4728172251597499,0.9302325581395349,13.204954915225521,11.635685011500671,True,40.0,0.7583333333333333,0.7583333333333333,True,40.0,0.7583333333333333,0.7583333333333333,True,40.0,0.7583333333333333,0.7583333333333333,0.7583333333333333,40.0,0.7583333333333333
955,Kidney,0,neoplastic,neoplastic,216,955__ch0__id216,206.0,223,198,240,213,231.1747572815534,204.48058252427185,0.44565470684526004,0.976303317535545,17.177094684015948,15.377019993589059,True,41.0,0.6941747572815534,0.6941747572815534,True,41.0,0.6941747572815534,0.6941747572815534,True,41.0,0.6941747572815534,0.6941747572815534,0.6941747572815534,41.0,0.6941747572815534
955,Kidney,0,neoplastic,neoplastic,219,955__ch0__id219,231.0,226,0,247,13,235.7229437229437,5.294372294372295,0.7725082493255749,0.9788135593220338,21.856864394012703,13.879212231889536,True,42.0,0.8008658008658008,0.8008658008658008,True,42.0,0.8008658008658008,0.8008658008658008,True,42.0,0.8008658008658008,0.8008658008658008,0.8008658008658008,42.0,0.8008658008658008
955,Kidney,0,neoplastic,neoplastic,223,955__ch0__id223,218.0,231,74,247,91,238.79357798165137,82.18348623853211,0.4733921892195072,0.9646017699115044,17.758053262096592,15.642212591968002,True,43.0,0.7981651376146789,0.7981651376146789,True,43.0,0.7981651376146789,0.7981651376146789,True,43.0,0.7981651376146789,0.7981651376146789,0.7981651376146789,43.0,0.7981651376146789
955,Kidney,0,neoplastic,neoplastic,226,955__ch0__id226,201.0,233,55,250,71,241.28855721393035,62.90547263681592,0.5624850346668647,0.9804878048780488,17.61199438357525,14.561728446877407,True,44.0,0.8109452736318408,0.8109452736318408,True,44.0,0.8109452736318408,0.8109452736318408,True,44.0,0.8109452736318408,0.8109452736318408,0.8109452736318408,44.0,0.8109452736318408
955,Kidney,0,neoplastic,neoplastic,228,955__ch0__id228,128.0,236,188,248,202,242.109375,194.3203125,0.5032662773967131,0.9922480620155039,13.823751895823957,11.945537899575873,True,45.0,0.6515151515151515,0.671875,True,45.0,0.6515151515151515,0.671875,True,45.0,0.6515151515151515,0.671875,0.6515151515151515,45.0,0.671875
955,Kidney,0,neoplastic,neoplastic,233,955__ch0__id233,174.0,238,20,254,34,245.8505747126437,26.64367816091954,0.507155799031926,0.9666666666666667,16.033086244419827,13.818185820308745,True,46.0,0.7586206896551724,0.7586206896551724,True,46.0,0.7586206896551724,0.7586206896551724,True,46.0,0.7586206896551724,0.7586206896551724,0.7586206896551724,46.0,0.7586206896551724
955,Kidney,0,neoplastic,neoplastic,235,955__ch0__id235,147.0,243,242,256,256,249.85714285714286,249.2312925170068,0.5209231554536782,0.9607843137254902,15.064327568575328,12.858963892738208,True,47.0,0.7959183673469388,0.7959183673469388,True,47.0,0.7959183673469388,0.7959183673469388,True,47.0,0.7959183673469388,0.7959183673469388,0.7959183673469388,47.0,0.7959183673469388
955,Kidney,0,neoplastic,neoplastic,239,955__ch0__id239,137.0,247,49,256,72,252.2919708029197,59.02919708029197,0.9462843871013032,0.8954248366013072,24.63178233740433,7.964330159528929,False,,,,False,,,,False,,,,0.0,,0.0
955,Kidney,0,neoplastic,neoplastic,244,955__ch0__id244,28.0,253,154,256,166,254.21428571428572,158.92857142857142,0.9668131536846801,0.9032258064516129,11.957969817984457,3.055075849208596,False,,,,False,,,,False,,,,0.0,,0.0
955,Kidney,1,inflammatory,normal,1,955__ch1__id1,100.0,0,219,10,231,4.32,224.52,0.5332868662789638,0.9803921568627451,12.271564572604117,10.380939405487709,True,1.0,0.67,0.67,True,1.0,0.67,0.67,True,1.0,0.67,0.67,0.67,1.0,0.67
955,Kidney,1,inflammatory,normal,8,955__ch1__id8,89.0,6,182,17,193,10.842696629213483,187.38202247191012,0.41102080238939726,0.9468085106382979,11.187576898414735,10.19888558566698,True,2.0,0.4943820224719101,0.4943820224719101,True,2.0,0.4943820224719101,0.4943820224719101,False,,,,0.4943820224719101,2.0,0.4943820224719101
955,Kidney,1,inflammatory,normal,9,955__ch1__id9,90.0,7,236,18,248,12.122222222222222,241.6,0.6619245359806929,0.9090909090909091,12.44767058859491,9.330406452676657,True,5.0,0.6777777777777778,0.6777777777777778,True,5.0,0.6777777777777778,0.6777777777777778,True,5.0,0.6777777777777778,0.6777777777777778,0.6777777777777778,5.0,0.6777777777777778
955,Kidney,1,inflammatory,normal,10,955__ch1__id10,122.0,8,48,21,61,14.12295081967213,54.23770491803279,0.28196339646567925,0.9606299212598425,12.735883777269486,12.219127366672364,True,4.0,0.7377049180327869,0.7377049180327869,True,4.0,0.7377049180327869,0.7377049180327869,True,4.0,0.7377049180327869,0.7377049180327869,0.7377049180327869,4.0,0.7377049180327869
955,Kidney,1,inflammatory,normal,13,955__ch1__id13,69.0,10,117,20,126,14.594202898550725,121.01449275362319,0.45179655690780124,0.971830985915493,9.929705278845418,8.858498561470233,True,7.0,0.6811594202898551,0.6811594202898551,True,7.0,0.6811594202898551,0.6811594202898551,True,7.0,0.6811594202898551,0.6811594202898551,0.6811594202898551,7.0,0.6811594202898551
955,Kidney,1,inflammatory,normal,16,955__ch1__id16,57.0,14,109,23,117,17.842105263157894,112.63157894736842,0.4812593996177157,1.0,9.07509582736056,7.9550314217417695,True,8.0,0.847457627118644,0.8771929824561403,True,8.0,0.847457627118644,0.8771929824561403,True,8.0,0.847457627118644,0.8771929824561403,0.847457627118644,8.0,0.8771929824561403
955,Kidney,1,inflammatory,normal,21,955__ch1__id21,84.0,19,150,31,159,24.30952380952381,153.8452380952381,0.676005930420221,0.9655172413793104,12.03297800260624,8.86705553996844,True,9.0,0.6428571428571429,0.6428571428571429,True,9.0,0.6428571428571429,0.6428571428571429,True,9.0,0.6428571428571429,0.6428571428571429,0.6428571428571429,9.0,0.6428571428571429
955,Kidney,1,inflammatory,normal,27,955__ch1__id27,110.0,22,59,34,71,27.636363636363637,64.77272727272727,0.5006942892911552,0.9401709401709402,12.736033398838803,11.024618523751336,True,10.0,0.6636363636363637,0.6636363636363637,True,10.0,0.6636363636363637,0.6636363636363637,True,10.0,0.6636363636363637,0.6636363636363637,0.6636363636363637,10.0,0.6636363636363637
955,Kidney,1,inflammatory,normal,31,955__ch1__id31,95.0,27,126,39,137,33.01052631578948,130.7578947368421,0.4966573649228821,0.9405940594059405,11.892747133844736,10.32227054535657,True,11.0,0.8,0.8,True,11.0,0.8,0.8,True,11.0,0.8,0.8,0.8,11.0,0.8
955,Kidney,1,inflammatory,normal,69,955__ch1__id69,144.0,64,124,79,138,71.41666666666667,130.09027777777777,0.619465551289298,0.9664429530201343,15.353081463664136,12.052534980104229,True,14.0,0.4722222222222222,0.4722222222222222,True,14.0,0.4722222222222222,0.4722222222222222,False,,,,0.4722222222222222,14.0,0.4722222222222222
955,Kidney,1,inflammatory,normal,72,955__ch1__id72,80.0,72,102,82,112,76.2,106.55,0.2953607861843372,0.9411764705882353,10.390838381418781,9.92725932628106,True,15.0,0.675,0.675,True,15.0,0.675,0.675,True,15.0,0.675,0.675,0.675,15.0,0.675
955,Kidney,1,inflammatory,normal,81,955__ch1__id81,120.0,82,119,91,135,85.91666666666667,126.95,0.8333541290044791,0.975609756097561,16.651436565516583,9.203905829961512,True,16.0,0.6422764227642277,0.6583333333333333,True,16.0,0.6422764227642277,0.6583333333333333,True,16.0,0.6422764227642277,0.6583333333333333,0.6422764227642277,16.0,0.6583333333333333
960,Kidney,0,neoplastic,neoplastic,7,960__ch0__id7,211.0,1,234,18,250,8.796208530805687,241.87203791469193,0.4907663037434836,0.9634703196347032,17.616806883969243,15.34936961798521,True,4.0,0.8036529680365296,0.8341232227488151,True,4.0,0.8036529680365296,0.8341232227488151,True,4.0,0.8036529680365296,0.8341232227488151,0.8036529680365296,4.0,0.8341232227488151
960,Kidney,0,neoplastic,neoplastic,10,960__ch0__id10,249.0,5,141,20,162,12.542168674698795,150.7710843373494,0.7195255608949785,0.9688715953307393,21.407619968650298,14.86686331616163,True,5.0,0.8273092369477911,0.8273092369477911,True,5.0,0.8273092369477911,0.8273092369477911,True,5.0,0.8273092369477911,0.8273092369477911,0.8273092369477911,5.0,0.8273092369477911
960,Kidney,0,neoplastic,neoplastic,12,960__ch0__id12,313.0,7,41,27,63,16.04153354632588,50.763578274760384,0.6584524083735754,0.9315476190476191,23.502844515390233,17.68876644852073,True,7.0,0.7898089171974523,0.792332268370607,True,7.0,0.7898089171974523,0.792332268370607,True,7.0,0.7898089171974523,0.792332268370607,0.7898089171974523,7.0,0.792332268370607
960,Kidney,0,neoplastic,neoplastic,16,960__ch0__id16,477.0,11,76,35,104,22.80922431865828,90.13417190775681,0.7569227918976186,0.9636363636363636,30.518515874463667,19.94398175023487,True,9.0,0.7819706498951782,0.7819706498951782,True,9.0,0.7819706498951782,0.7819706498951782,True,9.0,0.7819706498951782,0.7819706498951782,0.7819706498951782,9.0,0.7819706498951782
960,Kidney,0,neoplastic,neoplastic,21,960__ch0__id21,336.0,17,218,30,248,22.955357142857142,232.46428571428572,0.9120554005479728,0.9572649572649573,32.70927184131985,13.412993049629737,True,11.0,0.4322033898305085,0.45535714285714285,True,11.0,0.4322033898305085,0.45535714285714285,False,,,,0.4322033898305085,11.0,0.45535714285714285
960,Kidney,0,neoplastic,neoplastic,24,960__ch0__id24,245.0,18,118,29,147,22.742857142857144,131.22857142857143,0.9268419179769755,0.9459459459459459,29.09348105722277,10.92320002327752,True,12.0,0.7877551020408163,0.7877551020408163,True,12.0,0.7877551020408163,0.7877551020408163,True,12.0,0.7877551020408163,0.7877551020408163,0.7877551020408163,12.0,0.7877551020408163
960,Kidney,0,neoplastic,neoplastic,29,960__ch0__id29,174.0,22,193,34,212,27.28735632183908,202.2471264367816,0.7985180213373756,0.9508196721311475,19.270745478026136,11.600428081553298,True,13.0,0.6551724137931034,0.6551724137931034,True,13.0,0.6551724137931034,0.6551724137931034,True,13.0,0.6551724137931034,0.6551724137931034,0.6551724137931034,13.0,0.6551724137931034
960,Kidney,0,neoplastic,neoplastic,30,960__ch0__id30,133.0,22,63,37,76,28.94736842105263,68.81954887218045,0.7954275473060939,0.9568345323741008,16.722474818362294,10.134633989453205,True,14.0,0.49624060150375937,0.49624060150375937,True,14.0,0.49624060150375937,0.49624060150375937,False,,,,0.49624060150375937,14.0,0.49624060150375937
960,Kidney,0,neoplastic,neoplastic,34,960__ch0__id34,430.0,25,138,42,169,32.96511627906977,153.09767441860464,0.8321760595400444,0.9684684684684685,31.428588305610937,17.42751370929747,True,15.0,0.8472222222222222,0.8511627906976744,True,15.0,0.8472222222222222,0.8511627906976744,True,15.0,0.8472222222222222,0.8511627906976744,0.8472222222222222,15.0,0.8511627906976744
960,Kidney,0,neoplastic,neoplastic,47,960__ch0__id47,185.0,33,167,46,187,39.545945945945945,175.74054054054054,0.7962659417357669,0.9390862944162437,19.879078336064264,12.02578349879537,True,16.0,0.6341463414634146,0.8432432432432433,True,16.0,0.6341463414634146,0.8432432432432433,True,16.0,0.6341463414634146,0.8432432432432433,0.6341463414634146,16.0,0.8432432432432433
960,Kidney,0,neoplastic,neoplastic,48,960__ch0__id48,439.0,33,212,56,237,44.004555808656036,223.30296127562642,0.5371869636628362,0.9606126914660832,25.824749366630346,21.78222568358562,True,17.0,0.837471783295711,0.8451025056947609,True,17.0,0.837471783295711,0.8451025056947609,True,17.0,0.837471783295711,0.8451025056947609,0.837471783295711,17.0,0.8451025056947609
960,Kidney,0,neoplastic,neoplastic,49,960__ch0__id49,248.0,34,91,49,113,40.939516129032256,101.25,0.8215318803087781,0.9575289575289575,23.551767630320292,13.428336637055008,True,18.0,0.7217741935483871,0.7217741935483871,True,18.0,0.7217741935483871,0.7217741935483871,True,18.0,0.7217741935483871,0.7217741935483871,0.7217741935483871,18.0,0.7217741935483871
960,Kidney,0,neoplastic,neoplastic,50,960__ch0__id50,442.0,34,182,58,206,46.31221719457014,193.87782805429865,0.5841510082368885,0.9714285714285714,26.371549445459603,21.404336144888457,True,19.0,0.8216704288939052,0.8235294117647058,True,19.0,0.8216704288939052,0.8235294117647058,True,19.0,0.8216704288939052,0.8235294117647058,0.8216704288939052,19.0,0.8235294117647058
960,Kidney,0,neoplastic,neoplastic,56,960__ch0__id56,256.0,43,31,62,53,51.84375,41.7109375,0.8749243261130255,0.9624060150375939,25.957054902314415,12.569954722899173,True,20.0,0.75,0.75,True,20.0,0.75,0.75,True,20.0,0.75,0.75,0.75,20.0,0.75
960,Kidney,0,neoplastic,neoplastic,57,960__ch0__id57,205.0,43,132,56,153,48.90731707317073,142.27317073170732,0.7935883273742561,0.9490740740740741,20.78431814010205,12.646323653988741,True,21.0,0.5993150684931506,0.8536585365853658,True,21.0,0.5993150684931506,0.8536585365853658,True,21.0,0.5993150684931506,0.8536585365853658,0.5993150684931506,21.0,0.8536585365853658
960,Kidney,0,neoplastic,neoplastic,61,960__ch0__id61,44.0,44,0,55,6,48.13636363636363,2.0,0.8565352034962878,0.9166666666666666,10.839652949190357,5.594221337314143,False,,,,False,,,,False,,,,0.0,,0.0
960,Kidney,0,neoplastic,neoplastic,62,960__ch0__id62,325.0,44,152,61,176,51.86153846153846,163.59692307692308,0.7161816196246916,0.9530791788856305,24.36149723025866,17.002228866472482,True,23.0,0.7938461538461539,0.7938461538461539,True,23.0,0.7938461538461539,0.7938461538461539,True,23.0,0.7938461538461539,0.7938461538461539,0.7938461538461539,23.0,0.7938461538461539
960,Kidney,0,neoplastic,neoplastic,64,960__ch0__id64,166.0,45,7,62,22,52.7710843373494,13.518072289156626,0.8578542091618783,0.9595375722543352,20.36418518465198,10.465014998421275,True,22.0,0.7108433734939759,0.7108433734939759,True,22.0,0.7108433734939759,0.7108433734939759,True,22.0,0.7108433734939759,0.7108433734939759,0.7108433734939759,22.0,0.7108433734939759
960,Kidney,0,neoplastic,neoplastic,65,960__ch0__id65,277.0,46,113,66,134,54.88086642599278,122.34296028880867,0.7451442728172314,0.9295302013422819,23.27296024403004,15.520814007347738,True,24.0,0.74,0.8014440433212996,True,24.0,0.74,0.8014440433212996,True,24.0,0.74,0.8014440433212996,0.74,24.0,0.8014440433212996
960,Kidney,0,neoplastic,neoplastic,79,960__ch0__id79,35.0,62,0,73,4,66.65714285714286,1.2571428571428571,0.9169354931759081,1.0,10.777960920787597,4.3007886346310125,False,,,,False,,,,False,,,,0.0,,0.0
960,Kidney,0,neoplastic,neoplastic,81,960__ch0__id81,320.0,58,122,74,147,65.503125,134.025,0.787257618752402,0.9785932721712538,25.716412617286856,15.857363142951902,True,25.0,0.8,0.8,True,25.0,0.8,0.8,True,25.0,0.8,0.8,0.8,25.0,0.8
960,Kidney,0,neoplastic,neoplastic,86,960__ch0__id86,228.0,62,60,81,75,71.69736842105263,66.98245614035088,0.6253821468367405,0.9620253164556962,19.34520288669647,15.095422289143508,True,26.0,0.7675438596491229,0.7675438596491229,True,26.0,0.7675438596491229,0.7675438596491229,True,26.0,0.7675438596491229,0.7675438596491229,0.7675438596491229,26.0,0.7675438596491229
960,Kidney,0,neoplastic,neoplastic,88,960__ch0__id88,117.0,64,144,77,157,70.11111111111111,150.05128205128204,0.7855493048455255,0.9435483870967742,15.537304620018332,9.614469657006069,True,27.0,0.4959349593495935,0.5213675213675214,True,27.0,0.4959349593495935,0.5213675213675214,False,,,,0.4959349593495935,27.0,0.5213675213675214
960,Kidney,0,neoplastic,neoplastic,96,960__ch0__id96,301.0,69,194,90,213,78.86046511627907,202.95681063122925,0.4865205908285048,0.9616613418530351,20.953803899343395,18.30669121502656,True,29.0,0.8172757475083057,0.8172757475083057,True,29.0,0.8172757475083057,0.8172757475083057,True,29.0,0.8172757475083057,0.8172757475083057,0.8172757475083057,29.0,0.8172757475083057
960,Kidney,0,neoplastic,neoplastic,97,960__ch0__id97,252.0,69,236,88,253,78.0,243.86904761904762,0.5839248603816315,0.9692307692307692,19.88753047285055,16.144850563528045,True,30.0,0.8611111111111112,0.8611111111111112,True,30.0,0.8611111111111112,0.8611111111111112,True,30.0,0.8611111111111112,0.8611111111111112,0.8611111111111112,30.0,0.8611111111111112
960,Kidney,0,neoplastic,neoplastic,98,960__ch0__id98,321.0,72,0,95,17,82.6386292834891,7.585669781931464,0.6724705508759236,0.9697885196374623,23.56383077851508,17.44015387075484,True,31.0,0.838006230529595,0.838006230529595,True,31.0,0.838006230529595,0.838006230529595,True,31.0,0.838006230529595,0.838006230529595,0.838006230529595,31.0,0.838006230529595
960,Kidney,0,neoplastic,neoplastic,101,960__ch0__id101,206.0,75,162,90,180,81.94660194174757,169.95631067961165,0.6465283936824728,0.9716981132075472,18.592627584331307,14.18412824503446,True,32.0,0.7766990291262136,0.7766990291262136,True,32.0,0.7766990291262136,0.7766990291262136,True,32.0,0.7766990291262136,0.7766990291262136,0.7766990291262136,32.0,0.7766990291262136
960,Kidney,0,neoplastic,neoplastic,106,960__ch0__id106,161.0,78,32,94,45,84.9192546583851,37.79503105590062,0.7271188558446281,0.9640718562874252,17.364723119790263,11.92108375818513,True,33.0,0.6273291925465838,0.6273291925465838,True,33.0,0.6273291925465838,0.6273291925465838,True,33.0,0.6273291925465838,0.6273291925465838,0.6273291925465838,33.0,0.6273291925465838
960,Kidney,0,neoplastic,neoplastic,114,960__ch0__id114,131.0,87,231,100,245,92.94656488549619,237.23664122137404,0.552238920014903,0.9492753623188406,14.285789141214716,11.909860937665822,True,34.0,0.5357142857142857,0.5725190839694656,True,34.0,0.5357142857142857,0.5725190839694656,True,34.0,0.5357142857142857,0.5725190839694656,0.5357142857142857,34.0,0.5725190839694656
960,Kidney,0,neoplastic,neoplastic,118,960__ch0__id118,302.0,89,174,109,194,99.02317880794702,183.52317880794703,0.5889198593212132,0.9617834394904459,21.85062473580031,17.65948781075145,True,35.0,0.814935064935065,0.8311258278145696,True,35.0,0.814935064935065,0.8311258278145696,True,35.0,0.814935064935065,0.8311258278145696,0.814935064935065,35.0,0.8311258278145696
960,Kidney,0,neoplastic,neoplastic,120,960__ch0__id120,344.0,92,150,113,174,102.56686046511628,161.82267441860466,0.8062405504224266,0.9555555555555556,27.31197719408339,16.157433650208876,True,37.0,0.5174418604651163,0.5174418604651163,True,37.0,0.5174418604651163,0.5174418604651163,True,37.0,0.5174418604651163,0.5174418604651163,0.5174418604651163,37.0,0.5174418604651163
960,Kidney,0,neoplastic,neoplastic,131,960__ch0__id131,605.0,104,70,134,101,117.77851239669421,86.20826446280992,0.8201899875640637,0.971107544141252,36.94195140528656,21.13416670400637,True,39.0,0.7289256198347107,0.7289256198347107,True,39.0,0.7289256198347107,0.7289256198347107,True,39.0,0.7289256198347107,0.7289256198347107,0.7289256198347107,39.0,0.7289256198347107
960,Kidney,0,neoplastic,neoplastic,132,960__ch0__id132,149.0,104,234,116,250,109.14765100671141,241.00671140939596,0.7323468316398691,0.9551282051282052,16.74904347008137,11.404956342168488,True,38.0,0.5114155251141552,0.7516778523489933,True,38.0,0.5114155251141552,0.7516778523489933,True,38.0,0.5114155251141552,0.7516778523489933,0.5114155251141552,38.0,0.7516778523489933
960,Kidney,0,neoplastic,neoplastic,137,960__ch0__id137,200.0,107,197,126,213,115.135,203.845,0.7565944923979713,0.9389671361502347,20.119742753610126,13.15598538797276,True,41.0,0.7339901477832512,0.745,True,41.0,0.7339901477832512,0.745,True,41.0,0.7339901477832512,0.745,0.7339901477832512,41.0,0.745
960,Kidney,0,neoplastic,neoplastic,138,960__ch0__id138,347.0,109,128,129,149,118.22478386167147,137.65417867435158,0.5100586058686137,0.9747191011235955,22.73129163044151,19.55208524129029,True,42.0,0.7416666666666667,0.7694524495677233,True,42.0,0.7416666666666667,0.7694524495677233,True,42.0,0.7416666666666667,0.7694524495677233,0.7416666666666667,42.0,0.7694524495677233
960,Kidney,0,neoplastic,neoplastic,139,960__ch0__id139,312.0,109,165,126,191,117.4551282051282,178.29807692307693,0.7182720615729423,0.9313432835820895,24.141691468961156,16.796879952747425,False,,,,False,,,,False,,,,0.2577565632458234,43.0,0.34615384615384615
960,Kidney,0,neoplastic,neoplastic,140,960__ch0__id140,27.0,110,253,121,256,115.0,254.14814814814815,0.9550307853533779,1.0,10.83205120618128,3.211775316841302,False,,,,False,,,,False,,,,0.0,,0.0
960,Kidney,0,neoplastic,neoplastic,147,960__ch0__id147,123.0,114,158,127,172,120.4390243902439,163.89430894308944,0.7899729630926192,0.9318181818181818,16.182319430912216,9.922054493523012,True,43.0,0.37398373983739835,0.7479674796747967,True,43.0,0.37398373983739835,0.7479674796747967,False,,,,0.37398373983739835,43.0,0.7479674796747967
960,Kidney,0,neoplastic,neoplastic,148,960__ch0__id148,189.0,117,207,133,227,125.43386243386243,216.75132275132276,0.8911835995733678,0.9356435643564357,23.19297734544738,10.521327230862735,True,45.0,0.6084656084656085,0.6084656084656085,True,45.0,0.6084656084656085,0.6084656084656085,True,45.0,0.6084656084656085,0.6084656084656085,0.6084656084656085,45.0,0.6084656084656085
960,Kidney,0,neoplastic,neoplastic,150,960__ch0__id150,452.0,117,99,143,122,130.65265486725664,109.92699115044248,0.49664916066025266,0.9678800856531049,26.0052528756202,22.57129531796437,True,44.0,0.7876106194690266,0.7876106194690266,True,44.0,0.7876106194690266,0.7876106194690266,True,44.0,0.7876106194690266,0.7876106194690266,0.7876106194690266,44.0,0.7876106194690266
960,Kidney,0,neoplastic,neoplastic,153,960__ch0__id153,398.0,120,225,137,256,128.77386934673368,240.56532663316582,0.8592545148881041,0.9636803874092009,31.648519306332915,16.18974672541244,True,46.0,0.8894472361809045,0.8894472361809045,True,46.0,0.8894472361809045,0.8894472361809045,True,46.0,0.8894472361809045,0.8894472361809045,0.8894472361809045,46.0,0.8894472361809045
960,Kidney,0,neoplastic,neoplastic,154,960__ch0__id154,318.0,121,24,143,47,131.9245283018868,34.801886792452834,0.8421639669550085,0.9464285714285714,27.638550490969006,14.903301337847964,True,48.0,0.6310160427807486,0.7421383647798742,True,48.0,0.6310160427807486,0.7421383647798742,True,48.0,0.6310160427807486,0.7421383647798742,0.6310160427807486,48.0,0.7421383647798742
960,Kidney,0,neoplastic,neoplastic,157,960__ch0__id157,323.0,124,59,143,82,133.69659442724458,70.3343653250774,0.6283353564290596,0.9556213017751479,23.14577201567774,18.006081926497387,True,47.0,0.8549848942598187,0.8761609907120743,True,47.0,0.8549848942598187,0.8761609907120743,True,47.0,0.8549848942598187,0.8761609907120743,0.8549848942598187,47.0,0.8761609907120743
960,Kidney,0,neoplastic,neoplastic,162,960__ch0__id162,270.0,127,164,140,191,132.7888888888889,176.7925925925926,0.8789854887886173,0.9407665505226481,26.903463187797612,12.82887658910492,True,49.0,0.7851851851851852,0.7851851851851852,True,49.0,0.7851851851851852,0.7851851851851852,True,49.0,0.7851851851851852,0.7851851851851852,0.7851851851851852,49.0,0.7851851851851852
960,Kidney,0,neoplastic,neoplastic,166,960__ch0__id166,296.0,131,123,147,148,138.8310810810811,135.64864864864865,0.7884341192733835,0.9548387096774194,24.777511981910788,15.241123536756517,True,50.0,0.7331081081081081,0.7331081081081081,True,50.0,0.7331081081081081,0.7331081081081081,True,50.0,0.7331081081081081,0.7331081081081081,0.7331081081081081,50.0,0.7331081081081081
960,Kidney,0,neoplastic,neoplastic,168,960__ch0__id168,104.0,133,199,142,216,137.02884615384616,206.93269230769232,0.9089277889666604,0.9369369369369369,17.902582325394548,7.46454550348479,False,,,,False,,,,False,,,,0.0,,0.0
960,Kidney,0,neoplastic,neoplastic,175,960__ch0__id175,262.0,139,143,157,164,146.9083969465649,152.93129770992365,0.7919769352971187,0.9492753623188406,23.428386479817416,14.304224992339318,True,51.0,0.7913669064748201,0.8396946564885496,True,51.0,0.7913669064748201,0.8396946564885496,True,51.0,0.7913669064748201,0.8396946564885496,0.7913669064748201,51.0,0.8396946564885496
960,Kidney,0,neoplastic,neoplastic,180,960__ch0__id180,68.0,141,224,149,235,144.39705882352942,229.5441176470588,0.6450038110164338,0.9444444444444444,10.675085440961949,8.157679887050053,False,,,,False,,,,False,,,,0.0,,0.0
960,Kidney,0,neoplastic,neoplastic,182,960__ch0__id182,20.0,143,234,148,240,144.55,236.6,0.7735138788105745,0.8695652173913043,6.487870071162303,4.111878152343094,False,,,,False,,,,False,,,,0.00423728813559322,53.0,0.05
960,Kidney,0,neoplastic,neoplastic,185,960__ch0__id185,139.0,143,59,156,72,148.73381294964028,64.6978417266187,0.5352464910153591,0.9788732394366197,14.506141690279273,12.253278671449914,True,52.0,0.5560975609756098,0.8201438848920863,True,52.0,0.5560975609756098,0.8201438848920863,True,52.0,0.5560975609756098,0.8201438848920863,0.5560975609756098,52.0,0.8201438848920863
960,Kidney,0,neoplastic,neoplastic,186,960__ch0__id186,225.0,143,236,158,255,150.39111111111112,245.25333333333333,0.6042519224695156,0.9656652360515021,19.034963621322632,15.166932091584187,True,53.0,0.8969957081545065,0.9288888888888889,True,53.0,0.8969957081545065,0.9288888888888889,True,53.0,0.8969957081545065,0.9288888888888889,0.8969957081545065,53.0,0.9288888888888889
960,Kidney,0,neoplastic,neoplastic,189,960__ch0__id189,385.0,145,195,166,221,155.22337662337662,207.68571428571428,0.7624928871116096,0.9649122807017544,27.581393106856602,17.84506749290351,True,54.0,0.8733850129198967,0.8779220779220779,True,54.0,0.8733850129198967,0.8779220779220779,True,54.0,0.8733850129198967,0.8779220779220779,0.8733850129198967,54.0,0.8779220779220779
960,Kidney,0,neoplastic,neoplastic,193,960__ch0__id193,339.0,148,80,169,103,157.79646017699116,91.8731563421829,0.6917415089471388,0.9576271186440678,24.748458399704866,17.87198035363879,True,55.0,0.6460176991150443,0.6460176991150443,True,55.0,0.6460176991150443,0.6460176991150443,True,55.0,0.6460176991150443,0.6460176991150443,0.6460176991150443,55.0,0.6460176991150443
960,Kidney,0,neoplastic,neoplastic,198,960__ch0__id198,226.0,157,240,173,256,164.3230088495575,248.05752212389382,0.45884433355634063,0.9741379310344828,18.288043986680492,16.249231992180277,True,56.0,0.8114035087719298,0.8185840707964602,True,56.0,0.8114035087719298,0.8185840707964602,True,56.0,0.8114035087719298,0.8185840707964602,0.8114035087719298,56.0,0.8185840707964602
960,Kidney,0,neoplastic,neoplastic,199,960__ch0__id199,140.0,157,127,171,141,163.72142857142856,133.75714285714287,0.6447814222716913,0.9395973154362416,15.58232971276453,11.910618684912615,False,,,,False,,,,False,,,,0.0,,0.0
960,Kidney,0,neoplastic,neoplastic,207,960__ch0__id207,281.0,160,7,179,25,169.36654804270464,15.409252669039146,0.40214755728450075,0.9756944444444444,19.790822684928365,18.119979902564747,True,57.0,0.7864768683274022,0.7864768683274022,True,57.0,0.7864768683274022,0.7864768683274022,True,57.0,0.7864768683274022,0.7864768683274022,0.7864768683274022,57.0,0.7864768683274022
960,Kidney,0,neoplastic,neoplastic,208,960__ch0__id208,262.0,161,188,181,207,169.61068702290078,197.18702290076337,0.6983865337349656,0.9776119402985075,21.788571946578994,15.594533930526335,False,,,,False,,,,False,,,,0.04198473282442748,59.0,0.08396946564885496
960,Kidney,0,neoplastic,neoplastic,211,960__ch0__id211,544.0,163,64,183,97,172.9871323529412,79.6875,0.7885974198230294,0.9696969696969697,33.65882045068299,20.697139846454668,True,58.0,0.8571428571428571,0.8713235294117647,True,58.0,0.8571428571428571,0.8713235294117647,True,58.0,0.8571428571428571,0.8713235294117647,0.8571428571428571,58.0,0.8713235294117647
960,Kidney,0,neoplastic,neoplastic,220,960__ch0__id220,123.0,172,0,188,9,179.6260162601626,3.5853658536585367,0.8199349932206005,0.9761904761904762,16.694400501843123,9.556820450356973,True,60.0,0.7164179104477612,0.7804878048780488,True,60.0,0.7164179104477612,0.7804878048780488,True,60.0,0.7164179104477612,0.7804878048780488,0.7164179104477612,60.0,0.7804878048780488
960,Kidney,0,neoplastic,neoplastic,221,960__ch0__id221,305.0,172,202,192,224,181.9311475409836,213.15409836065575,0.7055593888915146,0.9713375796178344,23.55150963309482,16.689796016516254,True,59.0,0.742603550295858,0.8229508196721311,True,59.0,0.742603550295858,0.8229508196721311,True,59.0,0.742603550295858,0.8229508196721311,0.742603550295858,59.0,0.8229508196721311
960,Kidney,0,neoplastic,neoplastic,228,960__ch0__id228,303.0,179,224,197,247,188.13201320132012,234.6171617161716,0.7967780429198594,0.9711538461538461,25.300328052120246,15.288281933216657,True,61.0,0.5015873015873016,0.5214521452145214,True,61.0,0.5015873015873016,0.5214521452145214,True,61.0,0.5015873015873016,0.5214521452145214,0.5015873015873016,61.0,0.5214521452145214
960,Kidney,0,neoplastic,neoplastic,239,960__ch0__id239,213.0,187,152,203,170,195.05164319248826,160.42253521126761,0.7435365232406129,0.9594594594594594,20.25058355027003,13.54147056267555,True,66.0,0.5774647887323944,0.5774647887323944,True,66.0,0.5774647887323944,0.5774647887323944,True,66.0,0.5774647887323944,0.5774647887323944,0.5774647887323944,66.0,0.5774647887323944
960,Kidney,0,neoplastic,neoplastic,242,960__ch0__id242,455.0,189,27,219,48,204.14505494505494,37.61758241758242,0.7984759116384814,0.959915611814346,31.146453111175273,18.750998220376168,True,62.0,0.7886710239651417,0.7956043956043956,True,62.0,0.7886710239651417,0.7956043956043956,True,62.0,0.7886710239651417,0.7956043956043956,0.7886710239651417,62.0,0.7956043956043956
960,Kidney,0,neoplastic,neoplastic,243,960__ch0__id243,343.0,188,110,212,128,199.90962099125363,118.77551020408163,0.6220088774584422,0.9716713881019831,23.64144916967793,18.51149558688702,True,65.0,0.7580174927113703,0.7580174927113703,True,65.0,0.7580174927113703,0.7580174927113703,True,65.0,0.7580174927113703,0.7580174927113703,0.7580174927113703,65.0,0.7580174927113703
960,Kidney,0,neoplastic,neoplastic,245,960__ch0__id245,331.0,189,87,208,109,198.51963746223564,97.43202416918429,0.6063653976292819,0.9735294117647059,23.050308098894384,18.329285628916043,True,63.0,0.7413793103448276,0.7794561933534743,True,63.0,0.7413793103448276,0.7794561933534743,True,63.0,0.7413793103448276,0.7794561933534743,0.7413793103448276,63.0,0.7794561933534743
960,Kidney,0,neoplastic,neoplastic,249,960__ch0__id249,165.0,191,0,207,14,198.04848484848486,5.721212121212122,0.7571740489002068,0.9593023255813954,18.1613969735134,11.863263886247214,True,64.0,0.6534090909090909,0.696969696969697,True,64.0,0.6534090909090909,0.696969696969697,True,64.0,0.6534090909090909,0.696969696969697,0.6534090909090909,64.0,0.696969696969697
960,Kidney,0,neoplastic,neoplastic,251,960__ch0__id251,276.0,193,49,214,66,203.80434782608697,56.88768115942029,0.6008405543064215,0.971830985915493,21.0494104851186,16.82624397365334,True,67.0,0.7906137184115524,0.7934782608695652,True,67.0,0.7906137184115524,0.7934782608695652,True,67.0,0.7906137184115524,0.7934782608695652,0.7906137184115524,67.0,0.7934782608695652
960,Kidney,0,neoplastic,neoplastic,255,960__ch0__id255,286.0,195,199,215,219,204.32167832167832,208.83916083916083,0.7698501331407006,0.9761092150170648,23.916316638207892,15.26398410170739,True,68.0,0.8041958041958042,0.8041958041958042,True,68.0,0.8041958041958042,0.8041958041958042,True,68.0,0.8041958041958042,0.8041958041958042,0.8041958041958042,68.0,0.8041958041958042
960,Kidney,0,neoplastic,neoplastic,264,960__ch0__id264,140.0,202,248,227,256,212.50714285714287,252.35,0.9475205587557698,0.9333333333333333,24.453097808577994,7.81752919189683,True,72.0,0.38571428571428573,0.38571428571428573,True,72.0,0.38571428571428573,0.38571428571428573,False,,,,0.38571428571428573,72.0,0.38571428571428573
960,Kidney,0,neoplastic,neoplastic,265,960__ch0__id265,450.0,202,223,232,244,216.86888888888888,232.46444444444444,0.7901096599465826,0.967741935483871,30.625015551963646,18.77207849663857,True,70.0,0.8259023354564756,0.8644444444444445,True,70.0,0.8259023354564756,0.8644444444444445,True,70.0,0.8259023354564756,0.8644444444444445,0.8259023354564756,70.0,0.8644444444444445
960,Kidney,0,neoplastic,neoplastic,266,960__ch0__id266,247.0,203,156,221,174,211.84615384615384,164.7327935222672,0.5151664677563719,0.9610894941634242,19.175767201002287,16.435361021921075,True,69.0,0.6677215189873418,0.854251012145749,True,69.0,0.6677215189873418,0.854251012145749,True,69.0,0.6677215189873418,0.854251012145749,0.6677215189873418,69.0,0.854251012145749
960,Kidney,0,neoplastic,neoplastic,272,960__ch0__id272,433.0,206,175,234,199,220.21016166281754,185.56120092378754,0.8335977039952481,0.9643652561247216,31.72772871628036,17.525510158612587,True,73.0,0.7598152424942263,0.7598152424942263,True,73.0,0.7598152424942263,0.7598152424942263,True,73.0,0.7598152424942263,0.7598152424942263,0.7598152424942263,73.0,0.7598152424942263
960,Kidney,0,neoplastic,neoplastic,276,960__ch0__id276,122.0,210,70,223,83,216.3360655737705,75.36065573770492,0.7295789068638256,0.9384615384615385,15.351236155451481,10.49865887657215,True,75.0,0.5028571428571429,0.7213114754098361,True,75.0,0.5028571428571429,0.7213114754098361,True,75.0,0.5028571428571429,0.7213114754098361,0.5028571428571429,75.0,0.7213114754098361
960,Kidney,0,neoplastic,neoplastic,282,960__ch0__id282,499.0,212,122,239,147,226.00801603206412,133.7935871743487,0.5019649978172723,0.9614643545279383,27.214177193107375,23.537213528765392,True,76.0,0.7735470941883767,0.7735470941883767,True,76.0,0.7735470941883767,0.7735470941883767,True,76.0,0.7735470941883767,0.7735470941883767,0.7735470941883767,76.0,0.7735470941883767
960,Kidney,0,neoplastic,neoplastic,285,960__ch0__id285,286.0,214,92,240,109,225.7972027972028,100.1993006993007,0.8667178795411268,0.9377049180327869,27.36170351734388,13.647981435563352,True,77.0,0.6958041958041958,0.6958041958041958,True,77.0,0.6958041958041958,0.6958041958041958,True,77.0,0.6958041958041958,0.6958041958041958,0.6958041958041958,77.0,0.6958041958041958
960,Kidney,0,neoplastic,neoplastic,287,960__ch0__id287,283.0,215,50,236,68,224.98233215547702,59.42402826855124,0.5410813971781372,0.9496644295302014,20.77749977433545,17.473258688464245,False,,,,False,,,,False,,,,0.22283609576427257,80.0,0.4275618374558304
960,Kidney,0,neoplastic,neoplastic,289,960__ch0__id289,387.0,217,0,243,19,229.5891472868217,8.829457364341085,0.7429175832686375,0.9723618090452262,27.183892220761365,18.196432560463435,True,78.0,0.7622739018087855,0.7622739018087855,True,78.0,0.7622739018087855,0.7622739018087855,True,78.0,0.7622739018087855,0.7622739018087855,0.7622739018087855,78.0,0.7622739018087855
960,Kidney,0,neoplastic,neoplastic,290,960__ch0__id290,337.0,220,34,244,55,231.92284866468842,43.5727002967359,0.8329953918961147,0.9601139601139601,27.906713429416268,15.44022435538645,True,79.0,0.7295081967213115,0.7922848664688428,True,79.0,0.7295081967213115,0.7922848664688428,True,79.0,0.7295081967213115,0.7922848664688428,0.7295081967213115,79.0,0.7922848664688428
960,Kidney,0,neoplastic,neoplastic,294,960__ch0__id294,484.0,225,71,252,97,238.41528925619835,83.5495867768595,0.8012898119602646,0.9660678642714571,32.1108607376487,19.211169799438345,True,81.0,0.7690721649484537,0.7706611570247934,True,81.0,0.7690721649484537,0.7706611570247934,True,81.0,0.7690721649484537,0.7706611570247934,0.7690721649484537,81.0,0.7706611570247934
960,Kidney,0,neoplastic,neoplastic,297,960__ch0__id297,226.0,225,240,247,254,235.65486725663717,246.7079646017699,0.8152276008120781,0.9456066945606695,22.320949448863313,12.926970451850803,True,82.0,0.7669491525423728,0.8008849557522124,True,82.0,0.7669491525423728,0.8008849557522124,True,82.0,0.7669491525423728,0.8008849557522124,0.7669491525423728,82.0,0.8008849557522124
960,Kidney,0,neoplastic,neoplastic,303,960__ch0__id303,427.0,230,14,255,36,242.192037470726,24.505854800936767,0.5529549208028717,0.9617117117117117,25.71759169851028,21.428184695661034,True,83.0,0.7864923747276689,0.8454332552693209,True,83.0,0.7864923747276689,0.8454332552693209,True,83.0,0.7864923747276689,0.8454332552693209,0.7864923747276689,83.0,0.8454332552693209
960,Kidney,0,neoplastic,neoplastic,306,960__ch0__id306,346.0,233,57,256,79,245.2398843930636,66.95953757225433,0.7971351445139011,0.9402173913043478,27.478045546466504,16.59126941712827,True,80.0,0.5305263157894737,0.7283236994219653,True,80.0,0.5305263157894737,0.7283236994219653,True,80.0,0.5305263157894737,0.7283236994219653,0.5305263157894737,80.0,0.7283236994219653
960,Kidney,0,neoplastic,neoplastic,309,960__ch0__id309,324.0,233,208,256,226,244.45679012345678,216.820987654321,0.7283221739939253,0.9671641791044776,24.577768698039577,16.8415438482501,True,84.0,0.827485380116959,0.8734567901234568,True,84.0,0.827485380116959,0.8734567901234568,True,84.0,0.827485380116959,0.8734567901234568,0.827485380116959,84.0,0.8734567901234568
960,Kidney,0,neoplastic,neoplastic,315,960__ch0__id315,369.0,236,115,256,141,246.99728997289972,126.30081300813008,0.7486390938693671,0.9659685863874345,27.083684412961258,17.955880360838446,True,85.0,0.7560975609756098,0.7560975609756098,True,85.0,0.7560975609756098,0.7560975609756098,True,85.0,0.7560975609756098,0.7560975609756098,0.7560975609756098,85.0,0.7560975609756098
960,Kidney,0,neoplastic,neoplastic,316,960__ch0__id316,278.0,239,141,256,164,248.08992805755395,150.75539568345323,0.7583568371957196,0.9619377162629758,23.81226085400163,15.52177538198074,True,86.0,0.7302158273381295,0.7302158273381295,True,86.0,0.7302158273381295,0.7302158273381295,True,86.0,0.7302158273381295,0.7302158273381295,0.7302158273381295,86.0,0.7302158273381295
960,Kidney,0,neoplastic,neoplastic,324,960__ch0__id324,94.0,245,168,256,179,250.25531914893617,172.58510638297872,0.5289750292818889,0.9690721649484536,11.898204536713576,10.097261234540921,True,87.0,0.5742574257425742,0.6170212765957447,True,87.0,0.5742574257425742,0.6170212765957447,True,87.0,0.5742574257425742,0.6170212765957447,0.5742574257425742,87.0,0.6170212765957447
960,Kidney,0,neoplastic,neoplastic,326,960__ch0__id326,162.0,246,32,256,53,251.29012345679013,42.58024691358025,0.8627821403001841,0.9759036144578314,20.82392394007473,10.528073834600717,True,88.0,0.6049382716049383,0.6049382716049383,True,88.0,0.6049382716049383,0.6049382716049383,True,88.0,0.6049382716049383,0.6049382716049383,0.6049382716049383,88.0,0.6049382716049383
960,Kidney,0,neoplastic,neoplastic,335,960__ch0__id335,30.0,253,17,256,31,254.26666666666668,23.833333333333332,0.97293603668352,0.8823529411764706,13.350438639310328,3.08494720361969,False,,,,False,,,,False,,,,0.0575,83.0,0.7666666666666667
960,Kidney,0,neoplastic,neoplastic,338,960__ch0__id338,10.0,254,80,256,88,254.8,83.5,0.9809958925380221,0.8333333333333334,8.246211251235321,1.6000000000000008,False,,,,False,,,,False,,,,0.0,,0.0
960,Kidney,0,neoplastic,neoplastic,339,960__ch0__id339,4.0,255,98,256,102,255.0,99.5,1.0,1.0,4.47213595499958,0.0,False,,,,False,,,,False,,,,0.0,,0.0
960,Kidney,0,neoplastic,neoplastic,341,960__ch0__id341,2.0,255,237,256,239,255.0,237.5,1.0,1.0,2.0,0.0,False,,,,False,,,,False,,,,0.0,,0.0
960,Kidney,1,inflammatory,normal,332,960__ch1__id332,34.0,251,54,256,63,253.35294117647058,57.23529411764706,0.8213303618020967,1.0,8.955410713272867,5.1086394285826096,False,,,,False,,,,False,,,,0.0,,0.0
972,Ovarian,0,neoplastic,neoplastic,75,972__ch0__id75,24.0,233,0,246,3,238.875,0.5416666666666666,0.9797767609661526,0.8275862068965517,12.82460781106685,2.566123544936741,False,,,,False,,,,False,,,,0.0,,0.0
972,Ovarian,0,neoplastic,neoplastic,152,972__ch0__id152,956.0,160,0,214,26,190.9215481171548,10.134937238493723,0.8521463901424516,0.9637096774193549,49.97790721577363,26.15361265390884,False,,,,False,,,,False,,,,0.0,,0.0
972,Ovarian,0,neoplastic,neoplastic,162,972__ch0__id162,353.0,234,10,256,46,248.24362606232296,23.61756373937677,0.8038722788265328,0.8325471698113207,31.205222876184084,18.560927406719973,False,,,,False,,,,False,,,,0.0,,0.0
972,Ovarian,2,connective,normal,45,972__ch2__id45,3.0,0,254,2,256,0.3333333333333333,254.66666666666666,0.816496580927726,1.0,2.3094010767585034,1.3333333333333335,False,,,,False,,,,False,,,,0.0,,0.0
972,Ovarian,2,connective,normal,51,972__ch2__id51,484.0,27,143,48,194,36.138429752066116,169.349173553719,0.9705941603194053,0.9013035381750466,52.008977988969974,12.519693820951659,False,,,,False,,,,False,,,,0.0,,0.0
972,Ovarian,2,connective,normal,53,972__ch2__id53,806.0,52,65,81,103,65.10545905707195,84.39205955334988,0.7862347136119832,0.9629629629629629,40.99541693877936,25.332214735216755,True,2.0,0.8926014319809069,0.9280397022332506,True,2.0,0.8926014319809069,0.9280397022332506,True,2.0,0.8926014319809069,0.9280397022332506,0.8926014319809069,2.0,0.9280397022332506
972,Ovarian,2,connective,normal,59,972__ch2__id59,621.0,93,207,122,254,105.15297906602254,231.87761674718197,0.9385582495118064,0.8986975397973951,49.95823728031444,17.241630123044292,True,3.0,0.4183206106870229,0.44122383252818037,True,3.0,0.4183206106870229,0.44122383252818037,False,,,,0.4183206106870229,3.0,0.44122383252818037
972,Ovarian,2,connective,normal,60,972__ch2__id60,1040.0,111,41,142,93,125.62596153846154,70.27115384615385,0.8619753568506372,0.9437386569872959,52.48669829939737,26.608141108045686,True,4.0,0.8857412653446648,0.9019230769230769,True,4.0,0.8857412653446648,0.9019230769230769,True,4.0,0.8857412653446648,0.9019230769230769,0.8857412653446648,4.0,0.9019230769230769
972,Ovarian,2,connective,normal,61,972__ch2__id61,126.0,124,191,134,209,128.73015873015873,199.1984126984127,0.8902622704562729,0.9333333333333333,18.89532827578735,8.605843810010997,False,,,,False,,,,False,,,,0.0,,0.0
972,Ovarian,2,connective,normal,62,972__ch2__id62,436.0,125,232,149,256,135.4816513761468,245.3348623853211,0.5964558171805411,0.9732142857142857,26.870204873269852,21.567260064349114,True,5.0,0.6978723404255319,0.7522935779816514,True,5.0,0.6978723404255319,0.7522935779816514,True,5.0,0.6978723404255319,0.7522935779816514,0.6978723404255319,5.0,0.7522935779816514
972,Ovarian,2,connective,normal,66,972__ch2__id66,303.0,169,191,190,213,180.43234323432344,199.55445544554456,0.8240001165411212,0.9619047619047619,26.873792239882448,15.226411980943627,False,,,,False,,,,False,,,,0.0,,0.0
972,Ovarian,2,connective,normal,68,972__ch2__id68,502.0,183,93,213,116,196.73107569721117,104.63346613545816,0.6942994714316117,0.9598470363288719,30.006364752585892,21.595166989408494,True,7.0,0.9172932330827067,0.9721115537848606,True,7.0,0.9172932330827067,0.9721115537848606,True,7.0,0.9172932330827067,0.9721115537848606,0.9172932330827067,7.0,0.9721115537848606
972,Ovarian,2,connective,normal,71,972__ch2__id71,202.0,203,183,221,199,211.01980198019803,191.23762376237624,0.7242372682300757,0.957345971563981,19.41895050346764,13.390353890136492,False,,,,False,,,,False,,,,0.0,,0.0
972,Ovarian,2,connective,normal,74,972__ch2__id74,338.0,219,149,248,174,233.29881656804733,160.20710059171597,0.935185797768015,0.7842227378190255,37.94335094092392,13.437921713397783,True,8.0,0.5483870967741935,0.8550295857988166,True,8.0,0.5483870967741935,0.8550295857988166,True,8.0,0.5483870967741935,0.8550295857988166,0.5483870967741935,8.0,0.8550295857988166
1026,Lung,0,neoplastic,neoplastic,541,1026__ch0__id541,69.0,14,72,25,80,18.82608695652174,75.81159420289855,0.7292513377179664,0.9583333333333334,11.327809808520051,7.751007705269224,True,4.0,0.6811594202898551,0.6811594202898551,True,4.0,0.6811594202898551,0.6811594202898551,True,4.0,0.6811594202898551,0.6811594202898551,0.6811594202898551,4.0,0.6811594202898551
1026,Lung,0,neoplastic,neoplastic,609,1026__ch0__id609,58.0,52,128,61,137,56.06896551724138,132.0,0.6232790408570065,0.9354838709677419,9.718264183365156,7.5996778517377646,False,,,,False,,,,False,,,,0.0,,0.0
1026,Lung,0,neoplastic,neoplastic,617,1026__ch0__id617,313.0,55,174,80,190,67.17571884984025,180.9776357827476,0.7622726957654569,0.9660493827160493,24.892713306695835,16.111958193152535,True,7.0,0.8908554572271387,0.9648562300319489,True,7.0,0.8908554572271387,0.9648562300319489,True,7.0,0.8908554572271387,0.9648562300319489,0.8908554572271387,7.0,0.9648562300319489
1026,Lung,0,neoplastic,neoplastic,638,1026__ch0__id638,180.0,66,89,85,103,74.02777777777777,94.87222222222222,0.746346975395512,0.9473684210526315,18.828485578011044,12.531431395253247,True,11.0,0.8913043478260869,0.9111111111111111,True,11.0,0.8913043478260869,0.9111111111111111,True,11.0,0.8913043478260869,0.9111111111111111,0.8913043478260869,11.0,0.9111111111111111
1026,Lung,0,neoplastic,neoplastic,657,1026__ch0__id657,150.0,76,39,90,55,82.19333333333333,46.846666666666664,0.7743303203863823,0.9554140127388535,17.39117864640611,11.004817872182128,True,13.0,0.9276315789473685,0.94,True,13.0,0.9276315789473685,0.94,True,13.0,0.9276315789473685,0.94,0.9276315789473685,13.0,0.94
1026,Lung,0,neoplastic,neoplastic,675,1026__ch0__id675,173.0,82,152,99,166,90.8092485549133,158.66473988439307,0.6201196107012731,0.9453551912568307,16.89066442513588,13.250849163041375,True,14.0,0.8895027624309392,0.930635838150289,True,14.0,0.8895027624309392,0.930635838150289,True,14.0,0.8895027624309392,0.930635838150289,0.8895027624309392,14.0,0.930635838150289
1026,Lung,0,neoplastic,neoplastic,690,1026__ch0__id690,361.0,90,233,119,250,104.5207756232687,241.0831024930748,0.836918773535911,0.9232736572890026,29.624930555421752,16.21452765630247,True,17.0,0.4054794520547945,0.4099722991689751,True,17.0,0.4054794520547945,0.4099722991689751,False,,,,0.4054794520547945,17.0,0.4099722991689751
1026,Lung,0,neoplastic,neoplastic,693,1026__ch0__id693,285.0,92,198,120,212,106.22456140350877,204.67368421052632,0.8999033862448931,0.9344262295081968,29.180880361799638,12.725470287592815,True,18.0,0.8075601374570447,0.8245614035087719,True,18.0,0.8075601374570447,0.8245614035087719,True,18.0,0.8075601374570447,0.8245614035087719,0.8075601374570447,18.0,0.8245614035087719
1026,Lung,0,neoplastic,neoplastic,695,1026__ch0__id695,101.0,93,20,105,32,98.91089108910892,25.673267326732674,0.8194908373303492,0.9805825242718447,15.030272212157733,8.613733051549445,True,19.0,0.8316831683168316,0.8316831683168316,True,19.0,0.8316831683168316,0.8316831683168316,True,19.0,0.8316831683168316,0.8316831683168316,0.8316831683168316,19.0,0.8316831683168316
1026,Lung,0,neoplastic,neoplastic,709,1026__ch0__id709,205.0,100,63,116,83,108.02439024390245,73.05365853658536,0.8488705226619014,0.9447004608294931,22.301962290495016,11.788835741079847,True,22.0,0.7951219512195122,0.7951219512195122,True,22.0,0.7951219512195122,0.7951219512195122,True,22.0,0.7951219512195122,0.7951219512195122,0.7951219512195122,22.0,0.7951219512195122
1026,Lung,0,neoplastic,neoplastic,721,1026__ch0__id721,273.0,109,156,131,173,119.35897435897436,163.85347985347985,0.7406540289169755,0.9545454545454546,22.86286915177632,15.361255525939487,True,24.0,0.7838827838827839,0.7838827838827839,True,24.0,0.7838827838827839,0.7838827838827839,True,24.0,0.7838827838827839,0.7838827838827839,0.7838827838827839,24.0,0.7838827838827839
1026,Lung,0,neoplastic,neoplastic,728,1026__ch0__id728,236.0,111,19,130,37,118.67372881355932,26.877118644067796,0.5578286248480938,0.9182879377431906,19.991199389498735,16.59181905234367,True,25.0,0.5805084745762712,0.5805084745762712,True,25.0,0.5805084745762712,0.5805084745762712,True,25.0,0.5805084745762712,0.5805084745762712,0.5805084745762712,25.0,0.5805084745762712
1026,Lung,0,neoplastic,neoplastic,748,1026__ch0__id748,201.0,122,131,140,145,130.86567164179104,137.7363184079602,0.6382418104786814,0.9757281553398058,18.250829517357687,14.050144696905694,True,27.0,0.7711442786069652,0.7711442786069652,True,27.0,0.7711442786069652,0.7711442786069652,True,27.0,0.7711442786069652,0.7711442786069652,0.7711442786069652,27.0,0.7711442786069652
1026,Lung,0,neoplastic,neoplastic,758,1026__ch0__id758,218.0,126,0,148,15,135.94954128440367,6.2889908256880735,0.8649767019114891,0.960352422907489,23.760610137421317,11.923359810540262,True,30.0,0.7522935779816514,0.7522935779816514,True,30.0,0.7522935779816514,0.7522935779816514,True,30.0,0.7522935779816514,0.7522935779816514,0.7522935779816514,30.0,0.7522935779816514
1026,Lung,0,neoplastic,neoplastic,764,1026__ch0__id764,183.0,129,182,149,196,138.39890710382514,187.76502732240436,0.8503760895926786,0.9289340101522843,21.256629894317882,11.184714821946375,True,33.0,0.6994535519125683,0.6994535519125683,True,33.0,0.6994535519125683,0.6994535519125683,True,33.0,0.6994535519125683,0.6994535519125683,0.6994535519125683,33.0,0.6994535519125683
1026,Lung,0,neoplastic,neoplastic,771,1026__ch0__id771,280.0,134,155,159,172,146.61428571428573,163.59642857142856,0.8491793345131934,0.9523809523809523,26.09812934438941,13.782541893643964,True,36.0,0.8505338078291815,0.8535714285714285,True,36.0,0.8505338078291815,0.8535714285714285,True,36.0,0.8505338078291815,0.8535714285714285,0.8505338078291815,36.0,0.8535714285714285
1026,Lung,0,neoplastic,neoplastic,786,1026__ch0__id786,176.0,142,190,160,203,151.05113636363637,196.6818181818182,0.7748126387936484,0.9723756906077348,18.942912210884124,11.975537329327196,True,38.0,0.7670454545454546,0.7670454545454546,True,38.0,0.7670454545454546,0.7670454545454546,True,38.0,0.7670454545454546,0.7670454545454546,0.7670454545454546,38.0,0.7670454545454546
1026,Lung,0,neoplastic,neoplastic,794,1026__ch0__id794,158.0,144,125,163,136,153.27848101265823,130.0506329113924,0.8307933464526126,0.9518072289156626,19.024666158095307,10.588767816270511,True,39.0,0.8218390804597702,0.9050632911392406,True,39.0,0.8218390804597702,0.9050632911392406,True,39.0,0.8218390804597702,0.9050632911392406,0.8218390804597702,39.0,0.9050632911392406
1026,Lung,0,neoplastic,neoplastic,815,1026__ch0__id815,187.0,155,33,174,53,163.33155080213905,41.962566844919785,0.931716788505164,0.935,25.990247926354897,9.439285432141281,True,41.0,0.8670212765957447,0.8716577540106952,True,41.0,0.8670212765957447,0.8716577540106952,True,41.0,0.8670212765957447,0.8716577540106952,0.8670212765957447,41.0,0.8716577540106952
1026,Lung,0,neoplastic,neoplastic,816,1026__ch0__id816,125.0,155,142,170,153,161.976,146.616,0.7679029542979975,0.9541984732824428,15.822734970163825,10.13550916648763,True,43.0,0.304,0.304,True,43.0,0.304,0.304,False,,,,0.304,43.0,0.304
1026,Lung,0,neoplastic,neoplastic,845,1026__ch0__id845,129.0,175,63,189,75,181.94573643410854,67.86821705426357,0.6237769420877204,0.9626865671641791,14.60758960162104,11.417327229459842,True,46.0,0.8449612403100775,0.8449612403100775,True,46.0,0.8449612403100775,0.8449612403100775,True,46.0,0.8449612403100775,0.8449612403100775,0.8449612403100775,46.0,0.8449612403100775
1026,Lung,0,neoplastic,neoplastic,852,1026__ch0__id852,167.0,178,163,196,175,186.1437125748503,168.5808383233533,0.7700326859575276,0.9597701149425287,18.29439546395381,11.671905491502114,True,47.0,0.7664670658682635,0.7664670658682635,True,47.0,0.7664670658682635,0.7664670658682635,True,47.0,0.7664670658682635,0.7664670658682635,0.7664670658682635,47.0,0.7664670658682635
1026,Lung,0,neoplastic,neoplastic,862,1026__ch0__id862,263.0,183,201,205,220,194.19391634980988,210.87832699619773,0.8053233137177876,0.9100346020761245,24.44016136390505,14.489004152456047,True,51.0,0.623574144486692,0.623574144486692,True,51.0,0.623574144486692,0.623574144486692,True,51.0,0.623574144486692,0.623574144486692,0.623574144486692,51.0,0.623574144486692
1026,Lung,0,neoplastic,neoplastic,864,1026__ch0__id864,205.0,183,186,205,201,193.55609756097562,193.14634146341464,0.8847182274663165,0.9534883720930233,23.72692814677806,11.059743456967288,True,50.0,0.697560975609756,0.697560975609756,True,50.0,0.697560975609756,0.697560975609756,True,50.0,0.697560975609756,0.697560975609756,0.697560975609756,50.0,0.697560975609756
1026,Lung,0,neoplastic,neoplastic,871,1026__ch0__id871,209.0,185,32,205,45,194.30143540669857,37.83253588516747,0.7710212472119814,0.9766355140186916,20.47007447673808,13.035536237963276,True,52.0,0.8564593301435407,0.8564593301435407,True,52.0,0.8564593301435407,0.8564593301435407,True,52.0,0.8564593301435407,0.8564593301435407,0.8564593301435407,52.0,0.8564593301435407
1026,Lung,0,neoplastic,neoplastic,882,1026__ch0__id882,309.0,194,143,227,157,210.19741100323625,149.6472491909385,0.950119254145057,0.9088235294117647,35.95661975222298,11.214396623296,True,56.0,0.7763578274760383,0.7864077669902912,True,56.0,0.7763578274760383,0.7864077669902912,True,56.0,0.7763578274760383,0.7864077669902912,0.7763578274760383,56.0,0.7864077669902912
1026,Lung,0,neoplastic,neoplastic,891,1026__ch0__id891,170.0,197,215,217,230,205.98235294117646,221.76470588235293,0.9033101681946428,0.9289617486338798,22.55776738361783,9.677012458034474,True,57.0,0.7885714285714286,0.8117647058823529,True,57.0,0.7885714285714286,0.8117647058823529,True,57.0,0.7885714285714286,0.8117647058823529,0.7885714285714286,57.0,0.8117647058823529
1026,Lung,0,neoplastic,neoplastic,900,1026__ch0__id900,107.0,200,123,216,135,207.0467289719626,128.01869158878506,0.9005474088469214,0.9304347826086956,18.078194139236203,7.859636322743277,True,58.0,0.8,0.8598130841121495,True,58.0,0.8,0.8598130841121495,True,58.0,0.8,0.8598130841121495,0.8,58.0,0.8598130841121495
1026,Lung,0,neoplastic,neoplastic,905,1026__ch0__id905,147.0,202,162,219,173,209.9387755102041,167.7074829931973,0.7950497394134238,0.9545454545454546,17.69457083962396,10.732539975099161,True,59.0,0.6326530612244898,0.6326530612244898,True,59.0,0.6326530612244898,0.6326530612244898,True,59.0,0.6326530612244898,0.6326530612244898,0.6326530612244898,59.0,0.6326530612244898
1026,Lung,0,neoplastic,neoplastic,906,1026__ch0__id906,53.0,205,251,224,256,214.9056603773585,253.8679245283019,0.9725143119002422,0.8688524590163934,18.151819728828936,4.226526129549699,False,,,,False,,,,False,,,,0.0,,0.0
1026,Lung,0,neoplastic,neoplastic,912,1026__ch0__id912,210.0,205,172,224,189,213.9142857142857,180.13333333333333,0.8447782745822858,0.9292035398230089,22.766318808639873,12.182632800931307,True,61.0,0.7380952380952381,0.7380952380952381,True,61.0,0.7380952380952381,0.7380952380952381,True,61.0,0.7380952380952381,0.7380952380952381,0.7380952380952381,61.0,0.7380952380952381
1026,Lung,0,neoplastic,neoplastic,923,1026__ch0__id923,88.0,211,232,222,242,216.3068181818182,236.3068181818182,0.4833900776790211,0.967032967032967,11.331584601143756,9.919726586508755,True,64.0,0.6590909090909091,0.6590909090909091,True,64.0,0.6590909090909091,0.6590909090909091,True,64.0,0.6590909090909091,0.6590909090909091,0.6590909090909091,64.0,0.6590909090909091
1026,Lung,0,neoplastic,neoplastic,953,1026__ch0__id953,160.0,225,15,243,28,233.625,20.70625,0.832994096066429,0.9580838323353293,19.211580389288624,10.629419266634503,True,67.0,0.8024691358024691,0.8125,True,67.0,0.8024691358024691,0.8125,True,67.0,0.8024691358024691,0.8125,0.8024691358024691,67.0,0.8125
1026,Lung,0,neoplastic,neoplastic,980,1026__ch0__id980,172.0,238,101,255,115,246.48837209302326,107.23255813953489,0.6539171766552705,0.9555555555555556,17.07057543656958,12.915019386841596,True,70.0,0.7267441860465116,0.7267441860465116,True,70.0,0.7267441860465116,0.7267441860465116,True,70.0,0.7267441860465116,0.7267441860465116,0.7267441860465116,70.0,0.7267441860465116
1026,Lung,0,neoplastic,neoplastic,1000,1026__ch0__id1000,54.0,250,220,256,230,252.72222222222223,224.66666666666666,0.7927632556248784,0.9642857142857143,10.728937498504566,6.539605749818495,False,,,,False,,,,False,,,,0.0,,0.0
1026,Lung,2,connective,normal,591,1026__ch2__id591,23.0,43,252,52,256,46.56521739130435,254.08695652173913,0.9230969117123694,0.8846153846153846,8.993957088206866,3.458782768480676,False,,,,False,,,,False,,,,0.0,,0.0
1026,Lung,2,connective,normal,697,1026__ch2__id697,128.0,94,134,109,144,100.9140625,138.40625,0.7229261361390171,0.9922480620155039,15.366808160073603,10.617316888413727,True,20.0,0.8796992481203008,0.9140625,True,20.0,0.8796992481203008,0.9140625,True,20.0,0.8796992481203008,0.9140625,0.8796992481203008,20.0,0.9140625
1026,Lung,2,connective,normal,842,1026__ch2__id842,335.0,172,136,198,153,185.37014925373134,143.92537313432837,0.7798549647151365,0.9490084985835694,26.229740308080295,16.418774788719553,True,49.0,0.3641791044776119,0.3641791044776119,True,49.0,0.3641791044776119,0.3641791044776119,False,,,,0.3641791044776119,49.0,0.3641791044776119
1026,Lung,2,connective,normal,876,1026__ch2__id876,15.0,188,0,197,2,191.8,0.4,0.9770664475983113,0.9375,9.147286108492034,1.9477739899832691,False,,,,False,,,,False,,,,0.0,,0.0
1026,Lung,2,connective,normal,911,1026__ch2__id911,4.0,206,0,210,1,207.5,0.0,1.0,1.0,4.47213595499958,0.0,False,,,,False,,,,False,,,,0.0,,0.0
1026,Lung,2,connective,normal,985,1026__ch2__id985,172.0,240,128,256,142,247.88372093023256,134.54651162790697,0.6978761889662481,0.9608938547486033,17.561945685563316,12.578188987688645,True,72.0,0.7558139534883721,0.7558139534883721,True,72.0,0.7558139534883721,0.7558139534883721,True,72.0,0.7558139534883721,0.7558139534883721,0.7558139534883721,72.0,0.7558139534883721
1026,Lung,3,dead,normal,516,1026__ch3__id516,59.0,3,173,11,183,6.677966101694915,177.76271186440678,0.7242231659825251,0.9365079365079365,10.567167814510452,7.286756097404761,True,1.0,0.7288135593220338,0.7288135593220338,True,1.0,0.7288135593220338,0.7288135593220338,True,1.0,0.7288135593220338,0.7288135593220338,0.7288135593220338,1.0,0.7288135593220338
1026,Lung,3,dead,normal,517,1026__ch3__id517,138.0,4,0,20,11,11.13768115942029,4.695652173913044,0.7267328705245784,0.9583333333333334,16.023948700921178,11.007173740035723,True,2.0,0.8581560283687943,0.8768115942028986,True,2.0,0.8581560283687943,0.8768115942028986,True,2.0,0.8581560283687943,0.8768115942028986,0.8581560283687943,2.0,0.8768115942028986
1026,Lung,3,dead,normal,538,1026__ch3__id538,131.0,13,240,24,256,18.17557251908397,247.4885496183206,0.8099366420802884,0.9562043795620438,16.950567619623992,9.941802492053611,True,3.0,0.75,0.8702290076335878,True,3.0,0.75,0.8702290076335878,True,3.0,0.75,0.8702290076335878,0.75,3.0,0.8702290076335878
1026,Lung,3,dead,normal,593,1026__ch3__id593,108.0,42,219,53,232,46.861111111111114,224.80555555555554,0.6218193639037218,0.9557522123893806,13.277516060724492,10.398428743979682,True,5.0,0.8425925925925926,0.8425925925925926,True,5.0,0.8425925925925926,0.8425925925925926,True,5.0,0.8425925925925926,0.8425925925925926,0.8425925925925926,5.0,0.8425925925925926
1026,Lung,3,dead,normal,603,1026__ch3__id603,132.0,48,142,62,154,54.67424242424242,147.67424242424244,0.6146062305430973,0.9635036496350365,14.633555208544076,11.543446833816185,True,6.0,0.8602941176470589,0.8863636363636364,True,6.0,0.8602941176470589,0.8863636363636364,True,6.0,0.8602941176470589,0.8863636363636364,0.8602941176470589,6.0,0.8863636363636364
1026,Lung,3,dead,normal,630,1026__ch3__id630,46.0,62,38,71,44,66.0,40.5,0.7495703439624047,1.0,9.350481907490598,6.189314867776043,False,,,,False,,,,False,,,,0.0,,0.0
1026,Lung,3,dead,normal,633,1026__ch3__id633,305.0,64,115,82,138,72.24262295081967,125.77377049180328,0.6379458233567746,0.9442724458204335,22.6095900212664,17.411221270110378,True,9.0,0.9,0.9442622950819672,True,9.0,0.9,0.9442622950819672,True,9.0,0.9,0.9442622950819672,0.9,9.0,0.9442622950819672
1026,Lung,3,dead,normal,635,1026__ch3__id635,77.0,65,224,76,233,70.55844155844156,228.0909090909091,0.6456536961126161,0.9625,11.464345141282598,8.754521842127213,True,10.0,0.5180722891566265,0.5584415584415584,True,10.0,0.5180722891566265,0.5584415584415584,True,10.0,0.5180722891566265,0.5584415584415584,0.5180722891566265,10.0,0.5584415584415584
1026,Lung,3,dead,normal,640,1026__ch3__id640,70.0,67,204,76,214,70.75714285714285,207.95714285714286,0.4310945129956816,0.958904109589041,10.000308311611128,9.023345967446422,False,,,,False,,,,False,,,,0.0,,0.0
1026,Lung,3,dead,normal,677,1026__ch3__id677,198.0,83,52,102,68,91.4949494949495,59.42424242424242,0.8512671205358345,0.9658536585365853,21.98441895369688,11.535941065513773,True,15.0,0.8181818181818182,0.8181818181818182,True,15.0,0.8181818181818182,0.8181818181818182,True,15.0,0.8181818181818182,0.8181818181818182,0.8181818181818182,15.0,0.8181818181818182
1026,Lung,3,dead,normal,710,1026__ch3__id710,168.0,100,88,112,105,105.69642857142857,95.6547619047619,0.7208822228857151,0.9655172413793104,17.5867516502727,12.18863168511336,True,21.0,0.8571428571428571,0.8571428571428571,True,21.0,0.8571428571428571,0.8571428571428571,True,21.0,0.8571428571428571,0.8571428571428571,0.8571428571428571,21.0,0.8571428571428571
1026,Lung,3,dead,normal,750,1026__ch3__id750,203.0,122,48,139,70,130.1822660098522,59.073891625615765,0.8995854172536986,0.9311926605504587,24.915002137400503,10.881499243850461,True,28.0,0.8097560975609757,0.8177339901477833,True,28.0,0.8097560975609757,0.8177339901477833,True,28.0,0.8097560975609757,0.8177339901477833,0.8097560975609757,28.0,0.8177339901477833
1026,Lung,3,dead,normal,759,1026__ch3__id759,110.0,127,98,140,110,133.11818181818182,104.03636363636363,0.4995836649969841,0.9482758620689655,12.772865403319026,11.064694442581962,True,31.0,0.7,0.7,True,31.0,0.7,0.7,True,31.0,0.7,0.7,0.7,31.0,0.7
1026,Lung,3,dead,normal,766,1026__ch3__id766,141.0,130,241,145,252,136.92198581560282,246.07801418439718,0.6716362376785712,0.9657534246575342,15.577646350890106,11.541183342287896,True,34.0,0.7304964539007093,0.7304964539007093,True,34.0,0.7304964539007093,0.7304964539007093,True,34.0,0.7304964539007093,0.7304964539007093,0.7304964539007093,34.0,0.7304964539007093
1026,Lung,3,dead,normal,770,1026__ch3__id770,196.0,133,64,145,85,138.85714285714286,74.04081632653062,0.7936687733396035,0.9655172413793104,20.31660473519459,12.359609090980534,True,35.0,0.8928571428571429,0.8928571428571429,True,35.0,0.8928571428571429,0.8928571428571429,True,35.0,0.8928571428571429,0.8928571428571429,0.8928571428571429,35.0,0.8928571428571429
1026,Lung,3,dead,normal,784,1026__ch3__id784,140.0,140,105,155,117,147.39285714285714,111.00714285714285,0.6513929074088846,0.9655172413793104,15.363687725134408,11.657053461442201,True,37.0,0.7142857142857143,0.7142857142857143,True,37.0,0.7142857142857143,0.7142857142857143,True,37.0,0.7142857142857143,0.7142857142857143,0.7142857142857143,37.0,0.7142857142857143
1026,Lung,3,dead,normal,791,1026__ch3__id791,149.0,143,212,161,226,151.83221476510067,219.05369127516778,0.870982428336982,0.9085365853658537,19.857193557782022,9.756120488222685,True,40.0,0.6577181208053692,0.6577181208053692,True,40.0,0.6577181208053692,0.6577181208053692,True,40.0,0.6577181208053692,0.6577181208053692,0.6577181208053692,40.0,0.6577181208053692
1026,Lung,3,dead,normal,809,1026__ch3__id809,102.0,153,249,173,256,161.33333333333334,252.66666666666666,0.9376356948234271,0.9444444444444444,19.9691628633762,6.9416700369557915,True,42.0,0.37254901960784315,0.37254901960784315,True,42.0,0.37254901960784315,0.37254901960784315,False,,,,0.37254901960784315,42.0,0.37254901960784315
1026,Lung,3,dead,normal,830,1026__ch3__id830,57.0,163,102,173,110,167.3684210526316,105.40350877192982,0.8230746275619333,0.95,11.29399817517343,6.414236900283768,True,44.0,0.5789473684210527,0.5789473684210527,True,44.0,0.5789473684210527,0.5789473684210527,True,44.0,0.5789473684210527,0.5789473684210527,0.5789473684210527,44.0,0.5789473684210527
1026,Lung,3,dead,normal,835,1026__ch3__id835,196.0,166,237,185,250,174.5408163265306,242.78571428571428,0.7776869269113972,0.9607843137254902,20.019267490845284,12.58514787514194,True,45.0,0.7272727272727273,0.8571428571428571,True,45.0,0.7272727272727273,0.8571428571428571,True,45.0,0.7272727272727273,0.8571428571428571,0.7272727272727273,45.0,0.8571428571428571
1026,Lung,3,dead,normal,858,1026__ch3__id858,60.0,179,106,188,117,183.28333333333333,111.01666666666667,0.8041203026857677,0.8823529411764706,11.396471710785297,6.774821792715155,True,48.0,0.6935483870967742,0.7166666666666667,True,48.0,0.6935483870967742,0.7166666666666667,True,48.0,0.6935483870967742,0.7166666666666667,0.6935483870967742,48.0,0.7166666666666667
1026,Lung,3,dead,normal,881,1026__ch3__id881,83.0,194,69,206,80,199.20481927710844,74.53012048192771,0.8368180793664034,0.9540229885057471,13.918649296382378,7.620196755980073,True,55.0,0.6626506024096386,0.6626506024096386,True,55.0,0.6626506024096386,0.6626506024096386,True,55.0,0.6626506024096386,0.6626506024096386,0.6626506024096386,55.0,0.6626506024096386
1026,Lung,3,dead,normal,908,1026__ch3__id908,138.0,204,86,221,98,212.44202898550725,90.76811594202898,0.8436432266673984,0.9583333333333334,18.26444384351435,9.806256374171474,True,60.0,0.8129496402877698,0.8188405797101449,True,60.0,0.8129496402877698,0.8188405797101449,True,60.0,0.8129496402877698,0.8188405797101449,0.8129496402877698,60.0,0.8188405797101449
1026,Lung,3,dead,normal,915,1026__ch3__id915,161.0,206,17,224,31,214.59006211180125,23.677018633540374,0.8640382254832418,0.9415204678362573,20.273763449295238,10.206343814946697,True,62.0,0.6894409937888198,0.6894409937888198,True,62.0,0.6894409937888198,0.6894409937888198,True,62.0,0.6894409937888198,0.6894409937888198,0.6894409937888198,62.0,0.6894409937888198
1026,Lung,3,dead,normal,949,1026__ch3__id949,163.0,224,50,242,62,232.30061349693253,55.86503067484663,0.7435198194410869,0.9421965317919075,17.69698353469901,11.834218851856704,True,66.0,0.7722222222222223,0.852760736196319,True,66.0,0.7722222222222223,0.852760736196319,True,66.0,0.7722222222222223,0.852760736196319,0.7722222222222223,66.0,0.852760736196319
1026,Lung,3,dead,normal,970,1026__ch3__id970,153.0,235,80,249,94,241.40522875816993,86.73202614379085,0.3355489916976303,0.9622641509433962,14.377642058739019,13.544066007248409,True,69.0,0.8496732026143791,0.8496732026143791,True,69.0,0.8496732026143791,0.8496732026143791,True,69.0,0.8496732026143791,0.8496732026143791,0.8496732026143791,69.0,0.8496732026143791
1026,Lung,3,dead,normal,974,1026__ch3__id974,34.0,238,223,244,230,240.5,225.7058823529412,0.4678596948487089,1.0,6.964069923269997,6.154864169189802,False,,,,False,,,,False,,,,0.0,,0.0
1026,Lung,3,dead,normal,975,1026__ch3__id975,55.0,238,153,248,163,242.14545454545456,157.83636363636364,0.8558922143410026,0.8870967741935484,11.836077729791684,6.121077891420902,True,71.0,0.6428571428571429,0.6545454545454545,True,71.0,0.6428571428571429,0.6545454545454545,True,71.0,0.6428571428571429,0.6545454545454545,0.6428571428571429,71.0,0.6545454545454545
1026,Lung,3,dead,normal,990,1026__ch3__id990,53.0,243,27,251,35,246.64150943396226,30.452830188679247,0.43056188979018295,0.9814814814814815,8.626590010663211,7.7860241861308355,True,73.0,0.8301886792452831,0.8301886792452831,True,73.0,0.8301886792452831,0.8301886792452831,True,73.0,0.8301886792452831,0.8301886792452831,0.8301886792452831,73.0,0.8301886792452831
1026,Lung,3,dead,normal,996,1026__ch3__id996,34.0,246,49,252,56,248.55882352941177,52.1764705882353,0.6835643815081959,0.9714285714285714,7.664265068705888,5.594072133315701,False,,,,False,,,,False,,,,0.0,,0.0
1026,Lung,3,dead,normal,998,1026__ch3__id998,52.0,250,243,256,255,253.01923076923077,248.46153846153845,0.8329542876711107,0.9454545454545454,11.38148666495653,6.297852390090558,False,,,,False,,,,False,,,,0.0,,0.0
1026,Lung,3,dead,normal,1001,1026__ch3__id1001,33.0,251,76,256,85,253.45454545454547,80.12121212121212,0.8487098651090151,0.8918918918918919,9.040082411826724,4.780926576655036,True,74.0,0.5757575757575758,0.5757575757575758,True,74.0,0.5757575757575758,0.5757575757575758,True,74.0,0.5757575757575758,0.5757575757575758,0.5757575757575758,74.0,0.5757575757575758
1026,Lung,3,dead,normal,1007,1026__ch3__id1007,12.0,253,169,256,175,254.33333333333334,171.5,0.8427009716003844,1.0,5.5377492419453835,2.98142396999972,False,,,,False,,,,False,,,,0.0,,0.0
1026,Lung,3,dead,normal,1009,1026__ch3__id1009,2.0,255,154,256,156,255.0,154.5,1.0,1.0,2.0,0.0,False,,,,False,,,,False,,,,0.0,,0.0
1039,Lung,2,connective,normal,2492,1039__ch2__id2492,3.0,0,24,1,27,0.0,25.0,1.0,1.0,3.265986323710904,0.0,False,,,,False,,,,False,,,,0.0,,0.0
1039,Lung,3,dead,normal,2484,1039__ch3__id2484,85.0,0,115,8,130,2.764705882352941,121.82352941176471,0.8007478187497408,0.9550561797752809,13.994029593342358,8.382446279986059,False,,,,False,,,,False,,,,0.0,,0.0
1039,Lung,3,dead,normal,2489,1039__ch3__id2489,85.0,0,32,7,47,2.541176470588235,39.72941176470588,0.8782121266136662,0.9770114942528736,15.378961873251809,7.355316477895058,True,1.0,0.6588235294117647,0.6588235294117647,True,1.0,0.6588235294117647,0.6588235294117647,True,1.0,0.6588235294117647,0.6588235294117647,0.6588235294117647,1.0,0.6588235294117647
1039,Lung,3,dead,normal,2497,1039__ch3__id2497,9.0,0,167,3,172,0.5555555555555556,169.0,0.8050764858994133,1.0,4.618802153517006,2.7397395568751004,False,,,,False,,,,False,,,,0.0,,0.0
1039,Lung,3,dead,normal,2507,1039__ch3__id2507,204.0,0,83,15,100,6.892156862745098,91.09803921568627,0.4721138613290301,0.966824644549763,17.195489094323463,15.158469813757076,True,2.0,0.8097560975609757,0.8137254901960784,True,2.0,0.8097560975609757,0.8137254901960784,True,2.0,0.8097560975609757,0.8137254901960784,0.8097560975609757,2.0,0.8137254901960784
1039,Lung,3,dead,normal,2522,1039__ch3__id2522,91.0,7,237,18,248,11.68131868131868,241.75824175824175,0.27026234916702335,0.9680851063829787,11.001372608090445,10.591975416928847,False,,,,False,,,,False,,,,0.0,,0.0
1039,Lung,3,dead,normal,2543,1039__ch3__id2543,15.0,20,253,27,256,23.0,254.26666666666668,0.8812869377601523,1.0,6.531972647421808,3.086889840744061,False,,,,False,,,,False,,,,0.0,,0.0
1039,Lung,3,dead,normal,2547,1039__ch3__id2547,205.0,21,90,42,106,32.8780487804878,96.6,0.760498669656186,0.8723404255319149,21.288766043648835,13.823636488425407,True,4.0,0.5902439024390244,0.5902439024390244,True,4.0,0.5902439024390244,0.5902439024390244,True,4.0,0.5902439024390244,0.5902439024390244,0.5902439024390244,4.0,0.5902439024390244
1039,Lung,3,dead,normal,2556,1039__ch3__id2556,66.0,27,52,36,62,31.075757575757574,56.86363636363637,0.5245955649372525,0.9295774647887324,9.950078817253655,8.471015208122555,False,,,,False,,,,False,,,,0.0,,0.0
1039,Lung,3,dead,normal,2560,1039__ch3__id2560,37.0,30,11,38,17,33.729729729729726,13.91891891891892,0.7768775041812404,0.925,8.693360376387878,5.4737896932417955,False,,,,False,,,,False,,,,0.0,,0.0
1039,Lung,3,dead,normal,2561,1039__ch3__id2561,42.0,30,178,37,186,33.214285714285715,181.76190476190476,0.5682821853296697,0.9130434782608695,8.069902356275549,6.640187908584524,True,5.0,0.5714285714285714,0.5714285714285714,True,5.0,0.5714285714285714,0.5714285714285714,True,5.0,0.5714285714285714,0.5714285714285714,0.5714285714285714,5.0,0.5714285714285714
1039,Lung,3,dead,normal,2565,1039__ch3__id2565,47.0,31,147,40,154,35.148936170212764,149.95744680851064,0.6596869124269932,0.9038461538461539,8.921638137756316,6.704972709954958,False,,,,False,,,,False,,,,0.0,,0.0
1039,Lung,3,dead,normal,2572,1039__ch3__id2572,29.0,35,199,42,204,37.827586206896555,201.10344827586206,0.6943207788666131,1.0,7.103536712915951,5.11217140648684,False,,,,False,,,,False,,,,0.0,,0.0
1039,Lung,3,dead,normal,2582,1039__ch3__id2582,44.0,40,223,48,230,43.70454545454545,225.88636363636363,0.563634015995866,0.9565217391304348,8.233064306845561,6.800713930947641,False,,,,False,,,,False,,,,0.0,,0.0
1039,Lung,3,dead,normal,2583,1039__ch3__id2583,58.0,40,162,49,170,44.293103448275865,165.72413793103448,0.6660153354445731,0.9666666666666667,9.959150276324385,7.428909126864124,True,6.0,0.85,0.8793103448275862,True,6.0,0.85,0.8793103448275862,True,6.0,0.85,0.8793103448275862,0.85,6.0,0.8793103448275862
1039,Lung,3,dead,normal,2589,1039__ch3__id2589,92.0,43,119,53,133,47.94565217391305,124.8804347826087,0.8651718413099283,0.9484536082474226,15.390117909256382,7.717767194890998,True,8.0,0.8152173913043478,0.8152173913043478,True,8.0,0.8152173913043478,0.8152173913043478,True,8.0,0.8152173913043478,0.8152173913043478,0.8152173913043478,8.0,0.8152173913043478
1039,Lung,3,dead,normal,2598,1039__ch3__id2598,81.0,47,68,59,77,52.72839506172839,72.22222222222223,0.6846733573233008,0.9529411764705882,11.912408084929735,8.682359215136948,False,,,,False,,,,False,,,,0.0,,0.0
1039,Lung,3,dead,normal,2599,1039__ch3__id2599,36.0,48,7,54,15,50.55555555555556,10.666666666666666,0.7668753053921351,0.972972972972973,8.41376586928147,5.399922331002999,True,9.0,0.5384615384615384,0.5833333333333334,True,9.0,0.5384615384615384,0.5833333333333334,True,9.0,0.5384615384615384,0.5833333333333334,0.5384615384615384,9.0,0.5833333333333334
1039,Lung,3,dead,normal,2619,1039__ch3__id2619,188.0,57,198,77,213,65.94680851063829,204.61702127659575,0.8580502468409323,0.9353233830845771,21.86943698254619,11.231393685149,True,10.0,0.7287234042553191,0.7287234042553191,True,10.0,0.7287234042553191,0.7287234042553191,True,10.0,0.7287234042553191,0.7287234042553191,0.7287234042553191,10.0,0.7287234042553191
1039,Lung,3,dead,normal,2626,1039__ch3__id2626,59.0,61,16,70,25,64.96610169491525,20.135593220338983,0.5830071371613449,0.9516129032258065,9.60576813969184,7.804369930133869,True,11.0,0.8135593220338984,0.8135593220338984,True,11.0,0.8135593220338984,0.8135593220338984,True,11.0,0.8135593220338984,0.8135593220338984,0.8135593220338984,11.0,0.8135593220338984
1039,Lung,3,dead,normal,2660,1039__ch3__id2660,137.0,75,47,90,59,82.52554744525547,52.56204379562044,0.6707776620584148,0.9647887323943662,15.361322495672429,11.39285537386467,True,12.0,0.8705035971223022,0.8832116788321168,True,12.0,0.8705035971223022,0.8832116788321168,True,12.0,0.8705035971223022,0.8832116788321168,0.8705035971223022,12.0,0.8832116788321168
1039,Lung,3,dead,normal,2661,1039__ch3__id2661,58.0,75,77,83,86,78.8103448275862,81.29310344827586,0.2902904576301354,0.9354838709677419,8.874521862709122,8.492372369495008,False,,,,False,,,,False,,,,0.0,,0.0
1039,Lung,3,dead,normal,2666,1039__ch3__id2666,140.0,78,236,94,247,85.70714285714286,241.0142857142857,0.70908842876511,0.9722222222222222,15.936063877228603,11.236830420399164,False,,,,False,,,,False,,,,0.0,,0.0
1039,Lung,3,dead,normal,2681,1039__ch3__id2681,103.0,85,63,97,76,90.02912621359224,69.33980582524272,0.38368269448468817,0.8728813559322034,12.507964550686928,11.550667373601026,True,13.0,0.24271844660194175,0.24271844660194175,False,,,,False,,,,0.24271844660194175,13.0,0.24271844660194175
1039,Lung,3,dead,normal,2712,1039__ch3__id2712,103.0,108,31,123,40,115.09708737864078,34.70873786407767,0.851689376719616,0.9279279279279279,15.991272128019256,8.380177381931253,True,14.0,0.35514018691588783,0.36893203883495146,True,14.0,0.35514018691588783,0.36893203883495146,False,,,,0.35514018691588783,14.0,0.36893203883495146
1039,Lung,3,dead,normal,2749,1039__ch3__id2749,57.0,124,220,135,226,128.6315789473684,222.5438596491228,0.8295450796271875,0.9827586206896551,11.381568574118047,6.355920375236625,False,,,,False,,,,False,,,,0.0,,0.0
1039,Lung,3,dead,normal,2752,1039__ch3__id2752,84.0,127,19,140,30,132.41666666666666,23.916666666666668,0.7631889635993874,0.865979381443299,13.572023905469756,8.769907537737701,True,17.0,0.27380952380952384,0.27380952380952384,True,17.0,0.27380952380952384,0.27380952380952384,False,,,,0.27380952380952384,17.0,0.27380952380952384
1039,Lung,3,dead,normal,2754,1039__ch3__id2754,78.0,129,51,139,63,133.78205128205127,56.57692307692308,0.8596348095433384,0.9397590361445783,14.043046995986812,7.174718931934996,True,16.0,0.5875,0.6025641025641025,True,16.0,0.5875,0.6025641025641025,True,16.0,0.5875,0.6025641025641025,0.5875,16.0,0.6025641025641025
1039,Lung,3,dead,normal,2771,1039__ch3__id2771,71.0,137,42,147,53,141.46478873239437,46.929577464788736,0.6733819409477049,0.922077922077922,11.19632083633976,8.277381472805757,False,,,,False,,,,False,,,,0.0,,0.0
1039,Lung,3,dead,normal,2778,1039__ch3__id2778,78.0,141,147,153,156,146.14102564102564,151.16666666666666,0.6972375116089041,0.9629629629629629,11.792427664827697,8.453286041805645,True,18.0,0.5641025641025641,0.5641025641025641,True,18.0,0.5641025641025641,0.5641025641025641,True,18.0,0.5641025641025641,0.5641025641025641,0.5641025641025641,18.0,0.5641025641025641
1039,Lung,3,dead,normal,2786,1039__ch3__id2786,163.0,147,0,163,12,154.55828220858896,5.122699386503068,0.6401886753229422,0.9644970414201184,16.6143889209366,12.763467918358256,True,19.0,0.8862275449101796,0.9079754601226994,True,19.0,0.8862275449101796,0.9079754601226994,True,19.0,0.8862275449101796,0.9079754601226994,0.8862275449101796,19.0,0.9079754601226994
1039,Lung,3,dead,normal,2794,1039__ch3__id2794,41.0,150,46,157,54,153.21951219512195,49.63414634146341,0.6774399801872464,0.9318181818181818,8.458503067111,6.221889224234153,False,,,,False,,,,False,,,,0.0,,0.0
1039,Lung,3,dead,normal,2807,1039__ch3__id2807,69.0,159,145,167,159,161.6086956521739,151.7826086956522,0.899950293289066,0.75,16.291531752204737,7.102985835948317,False,,,,False,,,,False,,,,0.0,,0.0
1039,Lung,3,dead,normal,2818,1039__ch3__id2818,54.0,165,63,174,72,169.0,66.88888888888889,0.6744574123388348,0.9,9.726442725106352,7.181166438775707,True,20.0,0.7592592592592593,0.7592592592592593,True,20.0,0.7592592592592593,0.7592592592592593,True,20.0,0.7592592592592593,0.7592592592592593,0.7592592592592593,20.0,0.7592592592592593
1039,Lung,3,dead,normal,2819,1039__ch3__id2819,52.0,167,209,175,218,170.59615384615384,212.71153846153845,0.6956423078805762,0.9629629629629629,9.653711313456254,6.935113460128041,False,,,,False,,,,False,,,,0.0,,0.0
1039,Lung,3,dead,normal,2825,1039__ch3__id2825,391.0,170,220,191,246,180.3222506393862,232.7391304347826,0.8001711102333904,0.9630541871921182,28.860491436960853,17.30970847151771,False,,,,False,,,,False,,,,0.0,,0.0
1039,Lung,3,dead,normal,2827,1039__ch3__id2827,144.0,171,24,182,43,175.60416666666666,32.701388888888886,0.8642192388722902,0.935064935064935,19.132987491340597,9.626100682392751,False,,,,False,,,,False,,,,0.0,,0.0
1039,Lung,3,dead,normal,2835,1039__ch3__id2835,145.0,173,90,186,105,179.28275862068966,96.70344827586207,0.5410430882520227,0.9354838709677419,14.91015082597761,12.539360402452907,True,21.0,0.2620689655172414,0.2620689655172414,True,21.0,0.2620689655172414,0.2620689655172414,False,,,,0.2620689655172414,21.0,0.2620689655172414
1039,Lung,3,dead,normal,2866,1039__ch3__id2866,195.0,189,1,203,19,195.8820512820513,8.871794871794872,0.7365660331435434,0.9512195121951219,19.273103702186216,13.035665118129616,True,22.0,0.882051282051282,0.882051282051282,True,22.0,0.882051282051282,0.882051282051282,True,22.0,0.882051282051282,0.882051282051282,0.882051282051282,22.0,0.882051282051282
1039,Lung,3,dead,normal,2872,1039__ch3__id2872,109.0,192,174,204,186,197.57798165137615,179.8165137614679,0.2575148647123707,0.956140350877193,11.999909451596283,11.595204550067994,True,23.0,0.8348623853211009,0.8348623853211009,True,23.0,0.8348623853211009,0.8348623853211009,True,23.0,0.8348623853211009,0.8348623853211009,0.8348623853211009,23.0,0.8348623853211009
1039,Lung,3,dead,normal,2874,1039__ch3__id2874,135.0,194,69,209,81,201.1037037037037,74.82222222222222,0.7127784767228873,0.9507042253521126,15.668068148553605,10.989414155571618,True,24.0,0.7943262411347518,0.8296296296296296,True,24.0,0.7943262411347518,0.8296296296296296,True,24.0,0.7943262411347518,0.8296296296296296,0.7943262411347518,24.0,0.8296296296296296
1039,Lung,3,dead,normal,2898,1039__ch3__id2898,97.0,206,232,221,245,213.15463917525773,236.98969072164948,0.9323870516989478,0.8584070796460177,19.422080296877137,7.020333467000636,False,,,,False,,,,False,,,,0.0,,0.0
1039,Lung,3,dead,normal,2915,1039__ch3__id2915,126.0,216,95,232,107,223.56349206349208,100.42857142857143,0.7636554474447064,0.9545454545454546,15.841018926732836,10.227342104298012,True,25.0,0.5384615384615384,0.5555555555555556,True,25.0,0.5384615384615384,0.5555555555555556,True,25.0,0.5384615384615384,0.5555555555555556,0.5384615384615384,25.0,0.5555555555555556
1039,Lung,3,dead,normal,2939,1039__ch3__id2939,86.0,230,88,240,99,234.98837209302326,92.84883720930233,0.5073942490119805,0.9772727272727273,11.281331772972408,9.72128190886621,True,26.0,0.45348837209302323,0.45348837209302323,True,26.0,0.45348837209302323,0.45348837209302323,False,,,,0.45348837209302323,26.0,0.45348837209302323
1039,Lung,3,dead,normal,2950,1039__ch3__id2950,68.0,233,183,243,196,237.73529411764707,188.55882352941177,0.9284879673830435,0.8607594936708861,15.856902192210795,5.88865858455761,False,,,,False,,,,False,,,,0.0,,0.0
1039,Lung,3,dead,normal,2954,1039__ch3__id2954,157.0,235,140,255,150,243.6815286624204,144.74522292993632,0.8669060675960731,0.9401197604790419,20.26682909360982,10.102437382663503,True,27.0,0.6050955414012739,0.6050955414012739,True,27.0,0.6050955414012739,0.6050955414012739,True,27.0,0.6050955414012739,0.6050955414012739,0.6050955414012739,27.0,0.6050955414012739
1039,Lung,3,dead,normal,2971,1039__ch3__id2971,169.0,241,0,255,15,247.1360946745562,6.284023668639053,0.6156542267923545,0.976878612716763,16.65310985682919,13.122923956754915,True,28.0,0.8032786885245902,0.8698224852071006,True,28.0,0.8032786885245902,0.8698224852071006,True,28.0,0.8032786885245902,0.8698224852071006,0.8032786885245902,28.0,0.8698224852071006
1039,Lung,3,dead,normal,2981,1039__ch3__id2981,35.0,247,181,256,187,250.5142857142857,183.14285714285714,0.8657571085189929,0.9210526315789473,9.464520741259266,4.736655820593577,False,,,,False,,,,False,,,,0.0,,0.0
1039,Lung,3,dead,normal,2988,1039__ch3__id2988,34.0,249,127,256,133,252.41176470588235,129.5,0.5538698309621269,0.9714285714285714,7.242514046632367,6.030140900582063,False,,,,False,,,,False,,,,0.0,,0.0
1076,Thyroid,0,neoplastic,neoplastic,404,1076__ch0__id404,344.0,15,242,49,256,29.26453488372093,249.97093023255815,0.9232192118332545,0.9608938547486033,34.950160019582846,13.430427778822107,True,3.0,0.8695652173913043,0.872093023255814,True,3.0,0.8695652173913043,0.872093023255814,True,3.0,0.8695652173913043,0.872093023255814,0.8695652173913043,3.0,0.872093023255814
1076,Thyroid,1,inflammatory,normal,444,1076__ch1__id444,456.0,98,225,119,255,107.4407894736842,240.2434210526316,0.6963647515434948,0.957983193277311,28.532361548319354,20.477334835932933,True,8.0,0.8959660297239915,0.9254385964912281,True,8.0,0.8959660297239915,0.9254385964912281,True,8.0,0.8959660297239915,0.9254385964912281,0.8959660297239915,8.0,0.9254385964912281
1076,Thyroid,1,inflammatory,normal,477,1076__ch1__id477,262.0,158,150,176,169,166.36259541984734,159.36259541984734,0.3933429233211893,0.9632352941176471,19.073846141667875,17.53633838818667,True,14.0,0.875,0.9083969465648855,True,14.0,0.875,0.9083969465648855,True,14.0,0.875,0.9083969465648855,0.875,14.0,0.9083969465648855
1076,Thyroid,1,inflammatory,normal,509,1076__ch1__id509,380.0,213,216,230,245,221.7263157894737,229.74736842105264,0.8161142274924537,0.9644670050761421,29.038694302363336,16.781189029268813,True,19.0,0.9,0.9710526315789474,True,19.0,0.9,0.9710526315789474,True,19.0,0.9,0.9710526315789474,0.9,19.0,0.9710526315789474
1076,Thyroid,1,inflammatory,normal,511,1076__ch1__id511,434.0,215,84,236,113,224.58755760368663,98.33179723502305,0.8052800899785022,0.9414316702819957,30.701611645264222,18.20281897838972,True,20.0,0.9139784946236559,0.9792626728110599,True,20.0,0.9139784946236559,0.9792626728110599,True,20.0,0.9139784946236559,0.9792626728110599,0.9139784946236559,20.0,0.9792626728110599
1076,Thyroid,1,inflammatory,normal,528,1076__ch1__id528,222.0,246,179,256,211,251.4954954954955,193.63513513513513,0.9375996119035127,0.9568965517241379,29.920181105194672,10.403749403708185,True,24.0,0.5225225225225225,0.5225225225225225,True,24.0,0.5225225225225225,0.5225225225225225,True,24.0,0.5225225225225225,0.5225225225225225,0.5225225225225225,24.0,0.5225225225225225
1076,Thyroid,1,inflammatory,normal,944,1076__ch1__id944,439.0,218,128,242,151,229.42141230068336,138.75626423690204,0.4962255592201993,0.9481641468682506,25.531240236821283,22.166060363162654,True,21.0,0.6605922551252847,0.6605922551252847,True,21.0,0.6605922551252847,0.6605922551252847,True,21.0,0.6605922551252847,0.6605922551252847,0.6605922551252847,21.0,0.6605922551252847
1076,Thyroid,1,inflammatory,normal,945,1076__ch1__id945,189.0,230,152,246,168,237.5185185185185,159.5873015873016,0.4933586990169309,0.9402985074626866,16.82947804198493,14.638716830459042,True,23.0,0.8316326530612245,0.8624338624338624,True,23.0,0.8316326530612245,0.8624338624338624,True,23.0,0.8316326530612245,0.8624338624338624,0.8316326530612245,23.0,0.8624338624338624
1076,Thyroid,2,connective,normal,397,1076__ch2__id397,351.0,1,0,28,16,13.182336182336183,6.49002849002849,0.8143171771677551,0.9777158774373259,28.22010681149449,16.379518250364473,True,1.0,0.5869565217391305,1.0,True,1.0,0.5869565217391305,1.0,True,1.0,0.5869565217391305,1.0,0.5869565217391305,1.0,1.0
1076,Thyroid,2,connective,normal,409,1076__ch2__id409,618.0,17,117,34,167,24.92556634304207,139.3398058252427,0.9430483756187209,0.9420731707317073,49.08891709173579,16.329704130012225,True,4.0,0.645021645021645,0.9644012944983819,True,4.0,0.645021645021645,0.9644012944983819,True,4.0,0.645021645021645,0.9644012944983819,0.645021645021645,4.0,0.9644012944983819
1076,Thyroid,2,connective,normal,424,1076__ch2__id424,859.0,56,134,84,175,69.29918509895226,153.63795110593713,0.7345691001885534,0.9673423423423423,40.239927050698114,27.304154151100473,True,6.0,0.7942122186495176,0.8626309662398137,True,6.0,0.7942122186495176,0.8626309662398137,True,6.0,0.7942122186495176,0.8626309662398137,0.7942122186495176,6.0,0.8626309662398137
1076,Thyroid,2,connective,normal,425,1076__ch2__id425,383.0,57,38,77,81,66.1462140992167,58.35770234986945,0.9711863402638975,0.8492239467849224,46.88149373193191,11.172863494394115,True,5.0,0.6204506065857885,0.9347258485639687,True,5.0,0.6204506065857885,0.9347258485639687,True,5.0,0.6204506065857885,0.9347258485639687,0.6204506065857885,5.0,0.9347258485639687
1076,Thyroid,2,connective,normal,429,1076__ch2__id429,398.0,73,95,86,137,78.40452261306532,118.27386934673366,0.9553298763149936,0.9707317073170731,42.00478525211021,12.414160736778705,False,,,,False,,,,False,,,,0.0,,0.0
1076,Thyroid,2,connective,normal,442,1076__ch2__id442,596.0,97,26,117,78,107.89261744966443,53.807046979865774,0.9491266682499776,0.8119891008174387,52.08782579147885,16.402171635769783,True,10.0,0.638752052545156,0.6526845637583892,True,10.0,0.638752052545156,0.6526845637583892,True,10.0,0.638752052545156,0.6526845637583892,0.638752052545156,10.0,0.6526845637583892
1076,Thyroid,2,connective,normal,443,1076__ch2__id443,209.0,102,0,129,11,116.44497607655502,3.9186602870813396,0.8993560205990997,0.9720930232558139,25.69541437296328,11.234473253086076,True,9.0,0.49160671462829736,0.9808612440191388,True,9.0,0.49160671462829736,0.9808612440191388,False,,,,0.49160671462829736,9.0,0.9808612440191388
1076,Thyroid,2,connective,normal,456,1076__ch2__id456,362.0,124,42,147,66,135.91988950276243,53.28729281767956,0.6204588287606365,0.9551451187335093,24.5109554092677,19.222447670093533,True,11.0,0.5810147299509002,0.9806629834254144,True,11.0,0.5810147299509002,0.9806629834254144,True,11.0,0.5810147299509002,0.9806629834254144,0.5810147299509002,11.0,0.9806629834254144
1076,Thyroid,2,connective,normal,462,1076__ch2__id462,580.0,132,98,157,129,144.02586206896552,113.11724137931034,0.6194934747837744,0.9682804674457429,30.742721950758607,24.133092238545306,True,12.0,0.8212209302325582,0.9741379310344828,True,12.0,0.8212209302325582,0.9741379310344828,True,12.0,0.8212209302325582,0.9741379310344828,0.8212209302325582,12.0,0.9741379310344828
1076,Thyroid,2,connective,normal,469,1076__ch2__id469,667.0,142,215,167,251,154.77811094452773,233.12293853073464,0.7971362112499549,0.9394366197183098,37.877249355731365,22.87026499126019,True,13.0,0.7519480519480519,0.8680659670164917,True,13.0,0.7519480519480519,0.8680659670164917,True,13.0,0.7519480519480519,0.8680659670164917,0.7519480519480519,13.0,0.8680659670164917
1076,Thyroid,2,connective,normal,473,1076__ch2__id473,34.0,151,0,164,4,157.0,1.0,0.9490105995258549,0.8947368421052632,12.309728338379603,3.8805700005813275,False,,,,False,,,,False,,,,0.0,,0.0
1076,Thyroid,2,connective,normal,481,1076__ch2__id481,472.0,170,218,194,244,180.0084745762712,229.98728813559322,0.6176016376660529,0.963265306122449,28.280450177510897,22.242321771221647,True,15.0,0.8286219081272085,0.9936440677966102,True,15.0,0.8286219081272085,0.9936440677966102,True,15.0,0.8286219081272085,0.9936440677966102,0.8286219081272085,15.0,0.9936440677966102
1076,Thyroid,2,connective,normal,485,1076__ch2__id485,384.0,176,104,194,131,184.46875,116.5,0.7505790972789734,0.9624060150375939,27.281223069118617,18.026903307362307,True,16.0,0.9270833333333334,0.9270833333333334,True,16.0,0.9270833333333334,0.9270833333333334,True,16.0,0.9270833333333334,0.9270833333333334,0.9270833333333334,16.0,0.9270833333333334
1076,Thyroid,2,connective,normal,492,1076__ch2__id492,293.0,188,240,211,256,198.79180887372013,248.70307167235495,0.7057819240030567,0.9701986754966887,23.462000510258406,16.621165330163755,True,18.0,0.8033333333333333,0.8225255972696246,True,18.0,0.8033333333333333,0.8225255972696246,True,18.0,0.8033333333333333,0.8225255972696246,0.8033333333333333,18.0,0.8225255972696246
1076,Thyroid,2,connective,normal,497,1076__ch2__id497,545.0,194,130,213,171,202.75045871559632,150.26605504587155,0.8910010584306838,0.934819897084048,39.647054193790574,17.999811240345164,True,17.0,0.6640211640211641,0.9211009174311927,True,17.0,0.6640211640211641,0.9211009174311927,True,17.0,0.6640211640211641,0.9211009174311927,0.6640211640211641,17.0,0.9211009174311927
1076,Thyroid,2,connective,normal,514,1076__ch2__id514,411.0,227,7,245,39,235.0316301703163,22.715328467153284,0.8512361560979581,0.9298642533936652,31.941876166511634,16.76254780158514,True,22.0,0.8788598574821853,0.9002433090024331,True,22.0,0.8788598574821853,0.9002433090024331,True,22.0,0.8788598574821853,0.9002433090024331,0.8788598574821853,22.0,0.9002433090024331
1108,Thyroid,0,neoplastic,neoplastic,312,1108__ch0__id312,6.0,0,0,6,1,2.5,0.0,1.0,1.0,6.831300510639732,0.0,False,,,,False,,,,False,,,,0.02040816326530612,1.0,0.6666666666666666
1108,Thyroid,0,neoplastic,neoplastic,314,1108__ch0__id314,517.0,0,124,25,150,10.777562862669246,135.48936170212767,0.5944436069599057,0.9681647940074907,29.10659755049177,23.405700782604352,True,3.0,0.8936170212765957,0.8936170212765957,True,3.0,0.8936170212765957,0.8936170212765957,True,3.0,0.8936170212765957,0.8936170212765957,0.8936170212765957,3.0,0.8936170212765957
1108,Thyroid,0,neoplastic,neoplastic,315,1108__ch0__id315,201.0,0,1,12,20,4.935323383084577,9.761194029850746,0.7692356167293836,0.9901477832512315,20.317001502402114,12.981857550706982,True,1.0,0.926829268292683,0.945273631840796,True,1.0,0.926829268292683,0.945273631840796,True,1.0,0.926829268292683,0.945273631840796,0.926829268292683,1.0,0.945273631840796
1108,Thyroid,0,neoplastic,neoplastic,318,1108__ch0__id318,296.0,0,230,14,256,5.608108108108108,244.30067567567568,0.8582371562566218,0.9704918032786886,27.86061122413806,14.299551564369036,True,4.0,0.7785234899328859,0.7837837837837838,True,4.0,0.7785234899328859,0.7837837837837838,True,4.0,0.7785234899328859,0.7837837837837838,0.7785234899328859,4.0,0.7837837837837838
1108,Thyroid,0,neoplastic,neoplastic,323,1108__ch0__id323,333.0,0,41,17,65,7.03003003003003,52.432432432432435,0.6786366418460128,0.9736842105263158,24.383482978232358,17.90903845446144,True,2.0,0.7988826815642458,0.8588588588588588,True,2.0,0.7988826815642458,0.8588588588588588,True,2.0,0.7988826815642458,0.8588588588588588,0.7988826815642458,2.0,0.8588588588588588
1108,Thyroid,0,neoplastic,neoplastic,328,1108__ch0__id328,1085.0,2,194,33,238,17.459907834101383,215.69124423963135,0.7124835237360385,0.9670231729055259,44.503718128918216,31.22776235667524,True,5.0,0.8311688311688312,0.8847926267281107,True,5.0,0.8311688311688312,0.8847926267281107,True,5.0,0.8311688311688312,0.8847926267281107,0.8311688311688312,5.0,0.8847926267281107
1108,Thyroid,0,neoplastic,neoplastic,374,1108__ch0__id374,515.0,142,181,170,209,153.87961165048543,195.64271844660195,0.6987396120177743,0.9346642468239564,30.8686808952588,22.082716338394174,True,8.0,0.8934108527131783,0.8951456310679612,True,8.0,0.8934108527131783,0.8951456310679612,True,8.0,0.8934108527131783,0.8951456310679612,0.8934108527131783,8.0,0.8951456310679612
1108,Thyroid,0,neoplastic,neoplastic,376,1108__ch0__id376,617.0,145,10,183,46,161.37925445705025,28.32090761750405,0.9089478974058751,0.7800252844500632,46.767908717018955,19.49799601823074,False,,,,False,,,,False,,,,0.0,,0.0
1108,Thyroid,0,neoplastic,neoplastic,378,1108__ch0__id378,390.0,146,132,168,155,156.75128205128206,143.33076923076922,0.4218102129117806,0.9701492537313433,23.42421839786839,21.238367501268023,True,9.0,0.8153846153846154,0.8153846153846154,True,9.0,0.8153846153846154,0.8153846153846154,True,9.0,0.8153846153846154,0.8153846153846154,0.8153846153846154,9.0,0.8153846153846154
1108,Thyroid,0,neoplastic,neoplastic,381,1108__ch0__id381,158.0,154,0,184,7,168.30379746835442,2.4873417721518987,0.9643048888709403,0.9693251533742331,28.505851158816746,7.548190132393115,True,10.0,0.6729559748427673,0.6772151898734177,True,10.0,0.6729559748427673,0.6772151898734177,True,10.0,0.6729559748427673,0.6772151898734177,0.6729559748427673,10.0,0.6772151898734177
1108,Thyroid,0,neoplastic,neoplastic,384,1108__ch0__id384,888.0,163,57,195,94,178.1463963963964,74.69144144144144,0.661193576341936,0.9527896995708155,39.146342767540624,29.36818680300183,True,11.0,0.7851518560179978,0.786036036036036,True,11.0,0.7851518560179978,0.786036036036036,True,11.0,0.7851518560179978,0.786036036036036,0.7851518560179978,11.0,0.786036036036036
1108,Thyroid,0,neoplastic,neoplastic,390,1108__ch0__id390,915.0,189,0,225,31,206.272131147541,14.65136612021858,0.4688948895058424,0.973404255319149,36.42589137979114,32.17331331786837,False,,,,False,,,,False,,,,0.0,,0.0
1108,Thyroid,0,neoplastic,neoplastic,397,1108__ch0__id397,669.0,205,138,239,165,221.02092675635276,150.53811659192826,0.7347126334909471,0.897986577181208,36.58071110140301,24.815566764562096,True,12.0,0.8854314002828855,0.9357249626307922,True,12.0,0.8854314002828855,0.9357249626307922,True,12.0,0.8854314002828855,0.9357249626307922,0.8854314002828855,12.0,0.9357249626307922
1108,Thyroid,0,neoplastic,neoplastic,398,1108__ch0__id398,1425.0,210,24,252,67,231.2680701754386,45.15719298245614,0.3486928545194297,0.9746922024623803,44.06224166411553,41.29676551858519,True,13.0,0.9146256123163051,0.9171929824561403,True,13.0,0.9146256123163051,0.9171929824561403,True,13.0,0.9146256123163051,0.9171929824561403,0.9146256123163051,13.0,0.9171929824561403
1108,Thyroid,0,neoplastic,neoplastic,400,1108__ch0__id400,624.0,213,232,244,256,227.68589743589743,244.33653846153845,0.5882427383651592,0.9704510108864697,31.679816909605364,25.6189741597373,True,14.0,0.9183673469387755,0.9375,True,14.0,0.9183673469387755,0.9375,True,14.0,0.9183673469387755,0.9375,0.9183673469387755,14.0,0.9375
1108,Thyroid,0,neoplastic,neoplastic,402,1108__ch0__id402,833.0,216,74,253,106,233.937575030012,89.68187274909964,0.7358312498838465,0.9585730724971231,39.83604529436779,26.97557368425325,True,15.0,0.8241415192507804,0.9507803121248499,True,15.0,0.8241415192507804,0.9507803121248499,True,15.0,0.8241415192507804,0.9507803121248499,0.8241415192507804,15.0,0.9507803121248499
1108,Thyroid,0,neoplastic,neoplastic,403,1108__ch0__id403,829.0,215,174,244,211,230.13148371531966,192.6139927623643,0.6611234184687776,0.963953488372093,37.75942224641807,28.330032306075058,True,16.0,0.8857479387514723,0.9071170084439083,True,16.0,0.8857479387514723,0.9071170084439083,True,16.0,0.8857479387514723,0.9071170084439083,0.8857479387514723,16.0,0.9071170084439083
1108,Thyroid,0,neoplastic,neoplastic,411,1108__ch0__id411,8.0,251,254,256,256,253.375,254.625,0.9422323684941285,0.8888888888888888,5.321869122843981,1.7826129808008921,False,,,,False,,,,False,,,,0.0,,0.0
1108,Thyroid,0,neoplastic,neoplastic,415,1108__ch0__id415,243.0,241,169,256,193,249.50205761316872,180.23868312757202,0.7089004132237626,0.9529411764705882,21.800681329235694,15.376207763050818,True,17.0,0.8,0.8065843621399177,True,17.0,0.8,0.8065843621399177,True,17.0,0.8,0.8065843621399177,0.8,17.0,0.8065843621399177
1108,Thyroid,0,neoplastic,neoplastic,420,1108__ch0__id420,134.0,248,145,256,168,252.1492537313433,157.2462686567164,0.9221950221947878,0.9640287769784173,21.886778371070058,8.464167631494973,True,18.0,0.5970149253731343,0.5970149253731343,True,18.0,0.5970149253731343,0.5970149253731343,True,18.0,0.5970149253731343,0.5970149253731343,0.5970149253731343,18.0,0.5970149253731343
1108,Thyroid,1,inflammatory,normal,353,1108__ch1__id353,191.0,76,240,91,256,83.68062827225131,247.2565445026178,0.7192019155883571,0.9695431472081218,18.85993100486449,13.103901297419405,True,7.0,0.6910994764397905,0.6910994764397905,True,7.0,0.6910994764397905,0.6910994764397905,True,7.0,0.6910994764397905,0.6910994764397905,0.6910994764397905,7.0,0.6910994764397905
1108,Thyroid,2,connective,normal,344,1108__ch2__id344,746.0,56,107,89,136,70.73458445040214,120.41689008042896,0.5430087263334665,0.9650711513583441,33.95524825523696,28.513140542876016,True,6.0,0.8324396782841823,0.8324396782841823,True,6.0,0.8324396782841823,0.8324396782841823,True,6.0,0.8324396782841823,0.8324396782841823,0.8324396782841823,6.0,0.8324396782841823
1123,Esophagus,2,connective,normal,152,1123__ch2__id152,579.0,45,74,64,119,54.22279792746114,96.49740932642487,0.9390707572421345,0.9429967426710097,46.56109980096371,16.004162369019635,True,1.0,0.9365609348914858,0.9689119170984456,True,1.0,0.9365609348914858,0.9689119170984456,True,1.0,0.9365609348914858,0.9689119170984456,0.9365609348914858,1.0,0.9689119170984456
1123,Esophagus,2,connective,normal,167,1123__ch2__id167,728.0,96,22,118,70,105.89835164835165,46.543956043956044,0.9239518941402693,0.9591567852437418,49.38770245213948,18.891225327638917,True,2.0,0.7928331466965286,0.9725274725274725,True,2.0,0.7928331466965286,0.9725274725274725,True,2.0,0.7928331466965286,0.9725274725274725,0.7928331466965286,2.0,0.9725274725274725
1123,Esophagus,2,connective,normal,181,1123__ch2__id181,536.0,152,221,172,256,161.49440298507463,238.27611940298507,0.8920187840030409,0.9403508771929825,39.37309613306173,17.79657364083874,True,3.0,0.8282828282828283,0.917910447761194,True,3.0,0.8282828282828283,0.917910447761194,True,3.0,0.8282828282828283,0.917910447761194,0.8282828282828283,3.0,0.917910447761194
1123,Esophagus,2,connective,normal,189,1123__ch2__id189,323.0,183,156,198,183,190.6749226006192,168.42414860681114,0.8405655781464209,0.96996996996997,27.67278899720957,14.990621029373315,True,4.0,0.8597560975609756,0.8730650154798761,True,4.0,0.8597560975609756,0.8730650154798761,True,4.0,0.8597560975609756,0.8730650154798761,0.8597560975609756,4.0,0.8730650154798761
1123,Esophagus,2,connective,normal,204,1123__ch2__id204,150.0,251,125,256,167,253.46666666666667,144.40666666666667,0.9915172949835659,0.9202453987730062,39.92404298686501,5.189120287749405,True,5.0,0.39869281045751637,0.4066666666666667,True,5.0,0.39869281045751637,0.4066666666666667,False,,,,0.39869281045751637,5.0,0.4066666666666667
1146,Esophagus,0,neoplastic,neoplastic,1262,1146__ch0__id1262,558.0,0,0,20,30,9.0,14.064516129032258,0.7499714524367267,0.9858657243816255,33.16021553106933,21.93449427510225,True,1.0,0.8180327868852459,0.8942652329749103,True,1.0,0.8180327868852459,0.8942652329749103,True,1.0,0.8180327868852459,0.8942652329749103,0.8180327868852459,1.0,0.8942652329749103
1146,Esophagus,0,neoplastic,neoplastic,1271,1146__ch0__id1271,1166.0,0,30,31,83,13.819039451114923,52.85849056603774,0.8388823506124294,0.9502852485737572,53.41650992824244,29.075288985517982,True,2.0,0.7896522476675149,0.7984562607204116,True,2.0,0.7896522476675149,0.7984562607204116,True,2.0,0.7896522476675149,0.7984562607204116,0.7896522476675149,2.0,0.7984562607204116
1146,Esophagus,0,neoplastic,neoplastic,1290,1146__ch0__id1290,1238.0,23,58,58,105,40.146203554119545,80.87883683360259,0.7078367098628566,0.9763406940063092,47.50132975489323,33.55380397366676,True,3.0,0.7835186396337476,0.9676898222940227,True,3.0,0.7835186396337476,0.9676898222940227,True,3.0,0.7835186396337476,0.9676898222940227,0.7835186396337476,3.0,0.9676898222940227
1146,Esophagus,0,neoplastic,neoplastic,1296,1146__ch0__id1296,574.0,29,0,59,25,43.7404181184669,10.63588850174216,0.608712488293474,0.9728813559322034,30.701641684661006,24.35840286439274,False,,,,False,,,,False,,,,0.2591377694470478,4.0,0.9634146341463414
1146,Esophagus,0,neoplastic,neoplastic,1302,1146__ch0__id1302,1454.0,37,23,81,71,60.14305364511692,45.40852819807428,0.8025215800444495,0.9597359735973597,56.320720787797306,33.602242563815544,True,4.0,0.6324942791762014,0.9504814305364512,True,4.0,0.6324942791762014,0.9504814305364512,True,4.0,0.6324942791762014,0.9504814305364512,0.6324942791762014,4.0,0.9504814305364512
1146,Esophagus,0,neoplastic,neoplastic,1316,1146__ch0__id1316,1297.0,63,100,103,143,82.8319198149576,121.06168080185043,0.6617619091804952,0.9773926149208741,46.97789302206903,35.219987026754985,True,6.0,0.9453846153846154,0.9475713184271396,True,6.0,0.9453846153846154,0.9475713184271396,True,6.0,0.9453846153846154,0.9475713184271396,0.9453846153846154,6.0,0.9475713184271396
1146,Esophagus,0,neoplastic,neoplastic,1328,1146__ch0__id1328,740.0,79,64,105,107,91.86891891891892,85.17162162162163,0.8763003775127313,0.9685863874345549,44.28057458457551,21.332837133678282,True,7.0,0.8988326848249028,0.9364864864864865,True,7.0,0.8988326848249028,0.9364864864864865,True,7.0,0.8988326848249028,0.9364864864864865,0.8988326848249028,7.0,0.9364864864864865
1146,Esophagus,0,neoplastic,neoplastic,1340,1146__ch0__id1340,548.0,92,4,115,37,103.24087591240875,19.532846715328468,0.805141148097412,0.9716312056737588,34.41135338605337,20.408797019080406,True,8.0,0.8374125874125874,0.8740875912408759,True,8.0,0.8374125874125874,0.8740875912408759,True,8.0,0.8374125874125874,0.8740875912408759,0.8374125874125874,8.0,0.8740875912408759
1146,Esophagus,0,neoplastic,neoplastic,1344,1146__ch0__id1344,558.0,99,46,124,80,109.91397849462365,62.74372759856631,0.8422861768023341,0.9331103678929766,36.5857960658632,19.720863897778976,False,,,,False,,,,False,,,,0.40215716486902925,9.0,0.9354838709677419
1146,Esophagus,0,neoplastic,neoplastic,1346,1146__ch0__id1346,49.0,106,0,119,5,112.65306122448979,1.6326530612244898,0.9070938804738943,0.9607843137254902,12.601558540883772,5.304353486133856,False,,,,False,,,,False,,,,0.0,,0.0
1146,Esophagus,0,neoplastic,neoplastic,1349,1146__ch0__id1349,651.0,108,79,133,114,120.72811059907833,95.36251920122888,0.7525489487060664,0.9644444444444444,35.5371278353585,23.402489254297063,True,9.0,0.47494217424826524,0.946236559139785,True,9.0,0.47494217424826524,0.946236559139785,False,,,,0.47494217424826524,9.0,0.946236559139785
1146,Esophagus,0,neoplastic,neoplastic,1352,1146__ch0__id1352,719.0,116,12,145,47,130.0027816411683,28.933240611961057,0.7775394543231486,0.970310391363023,38.25087005223053,24.053453622623557,True,10.0,0.8697986577181208,0.9012517385257302,True,10.0,0.8697986577181208,0.9012517385257302,True,10.0,0.8697986577181208,0.9012517385257302,0.8697986577181208,10.0,0.9012517385257302
1146,Esophagus,0,neoplastic,neoplastic,1360,1146__ch0__id1360,898.0,123,53,155,95,139.16481069042317,73.3195991091314,0.8293016226017614,0.9645542427497314,45.40259649695527,25.371026934278053,True,11.0,0.737117903930131,0.9398663697104677,True,11.0,0.737117903930131,0.9398663697104677,True,11.0,0.737117903930131,0.9398663697104677,0.737117903930131,11.0,0.9398663697104677
1146,Esophagus,0,neoplastic,neoplastic,1371,1146__ch0__id1371,686.0,140,30,169,63,153.93002915451896,46.34110787172012,0.42820355011812056,0.9594405594405594,31.3172690739323,28.300862098770956,True,12.0,0.48329621380846327,0.9489795918367347,True,12.0,0.48329621380846327,0.9489795918367347,False,,,,0.48329621380846327,12.0,0.9489795918367347
1146,Esophagus,0,neoplastic,neoplastic,1379,1146__ch0__id1379,343.0,151,59,176,78,163.48688046647231,67.66180758017492,0.709861972829008,0.9554317548746518,24.974489900921103,17.59055249756302,False,,,,False,,,,False,,,,0.2614329268292683,12.0,1.0
1146,Esophagus,0,neoplastic,neoplastic,1395,1146__ch0__id1395,794.0,171,37,204,74,186.5654911838791,54.896725440806044,0.824120594452665,0.9429928741092637,42.583603765365496,24.119965371864218,True,17.0,0.7549668874172185,0.8713375796178344,True,17.0,0.7549668874172185,0.8713375796178344,True,17.0,0.7549668874172185,0.8713375796178344,0.7549668874172185,17.0,0.8713375796178344
1146,Esophagus,0,neoplastic,neoplastic,1406,1146__ch0__id1406,1005.0,176,77,210,118,192.16218905472635,97.24278606965174,0.6909531616720436,0.9626436781609196,42.35193701935268,30.616195304398882,True,20.0,0.8564058469475494,0.991044776119403,True,20.0,0.8564058469475494,0.991044776119403,True,20.0,0.8564058469475494,0.991044776119403,0.8564058469475494,20.0,0.991044776119403
1146,Esophagus,0,neoplastic,neoplastic,1425,1146__ch0__id1425,261.0,200,6,217,25,207.73946360153258,14.75095785440613,0.498228513887512,0.9666666666666667,19.603076741309106,16.99676454907244,True,23.0,0.8027210884353742,0.9042145593869731,True,23.0,0.8027210884353742,0.9042145593869731,True,23.0,0.8027210884353742,0.9042145593869731,0.8027210884353742,23.0,0.9042145593869731
1146,Esophagus,0,neoplastic,neoplastic,1462,1146__ch0__id1462,530.0,233,228,256,256,245.5811320754717,242.12641509433962,0.5726377931274493,0.9814814814814815,29.27769402487002,24.00210208646323,True,25.0,0.9437148217636022,0.9490566037735849,True,25.0,0.9437148217636022,0.9490566037735849,True,25.0,0.9437148217636022,0.9490566037735849,0.9437148217636022,25.0,0.9490566037735849
1146,Esophagus,0,neoplastic,neoplastic,1466,1146__ch0__id1466,477.0,237,193,256,225,247.38155136268344,207.26624737945494,0.781433311521226,0.9754601226993865,32.166792025411794,20.071716850536326,True,26.0,0.8301886792452831,0.8301886792452831,True,26.0,0.8301886792452831,0.8301886792452831,True,26.0,0.8301886792452831,0.8301886792452831,0.8301886792452831,26.0,0.8301886792452831
1146,Esophagus,0,neoplastic,neoplastic,1476,1146__ch0__id1476,71.0,249,160,256,172,252.2394366197183,165.08450704225353,0.8240244517697699,0.9861111111111112,12.733284707479758,7.214096395464566,False,,,,False,,,,False,,,,0.0,,0.0
1146,Esophagus,2,connective,normal,1315,1146__ch2__id1315,815.0,63,0,96,50,81.53251533742332,21.484662576687118,0.9321859307922632,0.9209039548022598,55.0483783107098,19.92640209849118,True,5.0,0.8160377358490566,0.849079754601227,True,5.0,0.8160377358490566,0.849079754601227,True,5.0,0.8160377358490566,0.849079754601227,0.8160377358490566,5.0,0.849079754601227
1146,Esophagus,2,connective,normal,1373,1146__ch2__id1373,469.0,144,167,170,194,156.26439232409382,180.29424307036248,0.8211160651772281,0.9610655737704918,32.408445631576384,18.497485024586172,True,13.0,0.7633262260127932,0.7633262260127932,True,13.0,0.7633262260127932,0.7633262260127932,True,13.0,0.7633262260127932,0.7633262260127932,0.7633262260127932,13.0,0.7633262260127932
1146,Esophagus,2,connective,normal,1375,1146__ch2__id1375,657.0,149,105,169,150,158.56468797564688,126.12024353120243,0.908356903728985,0.9253521126760563,45.07852543377436,18.85165045449054,True,14.0,0.8467261904761905,0.8660578386605784,True,14.0,0.8467261904761905,0.8660578386605784,True,14.0,0.8467261904761905,0.8660578386605784,0.8467261904761905,14.0,0.8660578386605784
1146,Esophagus,2,connective,normal,1380,1146__ch2__id1380,543.0,151,203,171,239,160.85082872928177,221.40699815837937,0.8424078675756205,0.9543057996485061,35.936051379217915,19.363796565515038,True,15.0,0.8542805100182149,0.8637200736648251,True,15.0,0.8542805100182149,0.8637200736648251,True,15.0,0.8542805100182149,0.8637200736648251,0.8542805100182149,15.0,0.8637200736648251
1146,Esophagus,2,connective,normal,1386,1146__ch2__id1386,741.0,160,141,188,182,173.7557354925776,161.859649122807,0.8106546511168355,0.9512195121951219,40.38084731497874,23.64397876202478,True,16.0,0.901595744680851,0.9149797570850202,True,16.0,0.901595744680851,0.9149797570850202,True,16.0,0.901595744680851,0.9149797570850202,0.901595744680851,16.0,0.9149797570850202
1146,Esophagus,2,connective,normal,1400,1146__ch2__id1400,635.0,174,189,208,229,190.29448818897637,208.08346456692914,0.9455265430383977,0.9407407407407408,50.351119035833264,16.391555772284892,True,18.0,0.8932496075353218,0.8960629921259843,True,18.0,0.8932496075353218,0.8960629921259843,True,18.0,0.8932496075353218,0.8960629921259843,0.8932496075353218,18.0,0.8960629921259843
1146,Esophagus,2,connective,normal,1402,1146__ch2__id1402,586.0,175,216,197,256,184.04778156996588,236.92150170648463,0.8803819727903847,0.9331210191082803,40.590863746720956,19.250838480279672,True,19.0,0.7559726962457338,0.7559726962457338,True,19.0,0.7559726962457338,0.7559726962457338,True,19.0,0.7559726962457338,0.7559726962457338,0.7559726962457338,19.0,0.7559726962457338
1146,Esophagus,2,connective,normal,1417,1146__ch2__id1417,323.0,191,240,216,256,203.374613003096,248.67801857585138,0.7573313688977399,0.9758308157099698,25.70028578524706,16.783077634310676,True,21.0,0.7947214076246334,0.8390092879256966,True,21.0,0.7947214076246334,0.8390092879256966,True,21.0,0.7947214076246334,0.8390092879256966,0.7947214076246334,21.0,0.8390092879256966
1146,Esophagus,2,connective,normal,1420,1146__ch2__id1420,464.0,193,42,229,76,211.20905172413794,58.849137931034484,0.9461999278427983,0.8940269749518305,43.211714236189536,13.982558677914072,False,,,,False,,,,False,,,,0.020123839009287926,24.0,0.05603448275862069
1146,Esophagus,2,connective,normal,1426,1146__ch2__id1426,1315.0,200,123,246,171,220.8471482889734,147.9764258555133,0.8364456853008155,0.9313031161473088,56.374038328100895,30.89578209017069,True,22.0,0.7074607329842932,0.8220532319391635,True,22.0,0.7074607329842932,0.8220532319391635,True,22.0,0.7074607329842932,0.8220532319391635,0.7074607329842932,22.0,0.8220532319391635
1146,Esophagus,2,connective,normal,1427,1146__ch2__id1427,447.0,200,176,218,216,207.97762863534675,196.27069351230426,0.9417185708564126,0.9141104294478528,41.36093120931203,13.913889388459841,False,,,,False,,,,False,,,,0.0,,0.0
1146,Esophagus,2,connective,normal,1449,1146__ch2__id1449,715.0,217,81,248,135,231.30769230769232,106.48531468531469,0.9704755580355784,0.8751529987760098,63.1092732912165,15.221924176176106,True,24.0,0.7091503267973857,0.9104895104895104,True,24.0,0.7091503267973857,0.9104895104895104,True,24.0,0.7091503267973857,0.9104895104895104,0.7091503267973857,24.0,0.9104895104895104
1146,Esophagus,2,connective,normal,1469,1146__ch2__id1469,360.0,240,87,256,134,248.83333333333334,107.53611111111111,0.9786710246348891,0.8780487804878049,48.648494579565664,9.994042661616817,True,27.0,0.5638888888888889,0.5638888888888889,True,27.0,0.5638888888888889,0.5638888888888889,True,27.0,0.5638888888888889,0.5638888888888889,0.5638888888888889,27.0,0.5638888888888889
1153,Cervix,1,inflammatory,normal,11,1153__ch1__id11,249.0,2,4,24,19,11.742971887550201,11.164658634538153,0.7825488791635058,0.950381679389313,22.647121454597066,14.099852133144163,False,,,,False,,,,False,,,,0.0,,0.0
1153,Cervix,1,inflammatory,normal,14,1153__ch1__id14,262.0,34,153,52,172,42.3206106870229,162.44274809160305,0.3675898966960248,0.966789667896679,18.946252642247263,17.619787476997512,True,1.0,0.7290076335877863,0.7290076335877863,True,1.0,0.7290076335877863,0.7290076335877863,True,1.0,0.7290076335877863,0.7290076335877863,0.7290076335877863,1.0,0.7290076335877863
1153,Cervix,1,inflammatory,normal,16,1153__ch1__id16,149.0,94,80,109,94,101.96644295302013,87.29530201342281,0.7909351923138143,0.9551282051282052,17.99319623785222,11.010035477625388,False,,,,False,,,,False,,,,0.0,,0.0
1153,Cervix,1,inflammatory,normal,18,1153__ch1__id18,75.0,249,243,256,256,252.38666666666666,249.74666666666667,0.8315412866408183,0.9493670886075949,13.415760635441522,7.451957976508508,False,,,,False,,,,False,,,,0.0,,0.0
1165,Cervix,1,inflammatory,normal,61,1165__ch1__id61,167.0,245,91,256,110,250.63473053892216,100.7125748502994,0.7865560931857203,0.9653179190751445,18.908808613046247,11.676545476571112,False,,,,False,,,,False,,,,0.0,,0.0
1217,Adrenal_gland,0,neoplastic,neoplastic,378,1217__ch0__id378,615.0,0,121,30,146,12.613008130081301,132.42439024390245,0.5934869240268713,0.9746434231378764,31.82380952273317,25.613190421337222,False,,,,False,,,,False,,,,0.0,,0.0
1217,Adrenal_gland,0,neoplastic,neoplastic,379,1217__ch0__id379,366.0,0,190,15,221,5.994535519125683,206.55191256830602,0.8626723262442777,0.973404255319149,31.22628172531823,15.793105498719962,True,1.0,0.8469945355191257,0.8469945355191257,True,1.0,0.8469945355191257,0.8469945355191257,True,1.0,0.8469945355191257,0.8469945355191257,0.8469945355191257,1.0,0.8469945355191257
1217,Adrenal_gland,0,neoplastic,neoplastic,381,1217__ch0__id381,399.0,9,21,38,40,22.00250626566416,29.471177944862156,0.7871444485751828,0.9568345323741008,28.841288879251636,17.7884039626086,False,,,,False,,,,False,,,,0.0,,0.0
1217,Adrenal_gland,0,neoplastic,neoplastic,389,1217__ch0__id389,559.0,58,236,92,256,73.6726296958855,246.61180679785332,0.7994505662725978,0.9755671902268761,35.03914865195137,21.049133656062494,True,2.0,0.9501779359430605,0.9552772808586762,True,2.0,0.9501779359430605,0.9552772808586762,True,2.0,0.9501779359430605,0.9552772808586762,0.9501779359430605,2.0,0.9552772808586762
1217,Adrenal_gland,0,neoplastic,neoplastic,399,1217__ch0__id399,441.0,73,145,101,166,86.73922902494331,155.29024943310657,0.6796559715271023,0.9586956521739131,27.76385465002366,20.365648678573983,False,,,,False,,,,False,,,,0.0,,0.0
1217,Adrenal_gland,0,neoplastic,neoplastic,401,1217__ch0__id401,862.0,77,47,118,74,97.78074245939675,60.114849187935036,0.765311692665312,0.9707207207207207,41.402771281254346,26.649301892355854,True,3.0,0.9421768707482994,0.9640371229698376,True,3.0,0.9421768707482994,0.9640371229698376,True,3.0,0.9421768707482994,0.9640371229698376,0.9421768707482994,3.0,0.9640371229698376
1217,Adrenal_gland,0,neoplastic,neoplastic,411,1217__ch0__id411,999.0,105,113,151,139,127.68468468468468,125.7957957957958,0.830558597682177,0.9661508704061895,47.93270038620771,26.695218681274866,True,4.0,0.9379770992366412,0.983983983983984,True,4.0,0.9379770992366412,0.983983983983984,True,4.0,0.9379770992366412,0.983983983983984,0.9379770992366412,4.0,0.983983983983984
1217,Adrenal_gland,0,neoplastic,neoplastic,415,1217__ch0__id415,611.0,114,144,150,166,130.76759410801964,154.65466448445173,0.8244444306038365,0.9667721518987342,37.15620616497885,21.028291555380203,True,5.0,0.8870703764320785,0.8870703764320785,True,5.0,0.8870703764320785,0.8870703764320785,True,5.0,0.8870703764320785,0.8870703764320785,0.8870703764320785,5.0,0.8870703764320785
1217,Adrenal_gland,0,neoplastic,neoplastic,431,1217__ch0__id431,118.0,171,249,195,256,182.55084745762713,252.66101694915255,0.9456572102700834,0.959349593495935,22.372322763136715,7.274701953825739,True,7.0,0.7478991596638656,0.7542372881355932,True,7.0,0.7478991596638656,0.7542372881355932,True,7.0,0.7478991596638656,0.7542372881355932,0.7478991596638656,7.0,0.7542372881355932
1217,Adrenal_gland,0,neoplastic,neoplastic,457,1217__ch0__id457,430.0,235,95,256,121,246.39302325581394,108.63953488372093,0.5591325533078145,0.9662921348314607,26.254216256987092,21.766800353599606,True,9.0,0.7325581395348837,0.7325581395348837,True,9.0,0.7325581395348837,0.7325581395348837,True,9.0,0.7325581395348837,0.7325581395348837,0.7325581395348837,9.0,0.7325581395348837
1217,Adrenal_gland,1,inflammatory,normal,426,1217__ch1__id426,303.0,148,76,168,95,157.47524752475246,84.99339933993399,0.5817080376820373,0.964968152866242,21.783408666150667,17.718573710892127,True,6.0,0.8213166144200627,0.8646864686468647,True,6.0,0.8213166144200627,0.8646864686468647,True,6.0,0.8213166144200627,0.8646864686468647,0.8213166144200627,6.0,0.8646864686468647
1217,Adrenal_gland,1,inflammatory,normal,440,1217__ch1__id440,188.0,197,208,213,224,205.01063829787233,215.36702127659575,0.5271527355606399,0.94,16.894728496802507,14.356642783924597,True,8.0,0.8854166666666666,0.9042553191489362,True,8.0,0.8854166666666666,0.9042553191489362,True,8.0,0.8854166666666666,0.9042553191489362,0.8854166666666666,8.0,0.9042553191489362
1218,Adrenal_gland,0,neoplastic,neoplastic,457,1218__ch0__id457,211.0,0,94,11,120,4.104265402843602,105.28436018957346,0.9010643189231371,0.9547511312217195,25.49577947286302,11.057149288138504,False,,,,False,,,,False,,,,0.0,,0.0
1218,Adrenal_gland,0,neoplastic,neoplastic,469,1218__ch0__id469,531.0,18,3,42,29,29.634651600753294,15.468926553672317,0.4170130476857906,0.9725274725274725,27.38329180959297,24.88868760472457,True,1.0,0.8681732580037664,0.8681732580037664,True,1.0,0.8681732580037664,0.8681732580037664,True,1.0,0.8681732580037664,0.8681732580037664,0.8681732580037664,1.0,0.8681732580037664
1218,Adrenal_gland,0,neoplastic,neoplastic,471,1218__ch0__id471,369.0,21,122,41,145,30.791327913279133,133.65040650406505,0.39181680319943735,0.9736147757255936,22.63654970237184,20.826604890555426,True,2.0,0.8944591029023746,0.9186991869918699,True,2.0,0.8944591029023746,0.9186991869918699,True,2.0,0.8944591029023746,0.9186991869918699,0.8944591029023746,2.0,0.9186991869918699
1218,Adrenal_gland,0,neoplastic,neoplastic,472,1218__ch0__id472,23.0,37,0,50,2,42.78260869565217,0.43478260869565216,0.9893746041121056,0.9583333333333334,13.60162975930591,1.977524140988672,False,,,,False,,,,False,,,,0.0,,0.0
1218,Adrenal_gland,0,neoplastic,neoplastic,476,1218__ch0__id476,416.0,34,51,56,77,44.69711538461539,63.37019230769231,0.7331474923779497,0.9651972157772621,27.9808959450228,19.02895863802153,False,,,,False,,,,False,,,,0.0,,0.0
1218,Adrenal_gland,0,neoplastic,neoplastic,479,1218__ch0__id479,173.0,41,106,59,119,49.786127167630056,111.73988439306359,0.7944352320655456,0.9558011049723757,19.05901508446378,11.575471465698653,False,,,,False,,,,False,,,,0.0,,0.0
1218,Adrenal_gland,0,neoplastic,neoplastic,480,1218__ch0__id480,392.0,50,227,67,256,58.40561224489796,241.9591836734694,0.8301406940095355,0.9584352078239609,30.324790095224323,16.907707071291917,True,3.0,0.6849593495934959,0.8596938775510204,True,3.0,0.6849593495934959,0.8596938775510204,True,3.0,0.6849593495934959,0.8596938775510204,0.6849593495934959,3.0,0.8596938775510204
1218,Adrenal_gland,0,neoplastic,neoplastic,484,1218__ch0__id484,937.0,56,74,92,109,72.13447171824973,92.12379935965849,0.4975606677241335,0.9580777096114519,37.608410814469956,32.62263294562736,True,4.0,0.7652081109925294,0.7652081109925294,True,4.0,0.7652081109925294,0.7652081109925294,True,4.0,0.7652081109925294,0.7652081109925294,0.7652081109925294,4.0,0.7652081109925294
1218,Adrenal_gland,0,neoplastic,neoplastic,507,1218__ch0__id507,352.0,121,48,146,68,134.60795454545453,56.71875,0.7054604282077943,0.9591280653950953,25.474795069737812,18.055243424606726,True,7.0,0.7698863636363636,0.7698863636363636,True,7.0,0.7698863636363636,0.7698863636363636,True,7.0,0.7698863636363636,0.7698863636363636,0.7698863636363636,7.0,0.7698863636363636
1218,Adrenal_gland,0,neoplastic,neoplastic,510,1218__ch0__id510,443.0,135,227,165,246,149.882618510158,236.44018058690745,0.790306930174991,0.9757709251101322,30.38763800508856,18.618844696894953,True,8.0,0.8044943820224719,0.8081264108352144,True,8.0,0.8044943820224719,0.8081264108352144,True,8.0,0.8044943820224719,0.8081264108352144,0.8044943820224719,8.0,0.8081264108352144
1218,Adrenal_gland,0,neoplastic,neoplastic,512,1218__ch0__id512,437.0,151,193,179,213,164.68649885583525,202.8604118993135,0.7125200525777009,0.9689578713968958,28.198895518260862,19.78580431604598,True,9.0,0.9150326797385621,0.9610983981693364,True,9.0,0.9150326797385621,0.9610983981693364,True,9.0,0.9150326797385621,0.9610983981693364,0.9150326797385621,9.0,0.9610983981693364
1218,Adrenal_gland,0,neoplastic,neoplastic,521,1218__ch0__id521,1017.0,180,142,217,182,198.08456243854474,161.60373647984267,0.7036815178226611,0.9676498572787822,42.820621129354834,30.424716410175492,True,10.0,0.900883218842002,0.9026548672566371,True,10.0,0.900883218842002,0.9026548672566371,True,10.0,0.900883218842002,0.9026548672566371,0.900883218842002,10.0,0.9026548672566371
1218,Adrenal_gland,0,neoplastic,neoplastic,522,1218__ch0__id522,781.0,182,0,219,25,200.56722151088348,10.685019206145967,0.7280487288079224,0.9848675914249685,38.592612630396374,26.45621549091716,True,11.0,0.887468030690537,0.8886043533930857,True,11.0,0.887468030690537,0.8886043533930857,True,11.0,0.887468030690537,0.8886043533930857,0.887468030690537,11.0,0.8886043533930857
1218,Adrenal_gland,0,neoplastic,neoplastic,526,1218__ch0__id526,877.0,200,187,251,212,224.0193842645382,199.28050171037629,0.904579551406401,0.8796389167502507,53.378170511162594,22.75537360183854,True,12.0,0.8326572008113591,0.936145952109464,True,12.0,0.8326572008113591,0.936145952109464,True,12.0,0.8326572008113591,0.936145952109464,0.8326572008113591,12.0,0.936145952109464
1218,Adrenal_gland,0,neoplastic,neoplastic,527,1218__ch0__id527,483.0,201,120,239,140,220.93374741200827,129.23809523809524,0.9009443124374512,0.9378640776699029,38.079381110924515,16.523965784833546,False,,,,False,,,,False,,,,0.0,,0.0
1218,Adrenal_gland,0,neoplastic,neoplastic,528,1218__ch0__id528,323.0,203,219,221,242,211.55417956656348,229.6501547987616,0.697591560720472,0.95,24.260341787219968,17.382429323225747,True,13.0,0.9083094555873925,0.9814241486068112,True,13.0,0.9083094555873925,0.9814241486068112,True,13.0,0.9083094555873925,0.9814241486068112,0.9083094555873925,13.0,0.9814241486068112
1218,Adrenal_gland,0,neoplastic,neoplastic,535,1218__ch0__id535,336.0,218,222,237,245,226.99404761904762,232.63095238095238,0.6242817338405259,0.9572649572649573,23.46946153165218,18.33432647635948,True,14.0,0.8328690807799443,0.8898809523809523,True,14.0,0.8328690807799443,0.8898809523809523,True,14.0,0.8328690807799443,0.8898809523809523,0.8328690807799443,14.0,0.8898809523809523
1218,Adrenal_gland,0,neoplastic,neoplastic,546,1218__ch0__id546,112.0,248,114,256,135,252.29464285714286,124.24107142857143,0.8954432334689462,0.9572649572649573,18.842351849197488,8.388157423076255,False,,,,False,,,,False,,,,0.0,,0.0
1218,Adrenal_gland,0,neoplastic,neoplastic,548,1218__ch0__id548,59.0,252,23,256,42,253.77966101694915,31.728813559322035,0.9738529854253226,0.9516129032258065,18.587714543823715,4.222741050738637,False,,,,False,,,,False,,,,0.0,,0.0
1218,Adrenal_gland,2,connective,normal,488,1218__ch2__id488,305.0,66,46,91,63,78.3639344262295,54.37049180327869,0.79086990888775,0.953125,25.274476125075115,15.467582657107286,True,5.0,0.5114754098360655,0.5114754098360655,True,5.0,0.5114754098360655,0.5114754098360655,True,5.0,0.5114754098360655,0.5114754098360655,0.5114754098360655,5.0,0.5114754098360655
1218,Adrenal_gland,2,connective,normal,495,1218__ch2__id495,288.0,87,98,111,118,98.73958333333333,107.84027777777777,0.853879172214656,0.9381107491856677,26.61311113245074,13.851360168089903,True,6.0,0.7430555555555556,0.7430555555555556,True,6.0,0.7430555555555556,0.7430555555555556,True,6.0,0.7430555555555556,0.7430555555555556,0.7430555555555556,6.0,0.7430555555555556
1233,Esophagus,0,neoplastic,neoplastic,373,1233__ch0__id373,1195.0,36,167,74,210,53.66861924686192,187.06610878661087,0.7729901330520228,0.9731270358306189,49.11813360100422,31.161430230586216,True,4.0,0.8351464435146444,0.8351464435146444,True,4.0,0.8351464435146444,0.8351464435146444,True,4.0,0.8351464435146444,0.8351464435146444,0.8351464435146444,4.0,0.8351464435146444
1233,Esophagus,0,neoplastic,neoplastic,380,1233__ch0__id380,1637.0,48,0,89,54,67.97006719609041,25.974954184483813,0.6656893155792816,0.9749851101846337,52.880886665613744,39.46125169582885,True,5.0,0.8863775198533903,0.8863775198533903,True,5.0,0.8863775198533903,0.8863775198533903,True,5.0,0.8863775198533903,0.8863775198533903,0.8863775198533903,5.0,0.8863775198533903
1233,Esophagus,0,neoplastic,neoplastic,382,1233__ch0__id382,1291.0,55,198,93,251,73.63981409759876,223.75290472501936,0.8672943565190142,0.9534711964549483,57.71019285271262,28.727882382582358,True,6.0,0.8540255831452219,0.879163439194423,True,6.0,0.8540255831452219,0.879163439194423,True,6.0,0.8540255831452219,0.879163439194423,0.8540255831452219,6.0,0.879163439194423
1233,Esophagus,0,neoplastic,neoplastic,438,1233__ch0__id438,439.0,226,1,256,24,244.24601366742596,9.214123006833713,0.8143615367784242,0.9712389380530974,33.16976048557288,19.250332405269013,True,15.0,0.8035320088300221,0.8291571753986332,True,15.0,0.8035320088300221,0.8291571753986332,True,15.0,0.8035320088300221,0.8291571753986332,0.8035320088300221,15.0,0.8291571753986332
1233,Esophagus,0,neoplastic,neoplastic,564,1233__ch0__id564,387.0,106,197,129,217,116.74418604651163,206.9018087855297,0.5201858020372397,0.9626865671641791,24.092383581905782,20.57617536039907,True,9.0,0.7475728155339806,0.7958656330749354,True,9.0,0.7475728155339806,0.7958656330749354,True,9.0,0.7475728155339806,0.7958656330749354,0.7475728155339806,9.0,0.7958656330749354
1233,Esophagus,0,neoplastic,neoplastic,566,1233__ch0__id566,633.0,145,84,175,115,159.1879936808847,99.27330173775671,0.7067668904000523,0.9391691394658753,33.93428689894322,24.006692790980257,True,13.0,0.7298578199052133,0.7298578199052133,True,13.0,0.7298578199052133,0.7298578199052133,True,13.0,0.7298578199052133,0.7298578199052133,0.7298578199052133,13.0,0.7298578199052133
1233,Esophagus,1,inflammatory,normal,408,1233__ch1__id408,663.0,125,158,153,192,139.59577677224735,173.06184012066365,0.6979895636816097,0.9404255319148936,34.88414304698434,24.980811505748598,True,11.0,0.8054298642533937,0.8054298642533937,True,11.0,0.8054298642533937,0.8054298642533937,True,11.0,0.8054298642533937,0.8054298642533937,0.8054298642533937,11.0,0.8054298642533937
1233,Esophagus,1,inflammatory,normal,430,1233__ch1__id430,494.0,208,208,232,236,218.49392712550608,222.59919028340082,0.6368319459846303,0.9518304431599229,28.778846988992196,22.188567036143862,True,14.0,0.8236331569664903,0.9453441295546559,True,14.0,0.8236331569664903,0.9453441295546559,True,14.0,0.8236331569664903,0.9453441295546559,0.8236331569664903,14.0,0.9453441295546559
1233,Esophagus,2,connective,normal,353,1233__ch2__id353,409.0,0,217,15,254,5.858190709046455,232.93643031784842,0.8916663218157933,0.9714964370546318,35.150336294291485,15.912319662890434,True,2.0,0.6992665036674817,0.6992665036674817,True,2.0,0.6992665036674817,0.6992665036674817,True,2.0,0.6992665036674817,0.6992665036674817,0.6992665036674817,2.0,0.6992665036674817
1233,Esophagus,2,connective,normal,360,1233__ch2__id360,1297.0,0,132,40,183,17.24903623747109,152.94217424826522,0.8232058944359574,0.972263868065967,54.75663450385028,31.08769311323918,True,1.0,0.8989976869699307,0.8989976869699307,True,1.0,0.8989976869699307,0.8989976869699307,True,1.0,0.8989976869699307,0.8989976869699307,0.8989976869699307,1.0,0.8989976869699307
1233,Esophagus,2,connective,normal,367,1233__ch2__id367,565.0,16,233,48,256,32.79115044247788,245.74159292035398,0.6776078110441718,0.9724612736660929,32.030016839089484,23.55562556580104,True,3.0,0.8780918727915195,0.879646017699115,True,3.0,0.8780918727915195,0.879646017699115,True,3.0,0.8780918727915195,0.879646017699115,0.8780918727915195,3.0,0.879646017699115
1233,Esophagus,2,connective,normal,390,1233__ch2__id390,859.0,78,95,118,142,98.0058207217695,119.94062863795111,0.9353389217208351,0.9206859592711683,56.2006149946265,19.881129523790708,True,7.0,0.6986301369863014,0.7718277066356228,True,7.0,0.6986301369863014,0.7718277066356228,True,7.0,0.6986301369863014,0.7718277066356228,0.6986301369863014,7.0,0.7718277066356228
1233,Esophagus,2,connective,normal,402,1233__ch2__id402,995.0,101,224,144,256,123.12160804020101,241.16281407035177,0.8030890613880505,0.9754901960784313,46.50861129386899,27.712575069577642,True,8.0,0.9126594700686947,0.9346733668341709,True,8.0,0.9126594700686947,0.9346733668341709,True,8.0,0.9126594700686947,0.9346733668341709,0.9126594700686947,8.0,0.9346733668341709
1233,Esophagus,2,connective,normal,411,1233__ch2__id411,93.0,137,246,149,256,142.61290322580646,251.2688172043011,0.4278330481396097,0.9489795918367347,11.895186947009838,10.751557243269485,False,,,,False,,,,False,,,,0.005763688760806916,8.0,0.06451612903225806
1233,Esophagus,2,connective,normal,563,1233__ch2__id563,305.0,112,173,135,195,121.90819672131147,184.41967213114754,0.6508032599610465,0.8840579710144928,24.27451071899345,18.430335209440678,True,10.0,0.7993630573248408,0.8229508196721311,True,10.0,0.7993630573248408,0.8229508196721311,True,10.0,0.7993630573248408,0.8229508196721311,0.7993630573248408,10.0,0.8229508196721311
1233,Esophagus,2,connective,normal,565,1233__ch2__id565,443.0,145,53,167,86,156.42663656884875,68.28668171557563,0.89656223758618,0.8895582329317269,36.76129772901047,16.28223214327286,True,12.0,0.8816067653276956,0.9413092550790068,True,12.0,0.8816067653276956,0.9413092550790068,True,12.0,0.8816067653276956,0.9413092550790068,0.8816067653276956,12.0,0.9413092550790068
1252,Esophagus,0,neoplastic,neoplastic,196,1252__ch0__id196,825.0,0,1,25,40,10.557575757575757,20.846060606060608,0.7559421108792262,0.9868421052631579,41.01374405554393,26.849174613496807,True,1.0,0.5892997639653816,0.9078787878787878,True,1.0,0.5892997639653816,0.9078787878787878,True,1.0,0.5892997639653816,0.9078787878787878,0.5892997639653816,1.0,0.9078787878787878
1252,Esophagus,0,neoplastic,neoplastic,203,1252__ch0__id203,58.0,0,97,5,114,1.4827586206896552,104.56896551724138,0.9475855329738251,0.9508196721311475,15.968485582696209,5.101966321666883,False,,,,False,,,,False,,,,0.0,,0.0
1252,Esophagus,0,neoplastic,neoplastic,204,1252__ch0__id204,595.0,0,230,27,256,12.045378151260504,243.7764705882353,0.37204442621557904,0.9738134206219312,29.10655368325627,27.017137511644027,True,3.0,0.8211920529801324,0.8336134453781513,True,3.0,0.8211920529801324,0.8336134453781513,True,3.0,0.8211920529801324,0.8336134453781513,0.8211920529801324,3.0,0.8336134453781513
1252,Esophagus,0,neoplastic,neoplastic,210,1252__ch0__id210,1033.0,0,136,35,176,16.992255566311712,154.81800580832527,0.5784143538479615,0.9529520295202952,40.505766418887156,33.042300212859345,True,4.0,0.7918683446272992,0.7918683446272992,True,4.0,0.7918683446272992,0.7918683446272992,True,4.0,0.7918683446272992,0.7918683446272992,0.7918683446272992,4.0,0.7918683446272992
1252,Esophagus,0,neoplastic,neoplastic,211,1252__ch0__id211,1256.0,3,67,46,104,23.73487261146497,85.42356687898089,0.4701930145142292,0.9706336939721792,42.68992412141003,37.67657362558736,True,2.0,0.8535660091047041,0.8957006369426752,True,2.0,0.8535660091047041,0.8957006369426752,True,2.0,0.8535660091047041,0.8957006369426752,0.8535660091047041,2.0,0.8957006369426752
1252,Esophagus,0,neoplastic,neoplastic,221,1252__ch0__id221,1250.0,30,211,67,256,47.4432,232.4952,0.7930866929737885,0.9689922480620154,51.237310447924955,31.20909530221856,True,5.0,0.9020217729393468,0.928,True,5.0,0.9020217729393468,0.928,True,5.0,0.9020217729393468,0.928,0.9020217729393468,5.0,0.928
1252,Esophagus,0,neoplastic,neoplastic,225,1252__ch0__id225,505.0,41,95,69,121,55.37821782178218,107.609900990099,0.45653778508381526,0.9582542694497154,27.032889604093857,24.051270668234718,True,6.0,0.5267326732673268,0.5267326732673268,True,6.0,0.5267326732673268,0.5267326732673268,True,6.0,0.5267326732673268,0.5267326732673268,0.5267326732673268,6.0,0.5267326732673268
1252,Esophagus,0,neoplastic,neoplastic,238,1252__ch0__id238,1229.0,66,220,109,255,87.19121236777868,237.05695687550855,0.6820495400686922,0.9715415019762846,46.49389600884071,34.001263819462935,True,8.0,0.8771358828315704,0.8771358828315704,True,8.0,0.8771358828315704,0.8771358828315704,True,8.0,0.8771358828315704,0.8771358828315704,0.8771358828315704,8.0,0.8771358828315704
1252,Esophagus,0,neoplastic,neoplastic,239,1252__ch0__id239,1101.0,66,131,101,174,82.64396003633061,151.5467756584923,0.7385026471724035,0.9657894736842105,45.756648403564874,30.8514465718953,True,7.0,0.9073569482288828,0.9073569482288828,True,7.0,0.9073569482288828,0.9073569482288828,True,7.0,0.9073569482288828,0.9073569482288828,0.9073569482288828,7.0,0.9073569482288828
1252,Esophagus,0,neoplastic,neoplastic,253,1252__ch0__id253,718.0,109,157,143,184,125.36490250696379,170.441504178273,0.6897127744044707,0.9598930481283422,35.61939221649776,25.79139878311035,True,9.0,0.7395543175487466,0.7395543175487466,True,9.0,0.7395543175487466,0.7395543175487466,True,9.0,0.7395543175487466,0.7395543175487466,0.7395543175487466,9.0,0.7395543175487466
1252,Esophagus,0,neoplastic,neoplastic,256,1252__ch0__id256,1542.0,113,19,162,65,136.5817120622568,39.98313878080415,0.4412880443213978,0.9661654135338346,47.1204034536666,42.284224965909495,True,10.0,0.8987179487179487,0.9092088197146563,True,10.0,0.8987179487179487,0.9092088197146563,True,10.0,0.8987179487179487,0.9092088197146563,0.8987179487179487,10.0,0.9092088197146563
1252,Esophagus,0,neoplastic,neoplastic,260,1252__ch0__id260,1355.0,125,218,174,256,147.3520295202952,237.9490774907749,0.8105234715935763,0.9685489635453896,54.64622308320804,32.00662930021851,True,11.0,0.9354136429608128,0.9512915129151291,True,11.0,0.9354136429608128,0.9512915129151291,True,11.0,0.9354136429608128,0.9512915129151291,0.9354136429608128,11.0,0.9512915129151291
1252,Esophagus,0,neoplastic,neoplastic,262,1252__ch0__id262,1221.0,128,115,168,154,148.5864045864046,133.7977067977068,0.4193190346241018,0.9783653846153846,41.48301178046278,37.65989358492821,True,12.0,0.8690671031096563,0.8697788697788698,True,12.0,0.8690671031096563,0.8697788697788698,True,12.0,0.8690671031096563,0.8697788697788698,0.8690671031096563,12.0,0.8697788697788698
1252,Esophagus,0,neoplastic,neoplastic,270,1252__ch0__id270,1695.0,143,162,196,211,168.51622418879057,184.53569321533922,0.844231862784808,0.9658119658119658,63.72980469469101,34.15778190346142,True,13.0,0.9306526806526807,0.9421828908554573,True,13.0,0.9306526806526807,0.9421828908554573,True,13.0,0.9306526806526807,0.9421828908554573,0.9306526806526807,13.0,0.9421828908554573
1252,Esophagus,0,neoplastic,neoplastic,276,1252__ch0__id276,1552.0,166,195,221,234,193.73775773195877,215.2422680412371,0.7265045988999271,0.9651741293532339,53.89894933148941,37.03728838890337,True,14.0,0.892041949413942,0.9317010309278351,True,14.0,0.892041949413942,0.9317010309278351,True,14.0,0.892041949413942,0.9317010309278351,0.892041949413942,14.0,0.9317010309278351
1252,Esophagus,0,neoplastic,neoplastic,277,1252__ch0__id277,995.0,169,103,203,144,185.04221105527637,123.4643216080402,0.7657091179318561,0.9745347698334965,44.50541497124422,28.625305368284216,True,15.0,0.7889447236180904,0.7889447236180904,True,15.0,0.7889447236180904,0.7889447236180904,True,15.0,0.7889447236180904,0.7889447236180904,0.7889447236180904,15.0,0.7889447236180904
1252,Esophagus,0,neoplastic,neoplastic,291,1252__ch0__id291,2294.0,195,9,256,58,226.11115954664342,33.11726242371404,0.7280944301462348,0.9803418803418803,65.456170839691,44.86868927047995,True,16.0,0.9338267305180671,0.9350479511769835,True,16.0,0.9338267305180671,0.9350479511769835,True,16.0,0.9338267305180671,0.9350479511769835,0.9338267305180671,16.0,0.9350479511769835
1252,Esophagus,0,neoplastic,neoplastic,295,1252__ch0__id295,678.0,210,158,247,183,227.17109144542772,169.92920353982302,0.7804013320281554,0.9576271186440678,37.255541171992114,23.295105536279735,True,17.0,0.7979351032448377,0.7979351032448377,True,17.0,0.7979351032448377,0.7979351032448377,True,17.0,0.7979351032448377,0.7979351032448377,0.7979351032448377,17.0,0.7979351032448377
1252,Esophagus,0,neoplastic,neoplastic,304,1252__ch0__id304,580.0,230,140,256,171,244.82931034482758,154.30689655172415,0.4783520812921709,0.9698996655518395,29.854474568578816,26.217248474168994,True,18.0,0.7693522906793049,0.8396551724137931,True,18.0,0.7693522906793049,0.8396551724137931,True,18.0,0.7693522906793049,0.8396551724137931,0.7693522906793049,18.0,0.8396551724137931
1252,Esophagus,0,neoplastic,neoplastic,306,1252__ch0__id306,942.0,231,83,256,130,244.85456475583865,107.09129511677283,0.8558296992988708,0.9781931464174455,48.97442421540622,25.332397914333985,True,19.0,0.8736730360934183,0.8736730360934183,True,19.0,0.8736730360934183,0.8736730360934183,True,19.0,0.8736730360934183,0.8736730360934183,0.8736730360934183,19.0,0.8736730360934183
1252,Esophagus,0,neoplastic,neoplastic,317,1252__ch0__id317,4.0,255,200,256,204,255.0,201.5,1.0,1.0,4.47213595499958,0.0,False,,,,False,,,,False,,,,0.0,,0.0
1289,Pancreatic,2,connective,normal,187,1289__ch2__id187,354.0,0,12,20,44,8.036723163841808,30.048022598870055,0.9031059235105061,0.9619565217391305,33.215329715966085,14.263255513181994,True,1.0,0.6129943502824858,0.6129943502824858,True,1.0,0.6129943502824858,0.6129943502824858,True,1.0,0.6129943502824858,0.6129943502824858,0.6129943502824858,1.0,0.6129943502824858
1289,Pancreatic,2,connective,normal,193,1289__ch2__id193,721.0,0,65,47,108,20.660194174757283,85.45631067961165,0.9661198831951535,0.8956521739130435,60.442122746148755,15.59973265454014,True,2.0,0.7475728155339806,0.7475728155339806,True,2.0,0.7475728155339806,0.7475728155339806,True,2.0,0.7475728155339806,0.7475728155339806,0.7475728155339806,2.0,0.7475728155339806
1289,Pancreatic,2,connective,normal,195,1289__ch2__id195,218.0,0,193,14,212,5.926605504587156,201.92201834862385,0.703970724883551,0.9775784753363229,19.901432576717635,14.134574362305232,True,4.0,0.7430830039525692,0.8623853211009175,True,4.0,0.7430830039525692,0.8623853211009175,True,4.0,0.7430830039525692,0.8623853211009175,0.7430830039525692,4.0,0.8623853211009175
1289,Pancreatic,2,connective,normal,196,1289__ch2__id196,366.0,0,164,23,184,9.748633879781421,172.78961748633878,0.5011587806801375,0.976,23.434529568496576,20.27919546606378,True,3.0,0.6854166666666667,0.8989071038251366,True,3.0,0.6854166666666667,0.8989071038251366,True,3.0,0.6854166666666667,0.8989071038251366,0.6854166666666667,3.0,0.8989071038251366
1289,Pancreatic,2,connective,normal,205,1289__ch2__id205,29.0,86,0,96,5,91.75862068965517,1.2413793103448276,0.9245638869808681,0.8787878787878788,10.494978985648503,3.9988709661596844,False,,,,False,,,,False,,,,0.0,,0.0
1289,Pancreatic,2,connective,normal,206,1289__ch2__id206,190.0,36,246,64,256,47.463157894736845,251.44736842105263,0.9464819456814455,0.9405940594059405,28.019570521774465,9.04350581440607,True,6.0,0.6052631578947368,0.6052631578947368,True,6.0,0.6052631578947368,0.6052631578947368,True,6.0,0.6052631578947368,0.6052631578947368,0.6052631578947368,6.0,0.6052631578947368
1289,Pancreatic,2,connective,normal,208,1289__ch2__id208,781.0,38,210,74,246,56.43405889884763,228.37900128040974,0.777664278894378,0.9641975308641976,40.0237725206881,25.162136616105133,True,7.0,0.8481481481481481,0.8796414852752881,True,7.0,0.8481481481481481,0.8796414852752881,True,7.0,0.8481481481481481,0.8796414852752881,0.8481481481481481,7.0,0.8796414852752881
1289,Pancreatic,2,connective,normal,210,1289__ch2__id210,19.0,46,0,54,3,49.89473684210526,0.7894736842105263,0.9291615686020742,0.95,8.117731588055014,3.0009133535819688,False,,,,False,,,,False,,,,0.024193548387096774,8.0,0.47368421052631576
1289,Pancreatic,2,connective,normal,215,1289__ch2__id215,142.0,54,0,68,12,60.46478873239437,4.746478873239437,0.5671956505793648,0.9726027397260274,14.988500873836655,12.344275753399463,True,8.0,0.33687002652519893,0.8943661971830986,True,8.0,0.33687002652519893,0.8943661971830986,False,,,,0.33687002652519893,8.0,0.8943661971830986
1289,Pancreatic,2,connective,normal,244,1289__ch2__id244,52.0,140,251,155,256,145.90384615384616,253.40384615384616,0.9494581674358377,0.896551724137931,14.771750678528248,4.636757908629119,False,,,,False,,,,False,,,,0.0,,0.0
1289,Pancreatic,2,connective,normal,249,1289__ch2__id249,736.0,161,122,193,153,176.53125,138.03396739130434,0.3952383264781161,0.9774236387782205,32.07465442738317,29.463091524363545,True,10.0,0.8845108695652174,0.8845108695652174,True,10.0,0.8845108695652174,0.8845108695652174,True,10.0,0.8845108695652174,0.8845108695652174,0.8845108695652174,10.0,0.8845108695652174
1289,Pancreatic,2,connective,normal,250,1289__ch2__id250,261.0,162,16,190,39,175.06896551724137,27.39846743295019,0.9639016967502241,0.9222614840989399,35.5870282899811,9.475344106004062,True,11.0,0.6082474226804123,0.6781609195402298,True,11.0,0.6082474226804123,0.6781609195402298,True,11.0,0.6082474226804123,0.6781609195402298,0.6082474226804123,11.0,0.6781609195402298
1289,Pancreatic,2,connective,normal,257,1289__ch2__id257,680.0,180,213,226,248,203.5264705882353,230.56911764705882,0.9529456693638261,0.9090909090909091,54.019108184214865,16.3754140795342,False,,,,False,,,,False,,,,0.0,,0.0
1289,Pancreatic,2,connective,normal,258,1289__ch2__id258,860.0,182,195,229,225,206.05348837209303,208.32558139534885,0.900369247871352,0.9378407851690295,50.839461797086315,22.121605631200037,True,12.0,0.8418604651162791,0.8418604651162791,True,12.0,0.8418604651162791,0.8418604651162791,True,12.0,0.8418604651162791,0.8418604651162791,0.8418604651162791,12.0,0.8418604651162791
1289,Pancreatic,2,connective,normal,260,1289__ch2__id260,1131.0,187,0,239,41,212.9628647214854,18.822281167108752,0.9059132770638745,0.9512195121951219,58.86425199777364,24.92684817837976,True,13.0,0.3394190871369295,0.3616268788682582,True,13.0,0.3394190871369295,0.3616268788682582,False,,,,0.3394190871369295,13.0,0.3616268788682582
1289,Pancreatic,2,connective,normal,273,1289__ch2__id273,337.0,223,0,256,24,242.28783382789317,8.875370919881306,0.944971667085718,0.9361111111111111,37.316915824924095,12.208310335994545,True,14.0,0.7833827893175074,0.7833827893175074,True,14.0,0.7833827893175074,0.7833827893175074,True,14.0,0.7833827893175074,0.7833827893175074,0.7833827893175074,14.0,0.7833827893175074
1289,Pancreatic,2,connective,normal,283,1289__ch2__id283,199.0,243,222,256,251,250.47738693467338,235.20100502512562,0.95417929453144,0.8728070175438597,30.658819635335934,9.174206681361728,False,,,,False,,,,False,,,,0.0,,0.0
1299,Pancreatic,1,inflammatory,normal,556,1299__ch1__id556,383.0,65,18,86,43,75.32637075718016,29.33681462140992,0.62189791824835,0.964735516372796,25.090019542238036,19.647952160168206,True,5.0,0.8668341708542714,0.9007832898172323,True,5.0,0.8668341708542714,0.9007832898172323,True,5.0,0.8668341708542714,0.9007832898172323,0.8668341708542714,5.0,0.9007832898172323
1299,Pancreatic,2,connective,normal,509,1299__ch2__id509,541.0,0,224,36,254,15.118299445471349,240.6321626617375,0.9299731797745209,0.9408695652173913,44.35802020180761,16.30722240938452,True,2.0,0.7430683918669131,0.7430683918669131,True,2.0,0.7430683918669131,0.7430683918669131,True,2.0,0.7430683918669131,0.7430683918669131,0.7430683918669131,2.0,0.7430683918669131
1299,Pancreatic,2,connective,normal,514,1299__ch2__id514,680.0,0,134,26,166,12.401470588235295,149.57794117647057,0.6093474204990444,0.9742120343839542,33.22972679561668,26.347961668377586,True,1.0,0.7970588235294118,0.7970588235294118,True,1.0,0.7970588235294118,0.7970588235294118,True,1.0,0.7970588235294118,0.7970588235294118,0.7970588235294118,1.0,0.7970588235294118
1299,Pancreatic,2,connective,normal,519,1299__ch2__id519,338.0,4,0,30,16,16.346153846153847,6.946745562130178,0.79769131249147,0.9684813753581661,26.83012365320987,16.180334675242573,True,3.0,0.6666666666666666,0.7218934911242604,True,3.0,0.6666666666666666,0.7218934911242604,True,3.0,0.6666666666666666,0.7218934911242604,0.6666666666666666,3.0,0.7218934911242604
1299,Pancreatic,2,connective,normal,536,1299__ch2__id536,370.0,32,97,65,118,46.82972972972973,106.67567567567568,0.9184301606557709,0.9181141439205955,35.37631540370444,13.994274794047502,True,4.0,0.8900804289544236,0.8972972972972973,True,4.0,0.8900804289544236,0.8972972972972973,True,4.0,0.8900804289544236,0.8972972972972973,0.8900804289544236,4.0,0.8972972972972973
1299,Pancreatic,2,connective,normal,541,1299__ch2__id541,532.0,42,234,83,256,60.5187969924812,245.17857142857142,0.8955528341539588,0.9637681159420289,39.811911666483645,17.71451672567844,False,,,,False,,,,False,,,,0.0,,0.0
1299,Pancreatic,2,connective,normal,557,1299__ch2__id557,706.0,68,214,119,240,91.8328611898017,225.08923512747876,0.939417641025611,0.8374851720047449,54.55732676709644,18.700871376654508,True,6.0,0.726628895184136,0.726628895184136,True,6.0,0.726628895184136,0.726628895184136,True,6.0,0.726628895184136,0.726628895184136,0.726628895184136,6.0,0.726628895184136
1299,Pancreatic,2,connective,normal,573,1299__ch2__id573,682.0,102,96,131,125,116.06598240469208,110.9574780058651,0.38930600303973784,0.9784791965566715,30.80796251375312,28.377475590992496,True,8.0,0.841799709724238,0.8504398826979472,True,8.0,0.841799709724238,0.8504398826979472,True,8.0,0.841799709724238,0.8504398826979472,0.841799709724238,8.0,0.8504398826979472
1299,Pancreatic,2,connective,normal,576,1299__ch2__id576,324.0,106,59,127,79,116.1604938271605,68.84567901234568,0.5341018855554146,0.9557522123893806,22.225193984310522,18.789626119829368,True,7.0,0.7475961538461539,0.9598765432098766,True,7.0,0.7475961538461539,0.9598765432098766,True,7.0,0.7475961538461539,0.9598765432098766,0.7475961538461539,7.0,0.9598765432098766
1299,Pancreatic,2,connective,normal,584,1299__ch2__id584,141.0,130,247,152,256,139.3404255319149,251.89361702127658,0.903089799901996,0.9657534246575342,21.478155257299516,9.223831555441874,False,,,,False,,,,False,,,,0.0,,0.0
1299,Pancreatic,2,connective,normal,597,1299__ch2__id597,1017.0,153,198,195,232,171.90363815142575,215.38249754178958,0.7143680053964175,0.9540337711069419,43.63042167131553,30.53126952432237,True,9.0,0.8426013195098964,0.8790560471976401,True,9.0,0.8426013195098964,0.8790560471976401,True,9.0,0.8426013195098964,0.8790560471976401,0.8426013195098964,9.0,0.8790560471976401
1299,Pancreatic,2,connective,normal,617,1299__ch2__id617,749.0,175,152,225,175,202.0120160213618,164.8184245660881,0.9014011640826056,0.9100850546780073,48.40451411210139,20.958424695235703,True,10.0,0.6955941255006676,0.6955941255006676,True,10.0,0.6955941255006676,0.6955941255006676,True,10.0,0.6955941255006676,0.6955941255006676,0.6955941255006676,10.0,0.6955941255006676
1299,Pancreatic,2,connective,normal,622,1299__ch2__id622,595.0,204,68,246,89,226.79159663865545,77.83361344537815,0.9006213142438487,0.8585858585858586,43.37905258175871,18.852740286671764,True,11.0,0.5693501454898157,0.9865546218487395,True,11.0,0.5693501454898157,0.9865546218487395,True,11.0,0.5693501454898157,0.9865546218487395,0.5693501454898157,11.0,0.9865546218487395
1299,Pancreatic,2,connective,normal,623,1299__ch2__id623,770.0,207,107,237,143,221.63636363636363,125.11428571428571,0.7815585616913158,0.9577114427860697,39.84456920572553,24.856312519954,True,12.0,0.8715953307392996,0.8727272727272727,True,12.0,0.8715953307392996,0.8727272727272727,True,12.0,0.8715953307392996,0.8727272727272727,0.8715953307392996,12.0,0.8727272727272727
1299,Pancreatic,2,connective,normal,636,1299__ch2__id636,311.0,236,111,255,131,245.30868167202573,121.0096463022508,0.3597376284080303,0.9688473520249221,20.679811424319666,19.29537048249402,False,,,,False,,,,False,,,,0.001017293997965412,12.0,0.003215434083601286
1320,Cervix,0,neoplastic,neoplastic,10,1320__ch0__id10,105.0,18,0,42,6,29.685714285714287,2.0,0.9593151428709935,0.9545454545454546,22.61739789393589,6.385739287575159,False,,,,False,,,,False,,,,0.0,,0.0
1320,Cervix,0,neoplastic,neoplastic,11,1320__ch0__id11,10.0,25,254,34,256,29.0,254.9,0.9924716620639604,0.7142857142857143,9.797958971132712,1.199999999999999,False,,,,False,,,,False,,,,0.0,,0.0
1320,Cervix,0,neoplastic,neoplastic,13,1320__ch0__id13,1832.0,13,32,57,84,34.09497816593886,57.69759825327511,0.5691916054416323,0.9786324786324786,53.31362032764639,43.83472047675464,True,1.0,0.8067685589519651,0.8067685589519651,True,1.0,0.8067685589519651,0.8067685589519651,True,1.0,0.8067685589519651,0.8067685589519651,0.8067685589519651,1.0,0.8067685589519651
1320,Cervix,0,neoplastic,neoplastic,21,1320__ch0__id21,1617.0,26,155,74,197,49.21026592455164,175.88497217068647,0.48911322077086855,0.9805942995755003,48.602191254463754,42.391817990839044,True,2.0,0.8855905998763142,0.8855905998763142,True,2.0,0.8855905998763142,0.8855905998763142,True,2.0,0.8855905998763142,0.8855905998763142,0.8855905998763142,2.0,0.8855905998763142
1320,Cervix,0,neoplastic,neoplastic,22,1320__ch0__id22,1007.0,27,213,68,246,46.8987090367428,229.10625620655412,0.6380755332600548,0.9673390970220941,40.845709888805786,31.450125426809972,True,3.0,0.7765640516385303,0.7765640516385303,True,3.0,0.7765640516385303,0.7765640516385303,True,3.0,0.7765640516385303,0.7765640516385303,0.7765640516385303,3.0,0.7765640516385303
1320,Cervix,0,neoplastic,neoplastic,39,1320__ch0__id39,2153.0,58,13,108,67,83.02740362285184,38.76265675801208,0.3969620807850597,0.9808656036446469,54.703826346411084,50.20908702664232,True,4.0,0.8290757083139805,0.8290757083139805,True,4.0,0.8290757083139805,0.8290757083139805,True,4.0,0.8290757083139805,0.8290757083139805,0.8290757083139805,4.0,0.8290757083139805
1320,Cervix,0,neoplastic,neoplastic,40,1320__ch0__id40,209.0,60,0,90,10,73.4401913875598,3.473684210526316,0.9351813875063014,0.9631336405529954,28.567604087262733,10.11776347838304,False,,,,False,,,,False,,,,0.0,,0.0
1320,Cervix,0,neoplastic,neoplastic,44,1320__ch0__id44,1574.0,67,186,110,233,88.59021601016518,208.62579415501907,0.4792266008053532,0.9734075448361162,47.81906780673369,41.970375619734334,True,5.0,0.8742058449809402,0.8742058449809402,True,5.0,0.8742058449809402,0.8742058449809402,True,5.0,0.8742058449809402,0.8742058449809402,0.8742058449809402,5.0,0.8742058449809402
1320,Cervix,0,neoplastic,neoplastic,56,1320__ch0__id56,1575.0,82,115,124,166,102.93587301587301,140.3968253968254,0.7073154278659243,0.9728227300802965,53.37473108828144,37.730494549111896,True,6.0,0.8685714285714285,0.8685714285714285,True,6.0,0.8685714285714285,0.8685714285714285,True,6.0,0.8685714285714285,0.8685714285714285,0.8685714285714285,6.0,0.8685714285714285
1320,Cervix,0,neoplastic,neoplastic,66,1320__ch0__id66,360.0,99,226,121,247,108.89722222222223,236.44722222222222,0.3062344418890145,0.9625668449197861,22.00818727739648,20.950828709796692,True,7.0,0.7777777777777778,0.7777777777777778,True,7.0,0.7777777777777778,0.7777777777777778,True,7.0,0.7777777777777778,0.7777777777777778,0.7777777777777778,7.0,0.7777777777777778
1320,Cervix,0,neoplastic,neoplastic,84,1320__ch0__id84,1425.0,122,69,162,115,141.3943859649123,90.92491228070176,0.5422462928883329,0.9746922024623803,46.49134273005874,39.06293688373841,True,8.0,0.8575438596491228,0.8575438596491228,True,8.0,0.8575438596491228,0.8575438596491228,True,8.0,0.8575438596491228,0.8575438596491228,0.8575438596491228,8.0,0.8575438596491228
1320,Cervix,0,neoplastic,neoplastic,87,1320__ch0__id87,237.0,125,148,144,164,133.75527426160338,156.17299578059072,0.6821621617697752,0.9753086419753086,20.39734007390653,14.914553822582434,False,,,,False,,,,False,,,,0.0,,0.0
1320,Cervix,0,neoplastic,neoplastic,105,1320__ch0__id105,600.0,156,162,191,184,172.85333333333332,172.61333333333334,0.8112287809023443,0.9646302250803859,36.2060438615043,21.17071953610939,True,9.0,0.7216666666666667,0.7216666666666667,True,9.0,0.7216666666666667,0.7216666666666667,True,9.0,0.7216666666666667,0.7216666666666667,0.7216666666666667,9.0,0.7216666666666667
1320,Cervix,0,neoplastic,neoplastic,106,1320__ch0__id106,197.0,161,0,185,11,171.58883248730965,4.116751269035533,0.8592338391772492,0.9949494949494949,23.095033438449736,11.815027478479891,True,10.0,0.7661691542288557,0.7817258883248731,True,10.0,0.7661691542288557,0.7817258883248731,True,10.0,0.7661691542288557,0.7817258883248731,0.7661691542288557,10.0,0.7817258883248731
1320,Cervix,0,neoplastic,neoplastic,107,1320__ch0__id107,1235.0,157,189,195,231,175.48502024291497,209.72550607287448,0.6079064177261919,0.9709119496855346,44.5342060057884,35.360546220067214,True,11.0,0.7685554668794893,0.7797570850202429,True,11.0,0.7685554668794893,0.7797570850202429,True,11.0,0.7685554668794893,0.7797570850202429,0.7685554668794893,11.0,0.7797570850202429
1320,Cervix,0,neoplastic,neoplastic,108,1320__ch0__id108,1338.0,158,232,227,256,190.95889387144993,245.07698056801195,0.9428321963950702,0.9709724238026125,72.39331624744123,24.126363730295786,True,12.0,0.5276532137518685,0.5276532137518685,True,12.0,0.5276532137518685,0.5276532137518685,True,12.0,0.5276532137518685,0.5276532137518685,0.5276532137518685,12.0,0.5276532137518685
1320,Cervix,0,neoplastic,neoplastic,124,1320__ch0__id124,776.0,191,0,230,25,209.34407216494844,10.219072164948454,0.7343487820124018,0.9835234474017744,39.243522065716625,26.63741663195523,True,13.0,0.8402061855670103,0.8402061855670103,True,13.0,0.8402061855670103,0.8402061855670103,True,13.0,0.8402061855670103,0.8402061855670103,0.8402061855670103,13.0,0.8402061855670103
1320,Cervix,0,neoplastic,neoplastic,126,1320__ch0__id126,735.0,193,98,226,127,209.50884353741498,112.35102040816327,0.623500966257578,0.9696569920844327,34.62524887716229,27.07080137658229,True,14.0,0.7959183673469388,0.7959183673469388,True,14.0,0.7959183673469388,0.7959183673469388,True,14.0,0.7959183673469388,0.7959183673469388,0.7959183673469388,14.0,0.7959183673469388
1320,Cervix,0,neoplastic,neoplastic,140,1320__ch0__id140,847.0,226,53,256,86,241.8547815820543,69.14167650531287,0.41257504598881406,0.9803240740740741,34.71800565810483,31.62545120180889,True,15.0,0.8440797186400938,0.8500590318772137,True,15.0,0.8440797186400938,0.8500590318772137,True,15.0,0.8440797186400938,0.8500590318772137,0.8440797186400938,15.0,0.8500590318772137
1320,Cervix,0,neoplastic,neoplastic,151,1320__ch0__id151,80.0,252,86,256,114,253.825,99.0,0.9862881395331896,0.898876404494382,25.92310560170902,4.278153335569277,False,,,,False,,,,False,,,,0.0,,0.0
1320,Cervix,0,neoplastic,neoplastic,152,1320__ch0__id152,25.0,253,28,256,40,254.32,33.0,0.9706954435704515,0.8928571428571429,11.88464008902067,2.8560339554078893,False,,,,False,,,,False,,,,0.0,,0.0
1320,Cervix,1,inflammatory,normal,144,1320__ch1__id144,311.0,232,103,255,124,243.41800643086816,112.92926045016077,0.8449412358070972,0.9452887537993921,27.393102496598125,14.65145145814318,True,16.0,0.6012861736334405,0.6012861736334405,True,16.0,0.6012861736334405,0.6012861736334405,True,16.0,0.6012861736334405,0.6012861736334405,0.6012861736334405,16.0,0.6012861736334405
1320,Cervix,2,connective,normal,81,1320__ch2__id81,295.0,121,212,141,238,130.8135593220339,224.88474576271187,0.9111816640202078,0.9394904458598726,30.490811179388718,12.562361299283221,False,,,,False,,,,False,,,,0.0,,0.0
1320,Cervix,2,connective,normal,104,1320__ch2__id104,640.0,155,94,179,130,166.753125,111.790625,0.8048095542867816,0.960960960960961,37.126695249381704,22.03592379183449,False,,,,False,,,,False,,,,0.0,,0.0
1320,Cervix,2,connective,normal,1258,1320__ch2__id1258,1085.0,171,24,204,77,183.07926267281107,51.14562211981567,0.8156196402970293,0.9593280282935456,51.0218723340649,29.52066637767474,False,,,,False,,,,False,,,,0.0,,0.0
1351,Cervix,0,neoplastic,neoplastic,555,1351__ch0__id555,1.0,0,255,1,256,0.0,255.0,0.0,1.0,0.0,0.0,False,,,,False,,,,False,,,,0.0,,0.0
1351,Cervix,0,neoplastic,neoplastic,570,1351__ch0__id570,125.0,0,173,8,194,2.896,182.168,0.9005816236532215,0.9689922480620154,19.896495610537748,8.648746869914275,True,1.0,0.8333333333333334,0.84,True,1.0,0.8333333333333334,0.84,True,1.0,0.8333333333333334,0.84,0.8333333333333334,1.0,0.84
1351,Cervix,0,neoplastic,neoplastic,581,1351__ch0__id581,549.0,3,0,39,25,19.837887067395265,11.0,0.9039787304043808,0.9581151832460733,40.63303105110343,17.373766815610725,True,2.0,0.8745644599303136,0.9143897996357013,True,2.0,0.8745644599303136,0.9143897996357013,True,2.0,0.8745644599303136,0.9143897996357013,0.8745644599303136,2.0,0.9143897996357013
1351,Cervix,0,neoplastic,neoplastic,590,1351__ch0__id590,437.0,9,211,33,236,21.013729977116704,223.47368421052633,0.646374931920626,0.9604395604395605,27.053936248875623,20.64269314218582,True,3.0,0.9271070615034168,0.931350114416476,True,3.0,0.9271070615034168,0.931350114416476,True,3.0,0.9271070615034168,0.931350114416476,0.9271070615034168,3.0,0.931350114416476
1351,Cervix,0,neoplastic,neoplastic,591,1351__ch0__id591,410.0,12,59,33,88,22.246341463414634,72.89512195121951,0.8658465158522514,0.9534883720930233,32.38610142513965,16.20308117601617,True,4.0,0.8097447795823666,0.8512195121951219,True,4.0,0.8097447795823666,0.8512195121951219,True,4.0,0.8097447795823666,0.8512195121951219,0.8097447795823666,4.0,0.8512195121951219
1351,Cervix,0,neoplastic,neoplastic,594,1351__ch0__id594,659.0,17,227,54,252,36.32625189681335,240.3854324734446,0.82337608848753,0.9634502923976608,38.876300575264864,22.062148732542116,True,5.0,0.9094955489614244,0.9301972685887708,True,5.0,0.9094955489614244,0.9301972685887708,True,5.0,0.9094955489614244,0.9301972685887708,0.9094955489614244,5.0,0.9301972685887708
1351,Cervix,0,neoplastic,neoplastic,596,1351__ch0__id596,553.0,20,27,49,56,34.403254972875224,41.62386980108499,0.8363668562472834,0.9600694444444444,35.930708234102596,19.69614068731332,False,,,,False,,,,False,,,,0.37509266123054114,6.0,0.9150090415913201
1351,Cervix,0,neoplastic,neoplastic,611,1351__ch0__id611,514.0,37,41,66,68,52.24124513618677,55.35992217898833,0.7827131117649714,0.9431192660550459,32.99011185462075,20.532473813671494,True,7.0,0.7566302652106084,0.943579766536965,True,7.0,0.7566302652106084,0.943579766536965,True,7.0,0.7566302652106084,0.943579766536965,0.7566302652106084,7.0,0.943579766536965
1351,Cervix,0,neoplastic,neoplastic,612,1351__ch0__id612,648.0,38,0,73,29,56.08487654320987,13.908950617283951,0.8041023332345327,0.9657228017883756,37.690344277113326,22.406566928484427,True,6.0,0.44551519644180876,0.9274691358024691,True,6.0,0.44551519644180876,0.9274691358024691,False,,,,0.44551519644180876,6.0,0.9274691358024691
1351,Cervix,0,neoplastic,neoplastic,616,1351__ch0__id616,341.0,39,66,59,89,47.17008797653959,75.74780058651027,0.7080445873193881,0.963276836158192,25.313406564352405,17.875510842694826,False,,,,False,,,,False,,,,0.09919261822376009,7.0,0.25219941348973607
1351,Cervix,0,neoplastic,neoplastic,618,1351__ch0__id618,412.0,40,179,63,206,50.74271844660194,191.50728155339806,0.8158568904802846,0.9427917620137299,30.173877482440293,17.448161325005145,True,8.0,0.8159806295399515,0.8179611650485437,True,8.0,0.8159806295399515,0.8179611650485437,True,8.0,0.8159806295399515,0.8179611650485437,0.8159806295399515,8.0,0.8179611650485437
1351,Cervix,0,neoplastic,neoplastic,623,1351__ch0__id623,569.0,49,108,77,145,62.437609841827765,126.90333919156414,0.9112761034558322,0.9515050167224081,42.216281520915636,17.38449164425314,True,9.0,0.836555360281195,0.836555360281195,True,9.0,0.836555360281195,0.836555360281195,True,9.0,0.836555360281195,0.836555360281195,0.836555360281195,9.0,0.836555360281195
1351,Cervix,0,neoplastic,neoplastic,625,1351__ch0__id625,723.0,51,72,79,109,65.45781466113417,90.49377593360995,0.79672770747522,0.9550858652575958,39.7484477208323,24.021515219507773,True,10.0,0.9045643153526971,0.9045643153526971,True,10.0,0.9045643153526971,0.9045643153526971,True,10.0,0.9045643153526971,0.9045643153526971,0.9045643153526971,10.0,0.9045643153526971
1351,Cervix,0,neoplastic,neoplastic,634,1351__ch0__id634,214.0,59,233,76,250,66.29439252336448,241.0373831775701,0.5489660420164114,0.9344978165938864,18.1547509645994,15.174551528605715,True,11.0,0.867579908675799,0.8878504672897196,True,11.0,0.867579908675799,0.8878504672897196,True,11.0,0.867579908675799,0.8878504672897196,0.867579908675799,11.0,0.8878504672897196
1351,Cervix,0,neoplastic,neoplastic,654,1351__ch0__id654,794.0,80,93,130,121,105.19143576826197,106.89168765743074,0.9439501001619037,0.9520383693045563,55.615310328758426,18.357956720603667,True,13.0,0.8944099378881988,0.906801007556675,True,13.0,0.8944099378881988,0.906801007556675,True,13.0,0.8944099378881988,0.906801007556675,0.8944099378881988,13.0,0.906801007556675
1351,Cervix,0,neoplastic,neoplastic,658,1351__ch0__id658,525.0,83,68,109,94,95.23428571428572,79.94666666666667,0.5435520634913588,0.9650735294117647,28.265371144837566,23.72525876237466,True,14.0,0.9073724007561437,0.9142857142857143,True,14.0,0.9073724007561437,0.9142857142857143,True,14.0,0.9073724007561437,0.9142857142857143,0.9073724007561437,14.0,0.9142857142857143
1351,Cervix,0,neoplastic,neoplastic,659,1351__ch0__id659,483.0,86,20,117,54,99.36438923395445,36.56935817805383,0.9279821305332285,0.9235181644359465,41.522088520592604,15.472155687036782,True,15.0,0.7936507936507936,0.9316770186335404,True,15.0,0.7936507936507936,0.9316770186335404,True,15.0,0.7936507936507936,0.9316770186335404,0.7936507936507936,15.0,0.9316770186335404
1351,Cervix,0,neoplastic,neoplastic,664,1351__ch0__id664,526.0,92,236,131,256,113.85931558935361,247.22243346007605,0.8947032043789743,0.9563636363636364,39.932913552927154,17.836480784404117,True,16.0,0.9049429657794676,0.9049429657794676,True,16.0,0.9049429657794676,0.9049429657794676,True,16.0,0.9049429657794676,0.9049429657794676,0.9049429657794676,16.0,0.9049429657794676
1351,Cervix,0,neoplastic,neoplastic,670,1351__ch0__id670,582.0,100,115,135,142,117.13917525773196,128.70962199312714,0.8579431669404353,0.97,38.201208460882,19.62566486776355,True,17.0,0.8975609756097561,0.9484536082474226,True,17.0,0.8975609756097561,0.9484536082474226,True,17.0,0.8975609756097561,0.9484536082474226,0.8975609756097561,17.0,0.9484536082474226
1351,Cervix,0,neoplastic,neoplastic,677,1351__ch0__id677,527.0,106,21,133,50,119.97722960151803,35.73624288425047,0.8280032520750606,0.9741219963031423,34.73490100685947,19.47666817495989,True,19.0,0.8406593406593407,0.8709677419354839,True,19.0,0.8406593406593407,0.8709677419354839,True,19.0,0.8406593406593407,0.8709677419354839,0.8406593406593407,19.0,0.8709677419354839
1351,Cervix,0,neoplastic,neoplastic,683,1351__ch0__id683,420.0,113,62,141,86,125.74047619047619,74.00952380952381,0.8539265287978405,0.9459459459459459,32.29434961624227,16.805772375332428,True,20.0,0.8502304147465438,0.8785714285714286,True,20.0,0.8502304147465438,0.8785714285714286,True,20.0,0.8502304147465438,0.8785714285714286,0.8502304147465438,20.0,0.8785714285714286
1351,Cervix,0,neoplastic,neoplastic,690,1351__ch0__id690,386.0,117,42,147,62,131.91968911917098,51.943005181347154,0.8830268061741392,0.9625935162094763,32.419661273793594,15.215278224853403,True,21.0,0.8734491315136477,0.9119170984455959,True,21.0,0.8734491315136477,0.9119170984455959,True,21.0,0.8734491315136477,0.9119170984455959,0.8734491315136477,21.0,0.9119170984455959
1351,Cervix,0,neoplastic,neoplastic,693,1351__ch0__id693,68.0,117,0,131,6,123.32352941176471,2.2058823529411766,0.872300984901562,0.9577464788732394,13.641652206090512,6.670349344838205,True,18.0,0.18729096989966554,0.8235294117647058,False,,,,False,,,,0.18729096989966554,18.0,0.8235294117647058
1351,Cervix,0,neoplastic,neoplastic,696,1351__ch0__id696,735.0,119,133,160,161,140.01632653061225,147.3877551020408,0.8788280453943318,0.9582790091264668,44.38004469672362,21.175433465037024,True,22.0,0.8940217391304348,0.8952380952380953,True,22.0,0.8940217391304348,0.8952380952380953,True,22.0,0.8940217391304348,0.8952380952380953,0.8940217391304348,22.0,0.8952380952380953
1351,Cervix,0,neoplastic,neoplastic,702,1351__ch0__id702,530.0,125,98,159,119,142.1301886792453,108.36792452830188,0.8184878232581049,0.9515260323159784,34.30876886890172,19.71120684400358,True,23.0,0.8237347294938918,0.8905660377358491,True,23.0,0.8237347294938918,0.8905660377358491,True,23.0,0.8237347294938918,0.8905660377358491,0.8237347294938918,23.0,0.8905660377358491
1351,Cervix,0,neoplastic,neoplastic,712,1351__ch0__id712,560.0,135,200,182,217,155.5392857142857,208.14285714285714,0.9440567588131193,0.9046849757673667,47.70747892291467,15.733116176256104,True,24.0,0.8125,0.8125,True,24.0,0.8125,0.8125,True,24.0,0.8125,0.8125,0.8125,24.0,0.8125
1351,Cervix,0,neoplastic,neoplastic,715,1351__ch0__id715,218.0,138,82,160,96,148.36238532110093,88.38990825688073,0.8488402475652622,0.9478260869565217,22.990380565144868,12.153851891627587,True,25.0,0.8863636363636364,0.8944954128440367,True,25.0,0.8863636363636364,0.8944954128440367,True,25.0,0.8863636363636364,0.8944954128440367,0.8863636363636364,25.0,0.8944954128440367
1351,Cervix,0,neoplastic,neoplastic,721,1351__ch0__id721,423.0,143,59,167,83,155.0,71.22458628841608,0.6678296862679863,0.9527027027027027,27.019578705240985,20.11105396323987,True,26.0,0.8376068376068376,0.9267139479905437,True,26.0,0.8376068376068376,0.9267139479905437,True,26.0,0.8376068376068376,0.9267139479905437,0.8376068376068376,26.0,0.9267139479905437
1351,Cervix,0,neoplastic,neoplastic,730,1351__ch0__id730,583.0,149,145,190,167,169.7015437392796,155.33790737564323,0.9205437315541696,0.9588815789473685,43.75816844505373,17.093670125273697,True,29.0,0.7877758913412564,0.7958833619210978,True,29.0,0.7877758913412564,0.7958833619210978,True,29.0,0.7877758913412564,0.7958833619210978,0.7877758913412564,29.0,0.7958833619210978
1351,Cervix,0,neoplastic,neoplastic,731,1351__ch0__id731,460.0,149,165,175,190,161.9,176.98695652173913,0.8092927867040429,0.9704641350210971,31.599573445285383,18.56176226998688,True,28.0,0.6758832565284179,0.9565217391304348,True,28.0,0.6758832565284179,0.9565217391304348,True,28.0,0.6758832565284179,0.9565217391304348,0.6758832565284179,28.0,0.9565217391304348
1351,Cervix,0,neoplastic,neoplastic,732,1351__ch0__id732,562.0,150,212,192,242,169.02491103202846,227.20284697508896,0.950825268753016,0.9429530201342282,49.00928291026208,15.17953723358921,True,27.0,0.881326352530541,0.8985765124555161,True,27.0,0.881326352530541,0.8985765124555161,True,27.0,0.881326352530541,0.8985765124555161,0.881326352530541,27.0,0.8985765124555161
1351,Cervix,0,neoplastic,neoplastic,741,1351__ch0__id741,228.0,158,243,179,256,168.609649122807,249.84649122807016,0.7934086825754776,0.9661016949152542,22.242499001400162,13.538771119629539,False,,,,False,,,,False,,,,0.1977294228949858,30.0,0.9166666666666666
1351,Cervix,0,neoplastic,neoplastic,754,1351__ch0__id754,498.0,166,92,202,118,182.7449799196787,104.83935742971887,0.929204003691406,0.9467680608365019,41.839647779625835,15.462561717102979,True,31.0,0.856858846918489,0.8654618473895582,True,31.0,0.856858846918489,0.8654618473895582,True,31.0,0.856858846918489,0.8654618473895582,0.856858846918489,31.0,0.8654618473895582
1351,Cervix,0,neoplastic,neoplastic,755,1351__ch0__id755,308.0,166,183,190,203,177.87337662337663,193.44155844155844,0.8535940529554885,0.9476923076923077,27.643406765299375,14.400522071375986,True,32.0,0.7484848484848485,0.801948051948052,True,32.0,0.7484848484848485,0.801948051948052,True,32.0,0.7484848484848485,0.801948051948052,0.7484848484848485,32.0,0.801948051948052
1351,Cervix,0,neoplastic,neoplastic,759,1351__ch0__id759,273.0,172,59,191,79,180.85347985347985,68.45787545787546,0.7326295584774674,0.9715302491103203,22.612293730722133,15.390551215149939,True,33.0,0.781021897810219,0.7838827838827839,True,33.0,0.781021897810219,0.7838827838827839,True,33.0,0.781021897810219,0.7838827838827839,0.781021897810219,33.0,0.7838827838827839
1351,Cervix,0,neoplastic,neoplastic,764,1351__ch0__id764,193.0,175,161,193,175,184.02072538860102,167.61658031088083,0.7234028887149577,0.9698492462311558,18.92778573602082,13.068238124019103,False,,,,False,,,,False,,,,0.21354933726067746,28.0,0.7512953367875648
1351,Cervix,0,neoplastic,neoplastic,771,1351__ch0__id771,205.0,182,110,202,126,191.45853658536586,117.55609756097562,0.8514944322332808,0.9360730593607306,22.357678608292122,11.723553841918696,True,34.0,0.7609756097560976,0.7609756097560976,True,34.0,0.7609756097560976,0.7609756097560976,True,34.0,0.7609756097560976,0.7609756097560976,0.7609756097560976,34.0,0.7609756097560976
1351,Cervix,0,neoplastic,neoplastic,772,1351__ch0__id772,18.0,197,253,205,256,201.27777777777777,254.22222222222223,0.9383986736578411,0.9,8.298407326392397,2.86755219627532,False,,,,False,,,,False,,,,0.04983388704318937,36.0,0.8333333333333334
1351,Cervix,0,neoplastic,neoplastic,775,1351__ch0__id775,428.0,185,186,220,210,201.34579439252337,196.6658878504673,0.9392266797045443,0.9469026548672567,40.27824132005593,13.827423692694763,True,35.0,0.7291666666666666,0.735981308411215,True,35.0,0.7291666666666666,0.735981308411215,True,35.0,0.7291666666666666,0.735981308411215,0.7291666666666666,35.0,0.735981308411215
1351,Cervix,0,neoplastic,neoplastic,779,1351__ch0__id779,313.0,186,210,210,234,197.0990415335463,221.98402555910542,0.8553258603110602,0.937125748502994,27.983535168449695,14.498001201897681,True,30.0,0.28789323164918973,0.9648562300319489,True,30.0,0.28789323164918973,0.9648562300319489,False,,,,0.28789323164918973,30.0,0.9648562300319489
1351,Cervix,0,neoplastic,neoplastic,783,1351__ch0__id783,247.0,189,236,207,256,198.30769230769232,246.51012145748987,0.783093179749034,0.9573643410852714,22.77694909588536,14.165084661542117,True,36.0,0.7868852459016393,0.97165991902834,True,36.0,0.7868852459016393,0.97165991902834,True,36.0,0.7868852459016393,0.97165991902834,0.7868852459016393,36.0,0.97165991902834
1351,Cervix,0,neoplastic,neoplastic,798,1351__ch0__id798,268.0,202,197,225,215,213.5820895522388,205.69402985074626,0.8332244994490475,0.950354609929078,24.918179250080193,13.778129371832689,False,,,,False,,,,False,,,,0.20036764705882354,30.0,0.8134328358208955
1351,Cervix,0,neoplastic,neoplastic,800,1351__ch0__id800,250.0,204,139,224,154,213.536,146.428,0.6701057616587188,0.9578544061302682,20.759193221526736,15.408835672798853,True,38.0,0.496,0.496,True,38.0,0.496,0.496,False,,,,0.496,38.0,0.496
1351,Cervix,0,neoplastic,neoplastic,802,1351__ch0__id802,261.0,206,167,229,187,217.51340996168582,177.22605363984675,0.9047222423047515,0.9388489208633094,28.03976501251616,11.94499466749953,True,37.0,0.8432835820895522,0.8659003831417624,True,37.0,0.8432835820895522,0.8659003831417624,True,37.0,0.8432835820895522,0.8659003831417624,0.8432835820895522,37.0,0.8659003831417624
1351,Cervix,0,neoplastic,neoplastic,809,1351__ch0__id809,541.0,211,225,243,256,226.3807763401109,241.04436229205174,0.9052400988863446,0.9592198581560284,40.48843164434535,17.203551441783627,True,39.0,0.9092558983666061,0.9260628465804066,True,39.0,0.9092558983666061,0.9260628465804066,True,39.0,0.9092558983666061,0.9260628465804066,0.9092558983666061,39.0,0.9260628465804066
1351,Cervix,0,neoplastic,neoplastic,812,1351__ch0__id812,637.0,213,201,249,233,231.18524332810048,215.82417582417582,0.9111005364457523,0.9437037037037037,44.78456489583657,18.45948993217359,True,40.0,0.8567208271787297,0.9105180533751962,True,40.0,0.8567208271787297,0.9105180533751962,True,40.0,0.8567208271787297,0.9105180533751962,0.8567208271787297,40.0,0.9105180533751962
1351,Cervix,0,neoplastic,neoplastic,843,1351__ch0__id843,253.0,238,225,256,251,247.70355731225297,238.88537549407116,0.9186646904078779,0.9440298507462687,29.175709201549296,11.525519910314037,True,42.0,0.5296442687747036,0.5296442687747036,True,42.0,0.5296442687747036,0.5296442687747036,True,42.0,0.5296442687747036,0.5296442687747036,0.5296442687747036,42.0,0.5296442687747036
1351,Cervix,0,neoplastic,neoplastic,863,1351__ch0__id863,8.0,254,251,256,256,254.625,253.375,0.9422323684941285,0.8888888888888888,5.321869122843981,1.7826129808008921,False,,,,False,,,,False,,,,0.0,,0.0
1351,Cervix,1,inflammatory,normal,839,1351__ch1__id839,386.0,231,68,256,88,242.71761658031087,77.97668393782384,0.6939565344219364,0.9674185463659147,26.149599906927484,18.828153716816367,True,41.0,0.7825,0.810880829015544,True,41.0,0.7825,0.810880829015544,True,41.0,0.7825,0.810880829015544,0.7825,41.0,0.810880829015544
1409,Bile-duct,0,neoplastic,neoplastic,604,1409__ch0__id604,206.0,0,204,10,230,3.878640776699029,216.0873786407767,0.9034844487295649,0.976303317535545,25.469568611697905,10.916788677795479,True,1.0,0.6601941747572816,0.6601941747572816,True,1.0,0.6601941747572816,0.6601941747572816,True,1.0,0.6601941747572816,0.6601941747572816,0.6601941747572816,1.0,0.6601941747572816
1409,Bile-duct,0,neoplastic,neoplastic,618,1409__ch0__id618,478.0,8,222,41,243,24.817991631799163,231.80125523012552,0.8485719206374317,0.9637096774193549,34.013231434842446,17.99572206598777,True,2.0,0.6882845188284519,0.6882845188284519,True,2.0,0.6882845188284519,0.6882845188284519,True,2.0,0.6882845188284519,0.6882845188284519,0.6882845188284519,2.0,0.6882845188284519
1409,Bile-duct,0,neoplastic,neoplastic,619,1409__ch0__id619,175.0,12,247,39,256,26.765714285714285,251.89714285714285,0.9436934751260275,0.9615384615384616,26.9197167234497,8.905611307131714,True,3.0,0.6457142857142857,0.6457142857142857,True,3.0,0.6457142857142857,0.6457142857142857,True,3.0,0.6457142857142857,0.6457142857142857,0.6457142857142857,3.0,0.6457142857142857
1409,Bile-duct,0,neoplastic,neoplastic,625,1409__ch0__id625,808.0,23,170,65,196,43.398514851485146,183.03960396039605,0.7905228926795579,0.957345971563981,41.0683863953615,25.151614185387288,True,4.0,0.7933168316831684,0.7933168316831684,True,4.0,0.7933168316831684,0.7933168316831684,True,4.0,0.7933168316831684,0.7933168316831684,0.7933168316831684,4.0,0.7933168316831684
1409,Bile-duct,0,neoplastic,neoplastic,638,1409__ch0__id638,675.0,59,120,96,144,77.52296296296296,131.05037037037036,0.8292286344908111,0.9615384615384616,39.29595735229212,21.962885371608163,True,6.0,0.7822222222222223,0.7822222222222223,True,6.0,0.7822222222222223,0.7822222222222223,True,6.0,0.7822222222222223,0.7822222222222223,0.7822222222222223,6.0,0.7822222222222223
1409,Bile-duct,0,neoplastic,neoplastic,643,1409__ch0__id643,632.0,60,94,95,120,76.63607594936708,107.25791139240506,0.8099840529693397,0.9708141321044547,37.136650930375616,21.778859590264478,True,5.0,0.8562401263823065,0.8575949367088608,True,5.0,0.8562401263823065,0.8575949367088608,True,5.0,0.8562401263823065,0.8575949367088608,0.8562401263823065,5.0,0.8575949367088608
1409,Bile-duct,0,neoplastic,neoplastic,650,1409__ch0__id650,607.0,86,173,124,193,103.61779242174629,182.77594728171334,0.8543065662472945,0.9619651347068146,38.68232914153363,20.1058933040617,True,7.0,0.8369028006589786,0.8369028006589786,True,7.0,0.8369028006589786,0.8369028006589786,True,7.0,0.8369028006589786,0.8369028006589786,0.8369028006589786,7.0,0.8369028006589786
1409,Bile-duct,0,neoplastic,neoplastic,653,1409__ch0__id653,553.0,90,76,121,97,105.08499095840868,85.77938517179024,0.7262754010383018,0.9753086419753086,32.07375689216254,22.0476237115539,True,8.0,0.8691756272401434,0.8770343580470162,True,8.0,0.8691756272401434,0.8770343580470162,True,8.0,0.8691756272401434,0.8770343580470162,0.8691756272401434,8.0,0.8770343580470162
1409,Bile-duct,0,neoplastic,neoplastic,654,1409__ch0__id654,401.0,94,99,121,118,107.21945137157107,107.6284289276808,0.7702922714181141,0.9662650602409638,28.469693518445425,18.15486744359518,True,9.0,0.8682926829268293,0.8877805486284289,True,9.0,0.8682926829268293,0.8877805486284289,True,9.0,0.8682926829268293,0.8877805486284289,0.8682926829268293,9.0,0.8877805486284289
1409,Bile-duct,0,neoplastic,neoplastic,658,1409__ch0__id658,740.0,98,148,135,175,115.80540540540541,160.9162162162162,0.7185316810570196,0.961038961038961,36.86578461426274,25.639940466523516,True,10.0,0.7891891891891892,0.7891891891891892,True,10.0,0.7891891891891892,0.7891891891891892,True,10.0,0.7891891891891892,0.7891891891891892,0.7891891891891892,10.0,0.7891891891891892
1409,Bile-duct,0,neoplastic,neoplastic,662,1409__ch0__id662,651.0,106,125,141,148,122.52534562211981,135.95084485407065,0.7616745611920908,0.9673105497771174,35.8101840222425,23.203558583211592,True,11.0,0.7849462365591398,0.7849462365591398,True,11.0,0.7849462365591398,0.7849462365591398,True,11.0,0.7849462365591398,0.7849462365591398,0.7849462365591398,11.0,0.7849462365591398
1409,Bile-duct,0,neoplastic,neoplastic,669,1409__ch0__id669,405.0,124,28,151,49,136.73086419753088,38.18518518518518,0.7794083868006222,0.9507042253521126,28.781516740393116,18.032086905502254,True,12.0,0.9214285714285714,0.9555555555555556,True,12.0,0.9214285714285714,0.9555555555555556,True,12.0,0.9214285714285714,0.9555555555555556,0.9214285714285714,12.0,0.9555555555555556
1409,Bile-duct,0,neoplastic,neoplastic,673,1409__ch0__id673,712.0,132,102,171,127,150.0941011235955,114.15168539325843,0.8016735756743175,0.964769647696477,39.08159625622182,23.361495410697334,True,13.0,0.8735955056179775,0.8735955056179775,True,13.0,0.8735955056179775,0.8735955056179775,True,13.0,0.8735955056179775,0.8735955056179775,0.8735955056179775,13.0,0.8735955056179775
1409,Bile-duct,0,neoplastic,neoplastic,674,1409__ch0__id674,557.0,133,49,166,71,148.8689407540395,60.49371633752244,0.7574609982303967,0.9686956521739131,33.07018999923443,21.590879367517317,True,14.0,0.8823529411764706,0.8886894075403949,True,14.0,0.8823529411764706,0.8886894075403949,True,14.0,0.8823529411764706,0.8886894075403949,0.8823529411764706,14.0,0.8886894075403949
1409,Bile-duct,0,neoplastic,neoplastic,677,1409__ch0__id677,344.0,146,81,173,97,159.1424418604651,88.68023255813954,0.8232333065758424,0.958217270194986,27.822542858001697,15.794946604145304,True,15.0,0.7429906542056075,0.9244186046511628,True,15.0,0.7429906542056075,0.9244186046511628,True,15.0,0.7429906542056075,0.9244186046511628,0.7429906542056075,15.0,0.9244186046511628
1409,Bile-duct,0,neoplastic,neoplastic,687,1409__ch0__id687,461.0,162,30,193,49,176.68329718004338,38.66594360086768,0.7977449611696145,0.9624217118997912,31.24362091510272,18.839747372551308,True,16.0,0.945031712473573,0.9696312364425163,True,16.0,0.945031712473573,0.9696312364425163,True,16.0,0.945031712473573,0.9696312364425163,0.945031712473573,16.0,0.9696312364425163
1409,Bile-duct,0,neoplastic,neoplastic,689,1409__ch0__id689,637.0,165,135,206,160,185.63108320251177,146.70643642072213,0.9015944706956366,0.8946629213483146,44.41167047873538,19.211700721609958,True,17.0,0.4725274725274725,0.4725274725274725,True,17.0,0.4725274725274725,0.4725274725274725,False,,,,0.4725274725274725,17.0,0.4725274725274725
1409,Bile-duct,0,neoplastic,neoplastic,704,1409__ch0__id704,516.0,192,121,231,141,208.14147286821705,130.58333333333334,0.8825888152616014,0.9280575539568345,38.783046823500804,18.23368285974949,True,18.0,0.6434108527131783,0.6434108527131783,True,18.0,0.6434108527131783,0.6434108527131783,True,18.0,0.6434108527131783,0.6434108527131783,0.6434108527131783,18.0,0.6434108527131783
1409,Bile-duct,0,neoplastic,neoplastic,714,1409__ch0__id714,299.0,228,104,256,119,243.17391304347825,110.50501672240803,0.8863841746441984,0.8925373134328358,29.776113368027794,13.784864304251423,False,,,,False,,,,False,,,,0.0,,0.0
1409,Bile-duct,0,neoplastic,neoplastic,726,1409__ch0__id726,31.0,252,23,256,35,254.03225806451613,28.612903225806452,0.9458532897261942,0.9117647058823529,11.481530249494678,3.726840949507388,False,,,,False,,,,False,,,,0.0,,0.0
1428,Testis,1,inflammatory,normal,255,1428__ch1__id255,78.0,86,0,103,6,94.87179487179488,2.076923076923077,0.9203239145149243,0.975,16.49982761994931,6.454025049051604,True,11.0,0.4230769230769231,0.4230769230769231,True,11.0,0.4230769230769231,0.4230769230769231,False,,,,0.4230769230769231,11.0,0.4230769230769231
1428,Testis,1,inflammatory,normal,300,1428__ch1__id300,221.0,171,90,185,110,177.96380090497738,99.58823529411765,0.7600779926308967,0.973568281938326,20.83168427120663,13.537092118412101,True,25.0,0.8884120171673819,0.9366515837104072,True,25.0,0.8884120171673819,0.9366515837104072,True,25.0,0.8884120171673819,0.9366515837104072,0.8884120171673819,25.0,0.9366515837104072
1428,Testis,2,connective,normal,222,1428__ch2__id222,97.0,20,0,31,11,24.84536082474227,5.041237113402062,0.5455960167484842,0.9797979797979798,12.130047368470267,10.16556581760572,True,4.0,0.7010309278350515,0.7010309278350515,True,4.0,0.7010309278350515,0.7010309278350515,True,4.0,0.7010309278350515,0.7010309278350515,0.7010309278350515,4.0,0.7010309278350515
1428,Testis,2,connective,normal,284,1428__ch2__id284,190.0,142,38,160,53,150.23684210526315,44.857894736842105,0.8066223259329967,0.9547738693467337,20.269722370985363,11.98076784753264,True,20.0,0.9381443298969072,0.9578947368421052,True,20.0,0.9381443298969072,0.9578947368421052,True,20.0,0.9381443298969072,0.9578947368421052,0.9381443298969072,20.0,0.9578947368421052
1428,Testis,2,connective,normal,294,1428__ch2__id294,464.0,159,153,182,186,170.6206896551724,168.57327586206895,0.8984845328831252,0.9547325102880658,36.89058363467961,16.19515714510909,True,22.0,0.6724137931034483,0.6724137931034483,True,22.0,0.6724137931034483,0.6724137931034483,True,22.0,0.6724137931034483,0.6724137931034483,0.6724137931034483,22.0,0.6724137931034483
1428,Testis,2,connective,normal,311,1428__ch2__id311,232.0,189,95,202,124,195.31465517241378,108.79310344827586,0.9449845258840934,0.9243027888446215,30.336289655850468,9.92345643940089,True,27.0,0.7941176470588235,0.8146551724137931,True,27.0,0.7941176470588235,0.8146551724137931,True,27.0,0.7941176470588235,0.8146551724137931,0.7941176470588235,27.0,0.8146551724137931
1428,Testis,4,epithelial,normal,194,1428__ch4__id194,174.0,0,64,11,85,4.32183908045977,75.65517241379311,0.8162416616495018,0.9830508474576272,20.208292777270554,11.674545162825778,True,1.0,0.7874396135265701,0.9367816091954023,True,1.0,0.7874396135265701,0.9367816091954023,True,1.0,0.7874396135265701,0.9367816091954023,0.7874396135265701,1.0,0.9367816091954023
1428,Testis,4,epithelial,normal,216,1428__ch4__id216,337.0,12,94,29,119,19.729970326409497,106.53412462908013,0.791278051833415,0.9519774011299436,26.594406242104185,16.261322414551465,True,2.0,0.8199513381995134,1.0,True,2.0,0.8199513381995134,1.0,True,2.0,0.8199513381995134,1.0,0.8199513381995134,2.0,1.0
1428,Testis,4,epithelial,normal,218,1428__ch4__id218,896.0,13,115,42,159,26.905133928571427,136.66629464285714,0.7626775026960738,0.9431578947368421,42.37283774934805,27.40586005567796,True,3.0,0.9366420274551215,0.9899553571428571,True,3.0,0.9366420274551215,0.9899553571428571,True,3.0,0.9366420274551215,0.9899553571428571,0.9366420274551215,3.0,0.9899553571428571
1428,Testis,4,epithelial,normal,225,1428__ch4__id225,597.0,24,70,43,119,33.552763819095475,93.83417085427136,0.9462286775201008,0.9461172741679873,49.29604620869598,15.947197791988843,True,6.0,0.8323943661971831,0.9899497487437185,True,6.0,0.8323943661971831,0.9899497487437185,True,6.0,0.8323943661971831,0.9899497487437185,0.8323943661971831,6.0,0.9899497487437185
1428,Testis,4,epithelial,normal,239,1428__ch4__id239,450.0,42,148,63,180,52.64888888888889,162.95777777777778,0.8534952247982954,0.9594882729211087,33.29006667609814,17.34747582477242,False,,,,False,,,,False,,,,0.2808988764044944,7.0,1.0
1428,Testis,4,epithelial,normal,240,1428__ch4__id240,494.0,43,77,59,118,51.00404858299595,96.92914979757084,0.9333787421221797,0.9445506692160612,42.072997142893655,15.099700547378662,True,8.0,0.8846846846846846,0.9939271255060729,True,8.0,0.8846846846846846,0.9939271255060729,True,8.0,0.8846846846846846,0.9939271255060729,0.8846846846846846,8.0,0.9939271255060729
1428,Testis,4,epithelial,normal,246,1428__ch4__id246,723.0,61,157,92,187,76.95297372060857,171.74273858921163,0.5720243435788145,0.9463350785340314,33.90093349213459,27.80678787871018,True,7.0,0.45131086142322097,1.0,True,7.0,0.45131086142322097,1.0,False,,,,0.45131086142322097,7.0,1.0
1428,Testis,4,epithelial,normal,248,1428__ch4__id248,495.0,62,83,80,120,69.79191919191919,102.1919191919192,0.888921722770994,0.9649122807017544,37.38017008162172,17.122328358598608,True,9.0,0.9342629482071713,0.9474747474747475,True,9.0,0.9342629482071713,0.9474747474747475,True,9.0,0.9342629482071713,0.9474747474747475,0.9342629482071713,9.0,0.9474747474747475
1428,Testis,4,epithelial,normal,252,1428__ch4__id252,401.0,72,124,97,145,84.78802992518703,133.72568578553617,0.5529159909718435,0.9709443099273608,24.86750510907054,20.720525485264794,True,10.0,0.7726396917148363,1.0,True,10.0,0.7726396917148363,1.0,True,10.0,0.7726396917148363,1.0,0.7726396917148363,10.0,1.0
1428,Testis,4,epithelial,normal,262,1428__ch4__id262,291.0,94,165,109,190,101.86941580756013,177.6701030927835,0.8191322112992218,0.9572368421052632,25.55007276368273,14.655643349300613,True,12.0,0.7538860103626943,1.0,True,12.0,0.7538860103626943,1.0,True,12.0,0.7538860103626943,1.0,0.7538860103626943,12.0,1.0
1428,Testis,4,epithelial,normal,268,1428__ch4__id268,334.0,112,213,133,233,122.47904191616766,222.01497005988023,0.4845133565500592,0.9488636363636364,22.18982573471166,19.41130148006607,True,13.0,0.8885714285714286,0.9311377245508982,True,13.0,0.8885714285714286,0.9311377245508982,True,13.0,0.8885714285714286,0.9311377245508982,0.8885714285714286,13.0,0.9311377245508982
1428,Testis,4,epithelial,normal,271,1428__ch4__id271,264.0,117,156,135,177,125.61363636363636,165.7159090909091,0.806817115107218,0.9530685920577617,23.98590954540313,14.170905864898167,True,14.0,0.7446808510638298,0.928030303030303,True,14.0,0.7446808510638298,0.928030303030303,True,14.0,0.7446808510638298,0.928030303030303,0.7446808510638298,14.0,0.928030303030303
1428,Testis,4,epithelial,normal,274,1428__ch4__id274,286.0,119,176,138,197,128.45804195804195,186.27972027972027,0.7204471387278955,0.9565217391304348,22.93329069698516,15.9044631277091,True,16.0,0.8311688311688312,0.8951048951048951,True,16.0,0.8311688311688312,0.8951048951048951,True,16.0,0.8311688311688312,0.8951048951048951,0.8311688311688312,16.0,0.8951048951048951
1428,Testis,4,epithelial,normal,278,1428__ch4__id278,75.0,127,0,148,5,135.89333333333335,1.5733333333333333,0.9652394105055578,0.9259259259259259,19.91197525582851,5.204339777760905,True,17.0,0.6046511627906976,0.6933333333333334,True,17.0,0.6046511627906976,0.6933333333333334,True,17.0,0.6046511627906976,0.6933333333333334,0.6046511627906976,17.0,0.6933333333333334
1428,Testis,4,epithelial,normal,279,1428__ch4__id279,385.0,127,230,147,255,137.47792207792207,241.7064935064935,0.6566894195936425,0.9600997506234414,25.657468192177653,19.34986513995647,True,18.0,0.7485265225933202,0.9896103896103896,True,18.0,0.7485265225933202,0.9896103896103896,True,18.0,0.7485265225933202,0.9896103896103896,0.7485265225933202,18.0,0.9896103896103896
1428,Testis,4,epithelial,normal,280,1428__ch4__id280,186.0,131,186,147,203,139.01075268817203,194.65591397849462,0.7371165342995261,0.9393939393939394,18.976526329359835,12.823684665741188,True,15.0,0.41362530413625304,0.9139784946236559,True,15.0,0.41362530413625304,0.9139784946236559,False,,,,0.41362530413625304,15.0,0.9139784946236559
1428,Testis,4,epithelial,normal,282,1428__ch4__id282,329.0,134,203,154,224,143.7386018237082,213.06079027355622,0.6736862951050915,0.9733727810650887,23.814321191617584,17.599198668887908,True,19.0,0.7452574525745257,0.8358662613981763,True,19.0,0.7452574525745257,0.8358662613981763,True,19.0,0.7452574525745257,0.8358662613981763,0.7452574525745257,19.0,0.8358662613981763
1428,Testis,4,epithelial,normal,290,1428__ch4__id290,486.0,152,228,179,253,164.76954732510288,240.75925925925927,0.46166305888883946,0.9642857142857143,26.572082590040758,23.570908412962055,True,21.0,0.8121442125237192,0.8806584362139918,True,21.0,0.8121442125237192,0.8806584362139918,True,21.0,0.8121442125237192,0.8806584362139918,0.8121442125237192,21.0,0.8806584362139918
1428,Testis,4,epithelial,normal,292,1428__ch4__id292,877.0,153,9,204,40,178.13568985176738,22.698973774230332,0.8127522536734098,0.866600790513834,46.03840315685405,26.8224088574436,True,23.0,0.5932017543859649,0.6168757126567845,True,23.0,0.5932017543859649,0.6168757126567845,True,23.0,0.5932017543859649,0.6168757126567845,0.5932017543859649,23.0,0.6168757126567845
1428,Testis,4,epithelial,normal,298,1428__ch4__id298,24.0,169,254,183,256,175.91666666666666,254.58333333333334,0.990900631375258,0.96,14.513053010280714,1.9533910937716301,False,,,,False,,,,False,,,,0.0,,0.0
1428,Testis,4,epithelial,normal,303,1428__ch4__id303,237.0,175,201,189,226,181.66666666666666,212.957805907173,0.8849903698502526,0.9186046511627907,25.762261184511487,11.99514908887959,True,24.0,0.618421052631579,0.7932489451476793,True,24.0,0.618421052631579,0.7932489451476793,True,24.0,0.618421052631579,0.7932489451476793,0.618421052631579,24.0,0.7932489451476793
1428,Testis,4,epithelial,normal,309,1428__ch4__id309,372.0,189,179,204,216,196.56720430107526,195.8763440860215,0.9355696086103069,0.9051094890510949,37.38300346283896,13.201521062075722,True,26.0,0.8726790450928382,0.8844086021505376,True,26.0,0.8726790450928382,0.8844086021505376,True,26.0,0.8726790450928382,0.8844086021505376,0.8726790450928382,26.0,0.8844086021505376
1428,Testis,4,epithelial,normal,310,1428__ch4__id310,1155.0,189,15,229,60,208.93766233766235,36.324675324675326,0.516761010991528,0.9137658227848101,42.246705019873424,36.1686587539403,True,28.0,0.6571428571428571,0.6571428571428571,True,28.0,0.6571428571428571,0.6571428571428571,True,28.0,0.6571428571428571,0.6571428571428571,0.6571428571428571,28.0,0.6571428571428571
1428,Testis,4,epithelial,normal,318,1428__ch4__id318,239.0,205,201,220,222,211.70292887029288,210.63179916317992,0.7547281810889026,0.952191235059761,21.58353411088121,14.159610576546527,True,29.0,0.9549180327868853,0.9748953974895398,True,29.0,0.9549180327868853,0.9748953974895398,True,29.0,0.9549180327868853,0.9748953974895398,0.9549180327868853,29.0,0.9748953974895398
1428,Testis,4,epithelial,normal,320,1428__ch4__id320,330.0,209,224,237,243,223.16363636363636,232.5969696969697,0.8868941300256681,0.9565217391304348,30.301147233732145,13.998303672389858,True,30.0,0.9166666666666666,1.0,True,30.0,0.9166666666666666,1.0,True,30.0,0.9166666666666666,1.0,0.9166666666666666,30.0,1.0
1428,Testis,4,epithelial,normal,321,1428__ch4__id321,650.0,216,103,252,125,232.60461538461539,112.64923076923077,0.7945572294186565,0.974512743628186,37.259500676299105,22.62356900317948,True,32.0,0.8838235294117647,0.9246153846153846,True,32.0,0.8838235294117647,0.9246153846153846,True,32.0,0.8838235294117647,0.9246153846153846,0.8838235294117647,32.0,0.9246153846153846
1428,Testis,4,epithelial,normal,328,1428__ch4__id328,498.0,221,180,246,209,233.26305220883535,193.50401606425703,0.7713322974150632,0.9558541266794626,31.753734185220534,20.209112421009717,True,34.0,0.8924528301886793,0.9497991967871486,True,34.0,0.8924528301886793,0.9497991967871486,True,34.0,0.8924528301886793,0.9497991967871486,0.8924528301886793,34.0,0.9497991967871486
1428,Testis,4,epithelial,normal,330,1428__ch4__id330,315.0,223,83,248,100,235.9047619047619,91.52380952380952,0.7393894825886127,0.9603658536585366,24.5878729433938,16.554472600371152,True,31.0,0.5622710622710623,0.9746031746031746,True,31.0,0.5622710622710623,0.9746031746031746,True,31.0,0.5622710622710623,0.9746031746031746,0.5622710622710623,31.0,0.9746031746031746
1428,Testis,4,epithelial,normal,333,1428__ch4__id333,229.0,228,36,247,51,236.7816593886463,43.109170305676855,0.6541255234367775,0.9744680851063829,19.635548028448763,14.852053872374837,True,33.0,0.3791390728476821,1.0,True,33.0,0.3791390728476821,1.0,False,,,,0.3791390728476821,33.0,1.0
1428,Testis,4,epithelial,normal,334,1428__ch4__id334,387.0,230,54,256,73,242.83979328165375,62.883720930232556,0.7456762268441602,0.9675,27.221160014678453,18.1376892261953,True,35.0,0.9138755980861244,0.9870801033591732,True,35.0,0.9138755980861244,0.9870801033591732,True,35.0,0.9138755980861244,0.9870801033591732,0.9138755980861244,35.0,0.9870801033591732
1428,Testis,4,epithelial,normal,335,1428__ch4__id335,236.0,231,129,251,143,240.40254237288136,135.28813559322035,0.7117191077319054,0.9752066115702479,20.693621820300447,14.53652789920285,True,36.0,0.6344086021505376,1.0,True,36.0,0.6344086021505376,1.0,True,36.0,0.6344086021505376,1.0,0.6344086021505376,36.0,1.0
1428,Testis,4,epithelial,normal,338,1428__ch4__id338,282.0,237,238,256,256,247.1418439716312,247.70921985815602,0.667479802771388,0.9724137931034482,22.58458052582784,16.81710882140259,False,,,,False,,,,False,,,,0.0,,0.0
1428,Testis,4,epithelial,normal,339,1428__ch4__id339,346.0,239,141,256,166,248.09537572254337,153.1271676300578,0.6936500972438372,0.9719101123595506,25.36395397840425,18.26996332751442,True,37.0,0.8477011494252874,0.8526011560693642,True,37.0,0.8477011494252874,0.8526011560693642,True,37.0,0.8477011494252874,0.8526011560693642,0.8477011494252874,37.0,0.8526011560693642
1428,Testis,4,epithelial,normal,340,1428__ch4__id340,207.0,240,209,256,226,248.77777777777777,217.44927536231884,0.20019017122418337,0.9672897196261683,16.849660536660878,16.50857385843663,True,38.0,0.8271028037383178,0.855072463768116,True,38.0,0.8271028037383178,0.855072463768116,True,38.0,0.8271028037383178,0.855072463768116,0.8271028037383178,38.0,0.855072463768116
1428,Testis,4,epithelial,normal,344,1428__ch4__id344,97.0,246,77,256,98,252.20618556701032,85.08247422680412,0.8644396073119562,0.7950819672131147,18.406918660162326,9.253833101053049,False,,,,False,,,,False,,,,0.0,,0.0
1428,Testis,4,epithelial,normal,352,1428__ch4__id352,12.0,255,177,256,189,255.0,182.5,1.0,1.0,13.808210118138652,0.0,False,,,,False,,,,False,,,,0.0,,0.0
1436,Testis,1,inflammatory,normal,664,1436__ch1__id664,257.0,141,217,160,235,150.05836575875486,225.5330739299611,0.529178285026393,0.9589552238805971,19.691106699216288,16.708113970756372,True,20.0,0.9307692307692308,0.9416342412451362,True,20.0,0.9307692307692308,0.9416342412451362,True,20.0,0.9307692307692308,0.9416342412451362,0.9307692307692308,20.0,0.9416342412451362
1436,Testis,1,inflammatory,normal,680,1436__ch1__id680,295.0,168,161,191,178,179.22033898305085,168.5627118644068,0.7571563069498005,0.9424920127795527,24.15123838884481,15.776403922044564,True,24.0,0.7611464968152867,0.8101694915254237,True,24.0,0.7611464968152867,0.8101694915254237,True,24.0,0.7611464968152867,0.8101694915254237,0.7611464968152867,24.0,0.8101694915254237
1436,Testis,1,inflammatory,normal,702,1436__ch1__id702,281.0,210,68,230,86,219.68683274021353,76.55160142348754,0.656585421988778,0.9656357388316151,21.791099005192812,16.43597284374006,True,28.0,0.8959731543624161,0.9501779359430605,True,28.0,0.8959731543624161,0.9501779359430605,True,28.0,0.8959731543624161,0.9501779359430605,0.8959731543624161,28.0,0.9501779359430605
1436,Testis,1,inflammatory,normal,727,1436__ch1__id727,230.0,244,22,256,45,250.25652173913045,32.37391304347826,0.8698611611949963,0.9583333333333334,24.8057266695707,12.23658124697542,True,32.0,0.9134199134199135,0.9173913043478261,True,32.0,0.9134199134199135,0.9173913043478261,True,32.0,0.9134199134199135,0.9173913043478261,0.9134199134199135,32.0,0.9173913043478261
1436,Testis,2,connective,normal,595,1436__ch2__id595,207.0,23,243,47,256,35.51207729468599,249.53140096618358,0.8940314721220873,0.9627906976744186,24.574624135190163,11.009533828682288,True,5.0,0.8436018957345972,0.8599033816425121,True,5.0,0.8436018957345972,0.8599033816425121,True,5.0,0.8436018957345972,0.8599033816425121,0.8436018957345972,5.0,0.8599033816425121
1436,Testis,2,connective,normal,628,1436__ch2__id628,306.0,78,172,92,202,84.1797385620915,186.5,0.9124111196928206,0.9386503067484663,31.041779024932485,12.704621191727801,False,,,,False,,,,False,,,,0.0,,0.0
1436,Testis,2,connective,normal,639,1436__ch2__id639,454.0,94,167,122,194,107.45374449339207,179.7511013215859,0.875173668085858,0.9537815126050421,34.63989653079677,16.75909019980313,True,12.0,0.8509316770186336,0.9052863436123348,True,12.0,0.8509316770186336,0.9052863436123348,True,12.0,0.8509316770186336,0.9052863436123348,0.8509316770186336,12.0,0.9052863436123348
1436,Testis,2,connective,normal,676,1436__ch2__id676,151.0,163,116,172,138,167.03311258278146,126.62913907284768,0.9168483866904181,0.94375,22.042056661645873,8.799972930231052,False,,,,False,,,,False,,,,0.0,,0.0
1436,Testis,2,connective,normal,689,1436__ch2__id689,269.0,187,0,203,22,195.2453531598513,9.308550185873607,0.8026995066014966,0.9539007092198581,24.32399725112817,14.50643516283861,False,,,,False,,,,False,,,,0.0,,0.0
1436,Testis,2,connective,normal,691,1436__ch2__id691,508.0,190,165,216,195,201.63779527559055,178.8503937007874,0.7723460295486134,0.9442379182156134,32.572736626138564,20.690268215394205,True,25.0,0.8409506398537477,0.905511811023622,True,25.0,0.8409506398537477,0.905511811023622,True,25.0,0.8409506398537477,0.905511811023622,0.8409506398537477,25.0,0.905511811023622
1436,Testis,2,connective,normal,695,1436__ch2__id695,205.0,197,197,208,225,201.85853658536584,210.38536585365853,0.9489388857994604,0.9111111111111111,28.948350590118242,9.132045732784954,True,26.0,0.8,0.8780487804878049,True,26.0,0.8,0.8780487804878049,True,26.0,0.8,0.8780487804878049,0.8,26.0,0.8780487804878049
1436,Testis,2,connective,normal,698,1436__ch2__id698,232.0,207,231,236,244,218.54310344827587,236.31896551724137,0.9309087648158184,0.8787878787878788,29.627509081098324,10.821500785579136,True,27.0,0.7689243027888446,0.8318965517241379,True,27.0,0.7689243027888446,0.8318965517241379,True,27.0,0.7689243027888446,0.8318965517241379,0.7689243027888446,27.0,0.8318965517241379
1436,Testis,2,connective,normal,704,1436__ch2__id704,184.0,214,214,230,229,221.52717391304347,221.19021739130434,0.32449638619099197,0.9735449735449735,15.745853395812336,14.893797020386245,True,30.0,0.8641304347826086,0.8641304347826086,True,30.0,0.8641304347826086,0.8641304347826086,True,30.0,0.8641304347826086,0.8641304347826086,0.8641304347826086,30.0,0.8641304347826086
1436,Testis,2,connective,normal,705,1436__ch2__id705,189.0,214,0,233,13,222.82010582010582,5.232804232804233,0.6842564203862297,0.9593908629441624,18.489337726358308,13.483192198042664,True,29.0,0.9326424870466321,0.9523809523809523,True,29.0,0.9326424870466321,0.9523809523809523,True,29.0,0.9326424870466321,0.9523809523809523,0.9326424870466321,29.0,0.9523809523809523
1436,Testis,2,connective,normal,709,1436__ch2__id709,302.0,222,147,241,170,231.7019867549669,158.20529801324503,0.7401836401951873,0.9556962025316456,24.059906295254873,16.177995831474348,True,31.0,0.8920634920634921,0.9304635761589404,True,31.0,0.8920634920634921,0.9304635761589404,True,31.0,0.8920634920634921,0.9304635761589404,0.8920634920634921,31.0,0.9304635761589404
1436,Testis,2,connective,normal,730,1436__ch2__id730,275.0,247,115,256,155,251.66545454545454,131.86545454545455,0.9712141683318384,0.9548611111111112,39.83504433435215,9.48902523471155,False,,,,False,,,,False,,,,0.0,,0.0
1436,Testis,4,epithelial,normal,571,1436__ch4__id571,131.0,0,217,9,236,3.267175572519084,226.58778625954199,0.8696704917273549,0.9562043795620438,18.863778961421815,9.311778013092086,True,1.0,0.8409090909090909,0.8473282442748091,True,1.0,0.8409090909090909,0.8473282442748091,True,1.0,0.8409090909090909,0.8473282442748091,0.8409090909090909,1.0,0.8473282442748091
1436,Testis,4,epithelial,normal,577,1436__ch4__id577,44.0,0,167,5,179,1.6590909090909092,171.8181818181818,0.9173087081905507,0.9361702127659575,12.047615641077007,4.79708058700968,False,,,,False,,,,False,,,,0.05699481865284974,2.0,0.75
1436,Testis,4,epithelial,normal,583,1436__ch4__id583,448.0,4,164,37,185,19.158482142857142,174.27232142857142,0.8840311868964167,0.9491525423728814,35.306980059651785,16.50346825827969,True,2.0,0.7793345008756567,0.9933035714285714,True,2.0,0.7793345008756567,0.9933035714285714,True,2.0,0.7793345008756567,0.9933035714285714,0.7793345008756567,2.0,0.9933035714285714
1436,Testis,4,epithelial,normal,585,1436__ch4__id585,347.0,7,188,30,207,18.080691642651296,197.0057636887608,0.5645896491290336,0.9638888888888889,23.144666810405482,19.102954182097154,True,4.0,0.9226666666666666,0.9971181556195965,True,4.0,0.9226666666666666,0.9971181556195965,True,4.0,0.9226666666666666,0.9971181556195965,0.9226666666666666,4.0,0.9971181556195965
1436,Testis,4,epithelial,normal,588,1436__ch4__id588,272.0,10,153,36,169,23.426470588235293,160.75735294117646,0.8517430544513629,0.9379310344827586,26.390759708424664,13.827694589204949,True,3.0,0.7411444141689373,1.0,True,3.0,0.7411444141689373,1.0,True,3.0,0.7411444141689373,1.0,0.7411444141689373,3.0,1.0
1436,Testis,4,epithelial,normal,607,1436__ch4__id607,270.0,42,157,65,177,52.733333333333334,167.1,0.8922173129148779,0.9407665505226481,27.82972725250095,12.568080657832214,True,6.0,0.5852534562211982,0.9407407407407408,True,6.0,0.5852534562211982,0.9407407407407408,True,6.0,0.5852534562211982,0.9407407407407408,0.5852534562211982,6.0,0.9407407407407408
1436,Testis,4,epithelial,normal,608,1436__ch4__id608,519.0,45,139,76,167,61.0019267822736,152.32177263969172,0.8576817640376649,0.9755639097744361,36.00775662259187,18.514500487027984,True,7.0,0.9156193895870736,0.9826589595375722,True,7.0,0.9156193895870736,0.9826589595375722,True,7.0,0.9156193895870736,0.9826589595375722,0.9156193895870736,7.0,0.9826589595375722
1436,Testis,4,epithelial,normal,627,1436__ch4__id627,539.0,78,111,114,135,96.88126159554731,121.52875695732838,0.8899508923011358,0.9406631762652705,39.53164470590876,18.02865824059136,True,9.0,0.8855098389982111,0.9183673469387755,True,9.0,0.8855098389982111,0.9183673469387755,True,9.0,0.8855098389982111,0.9183673469387755,0.8855098389982111,9.0,0.9183673469387755
1436,Testis,4,epithelial,normal,631,1436__ch4__id631,329.0,81,129,100,150,90.41337386018238,138.59270516717325,0.51419627914237,0.9762611275964391,22.159935128919024,19.005967856601817,True,10.0,0.8997134670487106,0.9544072948328267,True,10.0,0.8997134670487106,0.9544072948328267,True,10.0,0.8997134670487106,0.9544072948328267,0.8997134670487106,10.0,0.9544072948328267
1436,Testis,4,epithelial,normal,634,1436__ch4__id634,431.0,84,92,113,113,97.86542923433875,102.47795823665894,0.8362509210312198,0.9620535714285714,31.750027975194886,17.410031567154817,True,11.0,0.8914405010438413,0.9907192575406032,True,11.0,0.8914405010438413,0.9907192575406032,True,11.0,0.8914405010438413,0.9907192575406032,0.8914405010438413,11.0,0.9907192575406032
1436,Testis,4,epithelial,normal,637,1436__ch4__id637,188.0,94,81,114,94,103.53191489361703,86.55319148936171,0.7509338202760484,0.9591836734693877,19.302797347968667,12.747132398852104,False,,,,False,,,,False,,,,0.2901134521880065,13.0,0.9521276595744681
1436,Testis,4,epithelial,normal,645,1436__ch4__id645,236.0,108,31,129,46,118.15254237288136,37.978813559322035,0.7362828888311619,0.9516129032258065,21.095236296513537,14.274594891430477,True,14.0,0.6858006042296072,0.961864406779661,True,14.0,0.6858006042296072,0.961864406779661,True,14.0,0.6858006042296072,0.961864406779661,0.6858006042296072,14.0,0.961864406779661
1436,Testis,4,epithelial,normal,647,1436__ch4__id647,242.0,109,86,132,100,120.19421487603306,92.5495867768595,0.8327679490471307,0.9641434262948207,23.64264942216288,13.089095644728184,True,13.0,0.3980263157894737,1.0,True,13.0,0.3980263157894737,1.0,False,,,,0.3980263157894737,13.0,1.0
1436,Testis,4,epithelial,normal,651,1436__ch4__id651,389.0,121,2,165,16,143.96915167095116,9.082262210796916,0.9690185252864922,0.7733598409542743,48.950002051049665,12.090065634230815,True,16.0,0.5388127853881278,0.6066838046272494,True,16.0,0.5388127853881278,0.6066838046272494,True,16.0,0.5388127853881278,0.6066838046272494,0.5388127853881278,16.0,0.6066838046272494
1436,Testis,4,epithelial,normal,652,1436__ch4__id652,485.0,121,11,164,30,142.08453608247422,20.830927835051547,0.9444281483770568,0.9082397003745318,44.122787709996764,14.50395110962109,True,17.0,0.8120689655172414,0.9711340206185567,True,17.0,0.8120689655172414,0.9711340206185567,True,17.0,0.8120689655172414,0.9711340206185567,0.8120689655172414,17.0,0.9711340206185567
1436,Testis,4,epithelial,normal,656,1436__ch4__id656,28.0,132,0,148,2,139.5,0.42857142857142855,0.992876133693885,0.9333333333333333,16.61324772583615,1.9794866372215705,False,,,,False,,,,False,,,,0.0,,0.0
1436,Testis,4,epithelial,normal,658,1436__ch4__id658,361.0,131,69,160,90,145.5152354570637,78.36842105263158,0.8830394752389724,0.95,31.662075613554038,14.8589714424824,True,18.0,0.575591985428051,0.8753462603878116,True,18.0,0.575591985428051,0.8753462603878116,True,18.0,0.575591985428051,0.8753462603878116,0.575591985428051,18.0,0.8753462603878116
1436,Testis,4,epithelial,normal,663,1436__ch4__id663,199.0,141,41,161,55,150.37688442211055,48.06532663316583,0.8262019020867036,0.9476190476190476,21.338867133951528,12.021765832433225,True,19.0,0.8024691358024691,0.9798994974874372,True,19.0,0.8024691358024691,0.9798994974874372,True,19.0,0.8024691358024691,0.9798994974874372,0.8024691358024691,19.0,0.9798994974874372
1436,Testis,4,epithelial,normal,666,1436__ch4__id666,248.0,145,31,170,46,157.30241935483872,38.17338709677419,0.8709191940114899,0.9465648854961832,25.502997600626824,12.53284243086902,True,21.0,0.50418410041841,0.9717741935483871,True,21.0,0.50418410041841,0.9717741935483871,True,21.0,0.50418410041841,0.9717741935483871,0.50418410041841,21.0,0.9717741935483871
1436,Testis,4,epithelial,normal,671,1436__ch4__id671,451.0,154,51,181,73,167.74944567627495,62.20177383592018,0.5867055980624929,0.9657387580299786,26.76699482756471,21.67592069468638,True,23.0,0.9315352697095436,0.9955654101995566,True,23.0,0.9315352697095436,0.9955654101995566,True,23.0,0.9315352697095436,0.9955654101995566,0.9315352697095436,23.0,0.9955654101995566
1487,Colon,1,inflammatory,normal,7,1487__ch1__id7,354.0,139,0,163,20,151.3135593220339,8.564971751412429,0.7645491638832227,0.9833333333333333,26.724812926763423,17.225890172072738,True,66.0,0.5282485875706214,0.5282485875706214,True,66.0,0.5282485875706214,0.5282485875706214,True,66.0,0.5282485875706214,0.5282485875706214,0.5282485875706214,66.0,0.5282485875706214
1487,Colon,1,inflammatory,normal,8,1487__ch1__id8,287.0,239,167,256,188,248.1219512195122,176.66898954703834,0.5724865434377947,0.9630872483221476,21.78387272574368,17.860904748540744,True,107.0,0.7835051546391752,0.794425087108014,True,107.0,0.7835051546391752,0.794425087108014,True,107.0,0.7835051546391752,0.794425087108014,0.7835051546391752,107.0,0.794425087108014
1487,Colon,1,inflammatory,normal,23,1487__ch1__id23,339.0,91,68,111,91,100.20353982300885,79.3126843657817,0.5658472516261395,0.9442896935933147,23.18379418649239,19.11527222162054,True,47.0,0.7640117994100295,0.7640117994100295,True,47.0,0.7640117994100295,0.7640117994100295,True,47.0,0.7640117994100295,0.7640117994100295,0.7640117994100295,47.0,0.7640117994100295
1487,Colon,1,inflammatory,normal,31,1487__ch1__id31,325.0,48,135,70,157,59.47076923076923,145.24923076923076,0.4444997658747698,0.9232954545454546,21.741322797359796,19.47541968170133,True,24.0,0.8140243902439024,0.8215384615384616,True,24.0,0.8140243902439024,0.8215384615384616,True,24.0,0.8140243902439024,0.8215384615384616,0.8140243902439024,24.0,0.8215384615384616
1487,Colon,1,inflammatory,normal,36,1487__ch1__id36,322.0,214,93,232,117,221.76708074534162,103.73913043478261,0.6356733970455981,0.9698795180722891,23.182877402126746,17.896210354249426,True,95.0,0.7981366459627329,0.7981366459627329,True,95.0,0.7981366459627329,0.7981366459627329,True,95.0,0.7981366459627329,0.7981366459627329,0.7981366459627329,95.0,0.7981366459627329
1487,Colon,1,inflammatory,normal,51,1487__ch1__id51,311.0,10,94,28,116,18.260450160771704,105.04823151125402,0.5581995468076607,0.9658385093167702,21.901449406520367,18.17178007673155,True,8.0,0.8392282958199357,0.8392282958199357,True,8.0,0.8392282958199357,0.8392282958199357,True,8.0,0.8392282958199357,0.8392282958199357,0.8392282958199357,8.0,0.8392282958199357
1487,Colon,1,inflammatory,normal,54,1487__ch1__id54,27.0,196,0,208,3,201.59259259259258,0.7407407407407407,0.9674701302655342,0.9310344827586207,11.840002185688583,2.995346154591341,False,,,,False,,,,False,,,,0.0,,0.0
1487,Colon,1,inflammatory,normal,58,1487__ch1__id58,307.0,30,125,49,144,39.0586319218241,134.03257328990227,0.37213544116975183,0.9715189873417721,20.56558866441903,19.088535970372558,True,14.0,0.8338762214983714,0.8338762214983714,True,14.0,0.8338762214983714,0.8338762214983714,True,14.0,0.8338762214983714,0.8338762214983714,0.8338762214983714,14.0,0.8338762214983714
1487,Colon,1,inflammatory,normal,59,1487__ch1__id59,289.0,73,0,91,20,81.55017301038062,8.802768166089965,0.6140914338548306,0.9633333333333334,21.80026705436849,17.205531360581855,True,35.0,0.8047945205479452,0.8131487889273357,True,35.0,0.8047945205479452,0.8131487889273357,True,35.0,0.8047945205479452,0.8131487889273357,0.8047945205479452,35.0,0.8131487889273357
1487,Colon,1,inflammatory,normal,65,1487__ch1__id65,302.0,135,51,157,70,145.3774834437086,59.61258278145695,0.6753512884422842,0.9556962025316456,22.882567219069088,16.875806249067125,True,62.0,0.8355263157894737,0.8410596026490066,True,62.0,0.8355263157894737,0.8410596026490066,True,62.0,0.8355263157894737,0.8410596026490066,0.8355263157894737,62.0,0.8410596026490066
1487,Colon,1,inflammatory,normal,67,1487__ch1__id67,292.0,238,7,256,30,247.15753424657535,18.623287671232877,0.6874048687335798,0.9573770491803278,22.784293904511657,16.54765004915109,True,105.0,0.8082191780821918,0.8082191780821918,True,105.0,0.8082191780821918,0.8082191780821918,True,105.0,0.8082191780821918,0.8082191780821918,0.8082191780821918,105.0,0.8082191780821918
1487,Colon,1,inflammatory,normal,75,1487__ch1__id75,73.0,0,5,5,23,1.726027397260274,13.945205479452055,0.9517677050985683,0.9864864864864865,17.792313491574387,5.459029597754479,True,1.0,0.5342465753424658,0.5342465753424658,True,1.0,0.5342465753424658,0.5342465753424658,True,1.0,0.5342465753424658,0.5342465753424658,0.5342465753424658,1.0,0.5342465753424658
1487,Colon,1,inflammatory,normal,79,1487__ch1__id79,214.0,52,0,70,14,60.08878504672897,6.014018691588785,0.6286775390254811,0.9771689497716894,18.857075306375567,14.664508075557237,True,25.0,0.7476635514018691,0.7476635514018691,True,25.0,0.7476635514018691,0.7476635514018691,True,25.0,0.7476635514018691,0.7476635514018691,0.7476635514018691,25.0,0.7476635514018691
1487,Colon,1,inflammatory,normal,80,1487__ch1__id80,294.0,175,9,196,31,184.06802721088437,19.306122448979593,0.3999223227842249,0.8855421686746988,20.73807972163344,19.007466981272476,True,79.0,0.7466216216216216,0.7517006802721088,True,79.0,0.7466216216216216,0.7517006802721088,True,79.0,0.7466216216216216,0.7517006802721088,0.7466216216216216,79.0,0.7517006802721088
1487,Colon,1,inflammatory,normal,85,1487__ch1__id85,289.0,42,61,64,77,52.95847750865052,68.65051903114187,0.7057818083505565,0.9665551839464883,22.92191284174691,16.238554117517957,True,20.0,0.8938356164383562,0.903114186851211,True,20.0,0.8938356164383562,0.903114186851211,True,20.0,0.8938356164383562,0.903114186851211,0.8938356164383562,20.0,0.903114186851211
1487,Colon,1,inflammatory,normal,104,1487__ch1__id104,277.0,45,209,63,230,53.49097472924188,219.4332129963899,0.6686242198542772,0.9651567944250871,21.854760456210766,16.251210053514637,True,21.0,0.8723404255319149,0.8880866425992779,True,21.0,0.8723404255319149,0.8880866425992779,True,21.0,0.8723404255319149,0.8880866425992779,0.8723404255319149,21.0,0.8880866425992779
1487,Colon,1,inflammatory,normal,108,1487__ch1__id108,274.0,48,176,69,194,57.660583941605836,184.13503649635035,0.6843703599244941,0.9256756756756757,22.205663153258378,16.19091649169581,True,23.0,0.8741007194244604,0.8868613138686131,True,23.0,0.8741007194244604,0.8868613138686131,True,23.0,0.8741007194244604,0.8868613138686131,0.8741007194244604,23.0,0.8868613138686131
1487,Colon,1,inflammatory,normal,110,1487__ch1__id110,274.0,88,111,108,130,97.83576642335767,120.43065693430657,0.5397986411341621,0.9383561643835616,20.614915365537804,17.35351559894095,True,44.0,0.5824468085106383,0.7992700729927007,True,44.0,0.5824468085106383,0.7992700729927007,True,44.0,0.5824468085106383,0.7992700729927007,0.5824468085106383,44.0,0.7992700729927007
1487,Colon,1,inflammatory,normal,112,1487__ch1__id112,273.0,118,138,136,158,126.74725274725274,146.63003663003664,0.48443608540187827,0.9612676056338029,20.124834236692944,17.60574145063499,True,57.0,0.7912087912087912,0.7912087912087912,True,57.0,0.7912087912087912,0.7912087912087912,True,57.0,0.7912087912087912,0.7912087912087912,0.7912087912087912,57.0,0.7912087912087912
1487,Colon,1,inflammatory,normal,113,1487__ch1__id113,273.0,128,9,150,25,137.78021978021977,16.945054945054945,0.7451760853116589,0.975,22.930155953606203,15.291381609185791,True,60.0,0.8489208633093526,0.8644688644688645,True,60.0,0.8489208633093526,0.8644688644688645,True,60.0,0.8489208633093526,0.8644688644688645,0.8489208633093526,60.0,0.8644688644688645
1487,Colon,1,inflammatory,normal,121,1487__ch1__id121,271.0,66,122,86,140,76.1549815498155,130.42435424354244,0.5516033866659321,0.9713261648745519,20.414463544272447,17.02783735398705,True,33.0,0.8848920863309353,0.9077490774907749,True,33.0,0.8848920863309353,0.9077490774907749,True,33.0,0.8848920863309353,0.9077490774907749,0.8848920863309353,33.0,0.9077490774907749
1487,Colon,1,inflammatory,normal,125,1487__ch1__id125,270.0,205,35,225,53,214.55555555555554,42.79259259259259,0.5053270431691309,0.9712230215827338,20.044701547550517,17.29713243141,True,93.0,0.7444444444444445,0.7444444444444445,True,93.0,0.7444444444444445,0.7444444444444445,True,93.0,0.7444444444444445,0.7444444444444445,0.7444444444444445,93.0,0.7444444444444445
1487,Colon,1,inflammatory,normal,128,1487__ch1__id128,269.0,76,99,93,120,84.1263940520446,108.95167286245353,0.7349464404768186,0.9539007092198581,22.549544095663745,15.291413148010124,True,37.0,0.8211678832116789,0.8364312267657993,True,37.0,0.8211678832116789,0.8364312267657993,True,37.0,0.8211678832116789,0.8364312267657993,0.8211678832116789,37.0,0.8364312267657993
1487,Colon,1,inflammatory,normal,129,1487__ch1__id129,269.0,110,191,128,210,118.68773234200744,199.84014869888475,0.38570182820865395,0.9711191335740073,19.280482876795233,17.788626352784632,True,52.0,0.862453531598513,0.862453531598513,True,52.0,0.862453531598513,0.862453531598513,True,52.0,0.862453531598513,0.862453531598513,0.862453531598513,52.0,0.862453531598513
1487,Colon,1,inflammatory,normal,136,1487__ch1__id136,266.0,55,195,73,213,63.890977443609025,203.21804511278197,0.226460170217075,0.9708029197080292,18.71826754297609,18.231974936184965,True,27.0,0.8614232209737828,0.8646616541353384,True,27.0,0.8614232209737828,0.8646616541353384,True,27.0,0.8614232209737828,0.8646616541353384,0.8614232209737828,27.0,0.8646616541353384
1487,Colon,1,inflammatory,normal,142,1487__ch1__id142,265.0,202,137,221,156,210.64150943396226,145.3698113207547,0.2958453195297275,0.9636363636363636,18.87320536175436,18.02836254167584,True,90.0,0.7773584905660378,0.7773584905660378,True,90.0,0.7773584905660378,0.7773584905660378,True,90.0,0.7773584905660378,0.7773584905660378,0.7773584905660378,90.0,0.7773584905660378
1487,Colon,1,inflammatory,normal,148,1487__ch1__id148,261.0,137,145,154,165,145.11494252873564,154.51340996168582,0.6321006507794509,0.9525547445255474,20.831910678565958,16.14236204457551,True,63.0,0.8897338403041825,0.896551724137931,True,63.0,0.8897338403041825,0.896551724137931,True,63.0,0.8897338403041825,0.896551724137931,0.8897338403041825,63.0,0.896551724137931
1487,Colon,1,inflammatory,normal,161,1487__ch1__id161,255.0,24,79,43,98,33.33725490196078,87.52549019607844,0.5697050379815464,0.9622641509433962,19.954704238798115,16.399758469496348,True,12.0,0.7647058823529411,0.7647058823529411,True,12.0,0.7647058823529411,0.7647058823529411,True,12.0,0.7647058823529411,0.7647058823529411,0.7647058823529411,12.0,0.7647058823529411
1487,Colon,1,inflammatory,normal,162,1487__ch1__id162,255.0,28,149,46,167,36.41960784313726,157.39607843137256,0.5404969669730304,0.9807692307692307,19.645515872127554,16.528675461153714,True,13.0,0.9296875,0.9333333333333333,True,13.0,0.9296875,0.9333333333333333,True,13.0,0.9296875,0.9333333333333333,0.9296875,13.0,0.9333333333333333
1487,Colon,1,inflammatory,normal,191,1487__ch1__id191,245.0,157,99,173,119,164.3673469387755,108.16326530612245,0.6702845296617616,0.9607843137254902,20.61820602089994,15.30085736290319,True,71.0,0.7673469387755102,0.7673469387755102,True,71.0,0.7673469387755102,0.7673469387755102,True,71.0,0.7673469387755102,0.7673469387755102,0.7673469387755102,71.0,0.7673469387755102
1487,Colon,1,inflammatory,normal,195,1487__ch1__id195,244.0,196,69,215,86,205.922131147541,76.90573770491804,0.5880320636122756,0.976,19.726214008387576,15.955303949141276,True,88.0,0.6086956521739131,0.9180327868852459,True,88.0,0.6086956521739131,0.9180327868852459,True,88.0,0.6086956521739131,0.9180327868852459,0.6086956521739131,88.0,0.9180327868852459
1487,Colon,1,inflammatory,normal,201,1487__ch1__id201,241.0,136,215,152,236,143.701244813278,225.19917012448133,0.7836295370918278,0.9305019305019305,22.404750060959355,13.918467458892863,True,64.0,0.610655737704918,0.6182572614107884,True,64.0,0.610655737704918,0.6182572614107884,True,64.0,0.610655737704918,0.6182572614107884,0.610655737704918,64.0,0.6182572614107884
1487,Colon,1,inflammatory,normal,205,1487__ch1__id205,239.0,31,190,47,208,38.65271966527197,198.35564853556485,0.6686054866826869,0.9795081967213115,20.250580423874226,15.058682133198934,True,16.0,0.9214876033057852,0.9330543933054394,True,16.0,0.9214876033057852,0.9330543933054394,True,16.0,0.9214876033057852,0.9330543933054394,0.9214876033057852,16.0,0.9330543933054394
1487,Colon,1,inflammatory,normal,215,1487__ch1__id215,195.0,35,242,53,256,42.805128205128206,249.2923076923077,0.6254815240125455,0.9420289855072463,18.356728387189133,14.322635000107873,True,17.0,0.7676767676767676,0.7794871794871795,True,17.0,0.7676767676767676,0.7794871794871795,True,17.0,0.7676767676767676,0.7794871794871795,0.7676767676767676,17.0,0.7794871794871795
1487,Colon,1,inflammatory,normal,219,1487__ch1__id219,235.0,240,51,256,71,247.4255319148936,60.93191489361702,0.7007905481638954,0.9670781893004116,20.571231211220045,14.674839383042134,True,106.0,0.8170212765957446,0.8170212765957446,True,106.0,0.8170212765957446,0.8170212765957446,True,106.0,0.8170212765957446,0.8170212765957446,0.8170212765957446,106.0,0.8170212765957446
1487,Colon,1,inflammatory,normal,222,1487__ch1__id222,234.0,195,90,210,109,202.0854700854701,99.0042735042735,0.6175093565696617,0.9669421487603306,19.49517053663041,15.334190252189783,True,87.0,0.8461538461538461,0.8461538461538461,True,87.0,0.8461538461538461,0.8461538461538461,True,87.0,0.8461538461538461,0.8461538461538461,0.8461538461538461,87.0,0.8461538461538461
1487,Colon,1,inflammatory,normal,227,1487__ch1__id227,232.0,185,32,201,49,192.85344827586206,40.14655172413793,0.5517577124444858,0.9872340425531915,18.858837117288015,15.728354124430972,True,82.0,0.8432203389830508,0.8577586206896551,True,82.0,0.8432203389830508,0.8577586206896551,True,82.0,0.8432203389830508,0.8577586206896551,0.8432203389830508,82.0,0.8577586206896551
1487,Colon,1,inflammatory,normal,236,1487__ch1__id236,227.0,105,158,120,176,111.38766519823788,166.12775330396477,0.5207916800765037,0.9869565217391304,18.584448076132134,15.865242206431217,True,51.0,0.8652173913043478,0.8766519823788547,True,51.0,0.8652173913043478,0.8766519823788547,True,51.0,0.8652173913043478,0.8766519823788547,0.8652173913043478,51.0,0.8766519823788547
1487,Colon,1,inflammatory,normal,239,1487__ch1__id239,223.0,0,187,20,202,9.79372197309417,193.53811659192826,0.7155775454193432,0.9449152542372882,20.264215487633173,14.155229393112732,True,4.0,0.8884120171673819,0.9282511210762332,True,4.0,0.8884120171673819,0.9282511210762332,True,4.0,0.8884120171673819,0.9282511210762332,0.8884120171673819,4.0,0.9282511210762332
1487,Colon,1,inflammatory,normal,240,1487__ch1__id240,226.0,86,160,102,176,93.34070796460178,167.53982300884957,0.3296704123575534,0.9826086956521739,17.499445617868872,16.5211581114362,True,42.0,0.8200836820083682,0.8672566371681416,True,42.0,0.8200836820083682,0.8672566371681416,True,42.0,0.8200836820083682,0.8672566371681416,0.8200836820083682,42.0,0.8672566371681416
1487,Colon,1,inflammatory,normal,242,1487__ch1__id242,225.0,90,182,107,199,98.34666666666666,189.86666666666667,0.5109085526879991,0.9656652360515021,18.310565836632,15.74040451506633,True,46.0,0.8776371308016878,0.9244444444444444,True,46.0,0.8776371308016878,0.9244444444444444,True,46.0,0.8776371308016878,0.9244444444444444,0.8776371308016878,46.0,0.9244444444444444
1487,Colon,1,inflammatory,normal,252,1487__ch1__id252,222.0,23,26,44,48,32.869369369369366,36.648648648648646,0.9004851600265934,0.8072727272727273,26.855882356539187,11.679267126131373,True,11.0,0.5109717868338558,0.7342342342342343,True,11.0,0.5109717868338558,0.7342342342342343,True,11.0,0.5109717868338558,0.7342342342342343,0.5109717868338558,11.0,0.7342342342342343
1487,Colon,1,inflammatory,normal,255,1487__ch1__id255,221.0,36,5,51,24,43.10407239819005,14.828054298642535,0.6366508395720603,0.973568281938326,19.157673272960974,14.773481803223993,True,18.0,0.8506787330316742,0.8506787330316742,True,18.0,0.8506787330316742,0.8506787330316742,True,18.0,0.8506787330316742,0.8506787330316742,0.8506787330316742,18.0,0.8506787330316742
1487,Colon,1,inflammatory,normal,259,1487__ch1__id259,220.0,117,169,134,185,125.09545454545454,176.15454545454546,0.2858933953249855,0.9734513274336283,17.246911482083743,16.527050044461753,True,58.0,0.7652173913043478,0.8,True,58.0,0.7652173913043478,0.8,True,58.0,0.7652173913043478,0.8,0.7652173913043478,58.0,0.8
1487,Colon,1,inflammatory,normal,275,1487__ch1__id275,215.0,64,158,80,178,70.5953488372093,168.1767441860465,0.6139618612348569,0.9513274336283186,18.94412544984165,14.953274350692434,True,31.0,0.7787610619469026,0.8186046511627907,True,31.0,0.7787610619469026,0.8186046511627907,True,31.0,0.7787610619469026,0.8186046511627907,0.7787610619469026,31.0,0.8186046511627907
1487,Colon,1,inflammatory,normal,277,1487__ch1__id277,214.0,17,45,32,67,24.929906542056074,57.018691588785046,0.6425293295920138,0.8106060606060606,19.718424038381887,15.109461129749159,True,9.0,0.5287356321839081,0.6448598130841121,True,9.0,0.5287356321839081,0.6448598130841121,True,9.0,0.5287356321839081,0.6448598130841121,0.5287356321839081,9.0,0.6448598130841121
1487,Colon,1,inflammatory,normal,278,1487__ch1__id278,214.0,174,88,190,106,182.44392523364485,96.64953271028037,0.557627567978524,0.9553571428571429,18.19571658473635,15.104105257127959,True,78.0,0.8416289592760181,0.8691588785046729,True,78.0,0.8416289592760181,0.8691588785046729,True,78.0,0.8416289592760181,0.8691588785046729,0.8416289592760181,78.0,0.8691588785046729
1487,Colon,1,inflammatory,normal,282,1487__ch1__id282,213.0,156,147,171,166,163.43661971830986,156.07042253521126,0.5855949108436711,0.9342105263157895,18.330581547162215,14.858839960838903,True,72.0,0.8169014084507042,0.8169014084507042,True,72.0,0.8169014084507042,0.8169014084507042,True,72.0,0.8169014084507042,0.8169014084507042,0.8169014084507042,72.0,0.8169014084507042
1487,Colon,1,inflammatory,normal,283,1487__ch1__id283,213.0,229,191,249,210,239.30046948356807,198.98591549295776,0.9032648770727647,0.9141630901287554,25.71492276530491,11.03384642169026,True,101.0,0.6213592233009708,0.9014084507042254,True,101.0,0.6213592233009708,0.9014084507042254,True,101.0,0.6213592233009708,0.9014084507042254,0.6213592233009708,101.0,0.9014084507042254
1487,Colon,1,inflammatory,normal,291,1487__ch1__id291,211.0,213,150,230,168,221.88151658767774,159.17535545023696,0.521269099201714,0.9678899082568807,18.11910341089046,15.462704485778472,True,97.0,0.7788018433179723,0.8009478672985783,True,97.0,0.7788018433179723,0.8009478672985783,True,97.0,0.7788018433179723,0.8009478672985783,0.7788018433179723,97.0,0.8009478672985783
1487,Colon,1,inflammatory,normal,297,1487__ch1__id297,209.0,62,22,77,39,69.37320574162679,29.861244019138756,0.5849977092813353,0.9766355140186916,18.142764712745343,14.714416159971293,True,30.0,0.9360730593607306,0.9808612440191388,True,30.0,0.9360730593607306,0.9808612440191388,True,30.0,0.9360730593607306,0.9808612440191388,0.9360730593607306,30.0,0.9808612440191388
1487,Colon,1,inflammatory,normal,298,1487__ch1__id298,209.0,213,224,230,239,221.244019138756,230.8755980861244,0.6341002914131599,0.9858490566037735,18.566705039470662,14.35671977400041,True,96.0,0.8577981651376146,0.8947368421052632,True,96.0,0.8577981651376146,0.8947368421052632,True,96.0,0.8577981651376146,0.8947368421052632,0.8577981651376146,96.0,0.8947368421052632
1487,Colon,1,inflammatory,normal,302,1487__ch1__id302,207.0,81,24,98,40,89.11111111111111,31.47826086956522,0.686069221916102,0.971830985915493,19.036613702492964,13.849826907885337,True,40.0,0.7990430622009569,0.8067632850241546,True,40.0,0.7990430622009569,0.8067632850241546,True,40.0,0.7990430622009569,0.8067632850241546,0.7990430622009569,40.0,0.8067632850241546
1487,Colon,1,inflammatory,normal,315,1487__ch1__id315,128.0,63,246,80,256,70.28125,251.4609375,0.8517762494756255,0.9411764705882353,18.346040155772908,9.611595681273116,True,32.0,0.6514285714285715,0.890625,True,32.0,0.6514285714285715,0.890625,True,32.0,0.6514285714285715,0.890625,0.6514285714285715,32.0,0.890625
1487,Colon,1,inflammatory,normal,318,1487__ch1__id318,203.0,9,165,27,183,18.192118226600986,172.72906403940885,0.5812828584266365,0.8826086956521739,18.366523590174687,14.944869007171372,True,7.0,0.6570397111913358,0.896551724137931,True,7.0,0.6570397111913358,0.896551724137931,True,7.0,0.6570397111913358,0.896551724137931,0.6570397111913358,7.0,0.896551724137931
1487,Colon,1,inflammatory,normal,320,1487__ch1__id320,164.0,219,0,236,12,226.4451219512195,5.0,0.7064542273652274,0.9425287356321839,17.46843096600828,12.363434574170745,True,99.0,0.7966101694915254,0.8597560975609756,True,99.0,0.7966101694915254,0.8597560975609756,True,99.0,0.7966101694915254,0.8597560975609756,0.7966101694915254,99.0,0.8597560975609756
1487,Colon,1,inflammatory,normal,326,1487__ch1__id326,202.0,90,13,108,28,97.58910891089108,20.178217821782177,0.6370857261032489,0.9528301886792453,18.357681319510757,14.149971408800939,True,43.0,0.8366336633663366,0.8366336633663366,True,43.0,0.8366336633663366,0.8366336633663366,True,43.0,0.8366336633663366,0.8366336633663366,0.8366336633663366,43.0,0.8366336633663366
1487,Colon,1,inflammatory,normal,341,1487__ch1__id341,196.0,131,29,148,46,138.60204081632654,36.515306122448976,0.7426860665580949,0.9423076923076923,19.423394381296145,13.006677128202128,True,61.0,0.8726415094339622,0.9438775510204082,True,61.0,0.8726415094339622,0.9438775510204082,True,61.0,0.8726415094339622,0.9438775510204082,0.8726415094339622,61.0,0.9438775510204082
1487,Colon,1,inflammatory,normal,342,1487__ch1__id342,196.0,188,115,202,132,194.03571428571428,122.99489795918367,0.6359817692913314,0.9751243781094527,18.032796418127806,13.915982593518386,True,83.0,0.8465346534653465,0.8724489795918368,True,83.0,0.8465346534653465,0.8724489795918368,True,83.0,0.8465346534653465,0.8724489795918368,0.8465346534653465,83.0,0.8724489795918368
1487,Colon,1,inflammatory,normal,346,1487__ch1__id346,194.0,151,173,167,188,158.68041237113403,180.11340206185568,0.33862728835929773,0.9948717948717949,16.20054740790938,15.24342865027409,True,68.0,0.8846153846153846,0.9484536082474226,True,68.0,0.8846153846153846,0.9484536082474226,True,68.0,0.8846153846153846,0.9484536082474226,0.8846153846153846,68.0,0.9484536082474226
1487,Colon,1,inflammatory,normal,347,1487__ch1__id347,194.0,187,53,202,70,194.53608247422682,60.76288659793814,0.5397299037124228,0.97,17.146824710251895,14.4348528243942,True,85.0,0.7989690721649485,0.7989690721649485,True,85.0,0.7989690721649485,0.7989690721649485,True,85.0,0.7989690721649485,0.7989690721649485,0.7989690721649485,85.0,0.7989690721649485
1487,Colon,1,inflammatory,normal,357,1487__ch1__id357,191.0,7,14,23,29,14.879581151832461,21.24607329842932,0.5301941632326059,0.9744897959183674,16.95347726340423,14.374450866122261,True,6.0,0.9132653061224489,0.93717277486911,True,6.0,0.9132653061224489,0.93717277486911,True,6.0,0.9132653061224489,0.93717277486911,0.9132653061224489,6.0,0.93717277486911
1487,Colon,1,inflammatory,normal,364,1487__ch1__id364,189.0,15,32,29,52,21.66137566137566,41.64021164021164,0.7703001434896511,0.8915094339622641,19.863367622559462,12.666501959331944,False,,,,False,,,,False,,,,0.1437308868501529,9.0,0.24867724867724866
1487,Colon,1,inflammatory,normal,371,1487__ch1__id371,188.0,169,47,185,63,176.8031914893617,54.223404255319146,0.6989252162872819,0.9447236180904522,18.460266446076137,13.202685795673466,True,75.0,0.8148148148148148,0.8191489361702128,True,75.0,0.8148148148148148,0.8191489361702128,True,75.0,0.8148148148148148,0.8191489361702128,0.8148148148148148,75.0,0.8191489361702128
1487,Colon,1,inflammatory,normal,389,1487__ch1__id389,176.0,55,232,75,247,63.45454545454545,239.61363636363637,0.8101097932368038,0.8934010152284264,19.814759969732794,11.61696172579427,True,28.0,0.5799256505576208,0.8863636363636364,True,28.0,0.5799256505576208,0.8863636363636364,True,28.0,0.5799256505576208,0.8863636363636364,0.5799256505576208,28.0,0.8863636363636364
1487,Colon,1,inflammatory,normal,390,1487__ch1__id390,163.0,93,0,113,14,102.3680981595092,6.901840490797546,0.9038668490636609,0.9005524861878453,22.604829528790354,9.670659913129164,True,49.0,0.5812807881773399,0.7239263803680982,True,49.0,0.5812807881773399,0.7239263803680982,True,49.0,0.5812807881773399,0.7239263803680982,0.5812807881773399,49.0,0.7239263803680982
1487,Colon,1,inflammatory,normal,400,1487__ch1__id400,173.0,22,215,40,228,31.55491329479769,221.08670520231215,0.6307377985173249,0.9719101123595506,16.938679377256786,13.144347851374746,True,10.0,0.845771144278607,0.9826589595375722,True,10.0,0.845771144278607,0.9826589595375722,True,10.0,0.845771144278607,0.9826589595375722,0.845771144278607,10.0,0.9826589595375722
1487,Colon,1,inflammatory,normal,414,1487__ch1__id414,167.0,115,226,130,240,122.26946107784431,231.88622754491018,0.3573345733144607,0.9597701149425287,15.20449301673299,14.200638359395185,True,54.0,0.7125748502994012,0.7125748502994012,True,54.0,0.7125748502994012,0.7125748502994012,True,54.0,0.7125748502994012,0.7125748502994012,0.7125748502994012,54.0,0.7125748502994012
1487,Colon,1,inflammatory,normal,415,1487__ch1__id415,126.0,246,115,256,129,250.88095238095238,121.39682539682539,0.6813144434456039,0.9921259842519685,15.01131920786377,10.988148559532332,True,108.0,0.8854961832061069,0.9206349206349206,True,108.0,0.8854961832061069,0.9206349206349206,True,108.0,0.8854961832061069,0.9206349206349206,0.8854961832061069,108.0,0.9206349206349206
1487,Colon,1,inflammatory,normal,422,1487__ch1__id422,164.0,204,114,216,131,208.8841463414634,121.88414634146342,0.7268837610879044,0.9704142011834319,17.55678368085118,12.057305711696978,True,91.0,0.8433734939759037,0.8536585365853658,True,91.0,0.8433734939759037,0.8536585365853658,True,91.0,0.8433734939759037,0.8536585365853658,0.8433734939759037,91.0,0.8536585365853658
1487,Colon,1,inflammatory,normal,424,1487__ch1__id424,163.0,128,193,140,210,133.34969325153375,200.85889570552146,0.7347337896951065,0.9878787878787879,17.490811663645175,11.864989244221928,True,59.0,0.8444444444444444,0.9325153374233128,True,59.0,0.8444444444444444,0.9325153374233128,True,59.0,0.8444444444444444,0.9325153374233128,0.8444444444444444,59.0,0.9325153374233128
1487,Colon,1,inflammatory,normal,426,1487__ch1__id426,161.0,216,203,228,219,221.45341614906832,210.75776397515529,0.6560882336189708,0.9583333333333334,16.533833154938492,12.477822515767683,True,98.0,0.9012345679012346,0.906832298136646,True,98.0,0.9012345679012346,0.906832298136646,True,98.0,0.9012345679012346,0.906832298136646,0.9012345679012346,98.0,0.906832298136646
1487,Colon,1,inflammatory,normal,430,1487__ch1__id430,8.0,36,0,42,2,38.5,0.25,0.9574271077563381,0.8,6.0,1.7320508075688772,False,,,,False,,,,False,,,,0.0,,0.0
1487,Colon,1,inflammatory,normal,431,1487__ch1__id431,160.0,162,59,175,74,168.18125,65.7375,0.49186513951643224,0.9876543209876543,15.306050762445988,13.326540626037447,True,73.0,0.8950617283950617,0.90625,True,73.0,0.8950617283950617,0.90625,True,73.0,0.8950617283950617,0.90625,0.8950617283950617,73.0,0.90625
1487,Colon,1,inflammatory,normal,439,1487__ch1__id439,43.0,0,175,5,186,1.627906976744186,180.0,0.8722729081699928,1.0,10.877756266590497,5.319433843905412,False,,,,False,,,,False,,,,0.0,,0.0
1487,Colon,1,inflammatory,normal,446,1487__ch1__id446,154.0,90,208,103,222,96.01948051948052,214.6038961038961,0.39358163298721843,0.9808917197452229,14.60436808583647,13.425644724592653,True,45.0,0.9263803680981595,0.9805194805194806,True,45.0,0.9263803680981595,0.9805194805194806,True,45.0,0.9263803680981595,0.9805194805194806,0.9263803680981595,45.0,0.9805194805194806
1487,Colon,1,inflammatory,normal,454,1487__ch1__id454,151.0,29,171,46,184,37.019867549668874,176.63576158940398,0.8093867349073264,0.9263803680981595,18.259786906871113,10.72353482041907,True,15.0,0.7961783439490446,0.8278145695364238,True,15.0,0.7961783439490446,0.8278145695364238,True,15.0,0.7961783439490446,0.8278145695364238,0.7961783439490446,15.0,0.8278145695364238
1487,Colon,1,inflammatory,normal,458,1487__ch1__id458,151.0,183,137,197,153,189.49668874172184,144.96688741721854,0.5858684444063177,0.9263803680981595,15.798578768056014,12.803265764228739,True,81.0,0.7662337662337663,0.7814569536423841,True,81.0,0.7662337662337663,0.7814569536423841,True,81.0,0.7662337662337663,0.7814569536423841,0.7662337662337663,81.0,0.7814569536423841
1487,Colon,1,inflammatory,normal,460,1487__ch1__id460,150.0,188,155,199,172,192.83333333333334,162.92,0.826380083562876,0.9554140127388535,18.438276290427652,10.382828275253766,False,,,,False,,,,False,,,,0.4309210526315789,84.0,0.8733333333333333
1487,Colon,1,inflammatory,normal,464,1487__ch1__id464,149.0,196,155,209,176,201.71140939597316,164.95302013422818,0.878125910989459,0.8324022346368715,21.474042410615976,10.27381757234894,True,84.0,0.44666666666666666,0.8993288590604027,True,84.0,0.44666666666666666,0.8993288590604027,False,,,,0.44666666666666666,84.0,0.8993288590604027
1487,Colon,1,inflammatory,normal,509,1487__ch1__id509,127.0,176,138,185,158,179.77165354330708,148.40944881889763,0.9268777773062353,0.8698630136986302,21.49231656681885,8.067426268502226,False,,,,False,,,,False,,,,0.0,,0.0
1487,Colon,1,inflammatory,normal,520,1487__ch1__id520,120.0,103,96,119,107,110.64166666666667,101.03333333333333,0.8421846258250709,0.9022556390977443,17.150673796591924,9.247459079877364,False,,,,False,,,,False,,,,0.0,,0.0
1487,Colon,1,inflammatory,normal,524,1487__ch1__id524,118.0,64,228,77,241,70.63559322033899,233.22033898305085,0.7443649352645847,0.9365079365079365,15.255019500158129,10.186890863361253,False,,,,False,,,,False,,,,0.30141843971631205,28.0,0.7203389830508474
1487,Colon,1,inflammatory,normal,527,1487__ch1__id527,112.0,110,244,124,256,116.98214285714286,249.45535714285714,0.7029306534384233,0.9256198347107438,14.386533979390569,10.2325429868732,False,,,,False,,,,False,,,,0.0,,0.0
1487,Colon,1,inflammatory,normal,532,1487__ch1__id532,91.0,0,55,10,66,3.791208791208791,60.45054945054945,0.6087098480710325,0.9891304347826086,12.315174328084472,9.770772084419418,False,,,,False,,,,False,,,,0.0,,0.0
1487,Colon,1,inflammatory,normal,533,1487__ch1__id533,110.0,78,224,88,238,82.49090909090908,230.2,0.7271933272431313,0.9565217391304348,14.288902538276078,9.808370086603567,True,38.0,0.8014705882352942,0.990909090909091,True,38.0,0.8014705882352942,0.990909090909091,True,38.0,0.8014705882352942,0.990909090909091,0.8014705882352942,38.0,0.990909090909091
1487,Colon,1,inflammatory,normal,534,1487__ch1__id534,45.0,126,0,139,4,132.17777777777778,1.3333333333333333,0.9483867249998164,0.9574468085106383,13.55318281003307,4.297932453185497,False,,,,False,,,,False,,,,0.0,,0.0
1487,Colon,1,inflammatory,normal,536,1487__ch1__id536,110.0,232,149,243,163,236.79090909090908,155.3272727272727,0.6888489415974376,0.9166666666666666,14.070704249785846,10.199922666909114,True,102.0,0.711864406779661,0.7636363636363637,True,102.0,0.711864406779661,0.7636363636363637,True,102.0,0.711864406779661,0.7636363636363637,0.711864406779661,102.0,0.7636363636363637
1487,Colon,1,inflammatory,normal,537,1487__ch1__id537,108.0,94,149,108,160,99.88888888888889,153.90740740740742,0.7887939585812326,0.864,15.525552743298881,9.542900574984694,True,48.0,0.6504065040650406,0.7407407407407407,True,48.0,0.6504065040650406,0.7407407407407407,True,48.0,0.6504065040650406,0.7407407407407407,0.6504065040650406,48.0,0.7407407407407407
1487,Colon,1,inflammatory,normal,547,1487__ch1__id547,100.0,101,88,114,99,107.45,93.29,0.7458003874373916,0.9615384615384616,13.931389867115954,9.280666806346346,False,,,,False,,,,False,,,,0.0,,0.0
1487,Colon,1,inflammatory,normal,550,1487__ch1__id550,21.0,110,253,118,256,113.04761904761905,254.0952380952381,0.9251380947900609,1.0,8.35249726552048,3.1708647927310456,False,,,,False,,,,False,,,,0.0,,0.0
1487,Colon,1,inflammatory,normal,553,1487__ch1__id553,96.0,35,30,47,41,40.958333333333336,34.833333333333336,0.7689936493217907,0.9896907216494846,13.858128140319717,8.858897348104705,False,,,,False,,,,False,,,,0.3383458646616541,11.0,0.9375
1487,Colon,1,inflammatory,normal,556,1487__ch1__id556,91.0,80,175,90,187,84.76923076923077,180.42857142857142,0.8089273072698814,0.9578947368421052,14.057704567681116,8.264646482818366,True,34.0,0.25,0.6483516483516484,True,34.0,0.25,0.6483516483516484,False,,,,0.25,34.0,0.6483516483516484
1487,Colon,1,inflammatory,normal,563,1487__ch1__id563,88.0,83,140,94,155,87.29545454545455,148.47727272727272,0.8989632081961912,0.8301886792452831,16.86396987411291,7.3868259605166395,True,41.0,0.26424870466321243,0.5795454545454546,True,41.0,0.26424870466321243,0.5795454545454546,False,,,,0.26424870466321243,41.0,0.5795454545454546
1487,Colon,1,inflammatory,normal,571,1487__ch1__id571,82.0,144,97,155,109,149.4878048780488,101.95121951219512,0.5861718752714042,0.8541666666666666,11.85117910388829,9.601668009517494,True,65.0,0.3299492385786802,0.7926829268292683,True,65.0,0.3299492385786802,0.7926829268292683,False,,,,0.3299492385786802,65.0,0.7926829268292683
1487,Colon,1,inflammatory,normal,580,1487__ch1__id580,77.0,146,237,157,246,151.19480519480518,240.75324675324674,0.5344906262712292,0.9625,10.789279368127072,9.11882274200255,False,,,,False,,,,False,,,,0.32386363636363635,67.0,0.7402597402597403
1487,Colon,1,inflammatory,normal,582,1487__ch1__id582,48.0,99,250,110,256,103.91666666666667,252.97916666666666,0.8036896692408435,0.9795918367346939,10.438664357027092,6.211513306147168,False,,,,False,,,,False,,,,0.0,,0.0
1487,Colon,1,inflammatory,normal,583,1487__ch1__id583,75.0,139,100,147,112,142.2,105.36,0.7271500017226563,0.974025974025974,11.843001968207489,8.129967469043171,False,,,,False,,,,False,,,,0.275,65.0,0.7333333333333333
1487,Colon,1,inflammatory,normal,586,1487__ch1__id586,71.0,234,205,244,216,238.46478873239437,210.14084507042253,0.5797949218786774,0.9342105263157895,10.718602191042809,8.733114572762204,False,,,,False,,,,False,,,,0.10802469135802469,101.0,0.49295774647887325
1487,Colon,1,inflammatory,normal,588,1487__ch1__id588,68.0,148,227,157,237,152.22058823529412,231.91176470588235,0.7008690624454127,0.9577464788732394,11.079603096775546,7.902969574147055,True,67.0,0.4267515923566879,0.9852941176470589,True,67.0,0.4267515923566879,0.9852941176470589,False,,,,0.4267515923566879,67.0,0.9852941176470589
1487,Colon,1,inflammatory,normal,589,1487__ch1__id589,59.0,102,0,114,7,108.59322033898304,2.3220338983050848,0.8676662803834624,0.9516129032258065,12.779916053312302,6.353498035090305,False,,,,False,,,,False,,,,0.19230769230769232,49.0,0.5932203389830508
1487,Colon,1,inflammatory,normal,592,1487__ch1__id592,58.0,171,137,177,150,173.67241379310346,143.1551724137931,0.8676730089326414,0.9508196721311475,12.24966097366115,6.089739413594626,False,,,,False,,,,False,,,,0.0,,0.0
1487,Colon,1,inflammatory,normal,598,1487__ch1__id598,42.0,231,199,237,208,233.4047619047619,203.3095238095238,0.7488951045213975,0.9767441860465116,8.957172703934983,5.935815846165699,False,,,,False,,,,False,,,,0.1,101.0,0.7142857142857143
1487,Colon,1,inflammatory,normal,599,1487__ch1__id599,11.0,98,0,104,3,100.54545454545455,0.5454545454545454,0.8908183355501177,0.9166666666666666,5.753305411319955,2.614069842524715,False,,,,False,,,,False,,,,0.03048780487804878,49.0,0.45454545454545453
1487,Colon,2,connective,normal,16,1487__ch2__id16,545.0,71,39,97,70,82.86605504587156,52.85137614678899,0.6564080524493918,0.936426116838488,30.55264013070701,23.049096161249242,True,36.0,0.7853211009174312,0.7853211009174312,True,36.0,0.7853211009174312,0.7853211009174312,True,36.0,0.7853211009174312,0.7853211009174312,0.7853211009174312,36.0,0.7853211009174312
1487,Colon,2,connective,normal,32,1487__ch2__id32,433.0,235,87,256,111,245.49653579676675,98.24018475750577,0.6033169704701626,0.9752252252252253,26.567889266526137,21.187931385986996,True,104.0,0.6443418013856813,0.6443418013856813,True,104.0,0.6443418013856813,0.6443418013856813,True,104.0,0.6443418013856813,0.6443418013856813,0.6443418013856813,104.0,0.6443418013856813
1487,Colon,2,connective,normal,58,1487__ch2__id58,394.0,99,26,124,52,111.17005076142132,38.15989847715736,0.877772705238478,0.9586374695863747,32.450497533104176,15.546297370503565,True,50.0,0.855,0.868020304568528,True,50.0,0.855,0.868020304568528,True,50.0,0.855,0.868020304568528,0.855,50.0,0.868020304568528
1487,Colon,2,connective,normal,69,1487__ch2__id69,370.0,166,227,185,254,175.98648648648648,240.47297297297297,0.7918610139878549,0.9585492227979274,27.985073140351318,17.090521846633404,True,74.0,0.7681940700808625,0.7702702702702703,True,74.0,0.7681940700808625,0.7702702702702703,True,74.0,0.7681940700808625,0.7702702702702703,0.7681940700808625,74.0,0.7702702702702703
1487,Colon,2,connective,normal,78,1487__ch2__id78,354.0,114,106,137,133,126.82768361581921,120.18079096045197,0.49171514007002254,0.8232558139534883,24.679223751583876,21.489585125746533,True,55.0,0.7142857142857143,0.8192090395480226,True,55.0,0.7142857142857143,0.8192090395480226,True,55.0,0.7142857142857143,0.8192090395480226,0.7142857142857143,55.0,0.8192090395480226
1487,Colon,2,connective,normal,88,1487__ch2__id88,337.0,0,144,21,166,9.525222551928783,154.08308605341247,0.23322334115951654,0.9492957746478873,21.11693337497533,20.534595853282603,True,3.0,0.7359050445103857,0.7359050445103857,True,3.0,0.7359050445103857,0.7359050445103857,True,3.0,0.7359050445103857,0.7359050445103857,0.7359050445103857,3.0,0.7359050445103857
1487,Colon,2,connective,normal,135,1487__ch2__id135,274.0,227,30,252,47,239.79562043795622,36.832116788321166,0.8114910771604031,0.8810289389067524,25.60112508850439,14.960396609580165,False,,,,False,,,,False,,,,0.0,,0.0
1487,Colon,2,connective,normal,147,1487__ch2__id147,4.0,255,0,256,4,255.0,1.5,1.0,1.0,4.47213595499958,0.0,False,,,,False,,,,False,,,,0.0,,0.0
1487,Colon,2,connective,normal,160,1487__ch2__id160,123.0,17,246,33,256,23.682926829268293,251.41463414634146,0.8157113788464899,0.9609375,16.91202445667711,9.782914680973182,False,,,,False,,,,False,,,,0.0,,0.0
1487,Colon,2,connective,normal,163,1487__ch2__id163,250.0,0,232,20,249,9.5,240.064,0.460154652382272,0.9689922480620154,19.002434377535906,16.87109811860039,False,,,,False,,,,False,,,,0.0,,0.0
1487,Colon,2,connective,normal,170,1487__ch2__id170,247.0,39,99,58,116,47.441295546558706,106.58704453441295,0.6025692959434971,0.95,20.091655141452897,16.034478221718768,True,19.0,0.8674698795180723,0.8744939271255061,True,19.0,0.8674698795180723,0.8744939271255061,True,19.0,0.8674698795180723,0.8744939271255061,0.8674698795180723,19.0,0.8744939271255061
1487,Colon,2,connective,normal,181,1487__ch2__id181,240.0,139,130,162,146,150.46666666666667,138.53333333333333,0.8003636668913607,0.8921933085501859,23.358071351755637,14.003509578104708,False,,,,False,,,,False,,,,0.002105263157894737,63.0,0.004166666666666667
1487,Colon,2,connective,normal,191,1487__ch2__id191,235.0,150,34,169,55,158.66382978723405,43.08510638297872,0.4081313787155885,0.8453237410071942,18.856346181625018,17.214395985350833,False,,,,False,,,,False,,,,0.0,,0.0
1487,Colon,2,connective,normal,197,1487__ch2__id197,231.0,56,96,74,114,64.2987012987013,105.04761904761905,0.6696636765210539,0.9585062240663901,20.17408359973506,14.982575720258989,True,29.0,0.5510204081632653,0.5844155844155844,True,29.0,0.5510204081632653,0.5844155844155844,True,29.0,0.5510204081632653,0.5844155844155844,0.5510204081632653,29.0,0.5844155844155844
1487,Colon,2,connective,normal,202,1487__ch2__id202,87.0,248,40,256,56,252.2183908045977,45.54022988505747,0.8730392597876763,0.9456521739130435,15.960200589157884,7.782990645110646,False,,,,False,,,,False,,,,0.0,,0.0
1487,Colon,2,connective,normal,211,1487__ch2__id211,219.0,69,71,86,89,77.22374429223744,78.77625570776256,0.5672277843503155,0.9087136929460581,18.884529659979027,15.552561213401015,False,,,,False,,,,False,,,,0.0,,0.0
1487,Colon,2,connective,normal,223,1487__ch2__id223,214.0,156,207,174,226,165.79439252336448,215.19158878504672,0.49589565518644324,0.8199233716475096,18.976099672903132,16.478505584963166,False,,,,False,,,,False,,,,0.4322916666666667,70.0,0.7757009345794392
1487,Colon,2,connective,normal,224,1487__ch2__id224,214.0,161,24,179,44,170.5607476635514,33.742990654205606,0.7054690988532499,0.9029535864978903,20.593623601020717,14.595538781231967,False,,,,False,,,,False,,,,0.0,,0.0
1487,Colon,2,connective,normal,225,1487__ch2__id225,213.0,139,167,154,184,145.6056338028169,174.4600938967136,0.5383384813972603,0.9466666666666667,18.19090803827848,15.330000473338602,False,,,,False,,,,False,,,,0.004889975550122249,68.0,0.009389671361502348
1487,Colon,2,connective,normal,234,1487__ch2__id234,8.0,45,255,53,256,48.5,255.0,1.0,1.0,9.16515138991168,0.0,False,,,,False,,,,False,,,,0.01875,17.0,0.375
1487,Colon,2,connective,normal,236,1487__ch2__id236,206.0,155,219,168,240,161.1990291262136,228.49514563106797,0.807363356527935,0.9155555555555556,21.388206252160064,12.62020911428836,True,70.0,0.44533333333333336,0.8106796116504854,True,70.0,0.44533333333333336,0.8106796116504854,False,,,,0.44533333333333336,70.0,0.8106796116504854
1487,Colon,2,connective,normal,260,1487__ch2__id260,192.0,171,179,181,204,175.234375,191.71354166666666,0.9405981183028322,0.897196261682243,27.701111341228266,9.405136372381694,True,76.0,0.4633431085043988,0.8229166666666666,True,76.0,0.4633431085043988,0.8229166666666666,False,,,,0.4633431085043988,76.0,0.8229166666666666
1487,Colon,2,connective,normal,276,1487__ch2__id276,41.0,236,0,252,3,243.3658536585366,0.8780487804878049,0.9804346348103093,0.9761904761904762,16.28490836688843,3.2056016639861338,False,,,,False,,,,False,,,,0.0,,0.0
1487,Colon,2,connective,normal,280,1487__ch2__id280,186.0,228,67,242,85,234.58602150537635,75.02688172043011,0.711494076584791,0.916256157635468,18.69933884318209,13.139877568326096,False,,,,False,,,,False,,,,0.0,,0.0
1487,Colon,2,connective,normal,292,1487__ch2__id292,181.0,234,218,249,234,240.8342541436464,225.24309392265192,0.6318532685576869,0.9627659574468085,17.269016538262147,13.385007928066239,True,103.0,0.8241206030150754,0.9060773480662984,True,103.0,0.8241206030150754,0.9060773480662984,True,103.0,0.8241206030150754,0.9060773480662984,0.8241206030150754,103.0,0.9060773480662984
1487,Colon,2,connective,normal,295,1487__ch2__id295,180.0,150,196,164,213,156.82777777777778,204.14444444444445,0.7190508968234597,0.9473684210526315,18.255422015311495,12.686740881856702,True,69.0,0.7388888888888889,0.7388888888888889,True,69.0,0.7388888888888889,0.7388888888888889,True,69.0,0.7388888888888889,0.7388888888888889,0.7388888888888889,69.0,0.7388888888888889
1487,Colon,2,connective,normal,303,1487__ch2__id303,178.0,190,185,204,204,196.8314606741573,194.12921348314606,0.7486740981232528,0.8557692307692307,19.23162308558703,12.749378139431663,True,86.0,0.698019801980198,0.7921348314606742,True,86.0,0.698019801980198,0.7921348314606742,True,86.0,0.698019801980198,0.7921348314606742,0.698019801980198,86.0,0.7921348314606742
1487,Colon,2,connective,normal,304,1487__ch2__id304,177.0,137,75,151,93,143.75141242937852,83.12429378531074,0.8081488175458812,0.9567567567567568,19.713238666683253,11.610670648014827,False,,,,False,,,,False,,,,0.09531502423263329,56.0,0.3333333333333333
1487,Colon,2,connective,normal,307,1487__ch2__id307,176.0,94,223,110,240,101.57954545454545,230.5965909090909,0.7898988542427758,0.946236559139785,19.277721348488804,11.821814865639588,False,,,,False,,,,False,,,,0.0,,0.0
1487,Colon,2,connective,normal,309,1487__ch2__id309,175.0,174,68,190,83,181.97142857142856,76.26285714285714,0.675578372279598,0.9562841530054644,17.645491354952647,13.00981223669766,False,,,,False,,,,False,,,,0.0,,0.0
1487,Colon,2,connective,normal,311,1487__ch2__id311,89.0,0,32,9,45,3.247191011235955,38.73033707865169,0.7224747505677254,0.9888888888888889,13.2072231464151,9.13143850363113,False,,,,False,,,,False,,,,0.0,,0.0
1487,Colon,2,connective,normal,312,1487__ch2__id312,173.0,193,235,205,252,198.40462427745663,243.0057803468208,0.7423531903307721,0.9774011299435028,18.135609691557164,12.15101739280438,False,,,,False,,,,False,,,,0.0,,0.0
1487,Colon,2,connective,normal,314,1487__ch2__id314,172.0,208,171,224,190,215.4593023255814,179.25,0.8584376237615732,0.91005291005291,20.761918092390218,10.64916092500501,True,92.0,0.5393700787401575,0.7965116279069767,True,92.0,0.5393700787401575,0.7965116279069767,True,92.0,0.5393700787401575,0.7965116279069767,0.5393700787401575,92.0,0.7965116279069767
1487,Colon,2,connective,normal,323,1487__ch2__id323,170.0,210,239,228,256,218.08823529411765,247.15882352941176,0.8582682697552877,0.794392523364486,21.829143709392966,11.202744989300271,True,94.0,0.602803738317757,0.7588235294117647,True,94.0,0.602803738317757,0.7588235294117647,True,94.0,0.602803738317757,0.7588235294117647,0.602803738317757,94.0,0.7588235294117647
1487,Colon,2,connective,normal,358,1487__ch2__id358,157.0,171,160,186,176,178.56050955414014,168.36305732484075,0.4928994048944226,0.9457831325301205,15.426515161506765,13.422399562659205,True,77.0,0.6624203821656051,0.6624203821656051,True,77.0,0.6624203821656051,0.6624203821656051,True,77.0,0.6624203821656051,0.6624203821656051,0.6624203821656051,77.0,0.6624203821656051
1487,Colon,2,connective,normal,373,1487__ch2__id373,153.0,120,50,131,67,124.91503267973856,57.5359477124183,0.7048335199043683,0.95625,16.67719645604069,11.830348838990238,False,,,,False,,,,False,,,,0.39849624060150374,53.0,0.6928104575163399
1487,Colon,2,connective,normal,376,1487__ch2__id376,152.0,130,70,145,95,136.0065789473684,80.78947368421052,0.9441286298434987,0.628099173553719,28.972038685300927,9.548523368414067,False,,,,False,,,,False,,,,0.2297551789077213,56.0,0.8026315789473685
1487,Colon,2,connective,normal,388,1487__ch2__id388,149.0,133,242,147,256,139.54362416107384,248.44295302013424,0.2673550498068979,0.9612903225806452,14.03911730140531,13.528066604471247,False,,,,False,,,,False,,,,0.0,,0.0
1487,Colon,2,connective,normal,392,1487__ch2__id392,148.0,226,42,238,59,231.44594594594594,50.236486486486484,0.7434726287278435,0.9367088607594937,16.873050856578345,11.28412887995734,True,100.0,0.7315436241610739,0.7364864864864865,True,100.0,0.7315436241610739,0.7364864864864865,True,100.0,0.7315436241610739,0.7364864864864865,0.7315436241610739,100.0,0.7364864864864865
1487,Colon,2,connective,normal,397,1487__ch2__id397,147.0,198,5,215,18,206.59183673469389,11.523809523809524,0.7989179170033402,0.9363057324840764,17.89008573191575,10.759814475730444,False,,,,False,,,,False,,,,0.0,,0.0
1487,Colon,2,connective,normal,403,1487__ch2__id403,145.0,117,77,134,90,124.93793103448276,82.8896551724138,0.6401920287721573,0.9235668789808917,15.74978785581083,12.0992220482777,True,56.0,0.25925925925925924,0.9172413793103448,True,56.0,0.25925925925925924,0.9172413793103448,False,,,,0.25925925925925924,56.0,0.9172413793103448
1487,Colon,2,connective,normal,404,1487__ch2__id404,145.0,165,84,177,99,170.37241379310345,90.8,0.6638456791709056,0.9477124183006536,15.794103982233082,11.811929970344835,False,,,,False,,,,False,,,,0.002967359050445104,78.0,0.006896551724137931
1487,Colon,2,connective,normal,430,1487__ch2__id430,137.0,82,237,99,250,89.72262773722628,243.08759124087592,0.8751988776779872,0.9448275862068966,19.119058704682764,9.249098814972376,False,,,,False,,,,False,,,,0.007407407407407408,38.0,0.014598540145985401
1487,Colon,2,connective,normal,466,1487__ch2__id466,46.0,210,250,221,256,215.1086956521739,253.0,0.7613075965986928,0.9387755102040817,9.927355767027896,6.436807019129286,False,,,,False,,,,False,,,,0.19021739130434784,94.0,0.7608695652173914
1487,Colon,2,connective,normal,477,1487__ch2__id477,127.0,78,198,91,211,83.74803149606299,203.49606299212599,0.7683529795350383,0.9621212121212122,16.03155514066543,10.260617347599558,True,39.0,0.7637795275590551,0.7637795275590551,True,39.0,0.7637795275590551,0.7637795275590551,True,39.0,0.7637795275590551,0.7637795275590551,0.7637795275590551,39.0,0.7637795275590551
1487,Colon,2,connective,normal,479,1487__ch2__id479,126.0,229,110,242,124,234.6031746031746,115.8015873015873,0.6910212965183289,0.9473684210526315,15.07913003346317,10.899713888718807,False,,,,False,,,,False,,,,0.0,,0.0
1487,Colon,2,connective,normal,483,1487__ch2__id483,125.0,49,115,62,128,54.624,121.32,0.7407149257313105,0.9541984732824428,15.432793153820041,10.368050900309338,False,,,,False,,,,False,,,,0.0,,0.0
1487,Colon,2,connective,normal,497,1487__ch2__id497,121.0,197,209,213,225,204.41322314049586,216.32231404958677,0.8932112736463231,0.7289156626506024,21.66119218016592,9.739678017513594,True,89.0,0.341991341991342,0.6528925619834711,True,89.0,0.341991341991342,0.6528925619834711,False,,,,0.341991341991342,89.0,0.6528925619834711
1487,Colon,2,connective,normal,507,1487__ch2__id507,118.0,201,178,219,191,208.5677966101695,184.07627118644066,0.9253793014259737,0.8613138686131386,20.542276224886262,7.786393884829936,False,,,,False,,,,False,,,,0.30115830115830117,92.0,0.6610169491525424
1487,Colon,2,connective,normal,509,1487__ch2__id509,117.0,180,203,195,215,187.46153846153845,207.96581196581195,0.8073683492061148,0.8666666666666667,16.539888819636808,9.75932420318101,False,,,,False,,,,False,,,,0.43231441048034935,80.0,0.8461538461538461
1487,Colon,2,connective,normal,521,1487__ch2__id521,114.0,202,192,214,204,208.00877192982455,198.19298245614036,0.6290884804497432,0.9661016949152542,13.812565772146888,10.736972881342766,False,,,,False,,,,False,,,,0.0035971223021582736,86.0,0.008771929824561403
1487,Colon,2,connective,normal,531,1487__ch2__id531,112.0,224,135,237,146,229.89285714285714,140.10714285714286,0.5220232557167271,0.9739130434782609,12.929216048867163,11.027732430821734,False,,,,False,,,,False,,,,0.0,,0.0
1487,Colon,2,connective,normal,541,1487__ch2__id541,108.0,66,88,79,102,71.49074074074075,93.57407407407408,0.6063839699558324,0.8709677419354839,13.52473464256828,10.754490051948942,False,,,,False,,,,False,,,,0.05761316872427984,29.0,0.12962962962962962
1487,Colon,2,connective,normal,544,1487__ch2__id544,107.0,16,140,27,154,21.97196261682243,146.50467289719626,0.6455644698630025,0.8916666666666667,13.824931459998673,10.558180035549073,False,,,,False,,,,False,,,,0.0,,0.0
1487,Colon,2,connective,normal,546,1487__ch2__id546,107.0,112,61,127,72,118.21495327102804,66.25233644859813,0.7516656631505552,0.9145299145299145,14.75138711460263,9.729193816121258,True,53.0,0.4424778761061947,0.9345794392523364,True,53.0,0.4424778761061947,0.9345794392523364,False,,,,0.4424778761061947,53.0,0.9345794392523364
1487,Colon,2,connective,normal,548,1487__ch2__id548,107.0,235,135,245,150,240.0467289719626,142.6822429906542,0.8226241369740368,0.9385964912280702,15.71672411269861,8.93630224591549,False,,,,False,,,,False,,,,0.02577319587628866,102.0,0.04672897196261682
1487,Colon,2,connective,normal,551,1487__ch2__id551,8.0,9,255,17,256,12.5,255.0,1.0,1.0,9.16515138991168,0.0,False,,,,False,,,,False,,,,0.0,,0.0
1487,Colon,2,connective,normal,561,1487__ch2__id561,104.0,53,41,66,51,58.95192307692308,45.65384615384615,0.6654554723675818,0.9719626168224299,13.329267538565654,9.949465789121055,True,26.0,0.8083333333333333,0.9326923076923077,True,26.0,0.8083333333333333,0.9326923076923077,True,26.0,0.8083333333333333,0.9326923076923077,0.8083333333333333,26.0,0.9326923076923077
1487,Colon,2,connective,normal,583,1487__ch2__id583,99.0,181,211,193,222,186.34343434343435,216.33333333333334,0.5637900065396001,0.9705882352941176,12.407557108997116,10.2476268991146,True,80.0,0.4485981308411215,0.9696969696969697,True,80.0,0.4485981308411215,0.9696969696969697,False,,,,0.4485981308411215,80.0,0.9696969696969697
1487,Colon,2,connective,normal,595,1487__ch2__id595,96.0,179,185,186,202,181.83333333333334,192.92708333333334,0.9245256938521218,0.8888888888888888,18.765735566985814,7.151991895577631,False,,,,False,,,,False,,,,0.259375,76.0,0.8645833333333334
1487,Colon,2,connective,normal,605,1487__ch2__id605,94.0,122,91,139,99,128.74468085106383,94.98936170212765,0.909723194107338,0.8785046728971962,17.802073227287277,7.391692420009834,False,,,,False,,,,False,,,,0.18290258449304175,56.0,0.9787234042553191
1487,Colon,2,connective,normal,606,1487__ch2__id606,70.0,230,248,240,256,234.37142857142857,251.54285714285714,0.6329976336975405,0.9722222222222222,10.784004805613883,8.348477531094554,False,,,,False,,,,False,,,,0.0,,0.0
1487,Colon,2,connective,normal,608,1487__ch2__id608,93.0,12,132,23,143,17.258064516129032,137.44086021505376,0.5753629227756459,0.96875,12.152852699063978,9.939796655982734,False,,,,False,,,,False,,,,0.0,,0.0
1487,Colon,2,connective,normal,624,1487__ch2__id624,90.0,199,216,209,229,202.9,222.9111111111111,0.7990164752944662,0.8910891089108911,14.314744811261287,8.607586777039803,False,,,,False,,,,False,,,,0.25675675675675674,89.0,0.6333333333333333
1487,Colon,2,connective,normal,636,1487__ch2__id636,87.0,48,86,59,96,52.666666666666664,90.85057471264368,0.5499053682922318,0.9666666666666667,11.554639060323868,9.650746133809456,True,22.0,0.40963855421686746,0.7816091954022989,True,22.0,0.40963855421686746,0.7816091954022989,False,,,,0.40963855421686746,22.0,0.7816091954022989
1487,Colon,2,connective,normal,637,1487__ch2__id637,87.0,107,124,115,138,110.62068965517241,130.94252873563218,0.8311993324672767,0.9560439560439561,14.139854722907149,7.8613989782562745,False,,,,False,,,,False,,,,0.12396694214876033,44.0,0.5172413793103449
1487,Colon,2,connective,normal,642,1487__ch2__id642,43.0,251,139,256,152,253.67441860465115,144.51162790697674,0.9374231687381958,0.9347826086956522,12.909493953442231,4.494984999912109,False,,,,False,,,,False,,,,0.0,,0.0
1487,Colon,2,connective,normal,649,1487__ch2__id649,84.0,222,126,234,136,226.96428571428572,130.67857142857142,0.748522990080098,0.9438202247191011,12.96855885488227,8.59956601516747,False,,,,False,,,,False,,,,0.0,,0.0
1487,Colon,2,connective,normal,652,1487__ch2__id652,83.0,245,140,254,153,248.50602409638554,146.0722891566265,0.8565318370588537,0.9431818181818182,14.48496609659223,7.475606832909661,False,,,,False,,,,False,,,,0.0,,0.0
1487,Colon,2,connective,normal,656,1487__ch2__id656,3.0,6,0,9,1,7.0,0.0,1.0,1.0,3.265986323710904,0.0,False,,,,False,,,,False,,,,0.024390243902439025,5.0,0.6666666666666666
1487,Colon,2,connective,normal,667,1487__ch2__id667,80.0,201,206,213,217,207.6625,210.35,0.8430992805789701,0.9302325581395349,14.081142869630158,7.572246396219799,False,,,,False,,,,False,,,,0.23394495412844038,89.0,0.6375
1487,Colon,2,connective,normal,672,1487__ch2__id672,79.0,210,24,222,34,215.53164556962025,28.79746835443038,0.5299823601112839,0.9518072289156626,10.942897523918363,9.279671933754015,False,,,,False,,,,False,,,,0.0,,0.0
1487,Colon,2,connective,normal,679,1487__ch2__id679,75.0,199,229,211,239,205.0,233.4,0.7517276709857963,0.9036144578313253,12.314528667215999,8.12110729545641,False,,,,False,,,,False,,,,0.0,,0.0
1487,Colon,2,connective,normal,682,1487__ch2__id682,74.0,54,81,65,91,59.391891891891895,85.64864864864865,0.6484448187440911,0.9367088607594937,11.176301194745813,8.508089615279133,False,,,,False,,,,False,,,,0.37267080745341613,22.0,0.8108108108108109
1487,Colon,2,connective,normal,690,1487__ch2__id690,57.0,197,250,210,256,202.82456140350877,253.10526315789474,0.8823630358888381,0.9344262295081968,13.002064093312105,6.118372292813313,False,,,,False,,,,False,,,,0.0,,0.0
1487,Colon,2,connective,normal,699,1487__ch2__id699,70.0,219,56,230,65,223.5,60.02857142857143,0.7146711961746407,0.9333333333333333,11.538472563967565,8.070706533618496,False,,,,False,,,,False,,,,0.0,,0.0
1487,Colon,2,connective,normal,714,1487__ch2__id714,64.0,233,119,242,129,237.484375,123.9375,0.6379348329637708,0.9696969696969697,10.35858627022924,7.977047337970251,False,,,,False,,,,False,,,,0.0,,0.0
1487,Colon,2,connective,normal,717,1487__ch2__id717,63.0,184,189,194,197,188.26984126984127,192.38095238095238,0.6196270561845191,0.9692307692307692,10.101207225295894,7.928400881210346,False,,,,False,,,,False,,,,0.12804878048780488,76.0,0.6666666666666666
1487,Colon,2,connective,normal,722,1487__ch2__id722,61.0,127,86,138,94,132.0655737704918,89.80327868852459,0.6886734302831132,0.9104477611940298,10.598351626076996,7.684564365029488,False,,,,False,,,,False,,,,0.1217564870259481,56.0,1.0
1487,Colon,2,connective,normal,723,1487__ch2__id723,61.0,233,128,242,139,237.19672131147541,132.62295081967213,0.7936976089242375,0.9384615384615385,11.359185305904935,6.909934485453679,False,,,,False,,,,False,,,,0.0,,0.0
1487,Colon,2,connective,normal,728,1487__ch2__id728,59.0,67,79,75,89,69.79661016949153,84.20338983050847,0.6867781008797714,0.9076923076923077,10.447299184100622,7.593798485428287,False,,,,False,,,,False,,,,0.0,,0.0
1487,Colon,2,connective,normal,731,1487__ch2__id731,58.0,154,74,163,84,158.10344827586206,78.20689655172414,0.8363036027419013,0.9508196721311475,11.622757827087367,6.372370121744626,False,,,,False,,,,False,,,,0.0,,0.0
1487,Colon,2,connective,normal,733,1487__ch2__id733,46.0,8,0,16,7,11.478260869565217,3.0434782608695654,0.5000650339444862,0.9387755102040817,8.357292963310634,7.2373141915527714,True,5.0,0.47674418604651164,0.8913043478260869,True,5.0,0.47674418604651164,0.8913043478260869,False,,,,0.47674418604651164,5.0,0.8913043478260869
1487,Colon,2,connective,normal,741,1487__ch2__id741,52.0,145,117,152,127,148.3846153846154,121.26923076923077,0.7419385087251809,0.9811320754716981,9.994077010610726,6.700708156213015,False,,,,False,,,,False,,,,0.0,,0.0
1487,Colon,2,connective,normal,748,1487__ch2__id748,49.0,98,129,107,136,101.93877551020408,132.28571428571428,0.6893001494656417,0.98,9.264434424103387,6.711859302851925,False,,,,False,,,,False,,,,0.08187134502923976,44.0,0.5714285714285714
1639,Bile-duct,0,neoplastic,neoplastic,3,1639__ch0__id3,1268.0,2,131,41,175,20.119085173501578,152.15299684542586,0.5857382449272066,0.9562594268476622,44.808376825162924,36.31720208889973,True,1.0,0.8438485804416404,0.8438485804416404,True,1.0,0.8438485804416404,0.8438485804416404,True,1.0,0.8438485804416404,0.8438485804416404,0.8438485804416404,1.0,0.8438485804416404
1639,Bile-duct,0,neoplastic,neoplastic,6,1639__ch0__id6,129.0,4,7,18,20,10.65891472868217,13.426356589147288,0.7265607853454082,0.9347826086956522,15.535410554816309,10.674414679150788,False,,,,False,,,,False,,,,0.0,,0.0
1639,Bile-duct,0,neoplastic,neoplastic,9,1639__ch0__id9,1073.0,24,24,62,60,43.526561043802424,41.81360671015843,0.31059262054717607,0.969286359530262,37.99046296670291,36.111573220242505,True,2.0,0.8798882681564246,0.880708294501398,True,2.0,0.8798882681564246,0.880708294501398,True,2.0,0.8798882681564246,0.880708294501398,0.8798882681564246,2.0,0.880708294501398
1639,Bile-duct,0,neoplastic,neoplastic,22,1639__ch0__id22,754.0,92,99,122,131,107.26127320954907,114.75994694960212,0.3852496635818437,0.9741602067183462,32.334742607721985,29.83890092318149,True,3.0,0.8289124668435013,0.8289124668435013,True,3.0,0.8289124668435013,0.8289124668435013,True,3.0,0.8289124668435013,0.8289124668435013,0.8289124668435013,3.0,0.8289124668435013
1639,Bile-duct,0,neoplastic,neoplastic,24,1639__ch0__id24,1314.0,111,60,156,98,133.9710806697108,79.15905631659056,0.5883762211276262,0.9747774480712166,45.643991512652825,36.90715187792183,True,4.0,0.8961911874533234,0.91324200913242,True,4.0,0.8961911874533234,0.91324200913242,True,4.0,0.8961911874533234,0.91324200913242,0.8961911874533234,4.0,0.91324200913242
1639,Bile-duct,0,neoplastic,neoplastic,27,1639__ch0__id27,1380.0,115,199,158,240,136.55652173913043,218.68623188405797,0.582261401512112,0.9550173010380623,47.16153548344763,38.342405509259514,True,5.0,0.8957345971563981,0.9586956521739131,True,5.0,0.8957345971563981,0.9586956521739131,True,5.0,0.8957345971563981,0.9586956521739131,0.8957345971563981,5.0,0.9586956521739131
1639,Bile-duct,0,neoplastic,neoplastic,35,1639__ch0__id35,798.0,161,0,202,25,180.1015037593985,10.12280701754386,0.7530033546809346,0.962605548854041,40.72493607193126,26.7976871245584,True,6.0,0.8927765237020316,0.9912280701754386,True,6.0,0.8927765237020316,0.9912280701754386,True,6.0,0.8927765237020316,0.9912280701754386,0.8927765237020316,6.0,0.9912280701754386
1639,Bile-duct,0,neoplastic,neoplastic,38,1639__ch0__id38,1040.0,168,65,200,111,182.34326923076924,85.88173076923077,0.7244772939227978,0.9656453110492108,44.437070602120876,30.63041347541533,True,7.0,0.8673740053050398,0.9432692307692307,True,7.0,0.8673740053050398,0.9432692307692307,True,7.0,0.8673740053050398,0.9432692307692307,0.8673740053050398,7.0,0.9432692307692307
1639,Bile-duct,0,neoplastic,neoplastic,40,1639__ch0__id40,358.0,176,129,194,155,184.71787709497207,141.7513966480447,0.7602267452235704,0.9546666666666667,26.62591631979565,17.297735013294425,True,8.0,0.5307262569832403,0.5307262569832403,True,8.0,0.5307262569832403,0.5307262569832403,True,8.0,0.5307262569832403,0.5307262569832403,0.5307262569832403,8.0,0.5307262569832403
1639,Bile-duct,0,neoplastic,neoplastic,43,1639__ch0__id43,720.0,182,189,214,219,198.01527777777778,204.76666666666668,0.4262819201868984,0.96,31.965439820337913,28.91562880504452,True,10.0,0.8791666666666667,0.8791666666666667,True,10.0,0.8791666666666667,0.8791666666666667,True,10.0,0.8791666666666667,0.8791666666666667,0.8791666666666667,10.0,0.8791666666666667
1639,Bile-duct,0,neoplastic,neoplastic,44,1639__ch0__id44,483.0,183,162,206,189,193.85093167701862,175.8592132505176,0.5423272622872006,0.9526627218934911,27.178816844668987,22.8347539515187,True,9.0,0.7950310559006211,0.7950310559006211,True,9.0,0.7950310559006211,0.7950310559006211,True,9.0,0.7950310559006211,0.7950310559006211,0.7950310559006211,9.0,0.7950310559006211
1639,Bile-duct,0,neoplastic,neoplastic,47,1639__ch0__id47,778.0,202,56,232,90,216.80591259640101,73.90874035989717,0.5533218604594098,0.9339735894357744,35.3661221904932,29.458831716374466,True,11.0,0.4614925373134328,0.993573264781491,True,11.0,0.4614925373134328,0.993573264781491,False,,,,0.4614925373134328,11.0,0.993573264781491
1639,Bile-duct,0,neoplastic,neoplastic,52,1639__ch0__id52,748.0,228,55,253,94,239.44919786096256,73.69251336898395,0.7855992026606696,0.9432534678436317,39.687158238575115,24.555862478010855,False,,,,False,,,,False,,,,0.4479041916167665,11.0,1.0
1639,Bile-duct,0,neoplastic,neoplastic,54,1639__ch0__id54,403.0,233,134,256,157,245.12655086848636,145.58808933002481,0.667020129291794,0.9549763033175356,26.69962088948184,19.892277404005256,True,12.0,0.826302729528536,0.826302729528536,True,12.0,0.826302729528536,0.826302729528536,True,12.0,0.826302729528536,0.826302729528536,0.826302729528536,12.0,0.826302729528536
1639,Bile-duct,0,neoplastic,neoplastic,57,1639__ch0__id57,76.0,250,12,256,31,253.17105263157896,20.19736842105263,0.9433114451603066,0.926829268292683,17.927551147785294,5.950313768471815,False,,,,False,,,,False,,,,0.0,,0.0
1639,Bile-duct,0,neoplastic,neoplastic,58,1639__ch0__id58,113.0,251,186,256,215,253.35398230088495,200.34513274336283,0.9826745281637538,0.9495798319327731,28.52835147795444,5.287433587907817,False,,,,False,,,,False,,,,0.0,,0.0
1639,Bile-duct,0,neoplastic,neoplastic,61,1639__ch0__id61,10.0,255,70,256,80,255.0,74.5,1.0,1.0,11.489125293076057,0.0,False,,,,False,,,,False,,,,0.0,,0.0
1639,Bile-duct,0,neoplastic,neoplastic,62,1639__ch0__id62,3.0,255,117,256,120,255.0,118.0,1.0,1.0,3.265986323710904,0.0,False,,,,False,,,,False,,,,0.0,,0.0
1639,Bile-duct,2,connective,normal,51,1639__ch2__id51,116.0,224,242,235,256,228.54310344827587,249.27586206896552,0.7748841521090756,0.9354838709677419,15.564071336808436,9.838100471033433,False,,,,False,,,,False,,,,0.0,,0.0
1662,Bladder,0,neoplastic,neoplastic,297,1662__ch0__id297,197.0,0,74,14,95,5.345177664974619,83.92893401015229,0.512199496119192,0.8794642857142857,18.41028154441567,15.811974195745773,False,,,,False,,,,False,,,,0.0,,0.0
1662,Bladder,0,neoplastic,neoplastic,299,1662__ch0__id299,152.0,0,136,8,163,2.8092105263157894,149.2565789473684,0.9377072924596442,0.9743589743589743,24.728535171627684,8.591343469714339,False,,,,False,,,,False,,,,0.0,,0.0
1662,Bladder,0,neoplastic,neoplastic,300,1662__ch0__id300,32.0,0,242,3,256,0.78125,248.21875,0.9732756278348539,0.9142857142857143,13.556449924174656,3.1131038295156435,False,,,,False,,,,False,,,,0.0,,0.0
1662,Bladder,0,neoplastic,neoplastic,304,1662__ch0__id304,135.0,0,195,9,217,3.0296296296296297,206.65925925925927,0.9001575522031912,0.9507042253521126,20.817394296859433,9.067316684846498,False,,,,False,,,,False,,,,0.0,,0.0
1662,Bladder,0,neoplastic,neoplastic,310,1662__ch0__id310,807.0,0,167,29,201,13.486988847583643,183.57620817843866,0.566825163044834,0.9781818181818182,35.36424134968251,29.13440982058646,True,1.0,0.9182156133828996,0.9182156133828996,True,1.0,0.9182156133828996,0.9182156133828996,True,1.0,0.9182156133828996,0.9182156133828996,0.9182156133828996,1.0,0.9182156133828996
1662,Bladder,0,neoplastic,neoplastic,314,1662__ch0__id314,293.0,5,223,22,248,12.41296928327645,233.97952218430035,0.7511847302681438,0.9451612903225807,24.37029530822293,16.086637940619102,True,2.0,0.8088737201365188,0.8088737201365188,True,2.0,0.8088737201365188,0.8088737201365188,True,2.0,0.8088737201365188,0.8088737201365188,0.8088737201365188,2.0,0.8088737201365188
1662,Bladder,0,neoplastic,neoplastic,315,1662__ch0__id315,219.0,13,0,40,11,26.5662100456621,4.091324200913242,0.889239259663982,0.9864864864864865,25.704418046777533,11.75829039406554,False,,,,False,,,,False,,,,0.0,,0.0
1662,Bladder,0,neoplastic,neoplastic,317,1662__ch0__id317,1285.0,13,91,50,135,32.27626459143969,112.32996108949416,0.5904613545914916,0.9705438066465257,45.371985922272344,36.618183265678866,True,3.0,0.911284046692607,0.911284046692607,True,3.0,0.911284046692607,0.911284046692607,True,3.0,0.911284046692607,0.911284046692607,0.911284046692607,3.0,0.911284046692607
1662,Bladder,0,neoplastic,neoplastic,318,1662__ch0__id318,607.0,16,231,49,256,33.24382207578254,245.17627677100495,0.5764929810270082,0.9712,31.92209926600095,26.08361436623421,True,4.0,0.8105436573311368,0.8105436573311368,True,4.0,0.8105436573311368,0.8105436573311368,True,4.0,0.8105436573311368,0.8105436573311368,0.8105436573311368,4.0,0.8105436573311368
1662,Bladder,0,neoplastic,neoplastic,328,1662__ch0__id328,1174.0,43,8,86,44,64.29301533219761,25.54855195911414,0.6954296860714786,0.9816053511705686,45.62734907953527,32.787546106856134,True,5.0,0.8620102214650767,0.8620102214650767,True,5.0,0.8620102214650767,0.8620102214650767,True,5.0,0.8620102214650767,0.8620102214650767,0.8620102214650767,5.0,0.8620102214650767
1662,Bladder,0,neoplastic,neoplastic,330,1662__ch0__id330,6.0,52,255,58,256,54.5,255.0,1.0,1.0,6.831300510639732,0.0,False,,,,False,,,,False,,,,0.0,,0.0
1662,Bladder,0,neoplastic,neoplastic,336,1662__ch0__id336,1036.0,56,94,90,134,72.81563706563706,112.9411196911197,0.5282600510843922,0.9682242990654205,39.440322675287575,33.488093041295706,True,6.0,0.9218146718146718,0.9218146718146718,True,6.0,0.9218146718146718,0.9218146718146718,True,6.0,0.9218146718146718,0.9218146718146718,0.9218146718146718,6.0,0.9218146718146718
1662,Bladder,0,neoplastic,neoplastic,339,1662__ch0__id339,396.0,66,216,85,243,74.81818181818181,228.67424242424244,0.7727550411416759,0.9611650485436893,28.282979711338783,17.95133102200473,True,7.0,0.6439393939393939,0.6439393939393939,True,7.0,0.6439393939393939,0.6439393939393939,True,7.0,0.6439393939393939,0.6439393939393939,0.6439393939393939,7.0,0.6439393939393939
1662,Bladder,0,neoplastic,neoplastic,342,1662__ch0__id342,1067.0,71,135,114,168,91.98594189315838,151.1883786316776,0.7613202816872173,0.9744292237442922,45.93999444076415,29.786389527866323,True,8.0,0.9165885660731021,0.9165885660731021,True,8.0,0.9165885660731021,0.9165885660731021,True,8.0,0.9165885660731021,0.9165885660731021,0.9165885660731021,8.0,0.9165885660731021
1662,Bladder,0,neoplastic,neoplastic,347,1662__ch0__id347,417.0,89,241,128,256,107.64508393285372,249.4820143884892,0.9139803346795093,0.9586206896551724,37.39930659625087,15.175085969320254,True,9.0,0.7458033573141487,0.7458033573141487,True,9.0,0.7458033573141487,0.7458033573141487,True,9.0,0.7458033573141487,0.7458033573141487,0.7458033573141487,9.0,0.7458033573141487
1662,Bladder,0,neoplastic,neoplastic,349,1662__ch0__id349,1118.0,92,98,128,143,109.42128801431127,119.83542039355993,0.7980573565151121,0.9646246764452114,48.666369284950584,29.325453462857244,True,10.0,0.8741438356164384,0.9132379248658319,True,10.0,0.8741438356164384,0.9132379248658319,True,10.0,0.8741438356164384,0.9132379248658319,0.8741438356164384,10.0,0.9132379248658319
1662,Bladder,0,neoplastic,neoplastic,350,1662__ch0__id350,500.0,93,0,126,21,107.764,7.922,0.8084653191711232,0.9596928982725528,34.10329901460174,20.071285866148784,True,11.0,0.59,0.59,True,11.0,0.59,0.59,True,11.0,0.59,0.59,0.59,11.0,0.59
1662,Bladder,0,neoplastic,neoplastic,356,1662__ch0__id356,540.0,107,204,138,231,121.96851851851852,217.47407407407408,0.8006613304999212,0.9540636042402827,33.95315499094003,20.3419195603871,True,12.0,0.7907407407407407,0.7907407407407407,True,12.0,0.7907407407407407,0.7907407407407407,True,12.0,0.7907407407407407,0.7907407407407407,0.7907407407407407,12.0,0.7907407407407407
1662,Bladder,0,neoplastic,neoplastic,358,1662__ch0__id358,1194.0,110,64,154,99,131.357621440536,80.48911222780569,0.6328622287749263,0.9699431356620634,44.36432055065969,34.349715129337305,True,13.0,0.855108877721943,0.855108877721943,True,13.0,0.855108877721943,0.855108877721943,True,13.0,0.855108877721943,0.855108877721943,0.855108877721943,13.0,0.855108877721943
1662,Bladder,0,neoplastic,neoplastic,365,1662__ch0__id365,1323.0,131,178,177,216,153.2962962962963,196.68253968253967,0.6006356966859014,0.9763837638376384,45.96410734193233,36.749353300467135,True,14.0,0.9168539325842696,0.9251700680272109,True,14.0,0.9168539325842696,0.9251700680272109,True,14.0,0.9168539325842696,0.9251700680272109,0.9168539325842696,14.0,0.9251700680272109
1662,Bladder,0,neoplastic,neoplastic,366,1662__ch0__id366,1004.0,131,98,172,131,152.19322709163347,113.67231075697211,0.6360319995094998,0.9663137632338787,40.851591047583184,31.52364833314649,True,15.0,0.8834661354581673,0.8834661354581673,True,15.0,0.8834661354581673,0.8834661354581673,True,15.0,0.8834661354581673,0.8834661354581673,0.8834661354581673,15.0,0.8834661354581673
1662,Bladder,0,neoplastic,neoplastic,369,1662__ch0__id369,28.0,147,253,161,256,153.5,254.35714285714286,0.9768290594253779,0.875,13.416407864998739,2.8713930346059704,False,,,,False,,,,False,,,,0.0,,0.0
1662,Bladder,0,neoplastic,neoplastic,377,1662__ch0__id377,406.0,163,1,196,16,179.55418719211823,7.605911330049261,0.8845318111024779,0.9598108747044918,33.50359647435806,15.628753544526546,True,16.0,0.7647058823529411,0.7684729064039408,True,16.0,0.7647058823529411,0.7684729064039408,True,16.0,0.7647058823529411,0.7684729064039408,0.7647058823529411,16.0,0.7684729064039408
1662,Bladder,0,neoplastic,neoplastic,379,1662__ch0__id379,836.0,166,207,200,248,185.1555023923445,224.35885167464116,0.7714434889834424,0.8884165781083954,43.24023759232413,27.513669852993235,True,17.0,0.8103651354534747,0.8229665071770335,True,17.0,0.8103651354534747,0.8229665071770335,True,17.0,0.8103651354534747,0.8229665071770335,0.8103651354534747,17.0,0.8229665071770335
1662,Bladder,0,neoplastic,neoplastic,384,1662__ch0__id384,1090.0,175,21,210,62,191.2348623853211,41.64678899082569,0.7282213235544157,0.9740840035746202,45.11195075367599,30.917116098863165,True,18.0,0.9259597806215722,0.9293577981651376,True,18.0,0.9259597806215722,0.9293577981651376,True,18.0,0.9259597806215722,0.9293577981651376,0.9259597806215722,18.0,0.9293577981651376
1662,Bladder,0,neoplastic,neoplastic,385,1662__ch0__id385,461.0,178,142,204,164,190.77223427331887,152.59002169197396,0.5335072215955295,0.9705263157894737,26.34859264773045,22.285521352675342,True,19.0,0.8472803347280334,0.8785249457700651,True,19.0,0.8472803347280334,0.8785249457700651,True,19.0,0.8472803347280334,0.8785249457700651,0.8472803347280334,19.0,0.8785249457700651
1662,Bladder,0,neoplastic,neoplastic,391,1662__ch0__id391,1135.0,204,6,238,51,220.8942731277533,27.87224669603524,0.6826244613261858,0.9717465753424658,44.52842127748068,32.540005531348896,True,21.0,0.8969162995594714,0.8969162995594714,True,21.0,0.8969162995594714,0.8969162995594714,True,21.0,0.8969162995594714,0.8969162995594714,0.8969162995594714,21.0,0.8969162995594714
1662,Bladder,0,neoplastic,neoplastic,392,1662__ch0__id392,1546.0,206,76,248,125,226.60608020698578,100.03234152652006,0.6967484671803081,0.9778621125869703,52.42606721639573,37.6060323337622,True,22.0,0.9113842173350583,0.9113842173350583,True,22.0,0.9113842173350583,0.9113842173350583,True,22.0,0.9113842173350583,0.9113842173350583,0.9113842173350583,22.0,0.9113842173350583
1662,Bladder,0,neoplastic,neoplastic,402,1662__ch0__id402,655.0,222,155,254,182,238.12824427480916,168.12519083969465,0.5052437937485349,0.9761549925484352,31.125683787019167,26.86073851163547,True,23.0,0.8061068702290076,0.8061068702290076,True,23.0,0.8061068702290076,0.8061068702290076,True,23.0,0.8061068702290076,0.8061068702290076,0.8061068702290076,23.0,0.8061068702290076
1662,Bladder,0,neoplastic,neoplastic,404,1662__ch0__id404,2522.0,205,189,252,256,228.33227597145122,224.1050753370341,0.7731257377076477,0.978277734678045,71.64773529783203,45.442775561998154,True,20.0,0.940809968847352,0.9579698651863601,True,20.0,0.940809968847352,0.9579698651863601,True,20.0,0.940809968847352,0.9579698651863601,0.940809968847352,20.0,0.9579698651863601
1663,Bladder,1,inflammatory,normal,39,1663__ch1__id39,142.0,163,141,178,156,170.41549295774647,147.91549295774647,0.8137532546503041,0.9403973509933775,17.841643781563207,10.3697506299798,True,9.0,0.7394366197183099,0.7394366197183099,True,9.0,0.7394366197183099,0.7394366197183099,True,9.0,0.7394366197183099,0.7394366197183099,0.7394366197183099,9.0,0.7394366197183099
1663,Bladder,2,connective,normal,2,1663__ch2__id2,457.0,40,49,62,78,50.8074398249453,62.542669584245075,0.7717909402222646,0.9442148760330579,30.56484009167808,19.4354592466732,True,1.0,0.9237113402061856,0.9803063457330415,True,1.0,0.9237113402061856,0.9803063457330415,True,1.0,0.9237113402061856,0.9803063457330415,0.9237113402061856,1.0,0.9803063457330415
1663,Bladder,2,connective,normal,7,1663__ch2__id7,128.0,47,110,59,131,52.015625,119.578125,0.9546577186454559,0.9014084507042254,23.567395473744195,7.016146241644452,True,2.0,0.5859375,0.5859375,True,2.0,0.5859375,0.5859375,True,2.0,0.5859375,0.5859375,0.5859375,2.0,0.5859375
1663,Bladder,2,connective,normal,15,1663__ch2__id15,170.0,66,219,80,235,72.47058823529412,226.36470588235295,0.6711493226062669,0.96045197740113,17.099086052291682,12.675931889052928,True,3.0,0.8117647058823529,0.8117647058823529,True,3.0,0.8117647058823529,0.8117647058823529,True,3.0,0.8117647058823529,0.8117647058823529,0.8117647058823529,3.0,0.8117647058823529
1663,Bladder,2,connective,normal,16,1663__ch2__id16,233.0,66,240,84,256,74.02575107296137,248.4420600858369,0.5869057942506832,0.9549180327868853,19.48503307009827,15.776158898339594,False,,,,False,,,,False,,,,0.0,,0.0
1663,Bladder,2,connective,normal,23,1663__ch2__id23,304.0,84,65,102,90,92.64473684210526,77.78618421052632,0.8001288893509056,0.9411764705882353,25.66704157737001,15.395813014680664,True,5.0,0.8993506493506493,0.9111842105263158,True,5.0,0.8993506493506493,0.9111842105263158,True,5.0,0.8993506493506493,0.9111842105263158,0.8993506493506493,5.0,0.9111842105263158
1663,Bladder,2,connective,normal,25,1663__ch2__id25,531.0,89,12,113,47,100.0225988700565,28.90018832391714,0.8832691685188244,0.9482142857142857,38.17690743839624,17.89986406051222,True,6.0,0.8536585365853658,0.9887005649717514,True,6.0,0.8536585365853658,0.9887005649717514,True,6.0,0.8536585365853658,0.9887005649717514,0.8536585365853658,6.0,0.9887005649717514
1663,Bladder,2,connective,normal,27,1663__ch2__id27,187.0,98,179,113,195,104.9144385026738,186.71122994652407,0.44876517743485084,0.958974358974359,16.37265502206863,14.631418516271221,False,,,,False,,,,False,,,,0.0,,0.0
1663,Bladder,2,connective,normal,28,1663__ch2__id28,162.0,100,223,115,237,106.70370370370371,229.65432098765433,0.4653415368838053,0.9700598802395209,15.284316692091341,13.5286256856861,True,7.0,0.8273809523809523,0.8580246913580247,True,7.0,0.8273809523809523,0.8580246913580247,True,7.0,0.8273809523809523,0.8580246913580247,0.8273809523809523,7.0,0.8580246913580247
1663,Bladder,2,connective,normal,30,1663__ch2__id30,180.0,111,112,127,127,118.77222222222223,119.66666666666667,0.43069243899716675,0.9523809523809523,15.963047218498044,14.406630419470462,True,8.0,0.7853403141361257,0.8333333333333334,True,8.0,0.7853403141361257,0.8333333333333334,True,8.0,0.7853403141361257,0.8333333333333334,0.7853403141361257,8.0,0.8333333333333334
1663,Bladder,2,connective,normal,31,1663__ch2__id31,112.0,117,187,128,199,121.875,192.5,0.42184658995249147,0.9824561403508771,12.535663410560174,11.365675141784205,False,,,,False,,,,False,,,,0.0,,0.0
1663,Bladder,2,connective,normal,196,1663__ch2__id196,437.0,78,0,113,37,93.5720823798627,14.2837528604119,0.9648300220817378,0.8705179282868526,49.47813148909777,13.00654149847003,True,4.0,0.5033860045146726,0.5102974828375286,True,4.0,0.5033860045146726,0.5102974828375286,True,4.0,0.5033860045146726,0.5102974828375286,0.5033860045146726,4.0,0.5102974828375286
1675,Bladder,1,inflammatory,normal,64,1675__ch1__id64,321.0,32,205,58,221,44.716510903426794,212.45794392523365,0.7859648194451339,0.9668674698795181,25.761981580372346,15.92789180452932,True,1.0,0.8764705882352941,0.9283489096573209,True,1.0,0.8764705882352941,0.9283489096573209,True,1.0,0.8764705882352941,0.9283489096573209,0.8764705882352941,1.0,0.9283489096573209
1675,Bladder,1,inflammatory,normal,69,1675__ch1__id69,262.0,50,217,76,230,63.13358778625954,223.70229007633588,0.8671194948067144,0.9597069597069597,26.14751538125052,13.024081918740105,True,2.0,0.7472924187725631,0.7900763358778626,True,2.0,0.7472924187725631,0.7900763358778626,True,2.0,0.7472924187725631,0.7900763358778626,0.7472924187725631,2.0,0.7900763358778626
1675,Bladder,2,connective,normal,57,1675__ch2__id57,14.0,0,212,3,218,0.7857142857142857,214.78571428571428,0.8573860311337047,1.0,5.914327340750956,3.0439497475532344,False,,,,False,,,,False,,,,0.0,,0.0
1675,Bladder,2,connective,normal,73,1675__ch2__id73,137.0,128,150,143,163,134.4817518248175,156.7080291970803,0.7875239581361388,0.958041958041958,16.93042533727951,10.43395089010304,True,3.0,0.7591240875912408,0.7591240875912408,True,3.0,0.7591240875912408,0.7591240875912408,True,3.0,0.7591240875912408,0.7591240875912408,0.7591240875912408,3.0,0.7591240875912408
1690,Breast,1,inflammatory,normal,60,1690__ch1__id60,131.0,0,82,11,100,3.969465648854962,89.40458015267176,0.7389018337100846,0.9562043795620438,16.516148734829347,11.12879721249974,True,1.0,0.7175572519083969,0.7175572519083969,True,1.0,0.7175572519083969,0.7175572519083969,True,1.0,0.7175572519083969,0.7175572519083969,0.7175572519083969,1.0,0.7175572519083969
1690,Breast,1,inflammatory,normal,100,1690__ch1__id100,245.0,91,240,110,256,100.0204081632653,248.38367346938776,0.49597582385150835,0.9423076923076923,19.37740045010987,16.82610079353995,True,15.0,0.8178137651821862,0.8244897959183674,True,15.0,0.8178137651821862,0.8244897959183674,True,15.0,0.8178137651821862,0.8244897959183674,0.8178137651821862,15.0,0.8244897959183674
1690,Breast,1,inflammatory,normal,132,1690__ch1__id132,165.0,203,0,224,11,212.14545454545456,4.2,0.7843856379333144,0.9593023255813954,19.12450767096617,11.862424633644082,True,22.0,0.7090909090909091,0.7090909090909091,True,22.0,0.7090909090909091,0.7090909090909091,True,22.0,0.7090909090909091,0.7090909090909091,0.7090909090909091,22.0,0.7090909090909091
1690,Breast,1,inflammatory,normal,135,1690__ch1__id135,489.0,210,70,237,95,223.12678936605317,82.58282208588957,0.6583761222411055,0.9644970414201184,28.956081878652338,21.794927216539243,True,24.0,0.863265306122449,0.8650306748466258,True,24.0,0.863265306122449,0.8650306748466258,True,24.0,0.863265306122449,0.8650306748466258,0.863265306122449,24.0,0.8650306748466258
1690,Breast,1,inflammatory,normal,141,1690__ch1__id141,4.0,231,0,235,1,232.5,0.0,1.0,1.0,4.47213595499958,0.0,False,,,,False,,,,False,,,,0.0,,0.0
1690,Breast,1,inflammatory,normal,143,1690__ch1__id143,380.0,231,211,256,231,244.27631578947367,219.5342105263158,0.6771055828682725,0.9571788413098237,26.021689592043714,19.148993966898075,True,28.0,0.6447368421052632,0.6447368421052632,True,28.0,0.6447368421052632,0.6447368421052632,True,28.0,0.6447368421052632,0.6447368421052632,0.6447368421052632,28.0,0.6447368421052632
1690,Breast,1,inflammatory,normal,144,1690__ch1__id144,387.0,233,56,256,80,244.96899224806202,69.11369509043928,0.562427912149116,0.9508599508599509,24.82662405465163,20.527802838769357,True,26.0,0.8708010335917312,0.8708010335917312,True,26.0,0.8708010335917312,0.8708010335917312,True,26.0,0.8708010335917312,0.8708010335917312,0.8708010335917312,26.0,0.8708010335917312
1690,Breast,1,inflammatory,normal,151,1690__ch1__id151,4.0,255,208,256,212,255.0,209.5,1.0,1.0,4.47213595499958,0.0,False,,,,False,,,,False,,,,0.0,,0.0
1690,Breast,2,connective,normal,50,1690__ch2__id50,37.0,0,229,3,243,0.918918918918919,235.35135135135135,0.9740902194482766,0.9736842105263158,14.444820140875542,3.26683729044936,False,,,,False,,,,False,,,,0.036231884057971016,2.0,0.9459459459459459
1690,Breast,2,connective,normal,55,1690__ch2__id55,18.0,0,119,2,133,0.2222222222222222,124.83333333333333,0.9946700184763276,0.782608695652174,15.226818381113313,1.5700285484381178,False,,,,False,,,,False,,,,0.0,,0.0
1690,Breast,2,connective,normal,64,1690__ch2__id64,478.0,2,30,26,57,13.313807531380753,43.74686192468619,0.7488635740044972,0.9656565656565657,30.409917773295778,20.15338802144425,True,3.0,0.7677824267782427,0.7677824267782427,True,3.0,0.7677824267782427,0.7677824267782427,True,3.0,0.7677824267782427,0.7677824267782427,0.7677824267782427,3.0,0.7677824267782427
1690,Breast,2,connective,normal,66,1690__ch2__id66,955.0,7,191,70,214,38.14240837696335,200.52565445026178,0.9323798227832578,0.9009433962264151,60.809574448598084,21.98145133614861,True,4.0,0.5905759162303665,0.5905759162303665,True,4.0,0.5905759162303665,0.5905759162303665,True,4.0,0.5905759162303665,0.5905759162303665,0.5905759162303665,4.0,0.5905759162303665
1690,Breast,2,connective,normal,69,1690__ch2__id69,782.0,12,233,67,256,32.87212276214834,246.83375959079285,0.9357108960464469,0.9387755102040817,55.57298431825138,19.60435928372539,True,2.0,0.6456173421300659,0.8759590792838875,True,2.0,0.6456173421300659,0.8759590792838875,True,2.0,0.6456173421300659,0.8759590792838875,0.6456173421300659,2.0,0.8759590792838875
1690,Breast,2,connective,normal,70,1690__ch2__id70,754.0,13,134,44,163,27.753315649867375,148.74270557029178,0.44431856843021106,0.9691516709511568,33.26918260801623,29.804824611327017,True,6.0,0.8649006622516556,0.8660477453580901,True,6.0,0.8649006622516556,0.8660477453580901,True,6.0,0.8649006622516556,0.8660477453580901,0.8649006622516556,6.0,0.8660477453580901
1690,Breast,2,connective,normal,71,1690__ch2__id71,586.0,14,65,47,93,28.802047781569964,77.5580204778157,0.834005822020319,0.9391025641025641,37.406697916499596,20.63935663613271,True,5.0,0.8720136518771331,0.8720136518771331,True,5.0,0.8720136518771331,0.8720136518771331,True,5.0,0.8720136518771331,0.8720136518771331,0.8720136518771331,5.0,0.8720136518771331
1690,Breast,2,connective,normal,74,1690__ch2__id74,215.0,25,164,44,180,34.265116279069765,171.66976744186047,0.7672877007141538,0.9513274336283186,20.85428967890003,13.37391929039232,True,7.0,0.8248847926267281,0.8325581395348837,True,7.0,0.8248847926267281,0.8325581395348837,True,7.0,0.8248847926267281,0.8325581395348837,0.8248847926267281,7.0,0.8325581395348837
1690,Breast,2,connective,normal,75,1690__ch2__id75,395.0,28,103,65,122,44.75949367088607,112.76708860759494,0.9426776698573883,0.9294117647058824,39.21414806642785,13.085944573241957,True,8.0,0.9310344827586207,0.9569620253164557,True,8.0,0.9310344827586207,0.9569620253164557,True,8.0,0.9310344827586207,0.9569620253164557,0.9310344827586207,8.0,0.9569620253164557
1690,Breast,2,connective,normal,76,1690__ch2__id76,520.0,31,123,65,148,47.64807692307692,135.74423076923077,0.8430791482127823,0.9471766848816029,35.513996917068894,19.099054761869915,True,9.0,0.88,0.8884615384615384,True,9.0,0.88,0.8884615384615384,True,9.0,0.88,0.8884615384615384,0.88,9.0,0.8884615384615384
1690,Breast,2,connective,normal,80,1690__ch2__id80,356.0,45,4,72,24,57.825842696629216,13.047752808988765,0.6592022042226363,0.9468085106382979,24.81200032652892,18.657773853392523,True,10.0,0.8431372549019608,0.8455056179775281,True,10.0,0.8431372549019608,0.8455056179775281,True,10.0,0.8431372549019608,0.8455056179775281,0.8431372549019608,10.0,0.8455056179775281
1690,Breast,2,connective,normal,87,1690__ch2__id87,608.0,60,225,91,254,75.46052631578948,240.16611842105263,0.674088330872434,0.9440993788819876,32.76415735200613,24.201269217231026,True,11.0,0.8818316100443131,0.9819078947368421,True,11.0,0.8818316100443131,0.9819078947368421,True,11.0,0.8818316100443131,0.9819078947368421,0.8818316100443131,11.0,0.9819078947368421
1690,Breast,2,connective,normal,94,1690__ch2__id94,816.0,79,29,113,63,94.82720588235294,47.220588235294116,0.5289372457049016,0.9702734839476813,35.238852773510125,29.905837899034445,True,13.0,0.8590686274509803,0.8590686274509803,True,13.0,0.8590686274509803,0.8590686274509803,True,13.0,0.8590686274509803,0.8590686274509803,0.8590686274509803,13.0,0.8590686274509803
1690,Breast,2,connective,normal,99,1690__ch2__id99,862.0,89,116,143,152,117.4953596287703,133.6786542923434,0.9603561228779596,0.9054621848739496,64.40663687106746,17.95503142450231,True,14.0,0.7507002801120448,0.9327146171693735,True,14.0,0.7507002801120448,0.9327146171693735,True,14.0,0.7507002801120448,0.9327146171693735,0.7507002801120448,14.0,0.9327146171693735
1690,Breast,2,connective,normal,105,1690__ch2__id105,662.0,116,88,146,123,131.28700906344412,104.67220543806647,0.8377097593233009,0.9484240687679083,39.776366546902054,21.72249830930909,True,17.0,0.858433734939759,0.8610271903323263,True,17.0,0.858433734939759,0.8610271903323263,True,17.0,0.858433734939759,0.8610271903323263,0.858433734939759,17.0,0.8610271903323263
1690,Breast,2,connective,normal,107,1690__ch2__id107,697.0,117,17,148,48,132.03873744619798,31.72883787661406,0.7047658851117039,0.9640387275242047,35.43645366778043,25.140036031301918,True,16.0,0.8852223816355811,0.8852223816355811,True,16.0,0.8852223816355811,0.8852223816355811,True,16.0,0.8852223816355811,0.8852223816355811,0.8852223816355811,16.0,0.8852223816355811
1690,Breast,2,connective,normal,114,1690__ch2__id114,138.0,149,220,166,238,155.69565217391303,229.3985507246377,0.9189395595128345,0.8846153846153846,22.21434134380006,8.761300346221647,False,,,,False,,,,False,,,,0.20170940170940171,18.0,0.855072463768116
1690,Breast,2,connective,normal,118,1690__ch2__id118,510.0,155,109,184,134,168.50196078431372,120.55686274509804,0.4588006617807739,0.9532710280373832,27.358288616891887,24.308912540130578,True,19.0,0.8515625,0.8549019607843137,True,19.0,0.8515625,0.8549019607843137,True,19.0,0.8515625,0.8549019607843137,0.8515625,19.0,0.8549019607843137
1690,Breast,2,connective,normal,121,1690__ch2__id121,888.0,163,133,193,187,176.1599099099099,157.56981981981983,0.9360990642523971,0.8252788104089219,61.265913750677306,21.549456023030256,True,20.0,0.7648648648648648,0.956081081081081,True,20.0,0.7648648648648648,0.956081081081081,True,20.0,0.7648648648648648,0.956081081081081,0.7648648648648648,20.0,0.956081081081081
1690,Breast,2,connective,normal,122,1690__ch2__id122,520.0,165,202,195,231,178.50192307692308,217.25576923076923,0.8177120207030681,0.8538587848932676,35.49332697173373,20.43093607159551,True,18.0,0.6743827160493827,0.8403846153846154,True,18.0,0.6743827160493827,0.8403846153846154,True,18.0,0.6743827160493827,0.8403846153846154,0.6743827160493827,18.0,0.8403846153846154
1690,Breast,2,connective,normal,127,1690__ch2__id127,665.0,187,36,212,75,198.18345864661654,54.954887218045116,0.8260507543424563,0.9582132564841499,38.93617430636113,21.944261732760356,True,21.0,0.8644793152639088,0.9112781954887218,True,21.0,0.8644793152639088,0.9112781954887218,True,21.0,0.8644793152639088,0.9112781954887218,0.8644793152639088,21.0,0.9112781954887218
1690,Breast,2,connective,normal,133,1690__ch2__id133,743.0,203,104,256,124,231.58950201884252,113.37550471063257,0.9447647785697473,0.8424036281179138,55.9355051148628,18.33281492593723,True,25.0,0.5168236877523553,0.5168236877523553,True,25.0,0.5168236877523553,0.5168236877523553,True,25.0,0.5168236877523553,0.5168236877523553,0.5168236877523553,25.0,0.5168236877523553
1690,Breast,2,connective,normal,134,1690__ch2__id134,286.0,208,163,221,191,214.23426573426573,176.5944055944056,0.8921375626202419,0.9438943894389439,28.722556140000844,12.975812327327493,True,23.0,0.83,0.8706293706293706,True,23.0,0.83,0.8706293706293706,True,23.0,0.83,0.8706293706293706,0.83,23.0,0.8706293706293706
1690,Breast,2,connective,normal,146,1690__ch2__id146,651.0,235,12,256,56,246.58064516129033,35.294930875576036,0.9049822742763557,0.9448476052249637,45.10811631705975,19.191215259000902,True,27.0,0.847926267281106,0.847926267281106,True,27.0,0.847926267281106,0.847926267281106,True,27.0,0.847926267281106,0.847926267281106,0.847926267281106,27.0,0.847926267281106
1765,Cervix,1,inflammatory,normal,410,1765__ch1__id410,100.0,241,132,253,142,246.58,136.48,0.5759408210324611,0.9803921568627451,12.462072554959464,10.187636999565996,True,34.0,0.49,0.49,True,34.0,0.49,0.49,False,,,,0.49,34.0,0.49
1765,Cervix,1,inflammatory,normal,430,1765__ch1__id430,64.0,237,250,251,256,243.015625,252.953125,0.8848081756218387,0.9552238805970149,13.59527008600296,6.334790350803495,False,,,,False,,,,False,,,,0.0,,0.0
1765,Cervix,2,connective,normal,13,1765__ch2__id13,571.0,74,104,100,134,86.3940455341506,118.54290718038528,0.7750211574963306,0.9629005059021922,33.96774705872352,21.465417945373158,True,1.0,0.8281505728314239,0.8861646234676007,True,1.0,0.8281505728314239,0.8861646234676007,True,1.0,0.8281505728314239,0.8861646234676007,0.8281505728314239,1.0,0.8861646234676007
1765,Cervix,2,connective,normal,16,1765__ch2__id16,324.0,80,36,96,63,87.82716049382717,50.47839506172839,0.803876569343452,0.9501466275659824,26.520379453005233,15.774219622067873,True,2.0,0.8765432098765432,0.8765432098765432,True,2.0,0.8765432098765432,0.8765432098765432,True,2.0,0.8765432098765432,0.8765432098765432,0.8765432098765432,2.0,0.8765432098765432
1765,Cervix,2,connective,normal,18,1765__ch2__id18,553.0,94,6,119,38,104.76130198915008,22.70886075949367,0.8127777338855068,0.9550949913644214,35.10291999043477,20.45004519118526,True,3.0,0.7341772151898734,0.7341772151898734,True,3.0,0.7341772151898734,0.7341772151898734,True,3.0,0.7341772151898734,0.7341772151898734,0.7341772151898734,3.0,0.7341772151898734
1765,Cervix,2,connective,normal,23,1765__ch2__id23,605.0,104,47,133,87,118.8,65.9190082644628,0.9268238627463854,0.9587955625990491,45.55219224733215,17.104683050392612,True,4.0,0.8429752066115702,0.8429752066115702,True,4.0,0.8429752066115702,0.8429752066115702,True,4.0,0.8429752066115702,0.8429752066115702,0.8429752066115702,4.0,0.8429752066115702
1765,Cervix,2,connective,normal,29,1765__ch2__id29,290.0,129,45,149,77,138.81034482758622,61.06206896551724,0.9542281011350418,0.9385113268608414,35.29270900875174,10.555336601738997,True,5.0,0.7602739726027398,0.7655172413793103,True,5.0,0.7602739726027398,0.7655172413793103,True,5.0,0.7602739726027398,0.7655172413793103,0.7602739726027398,5.0,0.7655172413793103
1765,Cervix,2,connective,normal,30,1765__ch2__id30,368.0,129,232,153,256,139.6711956521739,245.26358695652175,0.787330048476109,0.9484536082474226,27.95297428870934,17.233896065438564,False,,,,False,,,,False,,,,0.0,,0.0
1765,Cervix,2,connective,normal,34,1765__ch2__id34,544.0,138,169,157,215,147.99816176470588,191.56433823529412,0.9432437994957505,0.912751677852349,47.167440773382,15.664358545448534,True,7.0,0.8409506398537477,0.8455882352941176,True,7.0,0.8409506398537477,0.8455882352941176,True,7.0,0.8409506398537477,0.8455882352941176,0.8409506398537477,7.0,0.8455882352941176
1765,Cervix,2,connective,normal,35,1765__ch2__id35,358.0,141,10,159,47,149.18715083798884,28.393854748603353,0.9538782459556192,0.9421052631578948,39.07807110631406,11.730992991536507,True,8.0,0.6675977653631285,0.6675977653631285,True,8.0,0.6675977653631285,0.6675977653631285,True,8.0,0.6675977653631285,0.6675977653631285,0.6675977653631285,8.0,0.6675977653631285
1765,Cervix,2,connective,normal,36,1765__ch2__id36,627.0,141,99,156,164,148.54704944178627,129.9457735247209,0.9848097298113249,0.8868458274398868,69.00982397913789,11.982656481246178,True,9.0,0.5709728867623605,0.5709728867623605,True,9.0,0.5709728867623605,0.5709728867623605,True,9.0,0.5709728867623605,0.5709728867623605,0.5709728867623605,9.0,0.5709728867623605
1765,Cervix,2,connective,normal,40,1765__ch2__id40,392.0,152,10,170,46,161.68112244897958,25.946428571428573,0.9212683819031583,0.9333333333333333,36.500775054228995,14.196153700004224,True,10.0,0.6224489795918368,0.6224489795918368,True,10.0,0.6224489795918368,0.6224489795918368,True,10.0,0.6224489795918368,0.6224489795918368,0.6224489795918368,10.0,0.6224489795918368
1765,Cervix,2,connective,normal,41,1765__ch2__id41,400.0,153,228,177,256,163.2525,242.4425,0.8992034188115366,0.9501187648456056,34.36719937448352,15.036708654306626,True,11.0,0.675,0.675,True,11.0,0.675,0.675,True,11.0,0.675,0.675,0.675,11.0,0.675
1765,Cervix,2,connective,normal,45,1765__ch2__id45,345.0,163,89,178,122,169.95652173913044,106.4231884057971,0.8965230470208477,0.9324324324324325,31.730783341303113,14.056644841627591,True,12.0,0.6318840579710145,0.6318840579710145,True,12.0,0.6318840579710145,0.6318840579710145,True,12.0,0.6318840579710145,0.6318840579710145,0.6318840579710145,12.0,0.6318840579710145
1765,Cervix,2,connective,normal,49,1765__ch2__id49,556.0,169,184,190,225,179.03057553956833,205.03057553956833,0.9197059667274118,0.936026936026936,42.739503931453065,16.77986534103378,True,13.0,0.7446043165467626,0.7446043165467626,True,13.0,0.7446043165467626,0.7446043165467626,True,13.0,0.7446043165467626,0.7446043165467626,0.7446043165467626,13.0,0.7446043165467626
1765,Cervix,2,connective,normal,50,1765__ch2__id50,403.0,172,36,189,72,181.52357320099256,51.74193548387097,0.9045356710669411,0.9350348027842227,35.66327237686211,15.206746566476516,True,14.0,0.46898263027295284,0.46898263027295284,True,14.0,0.46898263027295284,0.46898263027295284,False,,,,0.46898263027295284,14.0,0.46898263027295284
1765,Cervix,2,connective,normal,52,1765__ch2__id52,389.0,175,117,196,154,183.7892030848329,136.6529562982005,0.9531416343197348,0.8861047835990888,41.84743617055622,12.659871371890029,True,15.0,0.6478149100257069,0.6478149100257069,True,15.0,0.6478149100257069,0.6478149100257069,True,15.0,0.6478149100257069,0.6478149100257069,0.6478149100257069,15.0,0.6478149100257069
1765,Cervix,2,connective,normal,53,1765__ch2__id53,444.0,176,6,197,33,185.98423423423424,18.655405405405407,0.6448604079099861,0.961038961038961,27.33913175389147,20.895308492228715,True,16.0,0.5427927927927928,0.5427927927927928,True,16.0,0.5427927927927928,0.5427927927927928,True,16.0,0.5427927927927928,0.5427927927927928,0.5427927927927928,16.0,0.5427927927927928
1765,Cervix,2,connective,normal,54,1765__ch2__id54,218.0,178,97,194,124,186.10550458715596,109.41743119266054,0.9450770713818062,0.919831223628692,29.350974206960668,9.593294378170718,True,17.0,0.46788990825688076,0.46788990825688076,True,17.0,0.46788990825688076,0.46788990825688076,False,,,,0.46788990825688076,17.0,0.46788990825688076
1765,Cervix,2,connective,normal,55,1765__ch2__id55,373.0,183,233,205,256,193.69973190348526,244.5898123324397,0.7281860730527234,0.9539641943734015,26.39467649572633,18.090369871056527,True,18.0,0.7774798927613941,0.7774798927613941,True,18.0,0.7774798927613941,0.7774798927613941,True,18.0,0.7774798927613941,0.7774798927613941,0.7774798927613941,18.0,0.7774798927613941
1765,Cervix,2,connective,normal,56,1765__ch2__id56,374.0,190,151,208,183,198.9385026737968,166.45454545454547,0.8622810446991409,0.935,31.20456212274077,15.80292809189891,True,19.0,0.606951871657754,0.606951871657754,True,19.0,0.606951871657754,0.606951871657754,True,19.0,0.606951871657754,0.606951871657754,0.606951871657754,19.0,0.606951871657754
1765,Cervix,2,connective,normal,57,1765__ch2__id57,374.0,193,197,211,225,201.44117647058823,211.29679144385025,0.7682446546266786,0.9639175257731959,27.325507473258575,17.492597087395623,True,22.0,0.7005347593582888,0.7005347593582888,True,22.0,0.7005347593582888,0.7005347593582888,True,22.0,0.7005347593582888,0.7005347593582888,0.7005347593582888,22.0,0.7005347593582888
1765,Cervix,2,connective,normal,58,1765__ch2__id58,204.0,194,128,210,149,201.58333333333334,137.7549019607843,0.9008580220488092,0.9532710280373832,24.497118739883096,10.63453822954438,True,20.0,0.7058823529411765,0.7058823529411765,True,20.0,0.7058823529411765,0.7058823529411765,True,20.0,0.7058823529411765,0.7058823529411765,0.7058823529411765,20.0,0.7058823529411765
1765,Cervix,2,connective,normal,60,1765__ch2__id60,227.0,199,96,217,117,207.69603524229075,105.37004405286343,0.8452255417193537,0.934156378600823,23.739381734433472,12.686557118492368,False,,,,False,,,,False,,,,0.3298538622129436,23.0,0.6960352422907489
1765,Cervix,2,connective,normal,63,1765__ch2__id63,638.0,201,55,236,89,218.92789968652036,70.44514106583073,0.919758609534614,0.9246376811594202,46.4833847429221,18.244009052272048,True,27.0,0.4278996865203762,0.4278996865203762,True,27.0,0.4278996865203762,0.4278996865203762,False,,,,0.4278996865203762,27.0,0.4278996865203762
1765,Cervix,2,connective,normal,64,1765__ch2__id64,288.0,202,1,215,29,208.48611111111111,13.625,0.914565861609455,0.9411764705882353,30.63126003784877,12.388414832977462,True,25.0,0.8272425249169435,0.8645833333333334,True,25.0,0.8272425249169435,0.8645833333333334,True,25.0,0.8272425249169435,0.8645833333333334,0.8272425249169435,25.0,0.8645833333333334
1765,Cervix,2,connective,normal,67,1765__ch2__id67,278.0,208,180,225,201,215.80935251798562,190.3273381294964,0.6829958882708703,0.9586206896551724,22.061328333945756,16.11408437456839,True,26.0,0.579136690647482,0.579136690647482,True,26.0,0.579136690647482,0.579136690647482,True,26.0,0.579136690647482,0.579136690647482,0.579136690647482,26.0,0.579136690647482
1765,Cervix,2,connective,normal,69,1765__ch2__id69,337.0,216,221,242,243,227.59347181008903,232.2640949554896,0.8924701189850065,0.9546742209631728,31.251422026698137,14.09772003919649,True,28.0,0.543026706231454,0.543026706231454,True,28.0,0.543026706231454,0.543026706231454,True,28.0,0.543026706231454,0.543026706231454,0.543026706231454,28.0,0.543026706231454
1765,Cervix,2,connective,normal,70,1765__ch2__id70,266.0,217,105,237,132,224.8984962406015,119.1842105263158,0.9294815933422478,0.9140893470790378,31.41714721217338,11.588795853398254,True,23.0,0.4922737306843267,0.8383458646616542,True,23.0,0.4922737306843267,0.8383458646616542,False,,,,0.4922737306843267,23.0,0.8383458646616542
1765,Cervix,2,connective,normal,73,1765__ch2__id73,319.0,223,149,246,171,234.07210031347964,159.99686520376176,0.8427827500002679,0.9465875370919882,27.51860749067101,14.811997176516856,True,30.0,0.778125,0.780564263322884,True,30.0,0.778125,0.780564263322884,True,30.0,0.778125,0.780564263322884,0.778125,30.0,0.780564263322884
1765,Cervix,2,connective,normal,74,1765__ch2__id74,380.0,228,182,250,205,238.08157894736843,194.1342105263158,0.7053428533579125,0.9547738693467337,26.382046931840577,18.70134451494787,True,31.0,0.3868421052631579,0.3868421052631579,True,31.0,0.3868421052631579,0.3868421052631579,False,,,,0.3868421052631579,31.0,0.3868421052631579
1765,Cervix,2,connective,normal,79,1765__ch2__id79,201.0,240,147,256,165,248.33333333333334,155.44278606965173,0.793919585757853,0.95260663507109,20.673785388872894,12.570132301227417,True,32.0,0.7961165048543689,0.8159203980099502,True,32.0,0.7961165048543689,0.8159203980099502,True,32.0,0.7961165048543689,0.8159203980099502,0.7961165048543689,32.0,0.8159203980099502
1765,Cervix,2,connective,normal,80,1765__ch2__id80,248.0,240,168,256,190,249.03225806451613,177.92741935483872,0.6545852222978856,0.9501915708812261,21.223937751144852,16.0450468933897,True,33.0,0.7943548387096774,0.7943548387096774,True,33.0,0.7943548387096774,0.7943548387096774,True,33.0,0.7943548387096774,0.7943548387096774,0.7943548387096774,33.0,0.7943548387096774
1765,Cervix,2,connective,normal,83,1765__ch2__id83,15.0,253,202,256,208,254.13333333333333,204.06666666666666,0.86818130256856,1.0,6.183033392292805,3.068312649362281,False,,,,False,,,,False,,,,0.0,,0.0
1765,Cervix,2,connective,normal,84,1765__ch2__id84,4.0,255,246,256,250,255.0,247.5,1.0,1.0,4.47213595499958,0.0,False,,,,False,,,,False,,,,0.0,,0.0
1765,Cervix,2,connective,normal,411,1765__ch2__id411,347.0,226,91,251,125,238.47838616714697,107.10951008645533,0.9667246899110435,0.9012987012987013,42.30698449466283,10.822931554250548,False,,,,False,,,,False,,,,0.0,,0.0
1765,Cervix,2,connective,normal,412,1765__ch2__id412,379.0,197,111,230,143,211.74406332453825,127.17414248021109,0.9614401650768059,0.8203463203463204,44.49549626804832,12.236893210697739,True,21.0,0.34782608695652173,0.35883905013192613,True,21.0,0.34782608695652173,0.35883905013192613,False,,,,0.34782608695652173,21.0,0.35883905013192613
1765,Cervix,2,connective,normal,424,1765__ch2__id424,197.0,220,241,241,256,229.11675126903555,249.96446700507613,0.8474994079794317,0.8954545454545455,22.720962298119236,12.06020360594305,True,29.0,0.7692307692307693,0.8629441624365483,True,29.0,0.7692307692307693,0.8629441624365483,True,29.0,0.7692307692307693,0.8629441624365483,0.7692307692307693,29.0,0.8629441624365483
1786,Cervix,2,connective,normal,120,1786__ch2__id120,947.0,50,42,110,77,79.779303062302,58.69693769799366,0.9638993264941653,0.9404170804369414,67.6634781036981,18.016547905714496,True,1.0,0.8972055888223552,0.9493136219640972,True,1.0,0.8972055888223552,0.9493136219640972,True,1.0,0.8972055888223552,0.9493136219640972,0.8972055888223552,1.0,0.9493136219640972
1786,Cervix,2,connective,normal,121,1786__ch2__id121,428.0,57,9,91,32,74.6214953271028,20.371495327102803,0.9186915840924699,0.9448123620309051,37.36476715546282,14.758173630658879,True,2.0,0.930648769574944,0.9719626168224299,True,2.0,0.930648769574944,0.9719626168224299,True,2.0,0.930648769574944,0.9719626168224299,0.930648769574944,2.0,0.9719626168224299
1786,Cervix,2,connective,normal,125,1786__ch2__id125,375.0,92,0,118,22,103.38933333333334,11.581333333333333,0.8569745832206844,0.9664948453608248,30.879534658211206,15.914036060559159,True,3.0,0.5673076923076923,0.6293333333333333,True,3.0,0.5673076923076923,0.6293333333333333,True,3.0,0.5673076923076923,0.6293333333333333,0.5673076923076923,3.0,0.6293333333333333
1786,Cervix,2,connective,normal,126,1786__ch2__id126,503.0,103,0,144,24,125.66401590457257,9.968190854870775,0.9162694305978084,0.9617590822179732,40.784169672467215,16.33660968456664,True,4.0,0.9205426356589147,0.9443339960238568,True,4.0,0.9205426356589147,0.9443339960238568,True,4.0,0.9205426356589147,0.9443339960238568,0.9205426356589147,4.0,0.9443339960238568
1786,Cervix,2,connective,normal,132,1786__ch2__id132,166.0,134,0,157,11,147.72289156626505,3.9518072289156625,0.8889876346317949,0.9485714285714286,22.45942023000702,10.28486929495531,True,6.0,0.732620320855615,0.8253012048192772,True,6.0,0.732620320855615,0.8253012048192772,True,6.0,0.732620320855615,0.8253012048192772,0.732620320855615,6.0,0.8253012048192772
1786,Cervix,2,connective,normal,137,1786__ch2__id137,440.0,137,22,170,44,153.47954545454544,32.57954545454545,0.9045039238849272,0.9503239740820735,36.37456842141521,15.512491215985623,True,5.0,0.812962962962963,0.9977272727272727,True,5.0,0.812962962962963,0.9977272727272727,True,5.0,0.812962962962963,0.9977272727272727,0.812962962962963,5.0,0.9977272727272727
1786,Cervix,2,connective,normal,142,1786__ch2__id142,1012.0,165,36,212,74,188.27075098814228,54.07411067193676,0.8845415106930957,0.9511278195488722,53.47022364189778,24.94179985865199,True,8.0,0.7603383458646616,0.799407114624506,True,8.0,0.7603383458646616,0.799407114624506,True,8.0,0.7603383458646616,0.799407114624506,0.7603383458646616,8.0,0.799407114624506
1786,Cervix,2,connective,normal,143,1786__ch2__id143,319.0,176,83,201,106,189.02507836990597,93.77115987460814,0.9003501031457628,0.9437869822485208,30.819804683469286,13.411739772717565,True,9.0,0.8722741433021807,0.877742946708464,True,9.0,0.8722741433021807,0.877742946708464,True,9.0,0.8722741433021807,0.877742946708464,0.8722741433021807,9.0,0.877742946708464
1786,Cervix,2,connective,normal,146,1786__ch2__id146,306.0,196,13,218,33,206.2941176470588,22.630718954248366,0.7424691185190799,0.9592476489028213,24.165963485455805,16.188302720028773,True,10.0,0.8735632183908046,0.9934640522875817,True,10.0,0.8735632183908046,0.9934640522875817,True,10.0,0.8735632183908046,0.9934640522875817,0.8735632183908046,10.0,0.9934640522875817
1786,Cervix,2,connective,normal,147,1786__ch2__id147,1130.0,197,124,255,187,227.21681415929203,154.41238938053098,0.9774000180727584,0.9112903225806451,84.09318861372512,17.777149840535593,True,11.0,0.9094903339191565,0.915929203539823,True,11.0,0.9094903339191565,0.915929203539823,True,11.0,0.9094903339191565,0.915929203539823,0.9094903339191565,11.0,0.915929203539823
1786,Cervix,2,connective,normal,150,1786__ch2__id150,388.0,206,175,233,212,218.97680412371133,192.22938144329896,0.9686107664065678,0.8981481481481481,45.48615982637148,11.307056362111508,True,12.0,0.5335051546391752,0.5335051546391752,True,12.0,0.5335051546391752,0.5335051546391752,True,12.0,0.5335051546391752,0.5335051546391752,0.5335051546391752,12.0,0.5335051546391752
1786,Cervix,2,connective,normal,151,1786__ch2__id151,344.0,226,108,255,134,241.23546511627907,120.59302325581395,0.9412535888431596,0.9476584022038568,36.33321057499026,12.269746271392993,True,14.0,0.8245125348189415,0.8604651162790697,True,14.0,0.8245125348189415,0.8604651162790697,True,14.0,0.8245125348189415,0.8604651162790697,0.8245125348189415,14.0,0.8604651162790697
1786,Cervix,2,connective,normal,153,1786__ch2__id153,109.0,233,0,251,8,240.24770642201835,2.926605504587156,0.8751760775872464,0.990909090909091,17.496792981748712,8.46502788533348,True,15.0,0.8909090909090909,0.8990825688073395,True,15.0,0.8909090909090909,0.8990825688073395,True,15.0,0.8909090909090909,0.8990825688073395,0.8909090909090909,15.0,0.8990825688073395
1786,Cervix,2,connective,normal,155,1786__ch2__id155,350.0,238,31,255,63,246.58857142857144,44.22571428571428,0.8718313974948074,0.948509485094851,30.635523673500334,15.005466332728398,True,16.0,0.8264248704663213,0.9114285714285715,True,16.0,0.8264248704663213,0.9114285714285715,True,16.0,0.8264248704663213,0.9114285714285715,0.8264248704663213,16.0,0.9114285714285715
1788,Cervix,0,neoplastic,neoplastic,7,1788__ch0__id7,248.0,0,0,21,19,8.137096774193548,7.17741935483871,0.8427375504628855,0.96875,24.882333442021967,13.394773262069878,True,1.0,0.7459677419354839,0.7459677419354839,True,1.0,0.7459677419354839,0.7459677419354839,True,1.0,0.7459677419354839,0.7459677419354839,0.7459677419354839,1.0,0.7459677419354839
1788,Cervix,0,neoplastic,neoplastic,8,1788__ch0__id8,782.0,1,156,29,193,13.929667519181585,173.67263427109975,0.7741586307859674,0.9630541871921182,39.915968868213305,25.266474535217874,True,4.0,0.8517156862745098,0.8887468030690537,True,4.0,0.8517156862745098,0.8887468030690537,True,4.0,0.8517156862745098,0.8887468030690537,0.8517156862745098,4.0,0.8887468030690537
1788,Cervix,0,neoplastic,neoplastic,13,1788__ch0__id13,820.0,1,23,36,65,17.151219512195123,43.009756097560974,0.910611140286518,0.951276102088167,50.55753842217837,20.8936238620572,True,6.0,0.8036585365853659,0.8036585365853659,True,6.0,0.8036585365853659,0.8036585365853659,True,6.0,0.8036585365853659,0.8036585365853659,0.8036585365853659,6.0,0.8036585365853659
1788,Cervix,0,neoplastic,neoplastic,14,1788__ch0__id14,1014.0,0,202,38,238,18.50197238658777,219.85404339250493,0.7001479008562256,0.976878612716763,42.551148930505555,30.381428467674482,True,5.0,0.8461538461538461,0.8461538461538461,True,5.0,0.8461538461538461,0.8461538461538461,True,5.0,0.8461538461538461,0.8461538461538461,0.8461538461538461,5.0,0.8461538461538461
1788,Cervix,0,neoplastic,neoplastic,15,1788__ch0__id15,125.0,2,248,23,256,13.04,252.152,0.9187909152309535,0.9328358208955224,20.581166913027687,8.124303323860726,True,7.0,0.392,0.392,True,7.0,0.392,0.392,False,,,,0.392,7.0,0.392
1788,Cervix,0,neoplastic,neoplastic,22,1788__ch0__id22,503.0,14,0,46,23,29.33797216699801,9.81113320079523,0.8495446321059624,0.9490566037735849,35.270576938912356,18.605820001414596,True,8.0,0.805168986083499,0.805168986083499,True,8.0,0.805168986083499,0.805168986083499,True,8.0,0.805168986083499,0.805168986083499,0.805168986083499,8.0,0.805168986083499
1788,Cervix,0,neoplastic,neoplastic,27,1788__ch0__id27,494.0,19,105,51,126,34.18218623481781,114.53441295546558,0.8075367649246908,0.96484375,32.84335444000166,19.37157657609091,True,9.0,0.8360323886639676,0.8360323886639676,True,9.0,0.8360323886639676,0.8360323886639676,True,9.0,0.8360323886639676,0.8360323886639676,0.8360323886639676,9.0,0.8360323886639676
1788,Cervix,0,neoplastic,neoplastic,28,1788__ch0__id28,663.0,21,126,55,156,38.15686274509804,141.84917043740572,0.8349366457585633,0.9622641509433962,39.52007299847673,21.749716889727903,True,10.0,0.7903469079939668,0.7903469079939668,True,10.0,0.7903469079939668,0.7903469079939668,True,10.0,0.7903469079939668,0.7903469079939668,0.7903469079939668,10.0,0.7903469079939668
1788,Cervix,0,neoplastic,neoplastic,34,1788__ch0__id34,463.0,30,84,58,105,43.84449244060475,94.49892008639308,0.6801781778889513,0.9625779625779626,28.467547316872302,20.868045150560782,True,12.0,0.6760259179265659,0.6760259179265659,True,12.0,0.6760259179265659,0.6760259179265659,True,12.0,0.6760259179265659,0.6760259179265659,0.6760259179265659,12.0,0.6760259179265659
1788,Cervix,0,neoplastic,neoplastic,36,1788__ch0__id36,820.0,31,54,69,83,49.795121951219514,67.30853658536586,0.7023912085486003,0.9658421672555948,38.47167314338098,27.383795089151,True,11.0,0.8317073170731707,0.8317073170731707,True,11.0,0.8317073170731707,0.8317073170731707,True,11.0,0.8317073170731707,0.8317073170731707,0.8317073170731707,11.0,0.8317073170731707
1788,Cervix,0,neoplastic,neoplastic,39,1788__ch0__id39,26.0,35,253,46,256,40.0,254.23076923076923,0.9649112975317927,0.9285714285714286,11.371431655275993,2.9858657338187564,False,,,,False,,,,False,,,,0.04643962848297214,14.0,0.5769230769230769
1788,Cervix,0,neoplastic,neoplastic,40,1788__ch0__id40,398.0,36,230,61,253,48.08793969849246,241.62060301507537,0.7670643312199806,0.9453681710213777,28.259364318295148,18.13036580265533,True,14.0,0.6473317865429234,0.7010050251256281,True,14.0,0.6473317865429234,0.7010050251256281,True,14.0,0.6473317865429234,0.7010050251256281,0.6473317865429234,14.0,0.7010050251256281
1788,Cervix,0,neoplastic,neoplastic,42,1788__ch0__id42,434.0,41,34,69,53,54.845622119815665,43.58986175115207,0.7761891018703773,0.9665924276169265,29.68106270766285,18.71391540702055,True,15.0,0.7903225806451613,0.7903225806451613,True,15.0,0.7903225806451613,0.7903225806451613,True,15.0,0.7903225806451613,0.7903225806451613,0.7903225806451613,15.0,0.7903225806451613
1788,Cervix,0,neoplastic,neoplastic,50,1788__ch0__id50,686.0,55,96,83,129,69.13702623906705,112.85860058309038,0.713068306905144,0.9661971830985916,35.40208602999192,24.820210120814387,True,16.0,0.860431654676259,0.8717201166180758,True,16.0,0.860431654676259,0.8717201166180758,True,16.0,0.860431654676259,0.8717201166180758,0.860431654676259,16.0,0.8717201166180758
1788,Cervix,0,neoplastic,neoplastic,55,1788__ch0__id55,519.0,59,172,85,199,72.1252408477842,185.65510597302506,0.7189948155260972,0.9646840148698885,30.926134009188264,21.494140489237125,True,17.0,0.8689788053949904,0.8689788053949904,True,17.0,0.8689788053949904,0.8689788053949904,True,17.0,0.8689788053949904,0.8689788053949904,0.8689788053949904,17.0,0.8689788053949904
1788,Cervix,0,neoplastic,neoplastic,57,1788__ch0__id57,168.0,76,248,106,256,93.11904761904762,252.25,0.9599249503542238,0.9333333333333333,28.943668401635332,8.11167102688878,True,22.0,0.4583333333333333,0.4583333333333333,True,22.0,0.4583333333333333,0.4583333333333333,False,,,,0.4583333333333333,22.0,0.4583333333333333
1788,Cervix,0,neoplastic,neoplastic,60,1788__ch0__id60,389.0,73,81,98,102,85.41645244215938,90.87660668380462,0.550542586908384,0.9441747572815534,24.460754616361818,20.42001112389882,True,18.0,0.6699507389162561,0.699228791773779,True,18.0,0.6699507389162561,0.699228791773779,True,18.0,0.6699507389162561,0.699228791773779,0.6699507389162561,18.0,0.699228791773779
1788,Cervix,0,neoplastic,neoplastic,64,1788__ch0__id64,479.0,78,226,110,251,94.31106471816284,238.20250521920667,0.884535410931032,0.952286282306163,36.514683340161696,17.033115724407562,True,19.0,0.8790322580645161,0.9102296450939458,True,19.0,0.8790322580645161,0.9102296450939458,True,19.0,0.8790322580645161,0.9102296450939458,0.8790322580645161,19.0,0.9102296450939458
1788,Cervix,0,neoplastic,neoplastic,65,1788__ch0__id65,86.0,83,0,98,8,89.5,2.8488372093023258,0.7865332224417861,0.9555555555555556,13.948274372821762,8.613728464584137,True,20.0,0.5957446808510638,0.6511627906976745,True,20.0,0.5957446808510638,0.6511627906976745,True,20.0,0.5957446808510638,0.6511627906976745,0.5957446808510638,20.0,0.6511627906976745
1788,Cervix,0,neoplastic,neoplastic,68,1788__ch0__id68,634.0,84,48,120,72,102.67507886435331,60.52839116719243,0.8262470712306602,0.9649923896499238,38.0927060356494,21.457921805424554,True,21.0,0.8084112149532711,0.8186119873817035,True,21.0,0.8084112149532711,0.8186119873817035,True,21.0,0.8084112149532711,0.8186119873817035,0.8084112149532711,21.0,0.8186119873817035
1788,Cervix,0,neoplastic,neoplastic,71,1788__ch0__id71,406.0,92,171,110,198,100.43596059113301,184.307881773399,0.73495716943609,0.9712918660287081,27.65090112758481,18.750450161631925,True,23.0,0.8177339901477833,0.8177339901477833,True,23.0,0.8177339901477833,0.8177339901477833,True,23.0,0.8177339901477833,0.8177339901477833,0.8177339901477833,23.0,0.8177339901477833
1788,Cervix,0,neoplastic,neoplastic,73,1788__ch0__id73,667.0,95,94,125,127,109.64767616191904,110.16191904047976,0.8285442272529058,0.9652677279305355,38.98902120078315,21.83087400422143,True,24.0,0.881559220389805,0.881559220389805,True,24.0,0.881559220389805,0.881559220389805,True,24.0,0.881559220389805,0.881559220389805,0.881559220389805,24.0,0.881559220389805
1788,Cervix,0,neoplastic,neoplastic,76,1788__ch0__id76,681.0,110,219,141,253,124.95741556534509,235.12628487518356,0.8103156632656942,0.9605077574047954,38.538332891892225,22.58321730483588,True,25.0,0.8636363636363636,0.8649045521292217,True,25.0,0.8636363636363636,0.8649045521292217,True,25.0,0.8636363636363636,0.8649045521292217,0.8636363636363636,25.0,0.8649045521292217
1788,Cervix,0,neoplastic,neoplastic,78,1788__ch0__id78,303.0,115,200,138,220,125.79867986798679,209.7095709570957,0.830201634422848,0.9558359621451105,26.41433319632469,14.725019345545672,True,28.0,0.5874587458745875,0.5874587458745875,True,28.0,0.5874587458745875,0.5874587458745875,True,28.0,0.5874587458745875,0.5874587458745875,0.5874587458745875,28.0,0.5874587458745875
1788,Cervix,0,neoplastic,neoplastic,79,1788__ch0__id79,650.0,117,159,138,200,126.98615384615384,179.11076923076922,0.870206269807075,0.9629629629629629,41.02205680680264,20.211057749149543,True,27.0,0.9092307692307692,0.9092307692307692,True,27.0,0.9092307692307692,0.9092307692307692,True,27.0,0.9092307692307692,0.9092307692307692,0.9092307692307692,27.0,0.9092307692307692
1788,Cervix,0,neoplastic,neoplastic,82,1788__ch0__id82,247.0,125,59,146,75,134.92712550607288,66.83400809716599,0.7359026037120111,0.9320754716981132,21.590113620888978,14.618394066449387,True,29.0,0.7975708502024291,0.7975708502024291,True,29.0,0.7975708502024291,0.7975708502024291,True,29.0,0.7975708502024291,0.7975708502024291,0.7975708502024291,29.0,0.7975708502024291
1788,Cervix,0,neoplastic,neoplastic,83,1788__ch0__id83,587.0,134,30,160,59,146.7802385008518,44.38500851788756,0.5286460651616015,0.9638752052545156,29.701678841474642,25.21204291285408,True,31.0,0.8974789915966387,0.909710391822828,True,31.0,0.8974789915966387,0.909710391822828,True,31.0,0.8974789915966387,0.909710391822828,0.8974789915966387,31.0,0.909710391822828
1788,Cervix,0,neoplastic,neoplastic,88,1788__ch0__id88,376.0,149,76,176,97,162.1090425531915,86.40425531914893,0.8535398668292024,0.9518987341772152,30.3953806344997,15.836830349616699,True,32.0,0.8169761273209549,0.8191489361702128,True,32.0,0.8169761273209549,0.8191489361702128,True,32.0,0.8169761273209549,0.8191489361702128,0.8169761273209549,32.0,0.8191489361702128
1788,Cervix,0,neoplastic,neoplastic,89,1788__ch0__id89,686.0,148,135,173,172,160.47813411078718,153.62536443148687,0.7762277558187208,0.9567642956764296,37.29655419991692,23.51370927797766,True,33.0,0.8600583090379009,0.8600583090379009,True,33.0,0.8600583090379009,0.8600583090379009,True,33.0,0.8600583090379009,0.8600583090379009,0.8600583090379009,33.0,0.8600583090379009
1788,Cervix,0,neoplastic,neoplastic,98,1788__ch0__id98,583.0,172,39,196,71,183.50943396226415,55.04631217838765,0.6553423368512218,0.9652317880794702,31.370726219009814,23.695313195923806,True,35.0,0.8955479452054794,0.8970840480274442,True,35.0,0.8955479452054794,0.8970840480274442,True,35.0,0.8955479452054794,0.8970840480274442,0.8955479452054794,35.0,0.8970840480274442
1788,Cervix,0,neoplastic,neoplastic,100,1788__ch0__id100,497.0,174,141,194,174,184.57344064386317,157.5573440643863,0.8543645803673625,0.9669260700389105,35.15910212165954,18.271274535479897,True,36.0,0.8343313373253493,0.8410462776659959,True,36.0,0.8343313373253493,0.8410462776659959,True,36.0,0.8343313373253493,0.8410462776659959,0.8343313373253493,36.0,0.8410462776659959
1788,Cervix,0,neoplastic,neoplastic,104,1788__ch0__id104,562.0,182,186,206,216,193.48576512455517,200.80782918149467,0.6499648911820021,0.9639794168096055,30.727335700910157,23.351676204941917,True,37.0,0.7752212389380531,0.7793594306049823,True,37.0,0.7752212389380531,0.7793594306049823,True,37.0,0.7752212389380531,0.7793594306049823,0.7752212389380531,37.0,0.7793594306049823
1788,Cervix,0,neoplastic,neoplastic,107,1788__ch0__id107,500.0,193,216,214,250,202.976,232.614,0.8421779067732956,0.9615384615384616,34.432698042528635,18.5661022703217,True,39.0,0.788,0.788,True,39.0,0.788,0.788,True,39.0,0.788,0.788,0.788,39.0,0.788
1788,Cervix,0,neoplastic,neoplastic,108,1788__ch0__id108,953.0,193,0,224,36,208.39769150052467,15.959076600209864,0.5459190634946839,0.9824742268041237,38.44467659906312,32.21040778329766,True,38.0,0.9402061855670103,0.9569779643231899,True,38.0,0.9402061855670103,0.9569779643231899,True,38.0,0.9402061855670103,0.9569779643231899,0.9402061855670103,38.0,0.9569779643231899
1788,Cervix,0,neoplastic,neoplastic,111,1788__ch0__id111,283.0,205,232,226,256,217.30035335689047,245.91872791519435,0.8589314899308658,0.907051282051282,27.94007919620106,14.307849546146816,True,43.0,0.45229681978798586,0.45229681978798586,True,43.0,0.45229681978798586,0.45229681978798586,False,,,,0.45229681978798586,43.0,0.45229681978798586
1788,Cervix,0,neoplastic,neoplastic,112,1788__ch0__id112,830.0,202,63,232,106,216.1987951807229,82.13734939759036,0.8317759142656698,0.944254835039818,44.423494782530604,24.65999486525273,True,40.0,0.8178733031674208,0.8710843373493976,True,40.0,0.8178733031674208,0.8710843373493976,True,40.0,0.8178733031674208,0.8710843373493976,0.8178733031674208,40.0,0.8710843373493976
1788,Cervix,0,neoplastic,neoplastic,113,1788__ch0__id113,815.0,204,141,228,186,214.98773006134968,162.1680981595092,0.870023077051765,0.9532163742690059,46.2069398869376,22.78052960668866,True,41.0,0.8370098039215687,0.838036809815951,True,41.0,0.8370098039215687,0.838036809815951,True,41.0,0.8370098039215687,0.838036809815951,0.8370098039215687,41.0,0.838036809815951
1788,Cervix,0,neoplastic,neoplastic,116,1788__ch0__id116,597.0,210,187,234,223,221.44388609715242,205.9212730318258,0.8035026049976299,0.9536741214057508,35.99470740156785,21.4276938714848,True,42.0,0.8040201005025126,0.8040201005025126,True,42.0,0.8040201005025126,0.8040201005025126,True,42.0,0.8040201005025126,0.8040201005025126,0.8040201005025126,42.0,0.8040201005025126
1788,Cervix,0,neoplastic,neoplastic,118,1788__ch0__id118,1257.0,222,4,256,57,238.55926809864758,30.385043754972155,0.8274867955233067,0.969159599074788,53.53323705418602,30.058119046705986,True,45.0,0.48607796340493237,0.48607796340493237,True,45.0,0.48607796340493237,0.48607796340493237,False,,,,0.48607796340493237,45.0,0.48607796340493237
1788,Cervix,0,neoplastic,neoplastic,119,1788__ch0__id119,358.0,223,168,240,197,231.53351955307264,182.2513966480447,0.818590748233344,0.9470899470899471,28.255204718378664,16.2291458395629,True,46.0,0.7318435754189944,0.7318435754189944,True,46.0,0.7318435754189944,0.7318435754189944,True,46.0,0.7318435754189944,0.7318435754189944,0.7318435754189944,46.0,0.7318435754189944
1788,Cervix,0,neoplastic,neoplastic,122,1788__ch0__id122,364.0,232,128,248,157,239.92582417582418,142.28021978021977,0.8231879075930225,0.9680851063829787,28.60298028460578,16.23988630493904,True,47.0,0.8379120879120879,0.8379120879120879,True,47.0,0.8379120879120879,0.8379120879120879,True,47.0,0.8379120879120879,0.8379120879120879,0.8379120879120879,47.0,0.8379120879120879
1788,Cervix,0,neoplastic,neoplastic,126,1788__ch0__id126,429.0,236,217,256,243,246.3100233100233,230.25641025641025,0.6976840679903475,0.9705882352941176,27.81710994716455,19.928332518039976,True,48.0,0.8041958041958042,0.8041958041958042,True,48.0,0.8041958041958042,0.8041958041958042,True,48.0,0.8041958041958042,0.8041958041958042,0.8041958041958042,48.0,0.8041958041958042
1788,Cervix,0,neoplastic,neoplastic,129,1788__ch0__id129,48.0,248,245,256,256,252.6875,251.6875,0.8475992544023438,0.9056603773584906,11.70356064420416,6.210340966010012,False,,,,False,,,,False,,,,0.0,,0.0
1788,Cervix,0,neoplastic,neoplastic,130,1788__ch0__id130,334.0,245,152,256,192,250.74850299401197,172.58982035928145,0.9609744881462922,0.9408450704225352,39.650067946417124,10.968676087498466,True,49.0,0.673469387755102,0.6916167664670658,True,49.0,0.673469387755102,0.6916167664670658,True,49.0,0.673469387755102,0.6916167664670658,0.673469387755102,49.0,0.6916167664670658
1788,Cervix,0,neoplastic,neoplastic,134,1788__ch0__id134,40.0,252,38,256,53,253.95,45.625,0.9618305369817091,0.9090909090909091,14.29698670304462,3.9123102143062862,False,,,,False,,,,False,,,,0.0,,0.0
1788,Cervix,0,neoplastic,neoplastic,135,1788__ch0__id135,40.0,253,134,256,154,254.4,143.7,0.991434766199994,0.8333333333333334,20.24376029649109,2.6438927849311566,False,,,,False,,,,False,,,,0.0,,0.0
1788,Cervix,0,neoplastic,neoplastic,136,1788__ch0__id136,8.0,255,72,256,80,255.0,75.5,1.0,1.0,9.16515138991168,0.0,False,,,,False,,,,False,,,,0.0,,0.0
1788,Cervix,1,inflammatory,normal,92,1788__ch1__id92,345.0,152,208,174,232,162.59130434782608,219.45217391304348,0.789749062974606,0.9478021978021978,27.004208889479425,16.565193017519498,True,34.0,0.7855072463768116,0.7855072463768116,True,34.0,0.7855072463768116,0.7855072463768116,True,34.0,0.7855072463768116,0.7855072463768116,0.7855072463768116,34.0,0.7855072463768116
1806,Cervix,0,neoplastic,neoplastic,265,1806__ch0__id265,854.0,158,0,195,34,174.4695550351288,17.669789227166277,0.7595650570713656,0.9563269876819709,41.14036767547489,26.758984349445065,False,,,,False,,,,False,,,,0.0,,0.0
1806,Cervix,0,neoplastic,neoplastic,284,1806__ch0__id284,1144.0,188,146,224,188,205.7465034965035,168.0305944055944,0.6340968783695533,0.9711375212224108,43.58083895378518,33.69904114545788,True,51.0,0.8010471204188482,0.8024475524475524,True,51.0,0.8010471204188482,0.8024475524475524,True,51.0,0.8010471204188482,0.8024475524475524,0.8010471204188482,51.0,0.8024475524475524
1806,Cervix,0,neoplastic,neoplastic,315,1806__ch0__id315,676.0,233,118,256,155,244.60207100591717,135.91272189349112,0.7740490686887881,0.9670958512160229,36.95988622833364,23.400250549575283,False,,,,False,,,,False,,,,0.0,,0.0
1806,Cervix,0,neoplastic,neoplastic,331,1806__ch0__id331,8.0,255,75,256,99,255.0,86.5,1.0,0.3333333333333333,40.24922359499622,0.0,False,,,,False,,,,False,,,,0.0,,0.0
1806,Cervix,1,inflammatory,normal,135,1806__ch1__id135,29.0,0,31,3,44,0.7586206896551724,37.275862068965516,0.9691978890834657,0.90625,12.515024168954918,3.0822411454226115,False,,,,False,,,,False,,,,0.0,,0.0
1806,Cervix,1,inflammatory,normal,136,1806__ch1__id136,75.0,0,149,7,163,2.466666666666667,154.82666666666665,0.8464334897685962,0.974025974025974,13.761429638724465,7.327885011576,True,5.0,0.5333333333333333,0.5333333333333333,True,5.0,0.5333333333333333,0.5333333333333333,True,5.0,0.5333333333333333,0.5333333333333333,0.5333333333333333,5.0,0.5333333333333333
1806,Cervix,1,inflammatory,normal,138,1806__ch1__id138,121.0,0,4,7,26,2.5785123966942147,14.429752066115702,0.9335781935749717,0.952755905511811,21.271023541698042,7.622976822936389,True,1.0,0.7024793388429752,0.7024793388429752,True,1.0,0.7024793388429752,0.7024793388429752,True,1.0,0.7024793388429752,0.7024793388429752,0.7024793388429752,1.0,0.7024793388429752
1806,Cervix,1,inflammatory,normal,144,1806__ch1__id144,319.0,0,96,18,117,7.764890282131661,106.43887147335423,0.4712548992825456,0.9755351681957186,21.68320095229665,19.124519565725773,True,3.0,0.8680981595092024,0.8871473354231975,True,3.0,0.8680981595092024,0.8871473354231975,True,3.0,0.8680981595092024,0.8871473354231975,0.8680981595092024,3.0,0.8871473354231975
1806,Cervix,1,inflammatory,normal,148,1806__ch1__id148,398.0,0,164,19,190,8.665829145728644,176.45226130653268,0.6460238946648313,0.9567307692307693,26.0000217742141,19.84626347501034,False,,,,False,,,,False,,,,0.0,,0.0
1806,Cervix,1,inflammatory,normal,149,1806__ch1__id149,13.0,3,254,11,256,6.3076923076923075,254.6153846153846,0.9708987773387577,0.9285714285714286,8.06258714658329,1.9309107473937825,False,,,,False,,,,False,,,,0.0,,0.0
1806,Cervix,1,inflammatory,normal,152,1806__ch1__id152,376.0,6,0,21,34,12.773936170212766,17.090425531914892,0.9263947288613565,0.928395061728395,36.09009234446588,13.589863429447353,True,7.0,0.7606382978723404,0.7606382978723404,True,7.0,0.7606382978723404,0.7606382978723404,True,7.0,0.7606382978723404,0.7606382978723404,0.7606382978723404,7.0,0.7606382978723404
1806,Cervix,1,inflammatory,normal,153,1806__ch1__id153,296.0,6,60,25,85,14.888513513513514,72.36486486486487,0.8901908652676345,0.9456869009584664,28.79715448053811,13.119631620333026,True,6.0,0.7804054054054054,0.7804054054054054,True,6.0,0.7804054054054054,0.7804054054054054,True,6.0,0.7804054054054054,0.7804054054054054,0.7804054054054054,6.0,0.7804054054054054
1806,Cervix,1,inflammatory,normal,155,1806__ch1__id155,521.0,12,30,38,60,24.257197696737045,44.66602687140115,0.7675971198731907,0.9507299270072993,32.38471120119818,20.756418762755466,True,8.0,0.8387715930902111,0.8387715930902111,True,8.0,0.8387715930902111,0.8387715930902111,True,8.0,0.8387715930902111,0.8387715930902111,0.8387715930902111,8.0,0.8387715930902111
1806,Cervix,1,inflammatory,normal,156,1806__ch1__id156,503.0,14,115,36,145,25.021868787276343,129.28230616302187,0.7355902297313246,0.9580952380952381,30.80703495459838,20.869509846298484,True,10.0,0.5785288270377733,0.5785288270377733,True,10.0,0.5785288270377733,0.5785288270377733,True,10.0,0.5785288270377733,0.5785288270377733,0.5785288270377733,10.0,0.5785288270377733
1806,Cervix,1,inflammatory,normal,157,1806__ch1__id157,583.0,15,189,46,214,28.756432246998283,202.4991423670669,0.6983064838659647,0.9573070607553367,32.55480889433104,23.302696154078937,True,11.0,0.7307032590051458,0.7307032590051458,True,11.0,0.7307032590051458,0.7307032590051458,True,11.0,0.7307032590051458,0.7307032590051458,0.7307032590051458,11.0,0.7307032590051458
1806,Cervix,1,inflammatory,normal,158,1806__ch1__id158,268.0,21,4,42,21,30.82089552238806,12.078358208955224,0.6213380536383445,0.9469964664310954,20.946199987056936,16.412240226357966,True,13.0,0.34328358208955223,0.34328358208955223,True,13.0,0.34328358208955223,0.34328358208955223,False,,,,0.34328358208955223,13.0,0.34328358208955223
1806,Cervix,1,inflammatory,normal,159,1806__ch1__id159,246.0,21,58,41,77,29.88617886178862,68.28455284552845,0.8102257778585685,0.9534883720930233,23.5341254080714,13.79377208608644,True,12.0,0.7947761194029851,0.8658536585365854,True,12.0,0.7947761194029851,0.8658536585365854,True,12.0,0.7947761194029851,0.8658536585365854,0.7947761194029851,12.0,0.8658536585365854
1806,Cervix,1,inflammatory,normal,162,1806__ch1__id162,246.0,25,81,40,103,32.58130081300813,91.03658536585365,0.745946900386514,0.9534883720930233,21.767626136116196,14.497357025335246,True,14.0,0.8699186991869918,0.8699186991869918,True,14.0,0.8699186991869918,0.8699186991869918,True,14.0,0.8699186991869918,0.8699186991869918,0.8699186991869918,14.0,0.8699186991869918
1806,Cervix,1,inflammatory,normal,163,1806__ch1__id163,372.0,27,222,49,246,37.755376344086024,234.02956989247312,0.503377634526544,0.9587628865979382,23.460806222280418,20.271697271333554,True,15.0,0.717741935483871,0.717741935483871,True,15.0,0.717741935483871,0.717741935483871,True,15.0,0.717741935483871,0.717741935483871,0.717741935483871,15.0,0.717741935483871
1806,Cervix,1,inflammatory,normal,165,1806__ch1__id165,29.0,31,253,44,256,36.62068965517241,254.27586206896552,0.9741499010781678,0.8787878787878788,13.05392541946406,2.9489152747490017,False,,,,False,,,,False,,,,0.0,,0.0
1806,Cervix,1,inflammatory,normal,168,1806__ch1__id168,81.0,31,56,42,69,36.39506172839506,62.25925925925926,0.8442070185664009,0.9101123595505618,14.095988684902695,7.555693321091505,False,,,,False,,,,False,,,,0.3248730964467005,16.0,0.7901234567901234
1806,Cervix,1,inflammatory,normal,170,1806__ch1__id170,248.0,34,9,51,34,41.75,24.14516129032258,0.6782874110648964,0.8266666666666667,21.98166106235409,16.152051974135237,True,17.0,0.6875,0.842741935483871,True,17.0,0.6875,0.842741935483871,True,17.0,0.6875,0.842741935483871,0.6875,17.0,0.842741935483871
1806,Cervix,1,inflammatory,normal,171,1806__ch1__id171,187.0,35,50,52,67,43.70053475935829,57.39572192513369,0.7186075317807868,0.8947368421052632,19.00356069906056,13.215377464630551,True,16.0,0.40076335877862596,0.5614973262032086,True,16.0,0.40076335877862596,0.5614973262032086,False,,,,0.40076335877862596,16.0,0.5614973262032086
1806,Cervix,1,inflammatory,normal,175,1806__ch1__id175,276.0,36,124,52,148,44.666666666666664,136.68478260869566,0.7769877877028156,0.9550173010380623,24.006375783218886,15.112389716094045,True,18.0,0.822463768115942,0.822463768115942,True,18.0,0.822463768115942,0.822463768115942,True,18.0,0.822463768115942,0.822463768115942,0.822463768115942,18.0,0.822463768115942
1806,Cervix,1,inflammatory,normal,178,1806__ch1__id178,406.0,43,0,61,35,52.529556650246306,15.48768472906404,0.9175044314913345,0.9398148148148148,36.47442077060933,14.506809294444606,True,20.0,0.8394160583941606,0.8497536945812808,True,20.0,0.8394160583941606,0.8497536945812808,True,20.0,0.8394160583941606,0.8497536945812808,0.8394160583941606,20.0,0.8497536945812808
1806,Cervix,1,inflammatory,normal,179,1806__ch1__id179,317.0,44,58,66,78,54.81072555205047,69.48895899053628,0.46281476601359806,0.9491017964071856,21.94813191805523,19.456031593057144,False,,,,False,,,,False,,,,0.0,,0.0
1806,Cervix,1,inflammatory,normal,180,1806__ch1__id180,290.0,45,102,66,127,55.07931034482758,114.43793103448276,0.9217432987210803,0.9539473684210527,31.150425329318505,12.080153066764677,True,21.0,0.7862068965517242,0.7862068965517242,True,21.0,0.7862068965517242,0.7862068965517242,True,21.0,0.7862068965517242,0.7862068965517242,0.7862068965517242,21.0,0.7862068965517242
1806,Cervix,1,inflammatory,normal,185,1806__ch1__id185,343.0,50,85,73,107,61.352769679300295,95.55685131195335,0.7379842276122928,0.9295392953929539,25.741042430650076,17.370517753854003,True,22.0,0.6196581196581197,0.8454810495626822,True,22.0,0.6196581196581197,0.8454810495626822,True,22.0,0.6196581196581197,0.8454810495626822,0.6196581196581197,22.0,0.8454810495626822
1806,Cervix,1,inflammatory,normal,186,1806__ch1__id186,383.0,51,208,75,231,62.63446475195823,218.96083550913838,0.6341721960579318,0.9527363184079602,25.21050716388293,19.492558491551154,False,,,,False,,,,False,,,,0.0,,0.0
1806,Cervix,1,inflammatory,normal,189,1806__ch1__id189,364.0,57,127,81,147,68.52472527472527,136.3901098901099,0.6671095928436084,0.9578947368421052,24.961370642081555,18.595212446115895,True,23.0,0.8763736263736264,0.8763736263736264,True,23.0,0.8763736263736264,0.8763736263736264,True,23.0,0.8763736263736264,0.8763736263736264,0.8763736263736264,23.0,0.8763736263736264
1806,Cervix,1,inflammatory,normal,191,1806__ch1__id191,283.0,62,47,80,69,70.97173144876325,57.802120141342755,0.8041432989574904,0.9496644295302014,24.665048874093124,14.661780474967594,True,24.0,0.8621908127208481,0.8621908127208481,True,24.0,0.8621908127208481,0.8621908127208481,True,24.0,0.8621908127208481,0.8621908127208481,0.8621908127208481,24.0,0.8621908127208481
1806,Cervix,1,inflammatory,normal,195,1806__ch1__id195,313.0,69,229,90,248,79.64856230031948,238.66453674121405,0.5026831154638436,0.9513677811550152,21.54391052028394,18.624080582870768,True,26.0,0.8945686900958466,0.8945686900958466,True,26.0,0.8945686900958466,0.8945686900958466,True,26.0,0.8945686900958466,0.8945686900958466,0.8945686900958466,26.0,0.8945686900958466
1806,Cervix,1,inflammatory,normal,196,1806__ch1__id196,395.0,69,19,85,51,76.67088607594937,35.245569620253164,0.8664158579065404,0.9564164648910412,31.852489386042393,15.904683837828289,True,25.0,0.8582278481012658,0.8582278481012658,True,25.0,0.8582278481012658,0.8582278481012658,True,25.0,0.8582278481012658,0.8582278481012658,0.8582278481012658,25.0,0.8582278481012658
1806,Cervix,1,inflammatory,normal,198,1806__ch1__id198,287.0,71,79,87,102,79.03484320557492,89.65156794425087,0.7301051932486318,0.9695945945945946,23.244112770359457,15.883510435086235,True,27.0,0.8408304498269896,0.8466898954703833,True,27.0,0.8408304498269896,0.8466898954703833,True,27.0,0.8408304498269896,0.8466898954703833,0.8408304498269896,27.0,0.8466898954703833
1806,Cervix,1,inflammatory,normal,200,1806__ch1__id200,375.0,74,188,100,211,87.57866666666666,198.34933333333333,0.7967318177843945,0.9213759213759214,28.869811011014946,17.44698034902863,True,28.0,0.7659033078880407,0.8026666666666666,True,28.0,0.7659033078880407,0.8026666666666666,True,28.0,0.7659033078880407,0.8026666666666666,0.7659033078880407,28.0,0.8026666666666666
1806,Cervix,1,inflammatory,normal,201,1806__ch1__id201,133.0,79,114,93,126,85.67669172932331,119.84962406015038,0.576615259302257,0.9637681159420289,14.399569739924555,11.76467621358454,True,29.0,0.5303867403314917,0.7218045112781954,True,29.0,0.5303867403314917,0.7218045112781954,True,29.0,0.5303867403314917,0.7218045112781954,0.5303867403314917,29.0,0.7218045112781954
1806,Cervix,1,inflammatory,normal,204,1806__ch1__id204,463.0,87,61,111,90,100.16630669546436,72.7732181425486,0.7842300858026507,0.9665970772442589,31.592554762877107,19.602236313800063,True,30.0,0.696911196911197,0.7796976241900648,True,30.0,0.696911196911197,0.7796976241900648,True,30.0,0.696911196911197,0.7796976241900648,0.696911196911197,30.0,0.7796976241900648
1806,Cervix,1,inflammatory,normal,205,1806__ch1__id205,318.0,89,227,111,249,99.0880503144654,238.8176100628931,0.8290702594294741,0.954954954954955,27.137528563322117,15.17379821508104,True,32.0,0.7578616352201258,0.7578616352201258,True,32.0,0.7578616352201258,0.7578616352201258,True,32.0,0.7578616352201258,0.7578616352201258,0.7578616352201258,32.0,0.7578616352201258
1806,Cervix,1,inflammatory,normal,208,1806__ch1__id208,351.0,89,84,107,111,97.4074074074074,98.11111111111111,0.7929097933524967,0.9435483870967742,27.282353494188005,16.624202951370712,True,31.0,0.6467236467236467,0.6467236467236467,True,31.0,0.6467236467236467,0.6467236467236467,True,31.0,0.6467236467236467,0.6467236467236467,0.6467236467236467,31.0,0.6467236467236467
1806,Cervix,1,inflammatory,normal,209,1806__ch1__id209,489.0,91,0,116,27,102.29038854805727,12.114519427402863,0.42898395814558016,0.9532163742690059,26.793798015365727,24.203162154637706,True,33.0,0.7784200385356455,0.8261758691206544,True,33.0,0.7784200385356455,0.8261758691206544,True,33.0,0.7784200385356455,0.8261758691206544,0.7784200385356455,33.0,0.8261758691206544
1806,Cervix,1,inflammatory,normal,214,1806__ch1__id214,356.0,95,112,115,137,104.72191011235955,123.7752808988764,0.7465784133748684,0.9246753246753247,26.64213698370356,17.7249453113798,True,34.0,0.547752808988764,0.547752808988764,True,34.0,0.547752808988764,0.547752808988764,True,34.0,0.547752808988764,0.547752808988764,0.547752808988764,34.0,0.547752808988764
1806,Cervix,1,inflammatory,normal,216,1806__ch1__id216,51.0,95,251,112,256,103.0,253.7058823529412,0.9538093740268146,0.864406779661017,15.441223155858463,4.638736653371372,False,,,,False,,,,False,,,,0.0,,0.0
1806,Cervix,1,inflammatory,normal,217,1806__ch1__id217,805.0,98,173,131,207,114.96024844720498,189.24099378881988,0.6885161243962723,0.9549228944246738,37.9420490727052,27.516372015862245,True,35.0,0.6708074534161491,0.6708074534161491,True,35.0,0.6708074534161491,0.6708074534161491,True,35.0,0.6708074534161491,0.6708074534161491,0.6708074534161491,35.0,0.6708074534161491
1806,Cervix,1,inflammatory,normal,218,1806__ch1__id218,274.0,98,197,117,216,106.17153284671532,207.0109489051095,0.5981657195505179,0.9716312056737588,21.080970091905982,16.893708234444365,True,36.0,0.6,0.6788321167883211,True,36.0,0.6,0.6788321167883211,True,36.0,0.6,0.6788321167883211,0.6,36.0,0.6788321167883211
1806,Cervix,1,inflammatory,normal,222,1806__ch1__id222,325.0,104,213,124,234,114.07384615384615,223.48307692307694,0.28331450779720496,0.9530791788856305,20.881687753991944,20.026103482375067,False,,,,False,,,,False,,,,0.0,,0.0
1806,Cervix,1,inflammatory,normal,224,1806__ch1__id224,56.0,107,42,115,52,110.55357142857143,46.875,0.5601253790948335,0.9655172413793104,9.313729026149487,7.715566202913572,False,,,,False,,,,False,,,,0.0,,0.0
1806,Cervix,1,inflammatory,normal,227,1806__ch1__id227,152.0,109,74,124,92,116.10526315789474,82.23684210526316,0.8651013769018515,0.8994082840236687,19.978354843809964,10.021083995178163,True,38.0,0.19736842105263158,0.19736842105263158,False,,,,False,,,,0.19736842105263158,38.0,0.19736842105263158
1806,Cervix,1,inflammatory,normal,228,1806__ch1__id228,373.0,113,231,137,253,124.57908847184987,241.35388739946382,0.7412129852268906,0.9539641943734015,26.653591944040343,17.89175463193383,True,37.0,0.7989276139410187,0.7989276139410187,True,37.0,0.7989276139410187,0.7989276139410187,True,37.0,0.7989276139410187,0.7989276139410187,0.7989276139410187,37.0,0.7989276139410187
1806,Cervix,1,inflammatory,normal,232,1806__ch1__id232,251.0,117,88,136,105,126.28286852589642,96.82470119521912,0.47812522224956394,0.9507575757575758,19.139128537087597,16.80973732052723,True,39.0,0.7301587301587301,0.7330677290836654,True,39.0,0.7301587301587301,0.7330677290836654,True,39.0,0.7301587301587301,0.7330677290836654,0.7301587301587301,39.0,0.7330677290836654
1806,Cervix,1,inflammatory,normal,233,1806__ch1__id233,255.0,117,142,132,165,124.6313725490196,152.98823529411766,0.7766538171250413,0.9514925373134329,22.78800061273965,14.354791748532971,True,40.0,0.7569444444444444,0.8549019607843137,True,40.0,0.7569444444444444,0.8549019607843137,True,40.0,0.7569444444444444,0.8549019607843137,0.7569444444444444,40.0,0.8549019607843137
1806,Cervix,1,inflammatory,normal,243,1806__ch1__id243,105.0,128,219,141,230,134.27619047619046,224.07619047619048,0.7414958921028963,0.9292035398230089,14.19040313971591,9.521156094764272,False,,,,False,,,,False,,,,0.0,,0.0
1806,Cervix,1,inflammatory,normal,245,1806__ch1__id245,488.0,131,151,154,183,142.2233606557377,167.36680327868854,0.8514434007680316,0.9549902152641878,34.48454812512994,18.085300697391897,True,41.0,0.8574181117533719,0.9118852459016393,True,41.0,0.8574181117533719,0.9118852459016393,True,41.0,0.8574181117533719,0.9118852459016393,0.8574181117533719,41.0,0.9118852459016393
1806,Cervix,1,inflammatory,normal,246,1806__ch1__id246,198.0,132,48,151,63,141.14646464646464,55.52020202020202,0.79039834112397,0.9611650485436893,20.34167184150492,12.4611704056288,True,42.0,0.7474747474747475,0.7474747474747475,True,42.0,0.7474747474747475,0.7474747474747475,True,42.0,0.7474747474747475,0.7474747474747475,0.7474747474747475,42.0,0.7474747474747475
1806,Cervix,1,inflammatory,normal,248,1806__ch1__id248,449.0,135,1,158,29,145.87305122494433,14.603563474387528,0.8341521670531287,0.9635193133047211,32.27630472199098,17.801491417377058,True,43.0,0.5167037861915368,0.5167037861915368,True,43.0,0.5167037861915368,0.5167037861915368,True,43.0,0.5167037861915368,0.5167037861915368,0.5167037861915368,43.0,0.5167037861915368
1806,Cervix,1,inflammatory,normal,251,1806__ch1__id251,343.0,141,202,165,222,152.0,212.50728862973762,0.7216856991323113,0.9397260273972603,25.423517472789005,17.598689728792255,True,44.0,0.793002915451895,0.793002915451895,True,44.0,0.793002915451895,0.793002915451895,True,44.0,0.793002915451895,0.793002915451895,0.793002915451895,44.0,0.793002915451895
1806,Cervix,1,inflammatory,normal,253,1806__ch1__id253,314.0,144,56,165,77,154.38216560509554,66.35668789808918,0.5940461391461753,0.9661538461538461,22.357865679179802,17.985359562513697,True,45.0,0.7101910828025477,0.7101910828025477,True,45.0,0.7101910828025477,0.7101910828025477,True,45.0,0.7101910828025477,0.7101910828025477,0.7101910828025477,45.0,0.7101910828025477
1806,Cervix,1,inflammatory,normal,267,1806__ch1__id267,313.0,159,110,179,131,168.45047923322684,119.65814696485623,0.6842599946197039,0.9571865443425076,23.407083922574866,17.06933826119222,True,47.0,0.8006329113924051,0.8083067092651757,True,47.0,0.8006329113924051,0.8083067092651757,True,47.0,0.8006329113924051,0.8083067092651757,0.8006329113924051,47.0,0.8083067092651757
1806,Cervix,1,inflammatory,normal,270,1806__ch1__id270,454.0,163,148,182,177,171.68281938325993,161.94493392070484,0.7498295841708605,0.9659574468085106,29.618978303604592,19.596834559471315,True,48.0,0.8215859030837004,0.8215859030837004,True,48.0,0.8215859030837004,0.8215859030837004,True,48.0,0.8215859030837004,0.8215859030837004,0.8215859030837004,48.0,0.8215859030837004
1806,Cervix,1,inflammatory,normal,274,1806__ch1__id274,280.0,173,213,189,235,180.68928571428572,223.41785714285714,0.7329677503469354,0.9621993127147767,22.915424581336506,15.588524361442383,True,49.0,0.8607142857142858,0.8607142857142858,True,49.0,0.8607142857142858,0.8607142857142858,True,49.0,0.8607142857142858,0.8607142857142858,0.8607142857142858,49.0,0.8607142857142858
1806,Cervix,1,inflammatory,normal,285,1806__ch1__id285,359.0,190,231,214,255,202.22284122562675,242.8941504178273,0.6883788568149559,0.9252577319587629,25.817469064202186,18.7267354794825,True,52.0,0.5222222222222223,0.5236768802228412,True,52.0,0.5222222222222223,0.5236768802228412,True,52.0,0.5222222222222223,0.5236768802228412,0.5222222222222223,52.0,0.5236768802228412
1806,Cervix,1,inflammatory,normal,293,1806__ch1__id293,492.0,200,188,234,209,216.96341463414635,198.0731707317073,0.8676246855227268,0.9318181818181818,35.75442835550214,17.777805241861167,False,,,,False,,,,False,,,,0.0,,0.0
1806,Cervix,1,inflammatory,normal,305,1806__ch1__id305,420.0,215,213,238,237,225.92857142857142,225.72142857142856,0.42365587634048507,0.9610983981693364,24.448355577734144,22.145888072603178,True,53.0,0.7595238095238095,0.7595238095238095,True,53.0,0.7595238095238095,0.7595238095238095,True,53.0,0.7595238095238095,0.7595238095238095,0.7595238095238095,53.0,0.7595238095238095
1806,Cervix,1,inflammatory,normal,320,1806__ch1__id320,88.0,242,247,256,256,247.5909090909091,252.10227272727272,0.8386609759412754,0.9361702127659575,14.92855355924481,8.130893501001406,False,,,,False,,,,False,,,,0.0,,0.0
1806,Cervix,2,connective,normal,145,1806__ch2__id145,150.0,0,132,13,146,5.846666666666667,138.72666666666666,0.23269000668688924,0.9433962264150944,14.054237433287248,13.668462042718334,True,4.0,0.62,0.62,True,4.0,0.62,0.62,True,4.0,0.62,0.62,0.62,4.0,0.62
1806,Cervix,2,connective,normal,176,1806__ch2__id176,329.0,39,163,70,178,54.58054711246201,169.4164133738602,0.8743649841772086,0.9454022988505747,29.828845305257683,14.475010001016203,True,19.0,0.7659574468085106,0.7659574468085106,True,19.0,0.7659574468085106,0.7659574468085106,True,19.0,0.7659574468085106,0.7659574468085106,0.7659574468085106,19.0,0.7659574468085106
1806,Cervix,2,connective,normal,263,1806__ch2__id263,282.0,155,229,177,251,165.25177304964538,239.7695035460993,0.8882391509062213,0.9527027027027027,28.05943102854124,12.889978880681563,True,46.0,0.75177304964539,0.75177304964539,True,46.0,0.75177304964539,0.75177304964539,True,46.0,0.75177304964539,0.75177304964539,0.75177304964539,46.0,0.75177304964539
1806,Cervix,2,connective,normal,282,1806__ch2__id282,268.0,187,107,205,128,195.96268656716418,117.69776119402985,0.6841901313948008,0.9469964664310954,21.812453689732944,15.907902842063837,True,50.0,0.6529850746268657,0.6529850746268657,True,50.0,0.6529850746268657,0.6529850746268657,True,50.0,0.6529850746268657,0.6529850746268657,0.6529850746268657,50.0,0.6529850746268657
1811,Cervix,0,neoplastic,neoplastic,498,1811__ch0__id498,227.0,0,30,8,62,3.2290748898678414,46.47577092511013,0.9640900222839092,0.9956140350877193,33.611647983681394,8.926435454456762,True,1.0,0.960352422907489,0.960352422907489,True,1.0,0.960352422907489,0.960352422907489,True,1.0,0.960352422907489,0.960352422907489,0.960352422907489,1.0,0.960352422907489
1811,Cervix,0,neoplastic,neoplastic,505,1811__ch0__id505,169.0,0,233,10,256,3.662721893491124,246.17751479289942,0.906468262153549,0.9602272727272727,23.364851576421863,9.866368190124044,True,4.0,0.7668393782383419,0.8757396449704142,True,4.0,0.7668393782383419,0.8757396449704142,True,4.0,0.7668393782383419,0.8757396449704142,0.7668393782383419,4.0,0.8757396449704142
1811,Cervix,0,neoplastic,neoplastic,515,1811__ch0__id515,658.0,0,200,27,234,12.858662613981762,216.64893617021278,0.7676012580658673,0.9676470588235294,36.167078643379476,23.1804823045762,True,3.0,0.9220588235294118,0.952887537993921,True,3.0,0.9220588235294118,0.952887537993921,True,3.0,0.9220588235294118,0.952887537993921,0.9220588235294118,3.0,0.952887537993921
1811,Cervix,0,neoplastic,neoplastic,524,1811__ch0__id524,637.0,15,94,41,124,28.27315541601256,108.10047095761381,0.6021378032441799,0.9754977029096478,32.00558219057883,25.553006393373497,True,6.0,0.9173166926677067,0.9230769230769231,True,6.0,0.9173166926677067,0.9230769230769231,True,6.0,0.9173166926677067,0.9230769230769231,0.9173166926677067,6.0,0.9230769230769231
1811,Cervix,0,neoplastic,neoplastic,526,1811__ch0__id526,664.0,17,127,42,160,28.5105421686747,143.4262048192771,0.6480571982072062,0.967930029154519,33.3735128467525,25.41698929592537,True,7.0,0.9251497005988024,0.9307228915662651,True,7.0,0.9251497005988024,0.9307228915662651,True,7.0,0.9251497005988024,0.9307228915662651,0.9251497005988024,7.0,0.9307228915662651
1811,Cervix,0,neoplastic,neoplastic,546,1811__ch0__id546,472.0,41,80,68,103,54.351694915254235,90.78389830508475,0.6877904122393838,0.9383697813121272,29.279920553178446,21.254567379122893,True,11.0,0.8652631578947368,0.8707627118644068,True,11.0,0.8652631578947368,0.8707627118644068,True,11.0,0.8652631578947368,0.8707627118644068,0.8652631578947368,11.0,0.8707627118644068
1811,Cervix,0,neoplastic,neoplastic,548,1811__ch0__id548,607.0,42,22,72,48,56.49093904448105,34.87314662273476,0.6228284816766447,0.9574132492113565,31.53331963785877,24.670357828298858,True,12.0,0.8764415156507414,0.8764415156507414,True,12.0,0.8764415156507414,0.8764415156507414,True,12.0,0.8764415156507414,0.8764415156507414,0.8764415156507414,12.0,0.8764415156507414
1811,Cervix,0,neoplastic,neoplastic,553,1811__ch0__id553,407.0,48,202,70,227,58.992628992628994,213.48157248157247,0.5585478907395249,0.9531615925058547,25.288808923225226,20.97636585063596,True,13.0,0.8259860788863109,0.8746928746928747,True,13.0,0.8259860788863109,0.8746928746928747,True,13.0,0.8259860788863109,0.8746928746928747,0.8259860788863109,13.0,0.8746928746928747
1811,Cervix,0,neoplastic,neoplastic,581,1811__ch0__id581,485.0,95,21,123,46,107.51958762886598,31.79381443298969,0.7265751593887095,0.9509803921568627,30.504479402171068,20.959231065635947,True,14.0,0.8556701030927835,0.8556701030927835,True,14.0,0.8556701030927835,0.8556701030927835,True,14.0,0.8556701030927835,0.8556701030927835,0.8556701030927835,14.0,0.8556701030927835
1811,Cervix,0,neoplastic,neoplastic,582,1811__ch0__id582,567.0,96,122,125,151,109.88712522045856,135.29276895943562,0.7163841772597089,0.9742268041237113,32.38950002956281,22.598349624929618,True,15.0,0.906896551724138,0.927689594356261,True,15.0,0.906896551724138,0.927689594356261,True,15.0,0.906896551724138,0.927689594356261,0.906896551724138,15.0,0.927689594356261
1811,Cervix,0,neoplastic,neoplastic,583,1811__ch0__id583,630.0,95,201,122,231,107.79206349206349,216.04603174603176,0.6614676083221628,0.9662576687116564,32.739416138067014,24.553702201709484,True,16.0,0.2938388625592417,0.29523809523809524,True,16.0,0.2938388625592417,0.29523809523809524,False,,,,0.2938388625592417,16.0,0.29523809523809524
1811,Cervix,0,neoplastic,neoplastic,591,1811__ch0__id591,687.0,117,52,151,78,132.4250363901019,63.7467248908297,0.6799266658474432,0.9703389830508474,34.75839498768334,25.48763992154456,True,17.0,0.7972972972972973,0.858806404657933,True,17.0,0.7972972972972973,0.858806404657933,True,17.0,0.7972972972972973,0.858806404657933,0.7972972972972973,17.0,0.858806404657933
1811,Cervix,0,neoplastic,neoplastic,625,1811__ch0__id625,365.0,200,92,228,110,213.82465753424657,100.25753424657535,0.8519443776210742,0.9505208333333334,29.85852382044133,15.634887269954657,True,26.0,0.8396739130434783,0.8465753424657534,True,26.0,0.8396739130434783,0.8465753424657534,True,26.0,0.8396739130434783,0.8465753424657534,0.8396739130434783,26.0,0.8465753424657534
1811,Cervix,0,neoplastic,neoplastic,628,1811__ch0__id628,841.0,207,194,243,226,225.94173602853746,208.4601664684899,0.692699649247405,0.9600456621004566,38.7823687508586,27.9708594831123,True,27.0,0.8920521945432978,0.8941736028537456,True,27.0,0.8920521945432978,0.8941736028537456,True,27.0,0.8920521945432978,0.8941736028537456,0.8920521945432978,27.0,0.8941736028537456
1811,Cervix,0,neoplastic,neoplastic,629,1811__ch0__id629,585.0,209,0,250,23,230.43931623931624,10.697435897435897,0.9070976897064874,0.962171052631579,42.247170203910514,17.782685653556886,True,28.0,0.8890784982935154,0.8905982905982905,True,28.0,0.8890784982935154,0.8905982905982905,True,28.0,0.8890784982935154,0.8905982905982905,0.8890784982935154,28.0,0.8905982905982905
1811,Cervix,0,neoplastic,neoplastic,639,1811__ch0__id639,582.0,227,114,255,141,241.57731958762886,126.57388316151203,0.5323444671884862,0.9432739059967585,29.864325381225775,25.280982582125297,True,31.0,0.8639344262295082,0.9054982817869416,True,31.0,0.8639344262295082,0.9054982817869416,True,31.0,0.8639344262295082,0.9054982817869416,0.8639344262295082,31.0,0.9054982817869416
1811,Cervix,0,neoplastic,neoplastic,640,1811__ch0__id640,103.0,234,243,246,256,240.88349514563106,250.40776699029126,0.7349100812359782,0.9279279279279279,14.512888153696345,9.842126431098704,True,33.0,0.7115384615384616,0.7184466019417476,True,33.0,0.7115384615384616,0.7184466019417476,True,33.0,0.7115384615384616,0.7184466019417476,0.7115384615384616,33.0,0.7184466019417476
1811,Cervix,0,neoplastic,neoplastic,645,1811__ch0__id645,201.0,141,246,176,256,160.34825870646767,252.08955223880596,0.9602626289428613,0.9013452914798207,32.26883644383722,9.006167127140046,False,,,,False,,,,False,,,,0.0,,0.0
1811,Cervix,1,inflammatory,normal,512,1811__ch1__id512,291.0,0,126,13,153,5.2646048109965635,138.64948453608247,0.8709702389784815,0.9732441471571907,27.97910891246315,13.747137133380587,True,2.0,0.88125,0.9690721649484536,True,2.0,0.88125,0.9690721649484536,True,2.0,0.88125,0.9690721649484536,0.88125,2.0,0.9690721649484536
1811,Cervix,1,inflammatory,normal,528,1811__ch1__id528,330.0,18,168,42,189,30.060606060606062,179.13939393939393,0.831028294100742,0.9565217391304348,27.582637842425562,15.34229465146651,False,,,,False,,,,False,,,,0.0,,0.0
1811,Cervix,1,inflammatory,normal,532,1811__ch1__id532,381.0,25,234,51,256,37.3989501312336,245.2782152230971,0.8259837646898428,0.957286432160804,29.426635516406378,16.587615135752156,True,8.0,0.8772378516624041,0.9002624671916011,True,8.0,0.8772378516624041,0.9002624671916011,True,8.0,0.8772378516624041,0.9002624671916011,0.8772378516624041,8.0,0.9002624671916011
1811,Cervix,1,inflammatory,normal,567,1811__ch1__id567,204.0,71,179,87,195,78.42156862745098,186.49019607843138,0.6021860420638282,0.9760765550239234,18.054128814151532,14.413618309689003,False,,,,False,,,,False,,,,0.0,,0.0
1811,Cervix,1,inflammatory,normal,598,1811__ch1__id598,286.0,145,162,162,184,152.77272727272728,173.17832167832168,0.7219092236192894,0.9629629629629629,22.970655025237722,15.895412330151343,True,19.0,0.8496503496503497,0.8496503496503497,True,19.0,0.8496503496503497,0.8496503496503497,True,19.0,0.8496503496503497,0.8496503496503497,0.8496503496503497,19.0,0.8496503496503497
1811,Cervix,1,inflammatory,normal,607,1811__ch1__id607,243.0,163,199,183,217,172.38683127572017,207.78189300411523,0.7673154952359316,0.9418604651162791,22.11369967419383,14.180847325566523,True,22.0,0.8582995951417004,0.8724279835390947,True,22.0,0.8582995951417004,0.8724279835390947,True,22.0,0.8582995951417004,0.8724279835390947,0.8582995951417004,22.0,0.8724279835390947
1811,Cervix,1,inflammatory,normal,613,1811__ch1__id613,412.0,177,200,196,230,186.49514563106797,215.12135922330097,0.802411980973702,0.9471264367816092,29.734651706468927,17.74476254565463,True,24.0,0.87409200968523,0.8762135922330098,True,24.0,0.87409200968523,0.8762135922330098,True,24.0,0.87409200968523,0.8762135922330098,0.87409200968523,24.0,0.8762135922330098
1811,Cervix,1,inflammatory,normal,636,1811__ch1__id636,341.0,216,66,238,87,227.1818181818182,76.0,0.6038407562215667,0.952513966480447,23.392699712513974,18.646437318880555,True,30.0,0.8651026392961877,0.8651026392961877,True,30.0,0.8651026392961877,0.8651026392961877,True,30.0,0.8651026392961877,0.8651026392961877,0.8651026392961877,30.0,0.8651026392961877
1811,Cervix,1,inflammatory,normal,641,1811__ch1__id641,608.0,230,167,255,199,243.46052631578948,182.47697368421052,0.6538732170838094,0.9728,32.306974768233836,24.443590675103678,True,32.0,0.8613376835236541,0.868421052631579,True,32.0,0.8613376835236541,0.868421052631579,True,32.0,0.8613376835236541,0.868421052631579,0.8613376835236541,32.0,0.868421052631579
1811,Cervix,2,connective,normal,537,1811__ch2__id537,391.0,28,57,56,74,41.87979539641944,65.42455242966751,0.8127675677411942,0.9490291262135923,29.456482384626113,17.160995765533183,True,9.0,0.773955773955774,0.8056265984654731,True,9.0,0.773955773955774,0.8056265984654731,True,9.0,0.773955773955774,0.8056265984654731,0.773955773955774,9.0,0.8056265984654731
1811,Cervix,2,connective,normal,619,1811__ch2__id619,447.0,188,13,216,35,201.64876957494408,23.536912751677853,0.7920987273328958,0.9654427645788337,30.562019517669565,18.65484257187628,True,25.0,0.9457700650759219,0.9753914988814317,True,25.0,0.9457700650759219,0.9753914988814317,True,25.0,0.9457700650759219,0.9753914988814317,0.9457700650759219,25.0,0.9753914988814317
1820,Cervix,0,neoplastic,neoplastic,217,1820__ch0__id217,13.0,0,90,2,98,0.38461538461538464,93.6923076923077,0.9708987773387577,0.9285714285714286,8.06258714658329,1.9309107473937825,False,,,,False,,,,False,,,,0.0,,0.0
1820,Cervix,0,neoplastic,neoplastic,228,1820__ch0__id228,128.0,0,0,12,12,5.3984375,4.9453125,0.21344585322137696,0.9770992366412213,13.090437384183199,12.78876688605195,True,1.0,0.7424242424242424,0.765625,True,1.0,0.7424242424242424,0.765625,True,1.0,0.7424242424242424,0.765625,0.7424242424242424,1.0,0.765625
1820,Cervix,0,neoplastic,neoplastic,229,1820__ch0__id229,565.0,0,115,22,145,9.561061946902655,130.06725663716813,0.6504293723676309,0.9792027729636048,31.159064151656807,23.667388759582327,False,,,,False,,,,False,,,,0.0,,0.0
1820,Cervix,0,neoplastic,neoplastic,241,1820__ch0__id241,556.0,11,10,32,46,21.827338129496404,27.25179856115108,0.8450771054836425,0.9553264604810997,36.60075681957512,19.56839142653188,True,3.0,0.8978494623655914,0.9010791366906474,True,3.0,0.8978494623655914,0.9010791366906474,True,3.0,0.8978494623655914,0.9010791366906474,0.8978494623655914,3.0,0.9010791366906474
1820,Cervix,0,neoplastic,neoplastic,242,1820__ch0__id242,401.0,15,62,35,91,24.713216957605987,76.58354114713217,0.8596367804085596,0.9479905437352246,31.85358973018012,16.274179669423148,True,4.0,0.9064039408866995,0.9177057356608479,True,4.0,0.9064039408866995,0.9177057356608479,True,4.0,0.9064039408866995,0.9177057356608479,0.9064039408866995,4.0,0.9177057356608479
1820,Cervix,0,neoplastic,neoplastic,246,1820__ch0__id246,483.0,20,200,49,224,33.519668737060044,212.34989648033127,0.7766572249613874,0.9640718562874252,31.322273902706154,19.73063488973828,True,5.0,0.943089430894309,0.9606625258799172,True,5.0,0.943089430894309,0.9606625258799172,True,5.0,0.943089430894309,0.9606625258799172,0.943089430894309,5.0,0.9606625258799172
1820,Cervix,0,neoplastic,neoplastic,253,1820__ch0__id253,435.0,32,0,58,20,44.80689655172414,8.259770114942528,0.6124132438442509,0.9841628959276018,27.050850086536922,21.384719610245334,True,7.0,0.8672768878718535,0.871264367816092,True,7.0,0.8672768878718535,0.871264367816092,True,7.0,0.8672768878718535,0.871264367816092,0.8672768878718535,7.0,0.871264367816092
1820,Cervix,0,neoplastic,neoplastic,254,1820__ch0__id254,500.0,31,39,51,71,40.742,54.78,0.7643903871117432,0.9633911368015414,31.4373403513249,20.26934156885613,True,6.0,0.8912213740458015,0.934,True,6.0,0.8912213740458015,0.934,True,6.0,0.8912213740458015,0.934,0.8912213740458015,6.0,0.934
1820,Cervix,0,neoplastic,neoplastic,255,1820__ch0__id255,43.0,42,253,61,256,51.2093023255814,254.2325581395349,0.9859817222967872,0.8958333333333334,18.474412709130426,3.0825178098192243,False,,,,False,,,,False,,,,0.0,,0.0
1820,Cervix,0,neoplastic,neoplastic,257,1820__ch0__id257,1362.0,35,175,79,218,57.226138032305435,196.15859030837004,0.7593676731928249,0.9763440860215054,51.682050761978715,33.62753454540472,True,8.0,0.9406158357771262,0.9419970631424376,True,8.0,0.9406158357771262,0.9419970631424376,True,8.0,0.9406158357771262,0.9419970631424376,0.9406158357771262,8.0,0.9419970631424376
1820,Cervix,0,neoplastic,neoplastic,262,1820__ch0__id262,771.0,54,70,88,103,70.72243839169909,86.38391699092088,0.7952321075479625,0.96375,40.3427098564576,24.459991427083615,True,9.0,0.8560311284046692,0.8560311284046692,True,9.0,0.8560311284046692,0.8560311284046692,True,9.0,0.8560311284046692,0.8560311284046692,0.8560311284046692,9.0,0.8560311284046692
1820,Cervix,0,neoplastic,neoplastic,265,1820__ch0__id265,654.0,56,1,81,34,68.95871559633028,17.363914373088686,0.6902228564772541,0.96602658788774,34.04230058535127,24.63290163653743,True,11.0,0.8759342301943199,0.8960244648318043,True,11.0,0.8759342301943199,0.8960244648318043,True,11.0,0.8759342301943199,0.8960244648318043,0.8759342301943199,11.0,0.8960244648318043
1820,Cervix,0,neoplastic,neoplastic,266,1820__ch0__id266,455.0,56,37,80,62,68.28791208791209,48.716483516483514,0.6788407513688807,0.959915611814346,28.160201071812224,20.677628067553314,True,10.0,0.7142857142857143,0.8791208791208791,True,10.0,0.7142857142857143,0.8791208791208791,True,10.0,0.7142857142857143,0.8791208791208791,0.7142857142857143,10.0,0.8791208791208791
1820,Cervix,0,neoplastic,neoplastic,267,1820__ch0__id267,1261.0,61,113,98,159,79.0975416336241,135.60428231562253,0.7741995123951614,0.9722436391673092,50.39680866783824,31.89823854431,True,12.0,0.8961141950832673,0.8961141950832673,True,12.0,0.8961141950832673,0.8961141950832673,True,12.0,0.8961141950832673,0.8961141950832673,0.8961141950832673,12.0,0.8961141950832673
1820,Cervix,0,neoplastic,neoplastic,277,1820__ch0__id277,481.0,74,238,108,256,89.58835758835758,247.77754677754677,0.8459654777153784,0.9639278557114228,34.56955592390455,18.43378938270427,True,13.0,0.7656565656565657,0.7879417879417879,True,13.0,0.7656565656565657,0.7879417879417879,True,13.0,0.7656565656565657,0.7879417879417879,0.7656565656565657,13.0,0.7879417879417879
1820,Cervix,0,neoplastic,neoplastic,280,1820__ch0__id280,758.0,82,166,113,203,96.71108179419525,184.80870712401057,0.846389519074285,0.963151207115629,42.65445206592578,22.716240343280703,True,15.0,0.8009708737864077,0.8707124010554089,True,15.0,0.8009708737864077,0.8707124010554089,True,15.0,0.8009708737864077,0.8707124010554089,0.8009708737864077,15.0,0.8707124010554089
1820,Cervix,0,neoplastic,neoplastic,281,1820__ch0__id281,716.0,83,33,110,67,96.3268156424581,51.252793296089386,0.6141523403073932,0.9688768606224628,34.204887061804214,26.99406915072838,True,14.0,0.9106145251396648,0.9106145251396648,True,14.0,0.9106145251396648,0.9106145251396648,True,14.0,0.9106145251396648,0.9106145251396648,0.9106145251396648,14.0,0.9106145251396648
1820,Cervix,0,neoplastic,neoplastic,282,1820__ch0__id282,495.0,86,202,110,230,98.12323232323233,215.67474747474748,0.6969458951544704,0.9593023255813954,29.68357370309919,21.28679457832244,False,,,,False,,,,False,,,,0.0,,0.0
1820,Cervix,0,neoplastic,neoplastic,284,1820__ch0__id284,577.0,89,70,115,105,102.34488734835355,85.61871750433275,0.8647481398364464,0.9397394136807817,38.91285765488698,19.542262386407405,True,16.0,0.7378048780487805,0.8388214904679376,True,16.0,0.7378048780487805,0.8388214904679376,True,16.0,0.7378048780487805,0.8388214904679376,0.7378048780487805,16.0,0.8388214904679376
1820,Cervix,0,neoplastic,neoplastic,285,1820__ch0__id285,675.0,92,108,122,140,107.05925925925926,122.82962962962964,0.7564496451434891,0.9698275862068966,36.37046870640935,23.78817545333095,True,17.0,0.8671428571428571,0.8992592592592593,True,17.0,0.8671428571428571,0.8992592592592593,True,17.0,0.8671428571428571,0.8992592592592593,0.8671428571428571,17.0,0.8992592592592593
1820,Cervix,0,neoplastic,neoplastic,296,1820__ch0__id296,792.0,105,157,135,193,120.49368686868686,174.1401515151515,0.7612930200988479,0.9682151589242054,39.631205043116275,25.697190493868874,True,18.0,0.8825757575757576,0.8825757575757576,True,18.0,0.8825757575757576,0.8825757575757576,True,18.0,0.8825757575757576,0.8825757575757576,0.8825757575757576,18.0,0.8825757575757576
1820,Cervix,0,neoplastic,neoplastic,297,1820__ch0__id297,308.0,106,0,125,19,114.49350649350649,7.990259740259741,0.4595744133244484,0.9777777777777777,21.396238027750545,19.002839170933115,True,20.0,0.7802547770700637,0.7954545454545454,True,20.0,0.7802547770700637,0.7954545454545454,True,20.0,0.7802547770700637,0.7954545454545454,0.7802547770700637,20.0,0.7954545454545454
1820,Cervix,0,neoplastic,neoplastic,303,1820__ch0__id303,557.0,112,74,132,108,121.8132854578097,91.07001795332137,0.8097010236453511,0.9298831385642737,35.07962759674351,20.5862203182039,True,19.0,0.7371273712737128,0.9766606822262118,True,19.0,0.7371273712737128,0.9766606822262118,True,19.0,0.7371273712737128,0.9766606822262118,0.7371273712737128,19.0,0.9766606822262118
1820,Cervix,0,neoplastic,neoplastic,307,1820__ch0__id307,442.0,129,119,156,146,141.26470588235293,132.4502262443439,0.8596607263807802,0.9587852494577006,33.43404982212886,17.08029853577341,True,21.0,0.8058690744920993,0.8076923076923077,True,21.0,0.8058690744920993,0.8076923076923077,True,21.0,0.8058690744920993,0.8076923076923077,0.8058690744920993,21.0,0.8076923076923077
1820,Cervix,0,neoplastic,neoplastic,308,1820__ch0__id308,530.0,131,205,160,228,145.5641509433962,215.90377358490565,0.6213950419994111,0.9618874773139746,29.50741234276453,23.118981340347638,False,,,,False,,,,False,,,,0.0,,0.0
1820,Cervix,0,neoplastic,neoplastic,314,1820__ch0__id314,409.0,140,161,165,184,152.26161369193153,172.1124694376528,0.779112224231557,0.9623529411764706,28.90269395371702,18.11865005741602,True,24.0,0.754257907542579,0.7579462102689487,True,24.0,0.754257907542579,0.7579462102689487,True,24.0,0.754257907542579,0.7579462102689487,0.754257907542579,24.0,0.7579462102689487
1820,Cervix,0,neoplastic,neoplastic,315,1820__ch0__id315,674.0,140,80,165,117,152.58160237388725,97.31305637982196,0.8034235050362638,0.9628571428571429,38.0097081844291,22.631283854801335,True,23.0,0.8560830860534124,0.8560830860534124,True,23.0,0.8560830860534124,0.8560830860534124,True,23.0,0.8560830860534124,0.8560830860534124,0.8560830860534124,23.0,0.8560830860534124
1820,Cervix,0,neoplastic,neoplastic,329,1820__ch0__id329,574.0,163,73,187,103,174.8432055749129,87.93554006968641,0.5956200213535712,0.959866220735786,30.19362770080557,24.253524385771748,True,26.0,0.8083623693379791,0.8083623693379791,True,26.0,0.8083623693379791,0.8083623693379791,True,26.0,0.8083623693379791,0.8083623693379791,0.8083623693379791,26.0,0.8083623693379791
1820,Cervix,0,neoplastic,neoplastic,336,1820__ch0__id336,637.0,170,114,198,145,183.6640502354788,129.43799058084772,0.7398973971200863,0.9651515151515152,34.7410183384562,23.3709686470862,True,29.0,0.8916797488226059,0.8916797488226059,True,29.0,0.8916797488226059,0.8916797488226059,True,29.0,0.8916797488226059,0.8916797488226059,0.8916797488226059,29.0,0.8916797488226059
1820,Cervix,0,neoplastic,neoplastic,337,1820__ch0__id337,223.0,172,16,187,34,179.23766816143498,24.295964125560538,0.6048067819453901,0.9867256637168141,18.921794132244482,15.068791718932815,True,28.0,0.8208333333333333,0.8834080717488789,True,28.0,0.8208333333333333,0.8834080717488789,True,28.0,0.8208333333333333,0.8834080717488789,0.8208333333333333,28.0,0.8834080717488789
1820,Cervix,0,neoplastic,neoplastic,347,1820__ch0__id347,348.0,193,164,214,187,203.6005747126437,174.61494252873564,0.7128259164112362,0.96398891966759,25.21092308934267,17.681454273020243,True,32.0,0.8188775510204082,0.9224137931034483,True,32.0,0.8188775510204082,0.9224137931034483,True,32.0,0.8188775510204082,0.9224137931034483,0.8188775510204082,32.0,0.9224137931034483
1820,Cervix,0,neoplastic,neoplastic,348,1820__ch0__id348,553.0,198,40,220,71,208.66907775768536,55.142857142857146,0.7110864095486419,0.9718804920913884,31.675837718024965,22.271428100731043,True,33.0,0.7756183745583038,0.7938517179023508,True,33.0,0.7756183745583038,0.7938517179023508,True,33.0,0.7756183745583038,0.7938517179023508,0.7756183745583038,33.0,0.7938517179023508
1820,Cervix,0,neoplastic,neoplastic,352,1820__ch0__id352,859.0,204,116,235,160,218.64260768335274,138.54132712456345,0.8962773977739961,0.9576365663322185,49.88230812872479,22.122498636421017,True,35.0,0.8451688009313155,0.8451688009313155,True,35.0,0.8451688009313155,0.8451688009313155,True,35.0,0.8451688009313155,0.8451688009313155,0.8451688009313155,35.0,0.8451688009313155
1820,Cervix,0,neoplastic,neoplastic,353,1820__ch0__id353,506.0,206,202,235,230,219.3320158102767,216.22529644268775,0.8697738188066747,0.9656488549618321,36.252243371879715,17.888691591362747,True,36.0,0.9274509803921569,0.9347826086956522,True,36.0,0.9274509803921569,0.9347826086956522,True,36.0,0.9274509803921569,0.9347826086956522,0.9274509803921569,36.0,0.9347826086956522
1820,Cervix,0,neoplastic,neoplastic,354,1820__ch0__id354,40.0,213,0,227,4,219.675,1.125,0.9511866913999114,0.9302325581395349,13.31105863021153,4.108006589949815,False,,,,False,,,,False,,,,0.0,,0.0
1820,Cervix,0,neoplastic,neoplastic,362,1820__ch0__id362,817.0,221,102,256,137,237.68788249694003,120.1015911872705,0.8078567451981381,0.9634433962264151,42.23550799955877,24.89271694018212,True,37.0,0.8569682151589242,0.8580171358629131,True,37.0,0.8569682151589242,0.8580171358629131,True,37.0,0.8569682151589242,0.8580171358629131,0.8569682151589242,37.0,0.8580171358629131
1820,Cervix,0,neoplastic,neoplastic,363,1820__ch0__id363,1225.0,222,59,256,106,238.6334693877551,82.30857142857143,0.7674303440606064,0.9714512291831879,49.42032547053864,31.684968512471986,True,38.0,0.8677551020408163,0.8677551020408163,True,38.0,0.8677551020408163,0.8677551020408163,True,38.0,0.8677551020408163,0.8677551020408163,0.8677551020408163,38.0,0.8677551020408163
1820,Cervix,0,neoplastic,neoplastic,364,1820__ch0__id364,540.0,227,199,256,223,241.47222222222223,210.59074074074073,0.7360473499719784,0.9712230215827338,31.897148270411837,21.592138315054875,True,39.0,0.8985239852398524,0.9018518518518519,True,39.0,0.8985239852398524,0.9018518518518519,True,39.0,0.8985239852398524,0.9018518518518519,0.8985239852398524,39.0,0.9018518518518519
1820,Cervix,0,neoplastic,neoplastic,375,1820__ch0__id375,332.0,234,238,256,256,245.70481927710844,247.5632530120482,0.6721319728719054,0.9707602339181286,24.45749112053672,18.109093613593945,True,40.0,0.8614457831325302,0.8614457831325302,True,40.0,0.8614457831325302,0.8614457831325302,True,40.0,0.8614457831325302,0.8614457831325302,0.8614457831325302,40.0,0.8614457831325302
1820,Cervix,0,neoplastic,neoplastic,378,1820__ch0__id378,168.0,243,0,256,17,250.27380952380952,6.898809523809524,0.78178300180929,0.96,19.0835140957963,11.899536470535052,False,,,,False,,,,False,,,,0.0,,0.0
1820,Cervix,0,neoplastic,neoplastic,379,1820__ch0__id379,354.0,241,168,256,197,248.5677966101695,182.5,0.850331740434057,0.9645776566757494,29.42965873467212,15.487270352783733,True,41.0,0.7893258426966292,0.7937853107344632,True,41.0,0.7893258426966292,0.7937853107344632,True,41.0,0.7893258426966292,0.7937853107344632,0.7893258426966292,41.0,0.7937853107344632
1820,Cervix,0,neoplastic,neoplastic,383,1820__ch0__id383,95.0,248,144,256,162,252.37894736842105,152.82105263157894,0.8633721625685513,0.95,16.39509064014064,8.272432282319496,True,42.0,0.5408163265306123,0.5578947368421052,True,42.0,0.5408163265306123,0.5578947368421052,True,42.0,0.5408163265306123,0.5578947368421052,0.5408163265306123,42.0,0.5578947368421052
1820,Cervix,0,neoplastic,neoplastic,384,1820__ch0__id384,8.0,255,63,256,71,255.0,66.5,1.0,1.0,9.16515138991168,0.0,False,,,,False,,,,False,,,,0.0,,0.0
1820,Cervix,1,inflammatory,normal,226,1820__ch1__id226,25.0,0,205,3,216,0.8,210.28,0.9524976486000858,0.9615384615384616,10.466396379733967,3.1874985211434574,False,,,,False,,,,False,,,,0.0,,0.0
1820,Cervix,1,inflammatory,normal,231,1820__ch1__id231,31.0,0,35,3,47,0.9032258064516129,40.354838709677416,0.9634347016812932,0.96875,12.174816629930406,3.262159717323264,False,,,,False,,,,False,,,,0.0,,0.0
1820,Cervix,1,inflammatory,normal,236,1820__ch1__id236,114.0,0,46,11,59,4.385964912280702,51.76315789473684,0.5257896947405593,0.9421487603305785,13.175023743348646,11.206867545022527,True,2.0,0.5614035087719298,0.5614035087719298,True,2.0,0.5614035087719298,0.5614035087719298,True,2.0,0.5614035087719298,0.5614035087719298,0.5614035087719298,2.0,0.5614035087719298
1820,Cervix,1,inflammatory,normal,330,1820__ch1__id330,136.0,165,46,180,58,171.72058823529412,51.419117647058826,0.6157054823651853,0.9379310344827586,14.84070612447623,11.694125733676314,True,27.0,0.6691176470588235,0.6691176470588235,True,27.0,0.6691176470588235,0.6691176470588235,True,27.0,0.6691176470588235,0.6691176470588235,0.6691176470588235,27.0,0.6691176470588235
1820,Cervix,1,inflammatory,normal,335,1820__ch1__id335,170.0,171,53,186,68,178.7058823529412,60.63529411764706,0.535145001027588,0.96045197740113,16.17010700442403,13.659863136897242,True,30.0,0.7352941176470589,0.7352941176470589,True,30.0,0.7352941176470589,0.7352941176470589,True,30.0,0.7352941176470589,0.7352941176470589,0.7352941176470589,30.0,0.7352941176470589
1820,Cervix,1,inflammatory,normal,338,1820__ch1__id338,327.0,175,204,195,224,184.1987767584098,214.32415902140673,0.4813240562333099,0.9646017699115044,21.86112888467307,19.162213535782282,True,31.0,0.6024464831804281,0.6024464831804281,True,31.0,0.6024464831804281,0.6024464831804281,True,31.0,0.6024464831804281,0.6024464831804281,0.6024464831804281,31.0,0.6024464831804281
1844,Colon,1,inflammatory,normal,689,1844__ch1__id689,1106.0,0,1,41,32,18.18625678119349,15.820976491862568,0.6927170908732263,0.9753086419753086,45.081917353383695,32.513503608047785,True,1.0,0.8894557823129252,0.945750452079566,True,1.0,0.8894557823129252,0.945750452079566,True,1.0,0.8894557823129252,0.945750452079566,0.8894557823129252,1.0,0.945750452079566
1844,Colon,1,inflammatory,normal,786,1844__ch1__id786,156.0,248,215,256,243,252.22435897435898,227.25,0.9469063788081414,0.9341317365269461,25.960816396305535,8.34664712823086,False,,,,False,,,,False,,,,0.0,,0.0
1844,Colon,2,connective,normal,750,1844__ch2__id750,1175.0,158,131,192,191,174.0204255319149,161.4927659574468,0.9307553852843473,0.9370015948963317,64.42721592209543,23.55732609155435,True,16.0,0.6434042553191489,0.6434042553191489,True,16.0,0.6434042553191489,0.6434042553191489,True,16.0,0.6434042553191489,0.6434042553191489,0.6434042553191489,16.0,0.6434042553191489
1844,Colon,2,connective,normal,751,1844__ch2__id751,1214.0,158,183,195,231,175.67627677100495,208.19522240527183,0.8027597235680809,0.9650238473767886,51.075839621999584,30.45665748200847,True,15.0,0.7825370675453048,0.7825370675453048,True,15.0,0.7825370675453048,0.7825370675453048,True,15.0,0.7825370675453048,0.7825370675453048,0.7825370675453048,15.0,0.7825370675453048
1844,Colon,2,connective,normal,762,1844__ch2__id762,918.0,197,211,232,249,215.479302832244,227.51742919389977,0.7570184758784386,0.9522821576763485,42.97886601746819,28.082110421580143,True,19.0,0.659041394335512,0.659041394335512,True,19.0,0.659041394335512,0.659041394335512,True,19.0,0.659041394335512,0.659041394335512,0.659041394335512,19.0,0.659041394335512
1844,Colon,2,connective,normal,776,1844__ch2__id776,13.0,230,254,238,256,233.69230769230768,254.6153846153846,0.9708987773387577,0.9285714285714286,8.06258714658329,1.9309107473937825,False,,,,False,,,,False,,,,0.0,,0.0
1844,Colon,4,epithelial,normal,694,1844__ch4__id694,1863.0,13,31,74,70,42.50080515297907,50.60654857756307,0.7887413619430178,0.9713242961418144,62.18408795764677,38.2261255244712,True,3.0,0.8497047772410091,0.8497047772410091,True,3.0,0.8497047772410091,0.8497047772410091,True,3.0,0.8497047772410091,0.8497047772410091,0.8497047772410091,3.0,0.8497047772410091
1844,Colon,4,epithelial,normal,695,1844__ch4__id695,1287.0,13,195,60,238,38.26418026418026,214.63480963480964,0.8118483928936426,0.9407894736842105,54.2728354108218,31.688187924923774,True,4.0,0.6894977168949772,0.703962703962704,True,4.0,0.6894977168949772,0.703962703962704,True,4.0,0.6894977168949772,0.703962703962704,0.6894977168949772,4.0,0.703962703962704
1844,Colon,4,epithelial,normal,700,1844__ch4__id700,1125.0,24,130,85,160,53.75111111111111,146.272,0.9378977754478826,0.9477674810446504,65.4440609516741,22.703313761074863,True,5.0,0.6626360338573156,0.9742222222222222,True,5.0,0.6626360338573156,0.9742222222222222,True,5.0,0.6626360338573156,0.9742222222222222,0.6626360338573156,5.0,0.9742222222222222
1844,Colon,4,epithelial,normal,701,1844__ch4__id701,1521.0,30,108,95,139,61.5733070348455,124.11702827087443,0.9046280195925289,0.9694072657743786,67.75220518283047,28.87612546175632,True,6.0,0.8543628374136849,0.8948060486522025,True,6.0,0.8543628374136849,0.8948060486522025,True,6.0,0.8543628374136849,0.8948060486522025,0.8543628374136849,6.0,0.8948060486522025
1844,Colon,4,epithelial,normal,703,1844__ch4__id703,1138.0,33,70,78,102,56.0298769771529,86.0738137082601,0.708324526817087,0.969335604770017,45.624274513068706,32.20557928811636,True,2.0,0.4828828828828829,0.9420035149384886,True,2.0,0.4828828828828829,0.9420035149384886,False,,,,0.4828828828828829,2.0,0.9420035149384886
1844,Colon,4,epithelial,normal,717,1844__ch4__id717,920.0,72,169,124,192,97.64239130434783,180.8771739130435,0.9048312530641718,0.968421052631579,52.58573798611399,22.389448841697174,True,9.0,0.7243066884176182,0.9652173913043478,True,9.0,0.7243066884176182,0.9652173913043478,True,9.0,0.7243066884176182,0.9652173913043478,0.7243066884176182,9.0,0.9652173913043478
1844,Colon,4,epithelial,normal,722,1844__ch4__id722,2004.0,75,72,136,121,101.66716566866268,99.07435129740519,0.8192788969296514,0.9570200573065902,68.22260532520309,39.118516427560785,True,12.0,0.2025948103792415,0.2025948103792415,False,,,,False,,,,0.2025948103792415,12.0,0.2025948103792415
1844,Colon,4,epithelial,normal,724,1844__ch4__id724,1178.0,90,212,138,243,113.36842105263158,226.00848896434636,0.7749050949083647,0.9553933495539335,49.48673628275597,31.279457558719727,False,,,,False,,,,False,,,,0.05112474437627812,7.0,0.10611205432937182
1844,Colon,4,epithelial,normal,725,1844__ch4__id725,173.0,99,250,137,256,116.5028901734104,252.98843930635837,0.986366892388175,0.9453551912568307,37.72789304989696,6.208543347959412,False,,,,False,,,,False,,,,0.0,,0.0
1844,Colon,4,epithelial,normal,727,1844__ch4__id727,3433.0,94,26,172,97,134.78561025342267,63.44276143314885,0.7481836202282792,0.9290933694181326,83.2726644849014,55.250723884671814,True,14.0,0.26886105447130787,0.26886105447130787,True,14.0,0.26886105447130787,0.26886105447130787,False,,,,0.26886105447130787,14.0,0.26886105447130787
1844,Colon,4,epithelial,normal,730,1844__ch4__id730,1245.0,101,122,150,165,125.73493975903614,142.57590361445784,0.857862667294412,0.95695618754804,56.25737383663786,28.909483963415873,True,13.0,0.7807228915662651,0.7807228915662651,True,13.0,0.7807228915662651,0.7807228915662651,True,13.0,0.7807228915662651,0.7807228915662651,0.7807228915662651,13.0,0.7807228915662651
1844,Colon,4,epithelial,normal,755,1844__ch4__id755,997.0,169,0,224,21,196.55867602808425,9.087261785356068,0.920874111635564,0.9832347140039448,57.796175853995734,22.532420892802616,True,17.0,0.905717151454363,0.905717151454363,True,17.0,0.905717151454363,0.905717151454363,True,17.0,0.905717151454363,0.905717151454363,0.905717151454363,17.0,0.905717151454363
1844,Colon,4,epithelial,normal,758,1844__ch4__id758,2044.0,180,41,227,111,202.07191780821918,78.09442270058709,0.8568471488678527,0.9324817518248175,72.62577157953332,37.44370698656942,False,,,,False,,,,False,,,,0.16500746640119462,18.0,0.32436399217221135
1844,Colon,4,epithelial,normal,764,1844__ch4__id764,1636.0,204,23,253,70,227.09718826405867,45.183374083129586,0.3903499681589821,0.970919881305638,47.87650834586857,44.07829992264697,True,18.0,0.5997753650318233,0.9792176039119804,True,18.0,0.5997753650318233,0.9792176039119804,True,18.0,0.5997753650318233,0.9792176039119804,0.5997753650318233,18.0,0.9792176039119804
1844,Colon,4,epithelial,normal,771,1844__ch4__id771,956.0,219,105,253,146,235.7479079497908,124.64644351464435,0.7274993981143807,0.9637096774193549,42.47601962060844,29.14315043029949,True,20.0,0.7480392156862745,0.7981171548117155,True,20.0,0.7480392156862745,0.7981171548117155,True,20.0,0.7480392156862745,0.7981171548117155,0.7480392156862745,20.0,0.7981171548117155
1844,Colon,4,epithelial,normal,780,1844__ch4__id780,673.0,233,53,256,94,246.07132243684993,76.31946508172362,0.8129890354913257,0.9753623188405797,40.16497758752176,23.387222789125335,False,,,,False,,,,False,,,,0.033406181704651886,18.0,0.1589895988112927
1844,Colon,4,epithelial,normal,784,1844__ch4__id784,269.0,245,119,256,155,251.10408921933086,139.23420074349443,0.9441961040376415,0.9539007092198581,34.012211582104456,11.203073016155091,True,21.0,0.7676767676767676,0.8475836431226765,True,21.0,0.7676767676767676,0.8475836431226765,True,21.0,0.7676767676767676,0.8475836431226765,0.7676767676767676,21.0,0.8475836431226765
1850,Colon,1,inflammatory,normal,21,1850__ch1__id21,1060.0,30,162,70,196,48.758490566037736,177.51415094339623,0.6026040972161166,0.9601449275362319,41.42080002070133,33.05546719710259,True,3.0,0.809433962264151,0.809433962264151,True,3.0,0.809433962264151,0.809433962264151,True,3.0,0.809433962264151,0.809433962264151,0.809433962264151,3.0,0.809433962264151
1850,Colon,1,inflammatory,normal,26,1850__ch1__id26,480.0,42,18,71,42,55.14791666666667,29.589583333333334,0.6888733773005297,0.9561752988047809,29.20028677323127,21.166753336435406,False,,,,False,,,,False,,,,0.0,,0.0
1850,Colon,1,inflammatory,normal,40,1850__ch1__id40,1163.0,66,216,102,256,83.68529664660362,235.55374032674118,0.4680978289659724,0.9773109243697479,40.95400609191636,36.190098925044495,True,4.0,0.8916595012897678,0.8916595012897678,True,4.0,0.8916595012897678,0.8916595012897678,True,4.0,0.8916595012897678,0.8916595012897678,0.8916595012897678,4.0,0.8916595012897678
1850,Colon,1,inflammatory,normal,63,1850__ch1__id63,1775.0,99,119,138,179,118.09352112676056,146.55211267605634,0.7943497235780725,0.9517426273458445,61.827305818570956,37.55765921501032,True,7.0,0.5977464788732394,0.5977464788732394,True,7.0,0.5977464788732394,0.5977464788732394,True,7.0,0.5977464788732394,0.5977464788732394,0.5977464788732394,7.0,0.5977464788732394
1850,Colon,1,inflammatory,normal,67,1850__ch1__id67,1130.0,109,207,148,244,127.37699115044248,225.66548672566373,0.3424281868735787,0.9749784296807593,39.225115055109924,36.85372168508982,True,8.0,0.8221238938053097,0.8221238938053097,True,8.0,0.8221238938053097,0.8221238938053097,True,8.0,0.8221238938053097,0.8221238938053097,0.8221238938053097,8.0,0.8221238938053097
1850,Colon,1,inflammatory,normal,93,1850__ch1__id93,1557.0,148,154,191,200,169.3840719332049,177.19139370584458,0.5655442353230985,0.9810964083175804,49.080473313513515,40.47754795628195,True,11.0,0.7880539499036608,0.7880539499036608,True,11.0,0.7880539499036608,0.7880539499036608,True,11.0,0.7880539499036608,0.7880539499036608,0.7880539499036608,11.0,0.7880539499036608
1850,Colon,1,inflammatory,normal,95,1850__ch1__id95,568.0,151,81,180,109,165.3767605633803,94.09154929577464,0.646043846252034,0.9643463497453311,30.913321473731475,23.596147569876223,True,12.0,0.7922535211267606,0.7922535211267606,True,12.0,0.7922535211267606,0.7922535211267606,True,12.0,0.7922535211267606,0.7922535211267606,0.7922535211267606,12.0,0.7922535211267606
1850,Colon,1,inflammatory,normal,115,1850__ch1__id115,926.0,190,78,226,111,208.00647948164146,93.51403887688984,0.3638056169259105,0.9819724284199364,35.63303549319821,33.191277862157534,True,13.0,0.8638799571275455,0.8704103671706264,True,13.0,0.8638799571275455,0.8704103671706264,True,13.0,0.8638799571275455,0.8704103671706264,0.8638799571275455,13.0,0.8704103671706264
1850,Colon,1,inflammatory,normal,125,1850__ch1__id125,922.0,198,155,233,189,216.13774403470717,171.47939262472886,0.4138156768296342,0.9654450261780104,36.02297986647614,32.79390480141819,True,14.0,0.8764897074756229,0.8774403470715835,True,14.0,0.8764897074756229,0.8774403470715835,True,14.0,0.8764897074756229,0.8774403470715835,0.8764897074756229,14.0,0.8774403470715835
1850,Colon,1,inflammatory,normal,149,1850__ch1__id149,669.0,230,21,256,54,243.77877428998505,37.402092675635274,0.6738306091177118,0.9695652173913043,34.238069337244326,25.29802521681941,True,16.0,0.7802690582959642,0.7802690582959642,True,16.0,0.7802690582959642,0.7802690582959642,True,16.0,0.7802690582959642,0.7802690582959642,0.7802690582959642,16.0,0.7802690582959642
1850,Colon,1,inflammatory,normal,156,1850__ch1__id156,420.0,238,77,256,106,247.6547619047619,92.04761904761905,0.7539644963869641,0.9767441860465116,29.195261153836235,19.17880989099788,True,17.0,0.6714285714285714,0.6714285714285714,True,17.0,0.6714285714285714,0.6714285714285714,True,17.0,0.6714285714285714,0.6714285714285714,0.6714285714285714,17.0,0.6714285714285714
1850,Colon,1,inflammatory,normal,162,1850__ch1__id162,132.0,248,166,256,190,252.36363636363637,178.68939393939394,0.9367122746954547,0.9428571428571428,22.867307410999487,8.005847735250303,False,,,,False,,,,False,,,,0.0,,0.0
1850,Colon,1,inflammatory,normal,849,1850__ch1__id849,505.0,2,177,22,209,10.54059405940594,192.03168316831682,0.7800730184056879,0.9564393939393939,32.851097782693735,20.55455375171507,True,1.0,0.8378378378378378,0.9821782178217822,True,1.0,0.8378378378378378,0.9821782178217822,True,1.0,0.8378378378378378,0.9821782178217822,0.8378378378378378,1.0,0.9821782178217822
1850,Colon,2,connective,normal,14,1850__ch2__id14,1094.0,25,128,80,160,52.88665447897623,143.26416819012798,0.9177615392610362,0.9177852348993288,60.19038657792973,23.903523421236326,True,2.0,0.8336363636363636,0.8382084095063985,True,2.0,0.8336363636363636,0.8382084095063985,True,2.0,0.8336363636363636,0.8382084095063985,0.8336363636363636,2.0,0.8382084095063985
1850,Colon,2,connective,normal,44,1850__ch2__id44,743.0,75,54,110,83,93.50740242261104,66.92059219380889,0.8013347669986135,0.964935064935065,40.156071777142,24.022011633610937,True,5.0,0.48968678380443087,0.8627187079407806,True,5.0,0.48968678380443087,0.8627187079407806,False,,,,0.48968678380443087,5.0,0.8627187079407806
1850,Colon,2,connective,normal,57,1850__ch2__id57,1228.0,90,0,143,27,115.77035830618892,11.850977198697068,0.8542889425161198,0.9824,55.48375974648061,28.840370932619155,True,6.0,0.8835504885993485,0.8835504885993485,True,6.0,0.8835504885993485,0.8835504885993485,True,6.0,0.8835504885993485,0.8835504885993485,0.8835504885993485,6.0,0.8835504885993485
1850,Colon,2,connective,normal,68,1850__ch2__id68,1.0,123,255,124,256,123.0,255.0,0.0,1.0,0.0,0.0,False,,,,False,,,,False,,,,0.0,,0.0
1850,Colon,2,connective,normal,71,1850__ch2__id71,507.0,110,61,139,83,123.70808678500987,71.68244575936883,0.7039753084744261,0.9638783269961977,30.197418006738047,21.44694450342781,False,,,,False,,,,False,,,,0.3756019261637239,5.0,0.9230769230769231
1850,Colon,2,connective,normal,91,1850__ch2__id91,1058.0,146,211,187,254,165.6531190926276,231.79962192816635,0.8676008145695995,0.9662100456621004,52.17354421024669,25.94388578779986,True,10.0,0.7852534562211981,0.8052930056710775,True,10.0,0.7852534562211981,0.8052930056710775,True,10.0,0.7852534562211981,0.8052930056710775,0.7852534562211981,10.0,0.8052930056710775
1850,Colon,2,connective,normal,92,1850__ch2__id92,1347.0,146,0,197,44,169.34743875278397,20.68671121009651,0.8619078856526067,0.9642090193271295,58.809859886089924,29.820414784903175,True,9.0,0.8624725676664228,0.8752783964365256,True,9.0,0.8624725676664228,0.8752783964365256,True,9.0,0.8624725676664228,0.8752783964365256,0.8624725676664228,9.0,0.8752783964365256
1850,Colon,2,connective,normal,139,1850__ch2__id139,1456.0,213,202,256,255,233.92307692307693,227.68063186813185,0.8330273699650621,0.9700199866755497,58.33471071540454,32.27261576510679,True,15.0,0.8213811420982736,0.8495879120879121,True,15.0,0.8213811420982736,0.8495879120879121,True,15.0,0.8213811420982736,0.8495879120879121,0.8213811420982736,15.0,0.8495879120879121
1890,Colon,2,connective,normal,250,1890__ch2__id250,224.0,0,238,16,255,6.5,246.4375,0.4458466370104339,0.9655172413793104,18.308853678109845,16.388426399465764,False,,,,False,,,,False,,,,0.0,,0.0
1943,Colon,1,inflammatory,normal,645,1943__ch1__id645,80.0,28,249,45,256,36.4375,252.7,0.8826635664762185,0.9411764705882353,15.520464871358556,7.29470151390206,False,,,,False,,,,False,,,,0.0,,0.0
1943,Colon,1,inflammatory,normal,649,1943__ch1__id649,612.0,32,158,61,186,45.87908496732026,171.4558823529412,0.31241948604629644,0.9637795275590552,28.6903648423063,27.25424691045724,True,7.0,0.8421052631578947,0.8888888888888888,True,7.0,0.8421052631578947,0.8888888888888888,True,7.0,0.8421052631578947,0.8888888888888888,0.8421052631578947,7.0,0.8888888888888888
1943,Colon,1,inflammatory,normal,658,1943__ch1__id658,230.0,52,246,81,256,65.94347826086957,251.15217391304347,0.9239492785485098,0.9704641350210971,28.565322975702028,10.926664721348926,False,,,,False,,,,False,,,,0.0,,0.0
1943,Colon,1,inflammatory,normal,659,1943__ch1__id659,804.0,52,173,87,202,69.1405472636816,187.81716417910448,0.593294707963715,0.9698431845597105,35.961874591450005,28.948781663823343,True,11.0,0.8281829419035847,0.8333333333333334,True,11.0,0.8281829419035847,0.8333333333333334,True,11.0,0.8281829419035847,0.8333333333333334,0.8281829419035847,11.0,0.8333333333333334
1943,Colon,1,inflammatory,normal,672,1943__ch1__id672,1.0,96,255,97,256,96.0,255.0,0.0,1.0,0.0,0.0,False,,,,False,,,,False,,,,0.0,,0.0
1943,Colon,1,inflammatory,normal,697,1943__ch1__id697,829.0,145,159,178,193,161.0832328106152,176.37153196622435,0.655788074604886,0.9730046948356808,37.44271126857964,28.267188853465328,True,18.0,0.833729216152019,0.8468033775633294,True,18.0,0.833729216152019,0.8468033775633294,True,18.0,0.833729216152019,0.8468033775633294,0.833729216152019,18.0,0.8468033775633294
1943,Colon,1,inflammatory,normal,724,1943__ch1__id724,738.0,207,227,239,256,222.20460704607046,242.52845528455285,0.6304383021664077,0.9659685863874345,34.973911474767284,27.148126730794868,True,24.0,0.8147651006711409,0.8224932249322493,True,24.0,0.8147651006711409,0.8224932249322493,True,24.0,0.8147651006711409,0.8224932249322493,0.8147651006711409,24.0,0.8224932249322493
1943,Colon,2,connective,normal,629,1943__ch2__id629,207.0,0,211,10,242,3.536231884057971,228.93719806763286,0.9333584150276022,0.9452054794520548,28.814490961238214,10.342839777544249,True,2.0,0.4927536231884058,0.4927536231884058,True,2.0,0.4927536231884058,0.4927536231884058,False,,,,0.4927536231884058,2.0,0.4927536231884058
1943,Colon,2,connective,normal,633,1943__ch2__id633,899.0,0,100,35,145,16.769744160177975,123.2091212458287,0.9038712280859857,0.9625267665952891,51.991478542702296,22.242195337663606,True,1.0,0.7920685959271169,0.8220244716351501,True,1.0,0.7920685959271169,0.8220244716351501,True,1.0,0.7920685959271169,0.8220244716351501,0.7920685959271169,1.0,0.8220244716351501
1943,Colon,2,connective,normal,637,1943__ch2__id637,879.0,6,193,51,241,23.713310580204777,219.38452787258248,0.9483758009713431,0.8660098522167488,62.888717521998906,19.945079192784398,True,5.0,0.8149829738933031,0.8168373151308305,True,5.0,0.8149829738933031,0.8168373151308305,True,5.0,0.8149829738933031,0.8168373151308305,0.8149829738933031,5.0,0.8168373151308305
1943,Colon,2,connective,normal,646,1943__ch2__id646,863.0,27,195,69,236,46.971031286210895,215.25840092699883,0.926777091355837,0.9567627494456763,54.27998733051492,20.38820364683598,True,6.0,0.8447276940903824,0.8447276940903824,True,6.0,0.8447276940903824,0.8447276940903824,True,6.0,0.8447276940903824,0.8447276940903824,0.8447276940903824,6.0,0.8447276940903824
1943,Colon,2,connective,normal,656,1943__ch2__id656,700.0,47,123,91,151,67.60571428571428,138.04,0.9166168648559463,0.948509485094851,47.78290074230132,19.102019038448706,True,10.0,0.7465940054495913,0.7828571428571428,True,10.0,0.7465940054495913,0.7828571428571428,True,10.0,0.7465940054495913,0.7828571428571428,0.7465940054495913,10.0,0.7828571428571428
1943,Colon,2,connective,normal,674,1943__ch2__id674,1013.0,87,148,126,189,107.40078973346496,167.01875616979268,0.8525692039632078,0.9684512428298279,49.90512496839229,26.081134142771663,True,13.0,0.8015267175572519,0.8292201382033564,True,13.0,0.8015267175572519,0.8292201382033564,True,13.0,0.8015267175572519,0.8292201382033564,0.8015267175572519,13.0,0.8292201382033564
1943,Colon,2,connective,normal,698,1943__ch2__id698,905.0,146,224,186,256,164.37127071823204,240.30165745856354,0.7554660926733205,0.9658484525080042,42.54435894775625,27.87454265413636,True,19.0,0.8331491712707182,0.8331491712707182,True,19.0,0.8331491712707182,0.8331491712707182,True,19.0,0.8331491712707182,0.8331491712707182,0.8331491712707182,19.0,0.8331491712707182
1943,Colon,2,connective,normal,731,1943__ch2__id731,726.0,217,200,254,229,234.78374655647383,214.51101928374655,0.8347071279013103,0.9654255319148937,41.03205698423161,22.59611239455526,True,26.0,0.7854195323246217,0.7865013774104683,True,26.0,0.7854195323246217,0.7865013774104683,True,26.0,0.7854195323246217,0.7865013774104683,0.7854195323246217,26.0,0.7865013774104683
1943,Colon,2,connective,normal,744,1943__ch2__id744,47.0,252,229,256,244,253.74468085106383,235.91489361702128,0.9544224510492283,0.9791666666666666,14.478114579386236,4.32112384791348,False,,,,False,,,,False,,,,0.0,,0.0
1943,Colon,4,epithelial,normal,636,1943__ch4__id636,847.0,5,26,31,72,18.025974025974026,49.36599763872491,0.8724636296946847,0.9646924829157175,47.24676558860823,23.088504569389897,True,4.0,0.8307349665924276,0.8807556080283353,True,4.0,0.8307349665924276,0.8807556080283353,True,4.0,0.8307349665924276,0.8807556080283353,0.8307349665924276,4.0,0.8807556080283353
1943,Colon,4,epithelial,normal,639,1943__ch4__id639,495.0,7,0,35,26,19.424242424242426,10.634343434343434,0.8188829536954212,0.9593023255813954,33.83882569622404,19.422150866190403,True,3.0,0.8010291595197255,0.9434343434343434,True,3.0,0.8010291595197255,0.9434343434343434,True,3.0,0.8010291595197255,0.9434343434343434,0.8010291595197255,3.0,0.9434343434343434
1943,Colon,4,epithelial,normal,651,1943__ch4__id651,940.0,36,18,64,60,49.36808510638298,38.308510638297875,0.7537616893778586,0.975103734439834,42.689777405228796,28.05349605163316,True,8.0,0.8413173652694611,0.8968085106382979,True,8.0,0.8413173652694611,0.8968085106382979,True,8.0,0.8413173652694611,0.8968085106382979,0.8413173652694611,8.0,0.8968085106382979
1943,Colon,4,epithelial,normal,654,1943__ch4__id654,822.0,47,56,72,101,59.75547445255474,78.25790754257908,0.8341000827664858,0.9704840613931524,43.73040557577286,24.12226616300764,True,9.0,0.8475336322869955,0.9197080291970803,True,9.0,0.8475336322869955,0.9197080291970803,True,9.0,0.8475336322869955,0.9197080291970803,0.8475336322869955,9.0,0.9197080291970803
1943,Colon,4,epithelial,normal,670,1943__ch4__id670,1282.0,77,24,111,80,93.12480499219969,50.5210608424337,0.8618822489662269,0.9610194902548725,56.91604473047722,28.862607720358753,True,12.0,0.8344132469402448,0.9040561622464899,True,12.0,0.8344132469402448,0.9040561622464899,True,12.0,0.8344132469402448,0.9040561622464899,0.8344132469402448,12.0,0.9040561622464899
1943,Colon,4,epithelial,normal,675,1943__ch4__id675,26.0,99,0,111,3,104.23076923076923,0.7307692307692307,0.964391042283392,0.896551724137931,11.494793558181952,3.0401483713574664,False,,,,False,,,,False,,,,0.0,,0.0
1943,Colon,4,epithelial,normal,680,1943__ch4__id680,1363.0,104,54,133,113,118.82171680117388,83.33602347762289,0.8728537128933577,0.9728765167737331,59.86263261246038,29.211884952638453,True,15.0,0.8295841854124063,0.8928833455612619,True,15.0,0.8295841854124063,0.8928833455612619,True,15.0,0.8295841854124063,0.8928833455612619,0.8295841854124063,15.0,0.8928833455612619
1943,Colon,4,epithelial,normal,693,1943__ch4__id693,942.0,135,57,166,95,151.19851380042462,76.17834394904459,0.5587040231740238,0.9661538461538461,38.1957964869783,31.678337607666734,True,16.0,0.7046296296296296,0.807855626326964,True,16.0,0.7046296296296296,0.807855626326964,True,16.0,0.7046296296296296,0.807855626326964,0.7046296296296296,16.0,0.807855626326964
1943,Colon,4,epithelial,normal,695,1943__ch4__id695,568.0,138,97,162,128,150.37852112676057,110.83274647887323,0.6533585043871225,0.9578414839797639,31.344906517781503,23.729619293634247,True,17.0,0.6672535211267606,0.6672535211267606,True,17.0,0.6672535211267606,0.6672535211267606,True,17.0,0.6672535211267606,0.6672535211267606,0.6672535211267606,17.0,0.6672535211267606
1943,Colon,4,epithelial,normal,705,1943__ch4__id705,567.0,162,113,187,147,174.29453262786595,129.320987654321,0.8209661564244755,0.9593908629441624,35.6111569728532,20.33314644432442,True,20.0,0.7203994293865906,0.890652557319224,True,20.0,0.7203994293865906,0.890652557319224,True,20.0,0.7203994293865906,0.890652557319224,0.7203994293865906,20.0,0.890652557319224
1943,Colon,4,epithelial,normal,716,1943__ch4__id716,915.0,188,128,218,170,203.17486338797815,148.2983606557377,0.7521818472282314,0.964172813487882,42.221921431164695,27.822371119032248,True,23.0,0.7680690399137001,0.7781420765027323,True,23.0,0.7680690399137001,0.7781420765027323,True,23.0,0.7680690399137001,0.7781420765027323,0.7680690399137001,23.0,0.7781420765027323
1943,Colon,4,epithelial,normal,718,1943__ch4__id718,943.0,190,83,216,128,202.79109225874868,105.65217391304348,0.8201204946864656,0.9681724845995893,45.86323346131678,26.242522753252356,True,22.0,0.9029927760577915,0.9278897136797455,True,22.0,0.9029927760577915,0.9278897136797455,True,22.0,0.9029927760577915,0.9278897136797455,0.9029927760577915,22.0,0.9278897136797455
1943,Colon,4,epithelial,normal,730,1943__ch4__id730,801.0,217,111,243,153,229.1323345817728,131.25593008739077,0.7862513421393722,0.9581339712918661,40.82125838774571,25.22373358820281,True,25.0,0.7724358974358975,0.9026217228464419,True,25.0,0.7724358974358975,0.9026217228464419,True,25.0,0.7724358974358975,0.9026217228464419,0.7724358974358975,25.0,0.9026217228464419
1943,Colon,4,epithelial,normal,740,1943__ch4__id740,345.0,243,127,256,162,250.2405797101449,145.44927536231884,0.9334286714828169,0.9610027855153204,36.00146526802259,12.915994942568496,False,,,,False,,,,False,,,,0.0,,0.0
1949,Colon,4,epithelial,normal,60,1949__ch4__id60,1490.0,191,125,244,169,217.65906040268456,145.96979865771812,0.8297458559621819,0.9514687100893997,58.7005216296392,32.763190908702065,True,1.0,0.35503355704697986,0.35503355704697986,True,1.0,0.35503355704697986,0.35503355704697986,False,,,,0.35503355704697986,1.0,0.35503355704697986
1949,Colon,4,epithelial,normal,71,1949__ch4__id71,659.0,229,58,256,92,244.38391502276176,77.83915022761761,0.7345225752766845,0.9777448071216617,36.575863946454454,24.819805259746865,False,,,,False,,,,False,,,,0.0,,0.0
1949,Colon,4,epithelial,normal,72,1949__ch4__id72,422.0,235,179,256,205,246.4739336492891,192.53317535545023,0.4936272271757188,0.965675057208238,25.54590541102684,22.21659937798746,True,2.0,0.7411764705882353,0.7464454976303317,True,2.0,0.7411764705882353,0.7464454976303317,True,2.0,0.7411764705882353,0.7464454976303317,0.7411764705882353,2.0,0.7464454976303317
1949,Colon,4,epithelial,normal,73,1949__ch4__id73,384.0,238,28,256,58,247.640625,44.888020833333336,0.8050384769771527,0.9770992366412213,29.42496115564072,17.45555189804732,False,,,,False,,,,False,,,,0.0,,0.0
1949,Colon,4,epithelial,normal,74,1949__ch4__id74,327.0,239,117,256,141,248.38532110091742,128.38837920489297,0.7498677638640011,0.9589442815249267,25.525916091803253,16.88763311930074,False,,,,False,,,,False,,,,0.0,,0.0
1949,Colon,4,epithelial,normal,79,1949__ch4__id79,75.0,251,148,256,169,253.42666666666668,157.16,0.9634444339494238,0.9146341463414634,19.673125776446508,5.270592415121684,False,,,,False,,,,False,,,,0.0,,0.0
1949,Colon,4,epithelial,normal,80,1949__ch4__id80,12.0,253,0,256,6,254.33333333333334,1.8333333333333333,0.9192763872863556,0.8571428571428571,6.476553910947835,2.5492535933152554,False,,,,False,,,,False,,,,0.0,,0.0
1956,Colon,4,epithelial,normal,299,1956__ch4__id299,7.0,0,124,1,131,0.0,127.0,1.0,1.0,8.0,0.0,False,,,,False,,,,False,,,,0.0,,0.0
1956,Colon,4,epithelial,normal,306,1956__ch4__id306,165.0,0,144,11,165,4.175757575757576,155.14545454545456,0.8033635966304588,0.9375,19.486327702549794,11.603890238414326,False,,,,False,,,,False,,,,0.0,,0.0
1956,Colon,4,epithelial,normal,308,1956__ch4__id308,346.0,0,8,15,42,5.456647398843931,26.265895953757227,0.8714082052982473,0.9774011299435028,31.48716166671442,15.446297935727292,True,1.0,0.8419540229885057,0.846820809248555,True,1.0,0.8419540229885057,0.846820809248555,True,1.0,0.8419540229885057,0.846820809248555,0.8419540229885057,1.0,0.846820809248555
1956,Colon,4,epithelial,normal,314,1956__ch4__id314,1264.0,0,213,41,253,18.143196202531644,232.01819620253164,0.6571303250546516,0.9753086419753086,46.77957031130518,35.261363244747855,True,3.0,0.7300469483568075,0.7381329113924051,True,3.0,0.7300469483568075,0.7381329113924051,True,3.0,0.7300469483568075,0.7381329113924051,0.7300469483568075,3.0,0.7381329113924051
1956,Colon,4,epithelial,normal,316,1956__ch4__id316,576.0,0,184,25,216,9.977430555555555,197.85416666666666,0.7250876051493721,0.9696969696969697,33.480692515523636,23.056701140724535,True,2.0,0.7851851851851852,0.9201388888888888,True,2.0,0.7851851851851852,0.9201388888888888,True,2.0,0.7851851851851852,0.9201388888888888,0.7851851851851852,2.0,0.9201388888888888
1956,Colon,4,epithelial,normal,326,1956__ch4__id326,482.0,17,238,57,256,39.53941908713693,248.38381742738588,0.9038470087369191,0.9469548133595285,39.320194281430226,16.82337314384579,True,4.0,0.6253521126760564,0.921161825726141,True,4.0,0.6253521126760564,0.921161825726141,True,4.0,0.6253521126760564,0.921161825726141,0.6253521126760564,4.0,0.921161825726141
1956,Colon,4,epithelial,normal,339,1956__ch4__id339,272.0,62,241,91,256,74.86029411764706,249.86764705882354,0.818955464568466,0.9444444444444444,26.067542920741253,14.959044035728201,True,5.0,0.20016891891891891,0.8713235294117647,False,,,,False,,,,0.20016891891891891,5.0,0.8713235294117647
1956,Colon,4,epithelial,normal,368,1956__ch4__id368,236.0,151,247,191,256,169.28389830508473,252.1271186440678,0.9742725284097208,0.9254901960784314,37.97734715768921,8.559072979609047,True,6.0,0.10407569141193596,0.6059322033898306,False,,,,False,,,,0.10407569141193596,6.0,0.6059322033898306
1956,Colon,4,epithelial,normal,381,1956__ch4__id381,1355.0,183,176,225,220,202.90627306273063,199.90036900369003,0.5915376468027174,0.9650997150997151,47.01414597691392,37.906442409583256,False,,,,False,,,,False,,,,0.0,,0.0
1956,Colon,4,epithelial,normal,388,1956__ch4__id388,607.0,199,238,238,256,217.79736408566723,247.2174629324547,0.8879894330786804,0.9727564102564102,41.3208848543205,19.00198147323367,True,7.0,0.8896210873146623,0.8896210873146623,True,7.0,0.8896210873146623,0.8896210873146623,True,7.0,0.8896210873146623,0.8896210873146623,0.8896210873146623,7.0,0.8896210873146623
1956,Colon,4,epithelial,normal,399,1956__ch4__id399,1170.0,219,178,256,223,239.0145299145299,198.8153846153846,0.803425371739498,0.9733777038269551,50.52526001501951,30.08301611565379,True,8.0,0.8591318591318591,0.8965811965811966,True,8.0,0.8591318591318591,0.8965811965811966,True,8.0,0.8591318591318591,0.8965811965811966,0.8591318591318591,8.0,0.8965811965811966
1956,Colon,4,epithelial,normal,414,1956__ch4__id414,181.0,244,129,256,150,250.65193370165747,138.03867403314916,0.8107177955675363,0.9526315789473684,20.663652729911746,12.097269951317875,False,,,,False,,,,False,,,,0.0,,0.0
1981,Colon,1,inflammatory,normal,6,1981__ch1__id6,813.0,4,86,34,120,18.441574415744157,102.64329643296433,0.4629167500596808,0.9748201438848921,34.18134215545124,30.29840189170233,True,2.0,0.8290282902829028,0.8290282902829028,True,2.0,0.8290282902829028,0.8290282902829028,True,2.0,0.8290282902829028,0.8290282902829028,0.8290282902829028,2.0,0.8290282902829028
1981,Colon,1,inflammatory,normal,7,1981__ch1__id7,176.0,7,247,35,256,20.102272727272727,251.89772727272728,0.9375992527268141,0.946236559139785,26.388957369663878,9.17590917061366,False,,,,False,,,,False,,,,0.0,,0.0
1981,Colon,1,inflammatory,normal,23,1981__ch1__id23,364.0,38,199,64,219,49.862637362637365,207.9945054945055,0.7695094331316277,0.9430051813471503,27.23842792317624,17.395425552982488,False,,,,False,,,,False,,,,0.0,,0.0
1981,Colon,1,inflammatory,normal,28,1981__ch1__id28,427.0,45,52,69,76,56.46370023419204,64.22950819672131,0.5698970118046445,0.9488888888888889,25.775143259523293,21.17985093230274,True,3.0,0.6463700234192038,0.6463700234192038,True,3.0,0.6463700234192038,0.6463700234192038,True,3.0,0.6463700234192038,0.6463700234192038,0.6463700234192038,3.0,0.6463700234192038
1981,Colon,1,inflammatory,normal,34,1981__ch1__id34,952.0,53,75,83,117,68.77310924369748,94.0577731092437,0.7437567926238622,0.9558232931726908,43.22519103787546,28.8938928821337,True,4.0,0.5598739495798319,0.5598739495798319,True,4.0,0.5598739495798319,0.5598739495798319,True,4.0,0.5598739495798319,0.5598739495798319,0.5598739495798319,4.0,0.5598739495798319
1981,Colon,1,inflammatory,normal,40,1981__ch1__id40,1056.0,63,42,110,80,87.01515151515152,60.353219696969695,0.8796877701118939,0.9445438282647585,54.0545711511906,25.705743643763178,True,5.0,0.6410984848484849,0.6410984848484849,True,5.0,0.6410984848484849,0.6410984848484849,True,5.0,0.6410984848484849,0.6410984848484849,0.6410984848484849,5.0,0.6410984848484849
1981,Colon,1,inflammatory,normal,50,1981__ch1__id50,901.0,80,148,114,182,96.73140954495005,163.8568257491676,0.3004489859577029,0.9719525350593312,34.72138500154111,33.11718360434151,True,6.0,0.806881243063263,0.806881243063263,True,6.0,0.806881243063263,0.806881243063263,True,6.0,0.806881243063263,0.806881243063263,0.806881243063263,6.0,0.806881243063263
1981,Colon,1,inflammatory,normal,52,1981__ch1__id52,672.0,84,97,109,131,96.54464285714286,113.41964285714286,0.7333726872324702,0.9696969696969697,35.54612032094462,24.16520584779578,True,7.0,0.7863501483679525,0.7886904761904762,True,7.0,0.7863501483679525,0.7886904761904762,True,7.0,0.7863501483679525,0.7886904761904762,0.7863501483679525,7.0,0.7886904761904762
1981,Colon,1,inflammatory,normal,58,1981__ch1__id58,1340.0,89,8,138,57,112.27014925373135,33.55223880597015,0.9020201401118634,0.9410112359550562,63.8575783791679,27.566930275005465,True,9.0,0.7223880597014926,0.7223880597014926,True,9.0,0.7223880597014926,0.7223880597014926,True,9.0,0.7223880597014926,0.7223880597014926,0.7223880597014926,9.0,0.7223880597014926
1981,Colon,1,inflammatory,normal,73,1981__ch1__id73,305.0,116,0,146,13,130.67540983606557,5.118032786885246,0.8762989433189151,0.9744408945686901,29.282077048209658,14.107160283613847,True,10.0,0.9019607843137255,0.9049180327868852,True,10.0,0.9019607843137255,0.9049180327868852,True,10.0,0.9019607843137255,0.9049180327868852,0.9019607843137255,10.0,0.9049180327868852
1981,Colon,1,inflammatory,normal,77,1981__ch1__id77,1099.0,119,116,161,150,140.26205641492265,131.96451319381256,0.7158783256077832,0.9657293497363796,44.874546370705175,31.332532463026546,True,11.0,0.7788898999090081,0.7788898999090081,True,11.0,0.7788898999090081,0.7788898999090081,True,11.0,0.7788898999090081,0.7788898999090081,0.7788898999090081,11.0,0.7788898999090081
1981,Colon,1,inflammatory,normal,86,1981__ch1__id86,713.0,143,53,173,85,157.8695652173913,67.46984572230014,0.39505201913336546,0.9622132253711201,31.768712792845495,29.184606039183436,True,12.0,0.5596072931276297,0.5596072931276297,True,12.0,0.5596072931276297,0.5596072931276297,True,12.0,0.5596072931276297,0.5596072931276297,0.5596072931276297,12.0,0.5596072931276297
1981,Colon,1,inflammatory,normal,92,1981__ch1__id92,631.0,150,184,176,219,162.11727416798732,201.5419968304279,0.6633820001490225,0.9648318042813455,32.94902988486581,24.65513010126388,True,13.0,0.771875,0.7828843106180665,True,13.0,0.771875,0.7828843106180665,True,13.0,0.771875,0.7828843106180665,0.771875,13.0,0.7828843106180665
1981,Colon,1,inflammatory,normal,95,1981__ch1__id95,1014.0,153,0,184,45,167.24556213017752,20.164694280078894,0.8498219691083216,0.9740634005763689,49.773941316494565,26.234343502263243,True,14.0,0.8175542406311637,0.8175542406311637,True,14.0,0.8175542406311637,0.8175542406311637,True,14.0,0.8175542406311637,0.8175542406311637,0.8175542406311637,14.0,0.8175542406311637
1981,Colon,1,inflammatory,normal,106,1981__ch1__id106,170.0,164,248,194,256,178.84117647058824,252.4,0.9660420775362301,0.9289617486338798,29.71721223676723,7.678475914962684,False,,,,False,,,,False,,,,0.0,,0.0
1981,Colon,1,inflammatory,normal,114,1981__ch1__id114,767.0,167,213,197,245,182.07692307692307,228.5580182529335,0.5253708558860699,0.9684343434343434,33.9290479187839,28.869322785496355,True,16.0,0.8318122555410691,0.8318122555410691,True,16.0,0.8318122555410691,0.8318122555410691,True,16.0,0.8318122555410691,0.8318122555410691,0.8318122555410691,16.0,0.8318122555410691
1981,Colon,1,inflammatory,normal,117,1981__ch1__id117,946.0,178,24,212,60,195.08668076109936,41.6215644820296,0.41411449799230515,0.9742533470648815,36.43850150469465,33.167227664696654,True,17.0,0.7938689217758985,0.7938689217758985,True,17.0,0.7938689217758985,0.7938689217758985,True,17.0,0.7938689217758985,0.7938689217758985,0.7938689217758985,17.0,0.7938689217758985
1981,Colon,1,inflammatory,normal,124,1981__ch1__id124,642.0,191,88,219,119,204.65887850467288,104.03271028037383,0.43406087179420694,0.9625187406296851,30.191419535574447,27.198953025028842,True,18.0,0.7413333333333333,0.8660436137071651,True,18.0,0.7413333333333333,0.8660436137071651,True,18.0,0.7413333333333333,0.8660436137071651,0.7413333333333333,18.0,0.8660436137071651
1981,Colon,1,inflammatory,normal,135,1981__ch1__id135,881.0,210,42,239,83,225.06696935300795,62.34619750283768,0.7601761806143621,0.9638949671772429,41.86270751726699,27.198912557574396,True,19.0,0.6779513888888888,0.8864926220204313,True,19.0,0.6779513888888888,0.8864926220204313,True,19.0,0.6779513888888888,0.8864926220204313,0.6779513888888888,19.0,0.8864926220204313
1981,Colon,1,inflammatory,normal,143,1981__ch1__id143,485.0,229,16,254,42,240.4618556701031,28.14639175257732,0.35833583942940817,0.9603960396039604,25.79028715740428,24.077625156536417,True,21.0,0.7054409005628518,0.7752577319587629,True,21.0,0.7054409005628518,0.7752577319587629,True,21.0,0.7054409005628518,0.7752577319587629,0.7054409005628518,21.0,0.7752577319587629
1981,Colon,1,inflammatory,normal,152,1981__ch1__id152,95.0,240,0,256,7,248.57894736842104,2.7263157894736842,0.8892274306757696,0.979381443298969,16.589520160683808,7.589131192106765,False,,,,False,,,,False,,,,0.0,,0.0
1981,Colon,1,inflammatory,normal,1137,1981__ch1__id1137,550.0,2,129,24,162,11.536363636363637,145.04545454545453,0.7901724713602609,0.9532062391681109,34.721506001263634,21.28027440742842,True,1.0,0.801762114537445,0.9927272727272727,True,1.0,0.801762114537445,0.9927272727272727,True,1.0,0.801762114537445,0.9927272727272727,0.801762114537445,1.0,0.9927272727272727
1981,Colon,2,connective,normal,97,1981__ch2__id97,1151.0,153,77,192,120,171.0338835794961,98.33101650738489,0.8112478643259837,0.9688552188552189,50.2443378235332,29.37798517223609,False,,,,False,,,,False,,,,0.0,,0.0
1981,Colon,4,epithelial,normal,55,1981__ch4__id55,1221.0,85,212,122,256,104.85339885339886,236.62735462735463,0.702611804809428,0.9736842105263158,47.64620115171736,33.90376761486417,True,8.0,0.8091728091728092,0.8091728091728092,True,8.0,0.8091728091728092,0.8091728091728092,True,8.0,0.8091728091728092,0.8091728091728092,0.8091728091728092,8.0,0.8091728091728092
1981,Colon,4,epithelial,normal,101,1981__ch4__id101,878.0,161,150,194,189,176.61845102505694,169.74487471526197,0.7964479477594341,0.9669603524229075,43.29500243395009,26.180794998297774,True,15.0,0.8257403189066059,0.8257403189066059,True,15.0,0.8257403189066059,0.8257403189066059,True,15.0,0.8257403189066059,0.8257403189066059,0.8257403189066059,15.0,0.8257403189066059
1981,Colon,4,epithelial,normal,132,1981__ch4__id132,572.0,206,226,236,256,220.00874125874125,242.74475524475525,0.8467802196143649,0.9501661129568106,37.56817089860913,19.984122157207015,False,,,,False,,,,False,,,,0.0,,0.0
1981,Colon,4,epithelial,normal,139,1981__ch4__id139,845.0,217,132,248,168,231.76686390532544,149.97041420118344,0.6125810722816725,0.9646118721461188,36.98642247217331,29.23435540248391,True,20.0,0.8394241417497231,0.8970414201183432,True,20.0,0.8394241417497231,0.8970414201183432,True,20.0,0.8394241417497231,0.8970414201183432,0.8394241417497231,20.0,0.8970414201183432
1981,Colon,4,epithelial,normal,148,1981__ch4__id148,479.0,234,108,256,135,245.93945720250522,120.20876826722338,0.6737312767006566,0.9775510204081632,29.191531117771863,21.57185350496877,True,22.0,0.8204592901878914,0.8204592901878914,True,22.0,0.8204592901878914,0.8204592901878914,True,22.0,0.8204592901878914,0.8204592901878914,0.8204592901878914,22.0,0.8204592901878914
1981,Colon,4,epithelial,normal,149,1981__ch4__id149,574.0,235,172,256,210,247.1567944250871,191.40592334494772,0.8298063624827762,0.9534883720930233,37.54591811223706,20.952553369158327,True,23.0,0.39104477611940297,0.6846689895470384,True,23.0,0.39104477611940297,0.6846689895470384,False,,,,0.39104477611940297,23.0,0.6846689895470384
1981,Colon,4,epithelial,normal,153,1981__ch4__id153,376.0,245,217,256,256,250.40425531914894,236.40691489361703,0.9529769224279748,0.9817232375979112,40.51518275202715,12.277837544643129,False,,,,False,,,,False,,,,0.3143483023001095,23.0,0.7632978723404256
1981,Colon,4,epithelial,normal,156,1981__ch4__id156,230.0,246,43,256,74,251.34782608695653,59.94347826086957,0.9400717334098752,0.9583333333333334,30.321055030011664,10.338774445149912,False,,,,False,,,,False,,,,0.0,,0.0
1981,Colon,4,epithelial,normal,160,1981__ch4__id160,18.0,254,138,256,148,254.55555555555554,142.05555555555554,0.9832607884428421,0.9473684210526315,10.712522354527785,1.9518621975719517,False,,,,False,,,,False,,,,0.0,,0.0
2017,Colon,1,inflammatory,normal,473,2017__ch1__id473,163.0,0,57,7,93,2.1901840490797544,71.73006134969326,0.9800389474339286,0.9261363636363636,34.37977764941434,6.834891884319026,False,,,,False,,,,False,,,,0.0,,0.0
2017,Colon,1,inflammatory,normal,493,2017__ch1__id493,700.0,52,230,91,256,72.93285714285715,244.5,0.8378722014375034,0.9602194787379973,41.09593701541359,22.432892977852223,True,3.0,0.8128571428571428,0.8128571428571428,True,3.0,0.8128571428571428,0.8128571428571428,True,3.0,0.8128571428571428,0.8128571428571428,0.8128571428571428,3.0,0.8128571428571428
2017,Colon,1,inflammatory,normal,507,2017__ch1__id507,914.0,100,2,132,40,115.83041575492341,21.37199124726477,0.5612662438442498,0.9651531151003168,37.57394684618681,31.097525081549815,True,6.0,0.8539445628997868,0.8763676148796499,True,6.0,0.8539445628997868,0.8763676148796499,True,6.0,0.8539445628997868,0.8763676148796499,0.8539445628997868,6.0,0.8763676148796499
2017,Colon,2,connective,normal,480,2017__ch2__id480,1265.0,6,70,51,112,26.81581027667984,91.52569169960475,0.7772779898841033,0.9634424980959635,50.89283889532655,32.019601848803376,True,1.0,0.7030015797788309,0.7035573122529645,True,1.0,0.7030015797788309,0.7035573122529645,True,1.0,0.7030015797788309,0.7035573122529645,0.7030015797788309,1.0,0.7035573122529645
2017,Colon,2,connective,normal,491,2017__ch2__id491,656.0,43,20,75,48,59.37957317073171,33.09451219512195,0.7431952079368459,0.9689807976366323,35.47664872177814,23.736526210763152,True,2.0,0.45884146341463417,0.45884146341463417,True,2.0,0.45884146341463417,0.45884146341463417,False,,,,0.45884146341463417,2.0,0.45884146341463417
2017,Colon,2,connective,normal,500,2017__ch2__id500,871.0,77,57,110,94,93.40642939150402,75.60390355912745,0.721615664114077,0.9688542825361512,40.208079449845634,27.83580782393101,True,5.0,0.8081725312145289,0.817451205510907,True,5.0,0.8081725312145289,0.817451205510907,True,5.0,0.8081725312145289,0.817451205510907,0.8081725312145289,5.0,0.817451205510907
2017,Colon,2,connective,normal,501,2017__ch2__id501,751.0,79,109,106,145,92.66977363515313,127.32756324900133,0.748862489950993,0.9628205128205128,38.12318329411234,25.26520233905767,False,,,,False,,,,False,,,,0.0,,0.0
2017,Colon,2,connective,normal,509,2017__ch2__id509,734.0,104,131,135,170,119.2316076294278,149.69346049046322,0.8800348883754109,0.9607329842931938,44.50836608019168,21.1374253587697,True,7.0,0.820855614973262,0.8365122615803815,True,7.0,0.820855614973262,0.8365122615803815,True,7.0,0.820855614973262,0.8365122615803815,0.820855614973262,7.0,0.8365122615803815
2017,Colon,2,connective,normal,525,2017__ch2__id525,1198.0,157,222,202,256,177.03338898163605,240.34557595993323,0.7063772442470153,0.9779591836734693,47.2355491493389,33.43500167796856,False,,,,False,,,,False,,,,0.0,,0.0
2017,Colon,4,epithelial,normal,534,2017__ch4__id534,1128.0,222,98,256,147,242.00531914893617,118.27482269503547,0.8107011381384684,0.96,51.416033668320075,30.10204218180674,True,8.0,0.7437943262411347,0.7437943262411347,True,8.0,0.7437943262411347,0.7437943262411347,True,8.0,0.7437943262411347,0.7437943262411347,0.7437943262411347,8.0,0.7437943262411347
2017,Colon,4,epithelial,normal,535,2017__ch4__id535,673.0,226,143,256,171,241.63893016344724,157.02080237741455,0.49157390070665385,0.9655667144906743,31.522173330112878,27.45063901297793,True,9.0,0.600297176820208,0.600297176820208,True,9.0,0.600297176820208,0.600297176820208,True,9.0,0.600297176820208,0.600297176820208,0.600297176820208,9.0,0.600297176820208
2017,Colon,4,epithelial,normal,537,2017__ch4__id537,823.0,234,45,256,95,246.5078979343864,67.51883353584446,0.8966666490299511,0.9739644970414201,50.11016327192578,22.18408794336802,True,11.0,0.5358444714459295,0.5358444714459295,True,11.0,0.5358444714459295,0.5358444714459295,True,11.0,0.5358444714459295,0.5358444714459295,0.5358444714459295,11.0,0.5358444714459295
2017,Colon,4,epithelial,normal,538,2017__ch4__id538,563.0,235,169,256,203,246.39964476021314,187.68383658969805,0.7726405527960624,0.975736568457539,34.511550640152414,21.909441934809195,True,10.0,0.7602131438721137,0.7602131438721137,True,10.0,0.7602131438721137,0.7602131438721137,True,10.0,0.7602131438721137,0.7602131438721137,0.7602131438721137,10.0,0.7602131438721137
2017,Colon,4,epithelial,normal,540,2017__ch4__id540,35.0,253,212,256,227,254.2,219.28571428571428,0.9766997330603171,0.9210526315789473,14.614648507422064,3.136455822573472,False,,,,False,,,,False,,,,0.0,,0.0
2021,Colon,1,inflammatory,normal,541,2021__ch1__id541,681.0,0,204,31,232,14.997063142437591,217.42437591776797,0.5302039535390247,0.9700854700854701,32.00352789441538,27.13483555078877,True,1.0,0.746268656716418,0.8810572687224669,True,1.0,0.746268656716418,0.8810572687224669,True,1.0,0.746268656716418,0.8810572687224669,0.746268656716418,1.0,0.8810572687224669
2021,Colon,2,connective,normal,545,2021__ch2__id545,1241.0,19,61,71,101,46.17485898468976,81.3859790491539,0.8978696350131539,0.9546153846153846,60.3973636925592,26.59062914339002,True,2.0,0.850356294536817,0.8654311039484287,True,2.0,0.850356294536817,0.8654311039484287,True,2.0,0.850356294536817,0.8654311039484287,0.850356294536817,2.0,0.8654311039484287
2021,Colon,2,connective,normal,547,2021__ch2__id547,1798.0,32,157,90,203,59.71245828698554,179.23692992213572,0.7834940550171816,0.9630423138725228,61.1540832431091,38.00110332428808,True,3.0,0.7725250278086763,0.7725250278086763,True,3.0,0.7725250278086763,0.7725250278086763,True,3.0,0.7725250278086763,0.7725250278086763,0.7725250278086763,3.0,0.7725250278086763
2021,Colon,2,connective,normal,559,2021__ch2__id559,708.0,85,236,138,256,110.49152542372882,247.89830508474577,0.9208273245900849,0.963265306122449,50.103288933668,19.538807683232765,True,4.0,0.6624293785310734,0.6624293785310734,True,4.0,0.6624293785310734,0.6624293785310734,True,4.0,0.6624293785310734,0.6624293785310734,0.6624293785310734,4.0,0.6624293785310734
2021,Colon,2,connective,normal,563,2021__ch2__id563,1310.0,110,180,155,227,133.31297709923663,203.00229007633587,0.8478863365247021,0.9548104956268222,56.49698857891213,29.95346300295672,True,5.0,0.8312977099236641,0.8312977099236641,True,5.0,0.8312977099236641,0.8312977099236641,True,5.0,0.8312977099236641,0.8312977099236641,0.8312977099236641,5.0,0.8312977099236641
2021,Colon,2,connective,normal,569,2021__ch2__id569,541.0,130,106,169,136,148.16451016635858,120.57301293900184,0.9499627606769071,0.944153577661431,47.2553413240622,14.760828469168176,True,6.0,0.6691312384473198,0.6691312384473198,True,6.0,0.6691312384473198,0.6691312384473198,True,6.0,0.6691312384473198,0.6691312384473198,0.6691312384473198,6.0,0.6691312384473198
2021,Colon,2,connective,normal,571,2021__ch2__id571,631.0,162,233,194,256,177.41362916006338,245.20602218700475,0.6784241993137518,0.9737654320987654,33.62837453667014,24.705771581603422,True,7.0,0.722662440570523,0.722662440570523,True,7.0,0.722662440570523,0.722662440570523,True,7.0,0.722662440570523,0.722662440570523,0.722662440570523,7.0,0.722662440570523
2021,Colon,2,connective,normal,579,2021__ch2__id579,205.0,234,236,255,256,247.18048780487806,248.7170731707317,0.8555835954069156,0.8723404255319149,25.15242564826093,13.020522140018496,False,,,,False,,,,False,,,,0.0,,0.0
2028,Colon,2,connective,normal,139,2028__ch2__id139,1820.0,0,7,59,52,26.164285714285715,31.184615384615384,0.8335790132116484,0.9136546184738956,66.37189720518712,36.66385216053476,True,1.0,0.5474492594624246,0.5483516483516484,True,1.0,0.5474492594624246,0.5483516483516484,True,1.0,0.5474492594624246,0.5483516483516484,0.5474492594624246,1.0,0.5483516483516484
2028,Colon,2,connective,normal,141,2028__ch2__id141,1031.0,0,162,66,217,31.26479146459748,190.68186226964113,0.9825245704561044,0.9188948306595366,85.12500616339106,15.844567000890045,True,2.0,0.6129970902036858,0.6129970902036858,True,2.0,0.6129970902036858,0.6129970902036858,True,2.0,0.6129970902036858,0.6129970902036858,0.6129970902036858,2.0,0.6129970902036858
2028,Colon,2,connective,normal,151,2028__ch2__id151,657.0,26,147,61,183,42.68645357686454,165.3531202435312,0.9226407761100471,0.95355587808418,46.89143882420527,18.08417434433485,False,,,,False,,,,False,,,,0.0,,0.0
2028,Colon,2,connective,normal,165,2028__ch2__id165,308.0,52,234,88,256,65.01298701298701,247.01298701298703,0.9433851549999716,0.8324324324324325,37.81267874862959,12.542440423203836,False,,,,False,,,,False,,,,0.0,,0.0
2028,Colon,2,connective,normal,166,2028__ch2__id166,783.0,55,0,88,34,71.01404853128992,14.486590038314176,0.592535578799768,0.9678615574783683,35.797390266066294,28.83638298588185,True,4.0,0.4521072796934866,0.4521072796934866,True,4.0,0.4521072796934866,0.4521072796934866,False,,,,0.4521072796934866,4.0,0.4521072796934866
2028,Colon,2,connective,normal,169,2028__ch2__id169,773.0,61,103,96,137,77.39844760672703,120.496765847348,0.8311351496070093,0.9638403990024937,42.38501692584426,23.56905611071488,True,3.0,0.6923766816143497,0.9987063389391979,True,3.0,0.6923766816143497,0.9987063389391979,True,3.0,0.6923766816143497,0.9987063389391979,0.6923766816143497,3.0,0.9987063389391979
2028,Colon,2,connective,normal,172,2028__ch2__id172,1862.0,79,16,142,56,109.71965628356605,36.02953813104189,0.8009644555766892,0.9647668393782384,63.374730336231025,37.943205301626236,True,5.0,0.8590568060021436,0.8609022556390977,True,5.0,0.8590568060021436,0.8609022556390977,True,5.0,0.8590568060021436,0.8609022556390977,0.8590568060021436,5.0,0.8609022556390977
2028,Colon,2,connective,normal,176,2028__ch2__id176,921.0,95,140,131,195,111.97937024972856,167.96959826275787,0.9493542394492035,0.9350253807106599,61.83762642756502,19.42986322455808,True,6.0,0.6825053995680346,0.6862106406080347,True,6.0,0.6825053995680346,0.6862106406080347,True,6.0,0.6825053995680346,0.6862106406080347,0.6825053995680346,6.0,0.6862106406080347
2028,Colon,2,connective,normal,179,2028__ch2__id179,411.0,105,0,139,15,121.05109489051095,6.104622871046229,0.8744655599406237,0.9809069212410502,33.824462591287634,16.407827547184517,True,7.0,0.6982968369829684,0.6982968369829684,True,7.0,0.6982968369829684,0.6982968369829684,True,7.0,0.6982968369829684,0.6982968369829684,0.6982968369829684,7.0,0.6982968369829684
2028,Colon,2,connective,normal,188,2028__ch2__id188,602.0,124,138,156,185,139.43023255813952,162.45182724252493,0.9607190731381322,0.8945022288261516,54.23895374088672,15.05254220591096,False,,,,False,,,,False,,,,0.0,,0.0
2028,Colon,2,connective,normal,194,2028__ch2__id194,439.0,151,177,173,210,161.66742596810934,192.7243735763098,0.8488447915013756,0.9320594479830149,32.9254527110444,17.405782023206612,False,,,,False,,,,False,,,,0.0,,0.0
2028,Colon,2,connective,normal,206,2028__ch2__id206,654.0,177,225,203,256,189.545871559633,241.4816513761468,0.5655986781763407,0.9646017699115044,31.981159116959944,26.374242327477923,True,8.0,0.7903682719546742,0.8532110091743119,True,8.0,0.7903682719546742,0.8532110091743119,True,8.0,0.7903682719546742,0.8532110091743119,0.7903682719546742,8.0,0.8532110091743119
2028,Colon,2,connective,normal,210,2028__ch2__id210,1235.0,193,136,256,192,224.56356275303645,165.8987854251012,0.9694930963567571,0.9529320987654321,80.9160065607816,19.83401957456436,True,9.0,0.9038901601830663,0.9595141700404858,True,9.0,0.9038901601830663,0.9595141700404858,True,9.0,0.9038901601830663,0.9595141700404858,0.9038901601830663,9.0,0.9595141700404858
2028,Colon,2,connective,normal,217,2028__ch2__id217,1175.0,203,31,256,74,228.15148936170212,53.90042553191489,0.9365877560504333,0.9288537549407114,66.51530839945772,23.30916739406843,True,10.0,0.7639612807148176,0.8731914893617021,True,10.0,0.7639612807148176,0.8731914893617021,True,10.0,0.7639612807148176,0.8731914893617021,0.7639612807148176,10.0,0.8731914893617021
2028,Colon,2,connective,normal,219,2028__ch2__id219,1001.0,206,184,256,234,233.23676323676324,208.0729270729271,0.9586512401683387,0.934640522875817,68.65341172964428,19.537631966540307,True,11.0,0.8293885601577909,0.8401598401598401,True,11.0,0.8293885601577909,0.8401598401598401,True,11.0,0.8293885601577909,0.8401598401598401,0.8293885601577909,11.0,0.8401598401598401
2028,Colon,2,connective,normal,226,2028__ch2__id226,490.0,230,11,253,39,241.30408163265307,24.516326530612243,0.5688198563075678,0.9645669291338582,27.585341162243548,22.687898713808046,True,12.0,0.5183673469387755,0.5183673469387755,True,12.0,0.5183673469387755,0.5183673469387755,True,12.0,0.5183673469387755,0.5183673469387755,0.5183673469387755,12.0,0.5183673469387755
2028,Colon,2,connective,normal,232,2028__ch2__id232,221.0,247,94,256,126,251.710407239819,108.43891402714932,0.9597974841216976,0.9364406779661016,32.45138889962351,9.108890954916218,False,,,,False,,,,False,,,,0.0,,0.0
2030,Colon,2,connective,normal,118,2030__ch2__id118,102.0,0,37,8,54,2.9411764705882355,45.431372549019606,0.8379123770314704,0.9444444444444444,16.009398597523308,8.73800614081156,False,,,,False,,,,False,,,,0.0,,0.0
2030,Colon,2,connective,normal,124,2030__ch2__id124,440.0,0,120,24,144,9.718181818181819,131.00227272727273,0.43852638852534376,0.9482758620689655,25.807804201326874,23.193946260445237,False,,,,False,,,,False,,,,0.0,,0.0
2030,Colon,2,connective,normal,150,2030__ch2__id150,726.0,23,237,72,256,49.28650137741047,247.5275482093664,0.930971761736909,0.9540078843626807,51.78062935015984,18.90465171837539,True,1.0,0.7548209366391184,0.7548209366391184,True,1.0,0.7548209366391184,0.7548209366391184,True,1.0,0.7548209366391184,0.7548209366391184,0.7548209366391184,1.0,0.7548209366391184
2030,Colon,2,connective,normal,152,2030__ch2__id152,637.0,26,66,71,83,48.464678178963894,74.0596546310832,0.9311597074806743,0.9607843137254902,47.49334759606917,17.316624173971515,False,,,,False,,,,False,,,,0.0,,0.0
2030,Colon,2,connective,normal,157,2030__ch2__id157,818.0,37,186,85,211,62.067237163814184,197.33251833740832,0.9043700753160604,0.9058693244739756,50.59181100338192,21.5900081842829,True,2.0,0.7457212713936431,0.7457212713936431,True,2.0,0.7457212713936431,0.7457212713936431,True,2.0,0.7457212713936431,0.7457212713936431,0.7457212713936431,2.0,0.7457212713936431
2030,Colon,2,connective,normal,173,2030__ch2__id173,710.0,91,188,137,215,112.07887323943662,203.42816901408452,0.9054117675503718,0.9366754617414248,47.80603399841981,20.29531014880622,True,3.0,0.8802153432032301,0.9211267605633803,True,3.0,0.8802153432032301,0.9211267605633803,True,3.0,0.8802153432032301,0.9211267605633803,0.8802153432032301,3.0,0.9211267605633803
2030,Colon,2,connective,normal,181,2030__ch2__id181,970.0,106,0,189,19,148.59896907216495,7.25360824742268,0.9861920879936273,0.9159584513692163,87.88764173103552,14.55467259338916,True,5.0,0.6278350515463917,0.6278350515463917,True,5.0,0.6278350515463917,0.6278350515463917,True,5.0,0.6278350515463917,0.6278350515463917,0.6278350515463917,5.0,0.6278350515463917
2030,Colon,2,connective,normal,183,2030__ch2__id183,1015.0,107,60,152,98,125.10344827586206,75.61970443349753,0.7946963417775109,0.9320477502295684,47.7593608817139,28.990275274023297,True,4.0,0.7392,0.9103448275862069,True,4.0,0.7392,0.9103448275862069,True,4.0,0.7392,0.9103448275862069,0.7392,4.0,0.9103448275862069
2030,Colon,2,connective,normal,192,2030__ch2__id192,705.0,144,68,182,91,163.41702127659573,79.6,0.8294075905755327,0.9475806451612904,40.56438338650683,22.66104684968022,False,,,,False,,,,False,,,,0.0,,0.0
2030,Colon,2,connective,normal,202,2030__ch2__id202,311.0,163,194,186,213,173.95176848874598,203.56591639871382,0.7326898237786128,0.9569230769230769,24.16722003307285,16.447309112004994,True,7.0,0.6141479099678456,0.6141479099678456,True,7.0,0.6141479099678456,0.6141479099678456,True,7.0,0.6141479099678456,0.6141479099678456,0.6141479099678456,7.0,0.6141479099678456
2030,Colon,2,connective,normal,208,2030__ch2__id208,574.0,187,75,222,96,203.75435540069685,85.56968641114983,0.7864087799197765,0.9745331069609507,34.50704919549743,21.31522609022533,True,9.0,0.720360824742268,0.9738675958188153,True,9.0,0.720360824742268,0.9738675958188153,True,9.0,0.720360824742268,0.9738675958188153,0.720360824742268,9.0,0.9738675958188153
2030,Colon,2,connective,normal,211,2030__ch2__id211,1344.0,194,104,256,160,227.0438988095238,129.390625,0.9627910879812341,0.9142857142857143,80.6880629119468,21.805689007776913,True,8.0,0.8253861652115514,0.9144345238095238,True,8.0,0.8253861652115514,0.9144345238095238,True,8.0,0.8253861652115514,0.9144345238095238,0.8253861652115514,8.0,0.9144345238095238
2030,Colon,2,connective,normal,212,2030__ch2__id212,707.0,196,8,244,39,220.54314002828855,23.53323903818953,0.9496485008616087,0.925392670157068,54.396895808221366,17.0434880309863,True,10.0,0.8149606299212598,0.8783592644978784,True,10.0,0.8149606299212598,0.8783592644978784,True,10.0,0.8149606299212598,0.8783592644978784,0.8149606299212598,10.0,0.8783592644978784
2030,Colon,2,connective,normal,220,2030__ch2__id220,697.0,210,197,247,231,226.62266857962697,213.92395982783358,0.9079008598148114,0.9574175824175825,46.284622967774595,19.401817720110685,True,11.0,0.924119241192412,0.9784791965566715,True,11.0,0.924119241192412,0.9784791965566715,True,11.0,0.924119241192412,0.9784791965566715,0.924119241192412,11.0,0.9784791965566715
2030,Colon,2,connective,normal,221,2030__ch2__id221,84.0,236,0,256,6,247.32142857142858,1.9166666666666667,0.9538010663452283,0.9230769230769231,19.617155654546096,5.893756444157043,False,,,,False,,,,False,,,,0.0,,0.0
2030,Colon,2,connective,normal,227,2030__ch2__id227,602.0,230,46,256,86,244.53654485049833,62.81063122923588,0.9110762433263297,0.9465408805031447,44.14364266103118,18.197682155402642,True,12.0,0.7915309446254072,0.8073089700996677,True,12.0,0.7915309446254072,0.8073089700996677,True,12.0,0.7915309446254072,0.8073089700996677,0.7915309446254072,12.0,0.8073089700996677
2030,Colon,2,connective,normal,237,2030__ch2__id237,4.0,255,27,256,31,255.0,28.5,1.0,1.0,4.47213595499958,0.0,False,,,,False,,,,False,,,,0.0,,0.0
2090,Esophagus,1,inflammatory,normal,218,2090__ch1__id218,421.0,0,161,20,186,9.066508313539192,172.97624703087885,0.6440947513208003,0.9722863741339491,26.63794027391666,20.376578345989987,True,1.0,0.7885985748218527,0.7885985748218527,True,1.0,0.7885985748218527,0.7885985748218527,True,1.0,0.7885985748218527,0.7885985748218527,0.7885985748218527,1.0,0.7885985748218527
2090,Esophagus,1,inflammatory,normal,231,2090__ch1__id231,245.0,40,11,55,32,47.03265306122449,21.461224489795917,0.7274675931388849,0.9423076923076923,21.498000428200953,14.750681899137062,True,4.0,0.8875502008032129,0.9020408163265307,True,4.0,0.8875502008032129,0.9020408163265307,True,4.0,0.8875502008032129,0.9020408163265307,0.8875502008032129,4.0,0.9020408163265307
2090,Esophagus,1,inflammatory,normal,234,2090__ch1__id234,356.0,44,218,68,237,55.67977528089887,227.35955056179776,0.6471003365839745,0.967391304347826,24.434272485892187,18.628807834873626,True,6.0,0.8202247191011236,0.8202247191011236,True,6.0,0.8202247191011236,0.8202247191011236,True,6.0,0.8202247191011236,0.8202247191011236,0.8202247191011236,6.0,0.8202247191011236
2090,Esophagus,1,inflammatory,normal,273,2090__ch1__id273,365.0,185,126,203,154,194.22739726027396,139.1095890410959,0.735877487737376,0.9554973821989529,26.444770390117764,17.906142888103208,True,15.0,0.8383561643835616,0.8383561643835616,True,15.0,0.8383561643835616,0.8383561643835616,True,15.0,0.8383561643835616,0.8383561643835616,0.8383561643835616,15.0,0.8383561643835616
2090,Esophagus,1,inflammatory,normal,282,2090__ch1__id282,397.0,208,8,226,36,216.70528967254407,21.61712846347607,0.799696190104799,0.9589371980676329,29.092113253606882,17.46704636975238,True,18.0,0.889168765743073,0.889168765743073,True,18.0,0.889168765743073,0.889168765743073,True,18.0,0.889168765743073,0.889168765743073,0.889168765743073,18.0,0.889168765743073
2090,Esophagus,2,connective,normal,224,2090__ch2__id224,905.0,21,20,42,77,30.372375690607736,49.830939226519334,0.9381587505469345,0.9526315789473684,58.315464448233655,20.189126992797004,False,,,,False,,,,False,,,,0.0,,0.0
2090,Esophagus,2,connective,normal,226,2090__ch2__id226,305.0,23,99,37,126,29.495081967213114,111.90163934426229,0.8661398042838372,0.9561128526645768,27.95424356263093,13.971581254489736,True,2.0,0.8032786885245902,0.8032786885245902,True,2.0,0.8032786885245902,0.8032786885245902,True,2.0,0.8032786885245902,0.8032786885245902,0.8032786885245902,2.0,0.8032786885245902
2090,Esophagus,2,connective,normal,233,2090__ch2__id233,426.0,43,174,66,198,54.33568075117371,185.8450704225352,0.741183233780526,0.9681818181818181,28.483118014724777,19.12079612659793,True,5.0,0.852112676056338,0.852112676056338,True,5.0,0.852112676056338,0.852112676056338,True,5.0,0.852112676056338,0.852112676056338,0.852112676056338,5.0,0.852112676056338
2090,Esophagus,2,connective,normal,236,2090__ch2__id236,589.0,54,188,93,212,74.26994906621393,200.12054329371816,0.9131710196048,0.9439102564102564,43.173851616743825,17.59665186728784,True,7.0,0.7877758913412564,0.7877758913412564,True,7.0,0.7877758913412564,0.7877758913412564,True,7.0,0.7877758913412564,0.7877758913412564,0.7877758913412564,7.0,0.7877758913412564
2090,Esophagus,2,connective,normal,237,2090__ch2__id237,705.0,55,113,79,155,65.38581560283689,131.5063829787234,0.8210916673685464,0.9155844155844156,40.544026088831174,23.142382127282804,True,8.0,0.6851063829787234,0.6851063829787234,True,8.0,0.6851063829787234,0.6851063829787234,True,8.0,0.6851063829787234,0.6851063829787234,0.6851063829787234,8.0,0.6851063829787234
2090,Esophagus,2,connective,normal,240,2090__ch2__id240,268.0,67,140,89,156,77.23507462686567,147.72761194029852,0.6655591859611728,0.9537366548042705,21.483677220120125,16.034236671819325,True,9.0,0.7326388888888888,0.7873134328358209,True,9.0,0.7326388888888888,0.7873134328358209,True,9.0,0.7326388888888888,0.7873134328358209,0.7326388888888888,9.0,0.7873134328358209
2090,Esophagus,2,connective,normal,247,2090__ch2__id247,423.0,92,207,114,238,103.08983451536643,222.67375886524823,0.8809266131919002,0.9441964285714286,33.97952097668572,16.08090665657254,True,10.0,0.8534278959810875,0.8534278959810875,True,10.0,0.8534278959810875,0.8534278959810875,True,10.0,0.8534278959810875,0.8534278959810875,0.8534278959810875,10.0,0.8534278959810875
2090,Esophagus,2,connective,normal,253,2090__ch2__id253,733.0,104,124,137,152,120.55934515688949,138.00545702592086,0.5112643184056829,0.9682959048877147,33.14345725338829,28.4842668904228,True,11.0,0.8481012658227848,0.9140518417462483,True,11.0,0.8481012658227848,0.9140518417462483,True,11.0,0.8481012658227848,0.9140518417462483,0.8481012658227848,11.0,0.9140518417462483
2090,Esophagus,2,connective,normal,259,2090__ch2__id259,729.0,133,145,153,195,142.71742112482852,170.1289437585734,0.927207044588006,0.9642857142857143,49.82721167466408,18.662741821707787,True,12.0,0.7832647462277091,0.7832647462277091,True,12.0,0.7832647462277091,0.7832647462277091,True,12.0,0.7832647462277091,0.7832647462277091,0.7832647462277091,12.0,0.7832647462277091
2090,Esophagus,2,connective,normal,265,2090__ch2__id265,774.0,146,41,175,72,160.22868217054264,55.60594315245478,0.36939807397006974,0.9614906832298137,32.85532304817565,30.531507239591207,True,13.0,0.7312661498708011,0.7312661498708011,True,13.0,0.7312661498708011,0.7312661498708011,True,13.0,0.7312661498708011,0.7312661498708011,0.7312661498708011,13.0,0.7312661498708011
2090,Esophagus,2,connective,normal,267,2090__ch2__id267,287.0,160,170,174,210,167.404181184669,192.5261324041812,0.9705977357491262,0.8940809968847352,40.38401595514128,9.72073005135133,False,,,,False,,,,False,,,,0.0,,0.0
2090,Esophagus,2,connective,normal,270,2090__ch2__id270,473.0,174,61,197,101,184.30655391120507,81.6384778012685,0.9279541438462551,0.8958333333333334,42.24538865714104,15.744619275468557,False,,,,False,,,,False,,,,0.0,,0.0
2090,Esophagus,2,connective,normal,279,2090__ch2__id279,1317.0,198,179,233,240,215.77904328018224,210.71450265755504,0.8944094045219336,0.9536567704561911,62.22494233914246,27.830053608363162,True,16.0,0.9279819954988747,0.9392558845861807,True,16.0,0.9279819954988747,0.9392558845861807,True,16.0,0.9279819954988747,0.9392558845861807,0.9279819954988747,16.0,0.9392558845861807
2090,Esophagus,2,connective,normal,281,2090__ch2__id281,180.0,203,35,218,51,209.85555555555555,42.85,0.40081240871450513,0.9574468085106383,15.91500413326076,14.580692509465282,True,17.0,0.5944444444444444,0.5944444444444444,True,17.0,0.5944444444444444,0.5944444444444444,True,17.0,0.5944444444444444,0.5944444444444444,0.5944444444444444,17.0,0.5944444444444444
2090,Esophagus,2,connective,normal,285,2090__ch2__id285,1070.0,212,81,239,135,224.6626168224299,107.94485981308411,0.8588377445756605,0.9692028985507246,51.735496293254684,26.50139011255862,True,19.0,0.8273056057866185,0.8551401869158879,True,19.0,0.8273056057866185,0.8551401869158879,True,19.0,0.8273056057866185,0.8551401869158879,0.8273056057866185,19.0,0.8551401869158879
2090,Esophagus,2,connective,normal,287,2090__ch2__id287,109.0,220,0,236,9,227.74311926605503,3.4220183486238533,0.7501203434534316,0.9646017699115044,15.007668603720768,9.924591449277543,False,,,,False,,,,False,,,,0.0,,0.0
2126,HeadNeck,1,inflammatory,normal,65,2126__ch1__id65,172.0,182,209,197,223,188.97674418604652,215.47674418604652,0.40016616266674837,0.9662921348314607,15.446104737580013,14.155468412225371,True,5.0,0.8478260869565217,0.9069767441860465,True,5.0,0.8478260869565217,0.9069767441860465,True,5.0,0.8478260869565217,0.9069767441860465,0.8478260869565217,5.0,0.9069767441860465
2126,HeadNeck,2,connective,normal,39,2126__ch2__id39,122.0,0,27,15,37,5.934426229508197,31.540983606557376,0.7610506475147786,0.9606299212598425,15.891069974402551,10.308417325863049,False,,,,False,,,,False,,,,0.0,,0.0
2126,HeadNeck,2,connective,normal,48,2126__ch2__id48,226.0,72,12,97,30,84.36725663716814,20.5,0.9416654859989454,0.9495798319327731,29.360018271445373,9.881123308318859,True,1.0,0.8053097345132744,0.8053097345132744,True,1.0,0.8053097345132744,0.8053097345132744,True,1.0,0.8053097345132744,0.8053097345132744,0.8053097345132744,1.0,0.8053097345132744
2126,HeadNeck,2,connective,normal,53,2126__ch2__id53,212.0,110,41,134,63,121.29245283018868,50.7311320754717,0.9594623406332762,0.9217391304347826,31.683596053955064,8.929605295720767,True,3.0,0.9030837004405287,0.9669811320754716,True,3.0,0.9030837004405287,0.9669811320754716,True,3.0,0.9030837004405287,0.9669811320754716,0.9030837004405287,3.0,0.9669811320754716
2126,HeadNeck,2,connective,normal,57,2126__ch2__id57,408.0,126,184,159,203,142.42401960784315,193.06127450980392,0.901963489284071,0.9400921658986175,34.85189902821438,15.049478741986517,True,4.0,0.6078431372549019,0.6078431372549019,True,4.0,0.6078431372549019,0.6078431372549019,True,4.0,0.6078431372549019,0.6078431372549019,0.6078431372549019,4.0,0.6078431372549019
2126,HeadNeck,2,connective,normal,59,2126__ch2__id59,126.0,131,106,153,116,141.17460317460316,110.60317460317461,0.9569104161341558,0.9,23.655546885588077,6.869175546975632,False,,,,False,,,,False,,,,0.0,,0.0
2126,HeadNeck,2,connective,normal,63,2126__ch2__id63,161.0,172,40,199,59,186.62111801242236,47.975155279503106,0.971289977515783,0.8009950248756219,31.527147637790055,7.500266650264263,False,,,,False,,,,False,,,,0.0,,0.0
2126,HeadNeck,2,connective,normal,67,2126__ch2__id67,119.0,201,75,209,96,203.73949579831933,85.10084033613445,0.9235618768290984,0.937007874015748,20.25997108684857,7.768674214501234,True,6.0,0.792,0.8319327731092437,True,6.0,0.792,0.8319327731092437,True,6.0,0.792,0.8319327731092437,0.792,6.0,0.8319327731092437
2126,HeadNeck,2,connective,normal,69,2126__ch2__id69,371.0,221,27,244,65,232.63342318059298,46.102425876010784,0.9647372676226165,0.8896882494004796,43.51198280377488,11.452995662680559,True,7.0,0.881578947368421,0.9029649595687331,True,7.0,0.881578947368421,0.9029649595687331,True,7.0,0.881578947368421,0.9029649595687331,0.881578947368421,7.0,0.9029649595687331
2146,HeadNeck,2,connective,normal,16,2146__ch2__id16,24.0,0,74,3,84,0.8333333333333334,78.5,0.9444674580644496,1.0,9.72967967955095,3.197221015541814,False,,,,False,,,,False,,,,0.0,,0.0
2146,HeadNeck,2,connective,normal,17,2146__ch2__id17,239.0,0,30,15,53,5.405857740585774,39.53556485355649,0.7505070949707849,0.9795081967213115,22.562352923081836,14.910610508897834,True,1.0,0.5523012552301255,0.5523012552301255,True,1.0,0.5523012552301255,0.5523012552301255,True,1.0,0.5523012552301255,0.5523012552301255,0.5523012552301255,1.0,0.5523012552301255
2146,HeadNeck,2,connective,normal,20,2146__ch2__id20,299.0,18,35,40,51,28.956521739130434,42.45150501672241,0.6788590307016904,0.9707792207792207,22.974985548864556,16.869811091779795,False,,,,False,,,,False,,,,0.0,,0.0
2146,HeadNeck,2,connective,normal,21,2146__ch2__id21,445.0,23,0,56,21,37.647191011235954,9.615730337078652,0.8486859002314049,0.9290187891440501,33.26567374203692,17.594121527845815,True,2.0,0.802247191011236,0.802247191011236,True,2.0,0.802247191011236,0.802247191011236,True,2.0,0.802247191011236,0.802247191011236,0.802247191011236,2.0,0.802247191011236
2146,HeadNeck,2,connective,normal,23,2146__ch2__id23,555.0,38,31,64,59,50.16576576576576,43.85945945945946,0.5333487243301337,0.9618717504332756,29.242868313988378,24.736409699864687,True,3.0,0.8306306306306306,0.8306306306306306,True,3.0,0.8306306306306306,0.8306306306306306,True,3.0,0.8306306306306306,0.8306306306306306,0.8306306306306306,3.0,0.8306306306306306
2146,HeadNeck,2,connective,normal,25,2146__ch2__id25,729.0,65,33,114,55,87.98216735253773,43.89849108367627,0.9141780427956869,0.8596698113207547,50.99424577103669,20.668623067880457,False,,,,False,,,,False,,,,0.0,,0.0
2146,HeadNeck,2,connective,normal,30,2146__ch2__id30,468.0,113,0,146,19,128.03418803418805,7.897435897435898,0.8592443575161484,0.9551020408163265,34.50342075689148,17.650755418000383,True,6.0,0.7896907216494845,0.8183760683760684,True,6.0,0.7896907216494845,0.8183760683760684,True,6.0,0.7896907216494845,0.8183760683760684,0.7896907216494845,6.0,0.8183760683760684
2146,HeadNeck,2,connective,normal,34,2146__ch2__id34,197.0,166,198,190,221,178.48730964467006,209.88324873096445,0.967900354112433,0.8716814159292036,32.637144901127016,8.20283228950533,False,,,,False,,,,False,,,,0.0,,0.0
2146,HeadNeck,4,epithelial,normal,27,2146__ch4__id27,444.0,80,90,100,124,89.1891891891892,106.12612612612612,0.9057224248715834,0.9426751592356688,37.11202891659598,15.730724385589076,True,4.0,0.8369098712446352,0.8783783783783784,True,4.0,0.8369098712446352,0.8783783783783784,True,4.0,0.8369098712446352,0.8783783783783784,0.8369098712446352,4.0,0.8783783783783784
2146,HeadNeck,4,epithelial,normal,29,2146__ch4__id29,742.0,99,194,131,225,114.26954177897574,210.19946091644204,0.4975428276578957,0.9648894668400521,33.19659256019631,28.79603275292633,True,5.0,0.8948051948051948,0.9285714285714286,True,5.0,0.8948051948051948,0.9285714285714286,True,5.0,0.8948051948051948,0.9285714285714286,0.8948051948051948,5.0,0.9285714285714286
2146,HeadNeck,4,epithelial,normal,31,2146__ch4__id31,720.0,115,6,164,48,139.23194444444445,24.03611111111111,0.9640383401182268,0.8247422680412371,62.61324836258136,16.64029728349927,True,7.0,0.723994452149792,0.725,True,7.0,0.723994452149792,0.725,True,7.0,0.723994452149792,0.725,0.723994452149792,7.0,0.725
2162,HeadNeck,0,neoplastic,neoplastic,174,2162__ch0__id174,391.0,40,93,68,111,54.62148337595908,101.0,0.7633693830957675,0.9678217821782178,28.005442821894196,18.09045791509794,True,3.0,0.8516746411483254,0.9104859335038363,True,3.0,0.8516746411483254,0.9104859335038363,True,3.0,0.8516746411483254,0.9104859335038363,0.8516746411483254,3.0,0.9104859335038363
2162,HeadNeck,0,neoplastic,neoplastic,177,2162__ch0__id177,298.0,47,37,66,58,55.993288590604024,46.57382550335571,0.68588809096848,0.9612903225806452,22.9837446194027,16.725432616690075,True,4.0,0.7796143250688705,0.9496644295302014,True,4.0,0.7796143250688705,0.9496644295302014,True,4.0,0.7796143250688705,0.9496644295302014,0.7796143250688705,4.0,0.9496644295302014
2162,HeadNeck,0,neoplastic,neoplastic,178,2162__ch0__id178,290.0,52,10,71,31,61.60689655172414,20.893103448275863,0.7921050346170887,0.9666666666666667,24.715585942224408,15.086018185966472,True,5.0,0.8852459016393442,0.9310344827586207,True,5.0,0.8852459016393442,0.9310344827586207,True,5.0,0.8852459016393442,0.9310344827586207,0.8852459016393442,5.0,0.9310344827586207
2162,HeadNeck,0,neoplastic,neoplastic,182,2162__ch0__id182,457.0,59,165,85,189,70.42450765864332,175.92122538293216,0.6444421816636955,0.9442148760330579,28.18510923029831,21.551829509334823,True,6.0,0.8605664488017429,0.8643326039387309,True,6.0,0.8605664488017429,0.8643326039387309,True,6.0,0.8605664488017429,0.8643326039387309,0.8605664488017429,6.0,0.8643326039387309
2162,HeadNeck,0,neoplastic,neoplastic,184,2162__ch0__id184,544.0,62,185,89,212,75.58088235294117,198.31985294117646,0.3965094479497914,0.9645390070921985,27.615919207778457,25.35226001019104,False,,,,False,,,,False,,,,0.0,,0.0
2162,HeadNeck,0,neoplastic,neoplastic,186,2162__ch0__id186,491.0,64,227,90,250,76.93686354378819,238.0244399185336,0.42557563671216275,0.9780876494023905,26.299542778780822,23.7990573937599,True,7.0,0.8513238289205702,0.8513238289205702,True,7.0,0.8513238289205702,0.8513238289205702,True,7.0,0.8513238289205702,0.8513238289205702,0.8513238289205702,7.0,0.8513238289205702
2162,HeadNeck,0,neoplastic,neoplastic,188,2162__ch0__id188,429.0,67,66,89,90,77.34032634032634,78.1958041958042,0.577257690355295,0.9705882352941176,25.998785354722695,21.229621107383394,True,8.0,0.8232662192393736,0.8578088578088578,True,8.0,0.8232662192393736,0.8578088578088578,True,8.0,0.8232662192393736,0.8578088578088578,0.8232662192393736,8.0,0.8578088578088578
2162,HeadNeck,0,neoplastic,neoplastic,191,2162__ch0__id191,169.0,72,22,83,42,77.13609467455622,32.142011834319526,0.849074250952894,0.9337016574585635,20.287307315567546,10.717247332086709,True,9.0,0.6201117318435754,0.6568047337278107,True,9.0,0.6201117318435754,0.6568047337278107,True,9.0,0.6201117318435754,0.6568047337278107,0.6201117318435754,9.0,0.6568047337278107
2162,HeadNeck,0,neoplastic,neoplastic,195,2162__ch0__id195,585.0,80,132,108,161,93.92991452991453,145.91794871794872,0.6950860163738843,0.9637561779242174,32.30929239768845,23.228009139866284,True,10.0,0.5721561969439728,0.576068376068376,True,10.0,0.5721561969439728,0.576068376068376,True,10.0,0.5721561969439728,0.576068376068376,0.5721561969439728,10.0,0.576068376068376
2162,HeadNeck,0,neoplastic,neoplastic,202,2162__ch0__id202,490.0,88,192,111,219,99.58979591836734,205.6469387755102,0.5969974417716765,0.9645669291338582,27.955184270311875,22.42685478810044,True,12.0,0.9163265306122449,0.9163265306122449,True,12.0,0.9163265306122449,0.9163265306122449,True,12.0,0.9163265306122449,0.9163265306122449,0.9163265306122449,12.0,0.9163265306122449
2162,HeadNeck,0,neoplastic,neoplastic,203,2162__ch0__id203,544.0,89,61,109,98,97.90073529411765,78.03308823529412,0.8837587456220736,0.9628318584070796,38.767988379116254,18.14120167309689,True,11.0,0.8344827586206897,0.8897058823529411,True,11.0,0.8344827586206897,0.8897058823529411,True,11.0,0.8344827586206897,0.8897058823529411,0.8344827586206897,11.0,0.8897058823529411
2162,HeadNeck,0,neoplastic,neoplastic,205,2162__ch0__id205,456.0,96,223,118,248,107.29605263157895,234.61184210526315,0.6104060391476146,0.9702127659574468,27.231209087672283,21.56953229583254,True,13.0,0.7894736842105263,0.7894736842105263,True,13.0,0.7894736842105263,0.7894736842105263,True,13.0,0.7894736842105263,0.7894736842105263,0.7894736842105263,13.0,0.7894736842105263
2162,HeadNeck,0,neoplastic,neoplastic,211,2162__ch0__id211,477.0,109,122,134,150,120.11111111111111,136.64989517819706,0.7312327001790877,0.94831013916501,30.18251884161419,20.588344084167083,True,14.0,0.9014675052410901,0.9014675052410901,True,14.0,0.9014675052410901,0.9014675052410901,True,14.0,0.9014675052410901,0.9014675052410901,0.9014675052410901,14.0,0.9014675052410901
2162,HeadNeck,0,neoplastic,neoplastic,218,2162__ch0__id218,587.0,126,75,157,103,139.56558773424192,87.19931856899488,0.443614948259953,0.9086687306501547,29.870302540890222,26.7702873737345,True,16.0,0.8400673400673401,0.8500851788756388,True,16.0,0.8400673400673401,0.8500851788756388,True,16.0,0.8400673400673401,0.8500851788756388,0.8400673400673401,16.0,0.8500851788756388
2162,HeadNeck,0,neoplastic,neoplastic,233,2162__ch0__id233,517.0,156,47,181,74,168.70793036750484,60.72920696324952,0.47177883421565175,0.9754716981132076,27.430662771810766,24.186079563835694,True,20.0,0.9168278529980658,0.9168278529980658,True,20.0,0.9168278529980658,0.9168278529980658,True,20.0,0.9168278529980658,0.9168278529980658,0.9168278529980658,20.0,0.9168278529980658
2162,HeadNeck,0,neoplastic,neoplastic,236,2162__ch0__id236,727.0,157,90,187,122,171.2104539202201,105.9573590096286,0.27791604646132656,0.9693333333333334,31.2028207382716,29.973597066886654,True,21.0,0.8787465940054496,0.8872077028885832,True,21.0,0.8787465940054496,0.8872077028885832,True,21.0,0.8787465940054496,0.8872077028885832,0.8787465940054496,21.0,0.8872077028885832
2162,HeadNeck,0,neoplastic,neoplastic,237,2162__ch0__id237,748.0,161,226,194,256,177.15508021390374,240.6216577540107,0.5549810849344793,0.9739583333333334,33.94034395250931,28.233715211112465,True,22.0,0.938961038961039,0.9665775401069518,True,22.0,0.938961038961039,0.9665775401069518,True,22.0,0.938961038961039,0.9665775401069518,0.938961038961039,22.0,0.9665775401069518
2162,HeadNeck,0,neoplastic,neoplastic,245,2162__ch0__id245,716.0,182,176,212,207,196.8659217877095,190.71927374301677,0.5595376514353884,0.9662618083670715,33.22594219005166,27.537824783893264,True,23.0,0.9413369713506139,0.9636871508379888,True,23.0,0.9413369713506139,0.9636871508379888,True,23.0,0.9413369713506139,0.9636871508379888,0.9413369713506139,23.0,0.9636871508379888
2162,HeadNeck,0,neoplastic,neoplastic,248,2162__ch0__id248,93.0,185,0,198,11,192.1720430107527,3.913978494623656,0.7002630820409068,0.9207920792079208,13.505755666675409,9.641554707016908,False,,,,False,,,,False,,,,0.0,,0.0
2162,HeadNeck,0,neoplastic,neoplastic,249,2162__ch0__id249,183.0,188,222,203,239,194.71038251366122,229.30601092896174,0.5091515515890828,0.9682539682539683,16.55776108972471,14.250882209778867,True,24.0,0.7595628415300546,0.7595628415300546,True,24.0,0.7595628415300546,0.7595628415300546,True,24.0,0.7595628415300546,0.7595628415300546,0.7595628415300546,24.0,0.7595628415300546
2162,HeadNeck,0,neoplastic,neoplastic,253,2162__ch0__id253,15.0,199,0,208,2,202.8,0.4,0.9770664475983113,0.9375,9.147286108492034,1.9477739899832691,False,,,,False,,,,False,,,,0.0,,0.0
2162,HeadNeck,0,neoplastic,neoplastic,254,2162__ch0__id254,408.0,201,233,222,256,211.24019607843138,244.78186274509804,0.33176521929772074,0.9645390070921985,23.813708043298185,22.464946947001515,True,25.0,0.7941176470588235,0.7941176470588235,True,25.0,0.7941176470588235,0.7941176470588235,True,25.0,0.7941176470588235,0.7941176470588235,0.7941176470588235,25.0,0.7941176470588235
2162,HeadNeck,0,neoplastic,neoplastic,257,2162__ch0__id257,649.0,202,130,229,161,214.85208012326657,145.80431432973805,0.5296070924428575,0.9586410635155096,31.396193252639826,26.63160375495377,True,26.0,0.9155145929339478,0.9183359013867488,True,26.0,0.9155145929339478,0.9183359013867488,True,26.0,0.9155145929339478,0.9183359013867488,0.9155145929339478,26.0,0.9183359013867488
2162,HeadNeck,0,neoplastic,neoplastic,258,2162__ch0__id258,479.0,206,161,232,185,218.9561586638831,172.46346555323592,0.3776414030224121,0.9716024340770791,25.749040818789634,23.842373959113,True,27.0,0.9186046511627907,0.9895615866388309,True,27.0,0.9186046511627907,0.9895615866388309,True,27.0,0.9186046511627907,0.9895615866388309,0.9186046511627907,27.0,0.9895615866388309
2162,HeadNeck,0,neoplastic,neoplastic,261,2162__ch0__id261,495.0,213,47,238,78,225.29090909090908,63.61212121212121,0.7766137834817354,0.9482758620689655,31.980022032098926,20.14667861326096,True,28.0,0.7945205479452054,0.9373737373737374,True,28.0,0.7945205479452054,0.9373737373737374,True,28.0,0.7945205479452054,0.9373737373737374,0.7945205479452054,28.0,0.9373737373737374
2162,HeadNeck,0,neoplastic,neoplastic,264,2162__ch0__id264,613.0,215,180,240,212,226.70962479608482,195.43066884176181,0.7016088499726684,0.9638364779874213,33.399936895611816,23.79953562589094,True,29.0,0.9227053140096618,0.9347471451876019,True,29.0,0.9227053140096618,0.9347471451876019,True,29.0,0.9227053140096618,0.9347471451876019,0.9227053140096618,29.0,0.9347471451876019
2162,HeadNeck,0,neoplastic,neoplastic,268,2162__ch0__id268,617.0,227,84,251,121,239.06158833063208,103.06158833063209,0.857601167323949,0.9477726574500768,39.788837677722114,20.464008373315533,True,30.0,0.94896331738437,0.9643435980551054,True,30.0,0.94896331738437,0.9643435980551054,True,30.0,0.94896331738437,0.9643435980551054,0.94896331738437,30.0,0.9643435980551054
2162,HeadNeck,0,neoplastic,neoplastic,275,2162__ch0__id275,257.0,243,224,256,254,250.43579766536965,237.7976653696498,0.8747301542543452,0.9661654135338346,27.375650761083822,13.26652273396366,True,31.0,0.8171206225680934,0.8171206225680934,True,31.0,0.8171206225680934,0.8171206225680934,True,31.0,0.8171206225680934,0.8171206225680934,0.8171206225680934,31.0,0.8171206225680934
2162,HeadNeck,0,neoplastic,neoplastic,280,2162__ch0__id280,138.0,248,43,256,67,252.2826086956522,54.833333333333336,0.9343054486601626,0.9452054794520548,23.15763802025357,8.255083380376115,True,32.0,0.7122302158273381,0.717391304347826,True,32.0,0.7122302158273381,0.717391304347826,True,32.0,0.7122302158273381,0.717391304347826,0.7122302158273381,32.0,0.717391304347826
2162,HeadNeck,1,inflammatory,normal,156,2162__ch1__id156,134.0,0,221,9,239,3.5522388059701493,229.82835820895522,0.8377974636767199,0.9710144927536232,18.025034404106357,9.841328908774678,True,1.0,0.7910447761194029,0.7910447761194029,True,1.0,0.7910447761194029,0.7910447761194029,True,1.0,0.7910447761194029,0.7910447761194029,0.7910447761194029,1.0,0.7910447761194029
2162,HeadNeck,1,inflammatory,normal,215,2162__ch1__id215,274.0,123,0,148,15,136.0036496350365,6.91970802919708,0.8575881038871882,0.9102990033222591,26.559007902254958,13.660282887343644,True,15.0,0.8491228070175438,0.8832116788321168,True,15.0,0.8491228070175438,0.8832116788321168,True,15.0,0.8491228070175438,0.8832116788321168,0.8491228070175438,15.0,0.8832116788321168
2162,HeadNeck,1,inflammatory,normal,224,2162__ch1__id224,141.0,136,42,151,55,142.9078014184397,47.794326241134755,0.41505296255439017,0.94,14.083760658889489,12.813366733890566,True,19.0,0.8055555555555556,0.8226950354609929,True,19.0,0.8055555555555556,0.8226950354609929,True,19.0,0.8055555555555556,0.8226950354609929,0.8055555555555556,19.0,0.8226950354609929
2198,Liver,0,neoplastic,neoplastic,29,2198__ch0__id29,80.0,0,232,6,252,1.8125,241.6875,0.9471035624008214,0.9411764705882353,18.674984088001263,5.993327065403621,False,,,,False,,,,False,,,,0.0,,0.0
2198,Liver,0,neoplastic,neoplastic,34,2198__ch0__id34,1451.0,0,98,37,146,16.369400413507925,121.9710544452102,0.6261157498178259,0.9757901815736382,48.98896487475862,38.19817170533906,True,1.0,0.921302578018996,0.9359062715368711,True,1.0,0.921302578018996,0.9359062715368711,True,1.0,0.921302578018996,0.9359062715368711,0.921302578018996,1.0,0.9359062715368711
2198,Liver,0,neoplastic,neoplastic,36,2198__ch0__id36,1390.0,8,192,52,236,29.45971223021583,213.47841726618705,0.3966248951049349,0.9652777777777778,44.02755404803008,40.41644793009338,True,2.0,0.5907846715328468,0.9316546762589928,True,2.0,0.5907846715328468,0.9316546762589928,True,2.0,0.5907846715328468,0.9316546762589928,0.5907846715328468,2.0,0.9316546762589928
2198,Liver,0,neoplastic,neoplastic,39,2198__ch0__id39,756.0,29,214,63,251,47.2962962962963,235.91402116402116,0.7749445572367285,0.880093131548312,40.66067235965524,25.69873298067244,False,,,,False,,,,False,,,,0.3257434944237918,2.0,0.9272486772486772
2198,Liver,0,neoplastic,neoplastic,48,2198__ch0__id48,1074.0,96,23,130,65,111.23836126629423,43.37150837988827,0.6332321874424557,0.9666966696669667,42.272907484991585,32.7176190892564,True,3.0,0.7978339350180506,0.8230912476722533,True,3.0,0.7978339350180506,0.8230912476722533,True,3.0,0.7978339350180506,0.8230912476722533,0.7978339350180506,3.0,0.8230912476722533
2198,Liver,0,neoplastic,neoplastic,49,2198__ch0__id49,1455.0,95,155,146,197,121.61649484536082,176.04673539518902,0.6408558577316608,0.9243964421855146,49.86951160760809,38.28289080098439,True,4.0,0.9248366013071896,0.9725085910652921,True,4.0,0.9248366013071896,0.9725085910652921,True,4.0,0.9248366013071896,0.9725085910652921,0.9248366013071896,4.0,0.9725085910652921
2198,Liver,0,neoplastic,neoplastic,60,2198__ch0__id60,1023.0,145,38,178,78,159.81622678396872,58.4652981427175,0.669501286477552,0.9705882352941176,42.03198240693739,31.221814517688802,True,6.0,0.7849462365591398,0.7849462365591398,True,6.0,0.7849462365591398,0.7849462365591398,True,6.0,0.7849462365591398,0.7849462365591398,0.7849462365591398,6.0,0.7849462365591398
2198,Liver,0,neoplastic,neoplastic,61,2198__ch0__id61,503.0,146,90,168,120,156.8986083499006,105.39562624254474,0.7315926601180545,0.9766990291262136,30.7627460236801,20.97225656591969,True,5.0,0.605294825511432,1.0,True,5.0,0.605294825511432,1.0,True,5.0,0.605294825511432,1.0,0.605294825511432,5.0,1.0
2198,Liver,0,neoplastic,neoplastic,67,2198__ch0__id67,797.0,165,152,200,184,180.42409033877038,167.15809284818067,0.5567474097728661,0.9579326923076923,35.33211850049351,29.34974925824388,True,7.0,0.7766624843161857,0.7766624843161857,True,7.0,0.7766624843161857,0.7766624843161857,True,7.0,0.7766624843161857,0.7766624843161857,0.7766624843161857,7.0,0.7766624843161857
2198,Liver,0,neoplastic,neoplastic,70,2198__ch0__id70,319.0,192,0,225,13,208.7523510971787,4.968652037617555,0.8996893908224893,0.9608433734939759,31.581685454624935,13.786373377627848,True,8.0,0.7147239263803681,0.7304075235109718,True,8.0,0.7147239263803681,0.7304075235109718,True,8.0,0.7147239263803681,0.7304075235109718,0.7147239263803681,8.0,0.7304075235109718
2198,Liver,0,neoplastic,neoplastic,72,2198__ch0__id72,292.0,197,150,222,169,209.56506849315068,158.77739726027397,0.8854620572877399,0.9511400651465798,28.49010084995389,13.239682616334203,False,,,,False,,,,False,,,,0.00258732212160414,10.0,0.00684931506849315
2198,Liver,0,neoplastic,neoplastic,73,2198__ch0__id73,949.0,204,211,237,250,220.17175974710221,230.65648050579557,0.6005988555772425,0.9313052011776252,39.33433041458659,31.449783860794636,True,9.0,0.6386386386386387,0.672286617492097,True,9.0,0.6386386386386387,0.672286617492097,True,9.0,0.6386386386386387,0.672286617492097,0.6386386386386387,9.0,0.672286617492097
2198,Liver,0,neoplastic,neoplastic,74,2198__ch0__id74,827.0,207,135,248,162,228.1378476420798,147.76420798065297,0.7520580756401818,0.9695193434935522,40.14804318799102,26.461448591289006,True,10.0,0.5802171290711701,0.5816203143893591,True,10.0,0.5802171290711701,0.5816203143893591,True,10.0,0.5802171290711701,0.5816203143893591,0.5802171290711701,10.0,0.5816203143893591
2198,Liver,2,connective,normal,42,2198__ch2__id42,313.0,36,166,65,186,50.05111821086262,175.71565495207668,0.9301370309582333,0.9152046783625731,33.29666257298802,12.226954489998866,False,,,,False,,,,False,,,,0.0,,0.0
2198,Liver,2,connective,normal,57,2198__ch2__id57,194.0,129,29,144,48,136.0,37.54639175257732,0.8306339677998303,0.9509803921568627,21.32883378731618,11.876296314833361,False,,,,False,,,,False,,,,0.0,,0.0
2198,Liver,2,connective,normal,59,2198__ch2__id59,245.0,140,1,152,30,145.68163265306123,14.489795918367347,0.9268618377042613,0.9423076923076923,28.91079230681222,10.853187436423612,False,,,,False,,,,False,,,,0.0,,0.0
2199,Liver,0,neoplastic,neoplastic,77,2199__ch0__id77,809.0,0,126,29,160,12.149567367119902,141.6143386897404,0.4868556428820711,0.9758745476477684,35.04800837555629,30.61382007375461,True,1.0,0.9045287637698899,0.9134734239802225,True,1.0,0.9045287637698899,0.9134734239802225,True,1.0,0.9045287637698899,0.9134734239802225,0.9045287637698899,1.0,0.9134734239802225
2199,Liver,0,neoplastic,neoplastic,79,2199__ch0__id79,231.0,0,40,10,75,3.272727272727273,59.16450216450217,0.9612771897255297,0.9352226720647774,34.59340956631387,9.53336654864074,True,2.0,0.6623376623376623,0.6623376623376623,True,2.0,0.6623376623376623,0.6623376623376623,True,2.0,0.6623376623376623,0.6623376623376623,0.6623376623376623,2.0,0.6623376623376623
2199,Liver,0,neoplastic,neoplastic,80,2199__ch0__id80,722.0,0,86,26,118,11.642659279778393,100.61080332409972,0.5349029088010903,0.9743589743589743,33.51118964705304,28.31405763793168,True,3.0,0.8836565096952909,0.8836565096952909,True,3.0,0.8836565096952909,0.8836565096952909,True,3.0,0.8836565096952909,0.8836565096952909,0.8836565096952909,3.0,0.8836565096952909
2199,Liver,0,neoplastic,neoplastic,88,2199__ch0__id88,1318.0,26,84,69,123,47.20637329286798,102.88998482549317,0.4987759677778567,0.9777448071216617,44.03066744496837,38.162742078404825,True,4.0,0.9204801200300075,0.9309559939301972,True,4.0,0.9204801200300075,0.9309559939301972,True,4.0,0.9204801200300075,0.9309559939301972,0.9204801200300075,4.0,0.9309559939301972
2199,Liver,0,neoplastic,neoplastic,93,2199__ch0__id93,1220.0,75,149,121,184,98.12622950819672,166.06803278688525,0.6602392321144327,0.9682539682539683,45.62155432247301,34.26431298415431,True,6.0,0.8542178542178542,0.8549180327868853,True,6.0,0.8542178542178542,0.8549180327868853,True,6.0,0.8542178542178542,0.8549180327868853,0.8542178542178542,6.0,0.8549180327868853
2199,Liver,0,neoplastic,neoplastic,94,2199__ch0__id94,1475.0,77,67,127,106,101.52949152542372,86.50169491525423,0.7346956012551774,0.9768211920529801,52.705173172392705,35.75502685418965,True,5.0,0.949255751014885,0.9511864406779661,True,5.0,0.949255751014885,0.9511864406779661,True,5.0,0.949255751014885,0.9511864406779661,0.949255751014885,5.0,0.9511864406779661
2199,Liver,0,neoplastic,neoplastic,99,2199__ch0__id99,369.0,136,141,155,168,144.91869918699186,154.26287262872629,0.7862023031274892,0.9510309278350515,27.819660008675307,17.191693184079156,False,,,,False,,,,False,,,,0.0,,0.0
2199,Liver,0,neoplastic,neoplastic,103,2199__ch0__id103,888.0,148,175,194,202,171.82207207207207,187.66216216216216,0.8077289664269472,0.9631236442516269,44.3255293977361,26.13229307881394,True,8.0,0.7545045045045045,0.7545045045045045,True,8.0,0.7545045045045045,0.7545045045045045,True,8.0,0.7545045045045045,0.7545045045045045,0.7545045045045045,8.0,0.7545045045045045
2199,Liver,0,neoplastic,neoplastic,104,2199__ch0__id104,1131.0,163,232,218,256,190.66136162687886,244.72679045092838,0.8961785019840738,0.9800693240901213,57.841261647654,25.66380294739738,True,9.0,0.8794266441821248,0.9221927497789567,True,9.0,0.8794266441821248,0.9221927497789567,True,9.0,0.8794266441821248,0.9221927497789567,0.8794266441821248,9.0,0.9221927497789567
2199,Liver,0,neoplastic,neoplastic,107,2199__ch0__id107,1242.0,189,25,236,61,212.91545893719805,41.95330112721417,0.7390641279843004,0.9695550351288056,48.635562586045886,32.762620866799374,True,10.0,0.8936495791889824,0.9404186795491143,True,10.0,0.8936495791889824,0.9404186795491143,True,10.0,0.8936495791889824,0.9404186795491143,0.8936495791889824,10.0,0.9404186795491143
2199,Liver,0,neoplastic,neoplastic,110,2199__ch0__id110,1176.0,203,82,241,124,221.9608843537415,102.31377551020408,0.656300448126677,0.971900826446281,44.62672764887261,33.67085038990389,True,11.0,0.6658905704307334,0.9744463373083475,True,11.0,0.6658905704307334,0.9744463373083475,True,11.0,0.6658905704307334,0.9744463373083475,0.6658905704307334,11.0,0.9744463373083475
2199,Liver,0,neoplastic,neoplastic,114,2199__ch0__id114,1372.0,217,150,256,192,237.72521865889212,169.50874635568513,0.5514005198996694,0.98,46.19808065626153,38.540316961192794,True,12.0,0.9438775510204082,0.9438775510204082,True,12.0,0.9438775510204082,0.9438775510204082,True,12.0,0.9438775510204082,0.9438775510204082,0.9438775510204082,12.0,0.9438775510204082
2199,Liver,0,neoplastic,neoplastic,117,2199__ch0__id117,589.0,236,4,256,41,246.93887945670627,22.458404074702887,0.833002767928657,0.971947194719472,37.65940981302041,20.835777278120634,False,,,,False,,,,False,,,,0.0,,0.0
2199,Liver,2,connective,normal,118,2199__ch2__id118,530.0,237,75,256,112,247.14716981132077,93.32264150943396,0.8773268615366179,0.954954954954955,37.72461251889536,18.103788739514663,False,,,,False,,,,False,,,,0.004984141368373357,11.0,0.020754716981132074
2225,Liver,0,neoplastic,neoplastic,275,2225__ch0__id275,56.0,0,66,4,86,1.1428571428571428,75.35714285714286,0.9734745085473694,0.9180327868852459,18.49364184842361,4.231262049220502,False,,,,False,,,,False,,,,0.0,,0.0
2225,Liver,0,neoplastic,neoplastic,278,2225__ch0__id278,377.0,0,19,15,51,5.774535809018568,33.90716180371353,0.8816045496497782,0.9792207792207792,32.69555867404619,15.431937182172206,True,1.0,0.843501326259947,0.843501326259947,True,1.0,0.843501326259947,0.843501326259947,True,1.0,0.843501326259947,0.843501326259947,0.843501326259947,1.0,0.843501326259947
2225,Liver,0,neoplastic,neoplastic,279,2225__ch0__id279,899.0,0,167,30,206,12.095661846496107,185.55728587319243,0.624553376868379,0.9814410480349345,39.24087245999086,30.646419957461745,True,2.0,0.8954393770856507,0.8954393770856507,True,2.0,0.8954393770856507,0.8954393770856507,True,2.0,0.8954393770856507,0.8954393770856507,0.8954393770856507,2.0,0.8954393770856507
2225,Liver,0,neoplastic,neoplastic,281,2225__ch0__id281,474.0,1,231,30,254,15.086497890295359,241.4704641350211,0.740393307715426,0.973305954825462,30.193304277899415,20.29515104654397,False,,,,False,,,,False,,,,0.0,,0.0
2225,Liver,0,neoplastic,neoplastic,288,2225__ch0__id288,912.0,18,39,56,70,36.63048245614035,54.19407894736842,0.6293818105062908,0.9702127659574468,38.673519514661855,30.053045865407388,True,3.0,0.9489685124864278,0.9583333333333334,True,3.0,0.9489685124864278,0.9583333333333334,True,3.0,0.9489685124864278,0.9583333333333334,0.9489685124864278,3.0,0.9583333333333334
2225,Liver,0,neoplastic,neoplastic,290,2225__ch0__id290,209.0,25,246,55,256,40.10526315789474,251.51674641148324,0.9302584545768788,0.9587155963302753,28.278431999055414,10.375495343547504,False,,,,False,,,,False,,,,0.0,,0.0
2225,Liver,0,neoplastic,neoplastic,291,2225__ch0__id291,27.0,25,0,36,3,30.0,0.8518518518518519,0.9550307853533779,1.0,10.83205120618128,3.2117753168413046,False,,,,False,,,,False,,,,0.0,,0.0
2225,Liver,0,neoplastic,neoplastic,295,2225__ch0__id295,1066.0,33,2,83,28,58.430581613508444,13.901500938086304,0.8466187742682445,0.9655797101449275,50.93228230226848,27.10615160018922,True,4.0,0.8827392120075047,0.8827392120075047,True,4.0,0.8827392120075047,0.8827392120075047,True,4.0,0.8827392120075047,0.8827392120075047,0.8827392120075047,4.0,0.8827392120075047
2225,Liver,0,neoplastic,neoplastic,296,2225__ch0__id296,909.0,41,84,79,116,58.52365236523652,99.61606160616061,0.5329676450368168,0.9670212765957447,37.14054640105657,31.425939298140538,True,5.0,0.9080962800875274,0.9130913091309131,True,5.0,0.9080962800875274,0.9130913091309131,True,5.0,0.9080962800875274,0.9130913091309131,0.9080962800875274,5.0,0.9130913091309131
2225,Liver,0,neoplastic,neoplastic,301,2225__ch0__id301,371.0,49,179,69,203,59.078167115902964,190.88679245283018,0.6447431809163796,0.9636363636363636,24.882080390686337,19.019843870017436,True,6.0,0.7109375,0.7358490566037735,True,6.0,0.7109375,0.7358490566037735,True,6.0,0.7109375,0.7358490566037735,0.7109375,6.0,0.7358490566037735
2225,Liver,0,neoplastic,neoplastic,303,2225__ch0__id303,416.0,53,49,73,76,62.87019230769231,62.50480769230769,0.7242633146469599,0.9519450800915332,27.83639242682627,19.193846612495093,False,,,,False,,,,False,,,,0.0015420200462606013,3.0,0.004807692307692308
2225,Liver,0,neoplastic,neoplastic,311,2225__ch0__id311,292.0,78,235,102,256,88.73972602739725,245.43835616438355,0.8928378859387408,0.9358974358974359,29.218008142376906,13.159153473512418,True,7.0,0.7830508474576271,0.791095890410959,True,7.0,0.7830508474576271,0.791095890410959,True,7.0,0.7830508474576271,0.791095890410959,0.7830508474576271,7.0,0.791095890410959
2225,Liver,0,neoplastic,neoplastic,315,2225__ch0__id315,368.0,86,207,111,234,97.7663043478261,220.0923913043478,0.8798114095675752,0.934010152284264,31.818619298844133,15.124119213470802,True,9.0,0.8548387096774194,0.8641304347826086,True,9.0,0.8548387096774194,0.8641304347826086,True,9.0,0.8548387096774194,0.8641304347826086,0.8548387096774194,9.0,0.8641304347826086
2225,Liver,0,neoplastic,neoplastic,318,2225__ch0__id318,827.0,108,0,152,23,128.92019347037484,9.30471584038694,0.8580288227734184,0.9833531510107015,46.26789952036527,23.76326432910015,True,10.0,0.8802902055622733,0.8802902055622733,True,10.0,0.8802902055622733,0.8802902055622733,True,10.0,0.8802902055622733,0.8802902055622733,0.8802902055622733,10.0,0.8802902055622733
2225,Liver,0,neoplastic,neoplastic,321,2225__ch0__id321,285.0,118,112,138,133,127.9017543859649,123.35087719298245,0.6928289299238349,0.946843853820598,23.00610047235061,16.589744735103665,True,11.0,0.6842105263157895,0.6842105263157895,True,11.0,0.6842105263157895,0.6842105263157895,True,11.0,0.6842105263157895,0.6842105263157895,0.6842105263157895,11.0,0.6842105263157895
2225,Liver,0,neoplastic,neoplastic,327,2225__ch0__id327,676.0,138,231,171,256,153.87426035502958,243.90532544378698,0.6144337880666105,0.9797101449275363,33.22643179703218,26.214604393251502,True,12.0,0.9164222873900293,0.9245562130177515,True,12.0,0.9164222873900293,0.9245562130177515,True,12.0,0.9164222873900293,0.9245562130177515,0.9164222873900293,12.0,0.9245562130177515
2225,Liver,0,neoplastic,neoplastic,328,2225__ch0__id328,744.0,143,62,176,108,159.3991935483871,85.12768817204301,0.9331542055810951,0.9562982005141388,51.54779808248459,18.5302130431201,True,13.0,0.8252688172043011,0.8252688172043011,True,13.0,0.8252688172043011,0.8252688172043011,True,13.0,0.8252688172043011,0.8252688172043011,0.8252688172043011,13.0,0.8252688172043011
2225,Liver,0,neoplastic,neoplastic,330,2225__ch0__id330,503.0,145,103,173,127,158.66003976143142,114.74353876739562,0.586372535168794,0.9580952380952381,28.277540013359452,22.905981247753594,True,14.0,0.6759443339960238,0.6759443339960238,True,14.0,0.6759443339960238,0.6759443339960238,True,14.0,0.6759443339960238,0.6759443339960238,0.6759443339960238,14.0,0.6759443339960238
2225,Liver,0,neoplastic,neoplastic,333,2225__ch0__id333,1052.0,149,138,189,175,168.50570342205324,155.5541825095057,0.7555881486192091,0.9749768303985171,45.43834073679346,29.76424800275623,True,15.0,0.9002849002849003,0.9011406844106464,True,15.0,0.9002849002849003,0.9011406844106464,True,15.0,0.9002849002849003,0.9011406844106464,0.9002849002849003,15.0,0.9011406844106464
2225,Liver,0,neoplastic,neoplastic,342,2225__ch0__id342,719.0,179,37,217,72,197.91655076495132,52.624478442280946,0.8950525036165475,0.9561170212765957,46.203064199074085,20.6047544694324,True,16.0,0.7301808066759388,0.7301808066759388,True,16.0,0.7301808066759388,0.7301808066759388,True,16.0,0.7301808066759388,0.7301808066759388,0.7301808066759388,16.0,0.7301808066759388
2225,Liver,0,neoplastic,neoplastic,348,2225__ch0__id348,1682.0,191,168,235,224,211.70332936979787,194.73900118906064,0.8015993217378278,0.9365256124721604,60.77441742472051,36.334692200981486,True,17.0,0.7498514557338086,0.7502972651605232,True,17.0,0.7498514557338086,0.7502972651605232,True,17.0,0.7498514557338086,0.7502972651605232,0.7498514557338086,17.0,0.7502972651605232
2225,Liver,0,neoplastic,neoplastic,352,2225__ch0__id352,1221.0,199,0,237,41,217.4971334971335,19.82882882882883,0.6478972272937056,0.9815112540192926,45.205846478979005,34.43454825183153,True,18.0,0.9131859131859131,0.9131859131859131,True,18.0,0.9131859131859131,0.9131859131859131,True,18.0,0.9131859131859131,0.9131859131859131,0.9131859131859131,18.0,0.9131859131859131
2225,Liver,0,neoplastic,neoplastic,358,2225__ch0__id358,640.0,218,92,253,115,234.5375,104.315625,0.7566827551445349,0.9696969696969697,35.58488732420396,23.264767092616854,True,19.0,0.8953125,0.8953125,True,19.0,0.8953125,0.8953125,True,19.0,0.8953125,0.8953125,0.8953125,19.0,0.8953125
2225,Liver,0,neoplastic,neoplastic,362,2225__ch0__id362,610.0,225,135,256,163,241.68360655737706,147.5032786885246,0.7391900610976953,0.9516380655226209,34.53362705747297,23.258290237363713,True,20.0,0.7639344262295082,0.7639344262295082,True,20.0,0.7639344262295082,0.7639344262295082,True,20.0,0.7639344262295082,0.7639344262295082,0.7639344262295082,20.0,0.7639344262295082
2229,Liver,1,inflammatory,normal,200,2229__ch1__id200,104.0,218,182,229,194,222.97115384615384,187.65384615384616,0.5619261492730135,0.9541284403669725,12.702592685745936,10.507424678747903,True,10.0,0.39920948616600793,0.9711538461538461,True,10.0,0.39920948616600793,0.9711538461538461,False,,,,0.39920948616600793,10.0,0.9711538461538461
2229,Liver,2,connective,normal,164,2229__ch2__id164,270.0,39,212,58,234,49.00370370370371,223.55555555555554,0.8076013411815901,0.9473684210526315,24.48716853050419,14.440788848650383,True,1.0,0.8767605633802817,0.9222222222222223,True,1.0,0.8767605633802817,0.9222222222222223,True,1.0,0.8767605633802817,0.9222222222222223,0.8767605633802817,1.0,0.9222222222222223
2229,Liver,2,connective,normal,165,2229__ch2__id165,518.0,40,90,76,118,54.6988416988417,102.86486486486487,0.9091357540215341,0.9200710479573713,41.23954122006694,17.17626549026036,True,2.0,0.8658536585365854,0.9594594594594594,True,2.0,0.8658536585365854,0.9594594594594594,True,2.0,0.8658536585365854,0.9594594594594594,0.8658536585365854,2.0,0.9594594594594594
2229,Liver,2,connective,normal,172,2229__ch2__id172,336.0,66,96,92,117,78.26190476190476,105.93154761904762,0.8485466478385608,0.96,28.49584454933167,15.077737748743033,True,3.0,0.8753387533875339,0.9613095238095238,True,3.0,0.8753387533875339,0.9613095238095238,True,3.0,0.8753387533875339,0.9613095238095238,0.8753387533875339,3.0,0.9613095238095238
2229,Liver,2,connective,normal,174,2229__ch2__id174,299.0,89,198,110,220,98.74581939799332,209.57190635451505,0.7815127568360588,0.9583333333333334,24.979979792403185,15.584741150722726,True,4.0,0.8892307692307693,0.9665551839464883,True,4.0,0.8892307692307693,0.9665551839464883,True,4.0,0.8892307692307693,0.9665551839464883,0.8892307692307693,4.0,0.9665551839464883
2229,Liver,2,connective,normal,177,2229__ch2__id177,214.0,104,161,126,174,114.69626168224299,166.81308411214954,0.8085178701006005,0.9553571428571429,21.533761208816514,12.672007456363746,True,5.0,0.8776371308016878,0.9719626168224299,True,5.0,0.8776371308016878,0.9719626168224299,True,5.0,0.8776371308016878,0.9719626168224299,0.8776371308016878,5.0,0.9719626168224299
2229,Liver,2,connective,normal,180,2229__ch2__id180,346.0,127,51,152,77,138.71387283236993,62.82947976878613,0.9176711942578888,0.9584487534626038,33.598465796133844,13.35003569248248,True,6.0,0.953168044077135,1.0,True,6.0,0.953168044077135,1.0,True,6.0,0.953168044077135,1.0,0.953168044077135,6.0,1.0
2229,Liver,2,connective,normal,185,2229__ch2__id185,487.0,145,142,180,164,162.04722792607802,152.52772073921972,0.8978827572564174,0.9530332681017613,37.677584138417906,16.586978372459484,True,7.0,0.9014373716632443,0.9014373716632443,True,7.0,0.9014373716632443,0.9014373716632443,True,7.0,0.9014373716632443,0.9014373716632443,0.9014373716632443,7.0,0.9014373716632443
2229,Liver,2,connective,normal,191,2229__ch2__id191,527.0,174,38,211,59,192.35294117647058,48.93168880455408,0.8778949618046967,0.9461400359066428,37.8437646622855,18.121609740379114,True,8.0,0.5723684210526315,0.9905123339658444,True,8.0,0.5723684210526315,0.9905123339658444,True,8.0,0.5723684210526315,0.9905123339658444,0.5723684210526315,8.0,0.9905123339658444
2229,Liver,2,connective,normal,193,2229__ch2__id193,487.0,190,134,227,155,208.21149897330596,143.2094455852156,0.9240375650867175,0.945631067961165,40.61871720013652,15.528604025747935,True,9.0,0.9470468431771895,0.9548254620123203,True,9.0,0.9470468431771895,0.9548254620123203,True,9.0,0.9470468431771895,0.9548254620123203,0.9470468431771895,9.0,0.9548254620123203
2229,Liver,2,connective,normal,196,2229__ch2__id196,360.0,208,37,237,54,221.4638888888889,44.294444444444444,0.8410467152445558,0.9448818897637795,29.439104315187265,15.925451369334978,False,,,,False,,,,False,,,,0.3594420600858369,8.0,0.9305555555555556
2229,Liver,2,connective,normal,199,2229__ch2__id199,213.0,215,205,235,220,224.45539906103286,212.01408450704224,0.7892091735640496,0.9508928571428571,21.151146228082858,12.989436737741604,True,11.0,0.869198312236287,0.9671361502347418,True,11.0,0.869198312236287,0.9671361502347418,True,11.0,0.869198312236287,0.9671361502347418,0.869198312236287,11.0,0.9671361502347418
2229,Liver,2,connective,normal,201,2229__ch2__id201,280.0,221,0,242,18,230.85,8.239285714285714,0.7108920501610865,0.9523809523809523,22.612848273828714,15.903641961471564,True,12.0,0.9220338983050848,0.9714285714285714,True,12.0,0.9220338983050848,0.9714285714285714,True,12.0,0.9220338983050848,0.9714285714285714,0.9220338983050848,12.0,0.9714285714285714
2300,Ovarian,0,neoplastic,neoplastic,349,2300__ch0__id349,1666.0,0,160,45,209,20.64345738295318,184.95978391356542,0.6926299528809209,0.9754098360655737,54.562989774938444,39.35590850391667,True,2.0,0.8998800959232613,0.9009603841536614,True,2.0,0.8998800959232613,0.9009603841536614,True,2.0,0.8998800959232613,0.9009603841536614,0.8998800959232613,2.0,0.9009603841536614
2300,Ovarian,0,neoplastic,neoplastic,369,2300__ch0__id369,903.0,37,228,80,256,57.90143964562569,243.86267995570321,0.7434955791650266,0.9783315276273022,42.47807635747025,28.406824867533786,True,5.0,0.9114064230343301,0.9114064230343301,True,5.0,0.9114064230343301,0.9114064230343301,True,5.0,0.9114064230343301,0.9114064230343301,0.9114064230343301,5.0,0.9114064230343301
2300,Ovarian,1,inflammatory,normal,368,2300__ch1__id368,166.0,37,91,53,104,44.80722891566265,97.02409638554217,0.5836115411039811,0.9764705882352941,16.127234966635214,13.095846753350129,True,4.0,0.7560975609756098,0.9337349397590361,True,4.0,0.7560975609756098,0.9337349397590361,True,4.0,0.7560975609756098,0.9337349397590361,0.7560975609756098,4.0,0.9337349397590361
2300,Ovarian,1,inflammatory,normal,386,2300__ch1__id386,559.0,87,156,116,179,101.5474060822898,167.72808586762076,0.6155745333262419,0.978984238178634,30.353609879788465,23.92103257715878,True,9.0,0.7642857142857142,0.7656529516994633,True,9.0,0.7642857142857142,0.7656529516994633,True,9.0,0.7642857142857142,0.7656529516994633,0.7642857142857142,9.0,0.7656529516994633
2300,Ovarian,1,inflammatory,normal,403,2300__ch1__id403,335.0,129,0,158,15,144.32835820895522,5.7791044776119405,0.8554327087179835,0.9738372093023255,29.418955624738,15.236488116035412,True,12.0,0.7701492537313432,0.7701492537313432,True,12.0,0.7701492537313432,0.7701492537313432,True,12.0,0.7701492537313432,0.7701492537313432,0.7701492537313432,12.0,0.7701492537313432
2300,Ovarian,1,inflammatory,normal,408,2300__ch1__id408,329.0,137,121,161,139,148.07294832826747,129.98480243161094,0.6504972072780119,0.9648093841642229,23.564869420198484,17.89772206611011,True,13.0,0.8626373626373627,0.9544072948328267,True,13.0,0.8626373626373627,0.9544072948328267,True,13.0,0.8626373626373627,0.9544072948328267,0.8626373626373627,13.0,0.9544072948328267
2300,Ovarian,1,inflammatory,normal,413,2300__ch1__id413,268.0,159,21,180,39,169.25,29.354477611940297,0.5770503301403419,0.950354609929078,20.504505137084678,16.74620542273153,True,15.0,0.8013029315960912,0.917910447761194,True,15.0,0.8013029315960912,0.917910447761194,True,15.0,0.8013029315960912,0.917910447761194,0.8013029315960912,15.0,0.917910447761194
2300,Ovarian,1,inflammatory,normal,417,2300__ch1__id417,472.0,170,67,194,94,182.22033898305085,79.85805084745763,0.6204476246200873,0.9613034623217923,27.81491648614079,21.81378942528758,True,16.0,0.9369747899159664,0.9449152542372882,True,16.0,0.9369747899159664,0.9449152542372882,True,16.0,0.9369747899159664,0.9449152542372882,0.9369747899159664,16.0,0.9449152542372882
2300,Ovarian,2,connective,normal,337,2300__ch2__id337,48.0,0,67,4,85,1.0208333333333333,74.97916666666667,0.9755186327155804,0.8888888888888888,17.415989370493563,3.8300685839768325,False,,,,False,,,,False,,,,0.0,,0.0
2300,Ovarian,2,connective,normal,346,2300__ch2__id346,128.0,0,142,9,161,3.2890625,150.7734375,0.8487513263648524,0.9624060150375939,18.19420399036193,9.620953072959978,True,1.0,0.5390625,0.5390625,True,1.0,0.5390625,0.5390625,True,1.0,0.5390625,0.5390625,0.5390625,1.0,0.5390625
2300,Ovarian,2,connective,normal,355,2300__ch2__id355,382.0,2,81,19,111,9.607329842931938,94.94502617801047,0.8422493828117515,0.9622166246851386,30.13644501706242,16.246198817685077,True,3.0,0.6897435897435897,0.7041884816753927,True,3.0,0.6897435897435897,0.7041884816753927,True,3.0,0.6897435897435897,0.7041884816753927,0.6897435897435897,3.0,0.7041884816753927
2300,Ovarian,2,connective,normal,371,2300__ch2__id371,441.0,45,99,67,125,55.82993197278912,111.57596371882086,0.5086844994006341,0.9607843137254902,25.654192046527232,22.087053781740394,True,6.0,0.6972111553784861,0.7936507936507936,True,6.0,0.6972111553784861,0.7936507936507936,True,6.0,0.6972111553784861,0.7936507936507936,0.6972111553784861,6.0,0.7936507936507936
2300,Ovarian,2,connective,normal,376,2300__ch2__id376,588.0,57,82,94,108,76.3061224489796,93.77551020408163,0.8994989382621529,0.9607843137254902,41.60115513627088,18.17649922695738,True,7.0,0.7511111111111111,0.8622448979591837,True,7.0,0.7511111111111111,0.8622448979591837,True,7.0,0.7511111111111111,0.8622448979591837,0.7511111111111111,7.0,0.8622448979591837
2300,Ovarian,2,connective,normal,400,2300__ch2__id400,328.0,122,173,143,197,132.27743902439025,184.60060975609755,0.7759324956759501,0.9479768786127167,25.782971824221185,16.264309852442516,True,10.0,0.6189024390243902,0.6189024390243902,True,10.0,0.6189024390243902,0.6189024390243902,True,10.0,0.6189024390243902,0.6189024390243902,0.6189024390243902,10.0,0.6189024390243902
2300,Ovarian,2,connective,normal,401,2300__ch2__id401,501.0,127,203,152,230,139.66666666666666,215.83832335329342,0.7178600871172204,0.9747081712062257,30.33980083330439,21.12218704569745,True,11.0,0.8702594810379242,0.8702594810379242,True,11.0,0.8702594810379242,0.8702594810379242,True,11.0,0.8702594810379242,0.8702594810379242,0.8702594810379242,11.0,0.8702594810379242
2300,Ovarian,2,connective,normal,410,2300__ch2__id410,327.0,152,61,170,85,161.81039755351682,72.06116207951071,0.6867635453336669,0.9646017699115044,24.20535966360123,17.594413450865716,True,14.0,0.9152046783625731,0.9571865443425076,True,14.0,0.9152046783625731,0.9571865443425076,True,14.0,0.9152046783625731,0.9571865443425076,0.9152046783625731,14.0,0.9571865443425076
2325,Pancreatic,0,neoplastic,neoplastic,162,2325__ch0__id162,1312.0,132,159,170,206,149.00533536585365,181.15701219512195,0.6996779243185071,0.9661266568483063,48.70665514630552,34.79887879919922,True,19.0,0.9380466472303207,0.9809451219512195,True,19.0,0.9380466472303207,0.9809451219512195,True,19.0,0.9380466472303207,0.9809451219512195,0.9380466472303207,19.0,0.9809451219512195
2325,Pancreatic,0,neoplastic,neoplastic,165,2325__ch0__id165,504.0,138,0,163,27,149.9781746031746,11.545634920634921,0.705302538707793,0.9710982658959537,30.300090846056662,21.479929281579956,True,20.0,0.9,0.9107142857142857,True,20.0,0.9,0.9107142857142857,True,20.0,0.9,0.9107142857142857,0.9,20.0,0.9107142857142857
2325,Pancreatic,0,neoplastic,neoplastic,170,2325__ch0__id170,686.0,140,225,168,256,154.20845481049562,241.18950437317784,0.6920869957577893,0.9581005586592178,35.18875161445255,25.3997369632222,True,21.0,0.7026239067055393,0.7026239067055393,True,21.0,0.7026239067055393,0.7026239067055393,True,21.0,0.7026239067055393,0.7026239067055393,0.7026239067055393,21.0,0.7026239067055393
2325,Pancreatic,0,neoplastic,neoplastic,183,2325__ch0__id183,489.0,173,130,195,160,184.26175869120655,144.48670756646217,0.7305511196612782,0.9644970414201184,30.327862493340238,20.709623823993187,True,24.0,0.7995910020449898,0.7995910020449898,True,24.0,0.7995910020449898,0.7995910020449898,True,24.0,0.7995910020449898,0.7995910020449898,0.7995910020449898,24.0,0.7995910020449898
2325,Pancreatic,0,neoplastic,neoplastic,191,2325__ch0__id191,636.0,195,133,221,168,208.32861635220127,151.14465408805032,0.8159884446583732,0.9607250755287009,37.65089588845635,21.764786081390266,True,25.0,0.7531446540880503,0.7531446540880503,True,25.0,0.7531446540880503,0.7531446540880503,True,25.0,0.7531446540880503,0.7531446540880503,0.7531446540880503,25.0,0.7531446540880503
2325,Pancreatic,0,neoplastic,neoplastic,195,2325__ch0__id195,473.0,203,0,228,23,214.8646934460888,9.739957716701904,0.2481841002703131,0.9752577319587629,25.575294013542933,24.775116832847115,True,27.0,0.8372093023255814,0.8372093023255814,True,27.0,0.8372093023255814,0.8372093023255814,True,27.0,0.8372093023255814,0.8372093023255814,0.8372093023255814,27.0,0.8372093023255814
2325,Pancreatic,0,neoplastic,neoplastic,206,2325__ch0__id206,707.0,221,28,255,55,238.45968882602546,40.944837340876944,0.655912767510082,0.9751724137931035,34.58748601178931,26.107903750895,True,28.0,0.8118811881188119,0.8118811881188119,True,28.0,0.8118811881188119,0.8118811881188119,True,28.0,0.8118811881188119,0.8118811881188119,0.8118811881188119,28.0,0.8118811881188119
2325,Pancreatic,0,neoplastic,neoplastic,207,2325__ch0__id207,909.0,221,103,256,135,240.13861386138615,117.35093509350935,0.5377934964607145,0.9701173959445037,37.777606620338496,31.84941618363308,True,29.0,0.8690869086908691,0.8690869086908691,True,29.0,0.8690869086908691,0.8690869086908691,True,29.0,0.8690869086908691,0.8690869086908691,0.8690869086908691,29.0,0.8690869086908691
2325,Pancreatic,1,inflammatory,normal,117,2325__ch1__id117,128.0,36,0,50,12,42.609375,4.7421875,0.3950162353181449,0.9481481481481482,13.72030885902391,12.604492929130071,False,,,,False,,,,False,,,,0.0,,0.0
2325,Pancreatic,2,connective,normal,110,2325__ch2__id110,411.0,7,181,24,216,14.720194647201946,199.0243309002433,0.9157650201206008,0.9319727891156463,36.60720977676742,14.705641887562226,False,,,,False,,,,False,,,,0.0,,0.0
2325,Pancreatic,2,connective,normal,114,2325__ch2__id114,347.0,24,76,40,110,32.36023054755043,93.14985590778097,0.9217130167193778,0.9228723404255319,34.670995300757276,13.447927347909488,True,2.0,0.8242074927953891,0.8242074927953891,True,2.0,0.8242074927953891,0.8242074927953891,True,2.0,0.8242074927953891,0.8242074927953891,0.8242074927953891,2.0,0.8242074927953891
2325,Pancreatic,2,connective,normal,116,2325__ch2__id116,384.0,27,152,44,183,36.072916666666664,168.171875,0.8359715784540178,0.96,30.148932763415615,16.544912436534684,True,3.0,0.7487437185929648,0.7760416666666666,True,3.0,0.7487437185929648,0.7760416666666666,True,3.0,0.7487437185929648,0.7760416666666666,0.7487437185929648,3.0,0.7760416666666666
2325,Pancreatic,2,connective,normal,118,2325__ch2__id118,355.0,35,226,52,256,43.05070422535211,241.92112676056337,0.8558019320102606,0.9391534391534392,29.730002493197965,15.379438426775563,True,4.0,0.7154929577464789,0.7154929577464789,True,4.0,0.7154929577464789,0.7154929577464789,True,4.0,0.7154929577464789,0.7154929577464789,0.7154929577464789,4.0,0.7154929577464789
2325,Pancreatic,2,connective,normal,121,2325__ch2__id121,387.0,53,210,77,232,65.18087855297158,219.3359173126615,0.6120985865902886,0.9699248120300752,25.199227778547527,19.927082178435164,True,5.0,0.8692307692307693,0.875968992248062,True,5.0,0.8692307692307693,0.875968992248062,True,5.0,0.8692307692307693,0.875968992248062,0.8692307692307693,5.0,0.875968992248062
2325,Pancreatic,2,connective,normal,122,2325__ch2__id122,392.0,54,122,72,150,62.94897959183673,135.55612244897958,0.7936709386327467,0.9655172413793104,28.663046522345663,17.43708705004583,True,7.0,0.8611111111111112,0.8698979591836735,True,7.0,0.8611111111111112,0.8698979591836735,True,7.0,0.8611111111111112,0.8698979591836735,0.8611111111111112,7.0,0.8698979591836735
2325,Pancreatic,2,connective,normal,123,2325__ch2__id123,418.0,55,92,74,120,64.23444976076556,106.17464114832536,0.7160434905621342,0.960919540229885,27.826092475307572,19.424161650338768,True,6.0,0.854066985645933,0.854066985645933,True,6.0,0.854066985645933,0.854066985645933,True,6.0,0.854066985645933,0.854066985645933,0.854066985645933,6.0,0.854066985645933
2325,Pancreatic,2,connective,normal,134,2325__ch2__id134,931.0,76,135,96,198,85.05048335123523,165.33082706766916,0.9530857344222696,0.95097037793667,63.007434412586406,19.072380874275677,True,8.0,0.8467309753483387,0.8485499462943072,True,8.0,0.8467309753483387,0.8485499462943072,True,8.0,0.8467309753483387,0.8485499462943072,0.8467309753483387,8.0,0.8485499462943072
2325,Pancreatic,2,connective,normal,138,2325__ch2__id138,498.0,83,223,106,256,93.1706827309237,241.74096385542168,0.8194973424110239,0.9485714285714286,34.200260577675294,19.599587362483412,True,9.0,0.7936507936507936,0.8032128514056225,True,9.0,0.7936507936507936,0.8032128514056225,True,9.0,0.7936507936507936,0.8032128514056225,0.7936507936507936,9.0,0.8032128514056225
2325,Pancreatic,2,connective,normal,139,2325__ch2__id139,428.0,85,1,110,27,98.41355140186916,14.266355140186915,0.7991564114489635,0.9490022172949002,30.586028853774692,18.385969719888447,True,10.0,0.793859649122807,0.8457943925233645,True,10.0,0.793859649122807,0.8457943925233645,True,10.0,0.793859649122807,0.8457943925233645,0.793859649122807,10.0,0.8457943925233645
2325,Pancreatic,2,connective,normal,142,2325__ch2__id142,466.0,89,103,106,149,97.68669527896996,123.50429184549357,0.9572808349965615,0.9282868525896414,45.57346529120718,13.178015134319681,True,11.0,0.7700205338809035,0.8047210300429185,True,11.0,0.7700205338809035,0.8047210300429185,True,11.0,0.7700205338809035,0.8047210300429185,0.7700205338809035,11.0,0.8047210300429185
2325,Pancreatic,2,connective,normal,144,2325__ch2__id144,309.0,93,84,110,108,101.33009708737865,94.80582524271844,0.7155215251791365,0.9626168224299065,23.785796463909687,16.61653587625896,True,12.0,0.8540372670807453,0.889967637540453,True,12.0,0.8540372670807453,0.889967637540453,True,12.0,0.8540372670807453,0.889967637540453,0.8540372670807453,12.0,0.889967637540453
2325,Pancreatic,2,connective,normal,147,2325__ch2__id147,383.0,98,26,120,49,109.22715404699738,36.83289817232376,0.43574086703839343,0.9551122194513716,23.36089962902359,21.026495435169167,True,13.0,0.8497409326424871,0.856396866840731,True,13.0,0.8497409326424871,0.856396866840731,True,13.0,0.8497409326424871,0.856396866840731,0.8497409326424871,13.0,0.856396866840731
2325,Pancreatic,2,connective,normal,150,2325__ch2__id150,307.0,107,106,126,127,116.26384364820846,115.71009771986971,0.552210639218402,0.9654088050314465,21.672769615858233,18.06868837172202,True,14.0,0.799373040752351,0.8306188925081434,True,14.0,0.799373040752351,0.8306188925081434,True,14.0,0.799373040752351,0.8306188925081434,0.799373040752351,14.0,0.8306188925081434
2325,Pancreatic,2,connective,normal,153,2325__ch2__id153,496.0,112,170,129,207,120.50806451612904,186.7741935483871,0.8863091952276394,0.96875,37.07830255872131,17.170737748477208,True,16.0,0.8625498007968128,0.8729838709677419,True,16.0,0.8625498007968128,0.8729838709677419,True,16.0,0.8625498007968128,0.8729838709677419,0.8625498007968128,16.0,0.8729838709677419
2325,Pancreatic,2,connective,normal,154,2325__ch2__id154,408.0,112,210,130,238,120.78676470588235,223.7450980392157,0.7571289940902852,0.9760765550239234,28.22596434739265,18.439045964764745,True,15.0,0.8660287081339713,0.8872549019607843,True,15.0,0.8660287081339713,0.8872549019607843,True,15.0,0.8660287081339713,0.8872549019607843,0.8660287081339713,15.0,0.8872549019607843
2325,Pancreatic,2,connective,normal,155,2325__ch2__id155,772.0,115,102,157,154,134.1580310880829,125.67487046632124,0.9721267958377114,0.9050410316529894,66.18633776189127,15.517766627820116,True,17.0,0.8471502590673575,0.8471502590673575,True,17.0,0.8471502590673575,0.8471502590673575,True,17.0,0.8471502590673575,0.8471502590673575,0.8471502590673575,17.0,0.8471502590673575
2325,Pancreatic,2,connective,normal,159,2325__ch2__id159,440.0,123,78,144,105,133.16363636363636,90.61818181818182,0.6444734489721902,0.967032967032967,27.141445164772698,20.75307335170361,True,18.0,0.8747203579418344,0.8886363636363637,True,18.0,0.8747203579418344,0.8886363636363637,True,18.0,0.8747203579418344,0.8886363636363637,0.8747203579418344,18.0,0.8886363636363637
2325,Pancreatic,2,connective,normal,176,2325__ch2__id176,657.0,154,98,198,131,175.7123287671233,113.5814307458143,0.9499794611067708,0.9292786421499293,52.55590430725329,16.413859622376965,True,23.0,0.8135095447870778,0.8432267884322678,True,23.0,0.8135095447870778,0.8432267884322678,True,23.0,0.8135095447870778,0.8432267884322678,0.8135095447870778,23.0,0.8432267884322678
2325,Pancreatic,2,connective,normal,192,2325__ch2__id192,339.0,197,70,225,86,210.66961651917404,77.21238938053098,0.8334705823515025,0.9685714285714285,27.970879011425158,15.455696088939764,True,26.0,0.8596491228070176,0.8672566371681416,True,26.0,0.8596491228070176,0.8672566371681416,True,26.0,0.8596491228070176,0.8672566371681416,0.8596491228070176,26.0,0.8672566371681416
2375,Prostate,2,connective,normal,197,2375__ch2__id197,19.0,0,145,3,153,0.7894736842105263,148.89473684210526,0.9291615686020742,0.95,8.117731588055014,3.0009133535819688,False,,,,False,,,,False,,,,0.0,,0.0
2375,Prostate,2,connective,normal,218,2375__ch2__id218,45.0,73,252,90,256,81.86666666666666,254.0222222222222,0.9764341405203163,0.8823529411764706,16.914928292161537,3.6505052424772724,False,,,,False,,,,False,,,,0.0,,0.0
2375,Prostate,2,connective,normal,227,2375__ch2__id227,603.0,100,193,134,222,116.88723051409619,207.59867330016584,0.8888675654678795,0.9694533762057878,41.02403049335592,18.79574286826814,True,7.0,0.5290215588723052,0.5290215588723052,True,7.0,0.5290215588723052,0.5290215588723052,True,7.0,0.5290215588723052,0.5290215588723052,0.5290215588723052,7.0,0.5290215588723052
2375,Prostate,2,connective,normal,231,2375__ch2__id231,234.0,113,119,144,139,128.03846153846155,128.2863247863248,0.9704952645971459,0.9069767441860465,35.4961280283417,8.558832793576544,False,,,,False,,,,False,,,,0.0,,0.0
2375,Prostate,2,connective,normal,234,2375__ch2__id234,402.0,115,40,134,72,123.92039800995025,54.70646766169154,0.8001410524009228,0.9594272076372315,29.393297104223524,17.630448914896515,True,8.0,0.5920398009950248,0.5920398009950248,True,8.0,0.5920398009950248,0.5920398009950248,True,8.0,0.5920398009950248,0.5920398009950248,0.5920398009950248,8.0,0.5920398009950248
2375,Prostate,2,connective,normal,235,2375__ch2__id235,366.0,126,96,146,120,136.04918032786884,108.32513661202186,0.766265300384994,0.9682539682539683,27.237961423811626,17.501052379919553,False,,,,False,,,,False,,,,0.0,,0.0
2375,Prostate,2,connective,normal,240,2375__ch2__id240,541.0,140,86,171,119,155.80591497227357,100.6561922365989,0.8825560978445581,0.8942148760330578,39.38967771542474,18.521306851739674,False,,,,False,,,,False,,,,0.0,,0.0
2375,Prostate,2,connective,normal,245,2375__ch2__id245,319.0,154,195,174,219,162.84952978056427,205.8244514106583,0.8259890254629257,0.9579579579579579,26.939529756917697,15.185441104563557,False,,,,False,,,,False,,,,0.0,,0.0
2375,Prostate,2,connective,normal,258,2375__ch2__id258,280.0,205,90,227,107,214.95714285714286,97.575,0.792362805602379,0.9688581314878892,24.240442505151506,14.7878855621533,False,,,,False,,,,False,,,,0.0,,0.0
2375,Prostate,2,connective,normal,262,2375__ch2__id262,712.0,223,0,256,40,239.68679775280899,19.77247191011236,0.9197306394668222,0.9582772543741588,48.29828194737785,18.95949355138954,True,10.0,0.7734265734265734,0.776685393258427,True,10.0,0.7734265734265734,0.776685393258427,True,10.0,0.7734265734265734,0.776685393258427,0.7734265734265734,10.0,0.776685393258427
2375,Prostate,2,connective,normal,263,2375__ch2__id263,361.0,226,136,252,159,238.30747922437672,147.31301939058173,0.8862058017411324,0.9626666666666667,31.543751552057255,14.613960925105856,True,11.0,0.43490304709141275,0.43490304709141275,True,11.0,0.43490304709141275,0.43490304709141275,False,,,,0.43490304709141275,11.0,0.43490304709141275
2375,Prostate,2,connective,normal,264,2375__ch2__id264,386.0,229,231,256,256,245.5440414507772,246.41709844559585,0.8179514928430013,0.9747474747474747,30.993249696442494,17.83001964476068,True,12.0,0.572538860103627,0.572538860103627,True,12.0,0.572538860103627,0.572538860103627,True,12.0,0.572538860103627,0.572538860103627,0.572538860103627,12.0,0.572538860103627
2375,Prostate,2,connective,normal,265,2375__ch2__id265,172.0,234,221,252,240,242.3081395348837,230.22093023255815,0.9210583809297004,0.91005291005291,23.82985170327227,9.279928626752941,False,,,,False,,,,False,,,,0.0,,0.0
2375,Prostate,4,epithelial,normal,196,2375__ch4__id196,80.0,0,106,5,127,1.6,115.35,0.9706579839520427,0.9411764705882353,21.138642531260817,5.083088818383104,False,,,,False,,,,False,,,,0.0,,0.0
2375,Prostate,4,epithelial,normal,202,2375__ch4__id202,604.0,5,114,35,143,20.18211920529801,128.69039735099338,0.7347862964647432,0.967948717948718,33.76069859045818,22.899837270819393,True,1.0,0.9389438943894389,0.9420529801324503,True,1.0,0.9389438943894389,0.9420529801324503,True,1.0,0.9389438943894389,0.9420529801324503,0.9389438943894389,1.0,0.9420529801324503
2375,Prostate,4,epithelial,normal,209,2375__ch4__id209,699.0,35,88,65,120,50.19170243204578,103.57510729613733,0.4019222030227149,0.9748953974895398,31.27546969761414,28.638128777587013,True,2.0,0.871244635193133,0.871244635193133,True,2.0,0.871244635193133,0.871244635193133,True,2.0,0.871244635193133,0.871244635193133,0.871244635193133,2.0,0.871244635193133
2375,Prostate,4,epithelial,normal,214,2375__ch4__id214,792.0,51,51,84,83,67.4330808080808,67.0290404040404,0.4587940816832256,0.972972972972973,33.71350273783413,29.955884110028055,True,3.0,0.8965952080706179,0.8977272727272727,True,3.0,0.8965952080706179,0.8977272727272727,True,3.0,0.8965952080706179,0.8977272727272727,0.8965952080706179,3.0,0.8977272727272727
2375,Prostate,4,epithelial,normal,220,2375__ch4__id220,517.0,66,87,95,110,79.7872340425532,98.1798839458414,0.6704898481115602,0.9609665427509294,29.84190652239039,22.14026861669305,True,5.0,0.6092843326885881,0.6092843326885881,True,5.0,0.6092843326885881,0.6092843326885881,True,5.0,0.6092843326885881,0.6092843326885881,0.6092843326885881,5.0,0.6092843326885881
2375,Prostate,4,epithelial,normal,221,2375__ch4__id221,370.0,75,28,96,54,83.48648648648648,40.832432432432434,0.79086056500232,0.8980582524271845,28.37148521508494,17.363246191018668,False,,,,False,,,,False,,,,0.0,,0.0
2375,Prostate,4,epithelial,normal,226,2375__ch4__id226,769.0,92,14,118,52,105.09492847854357,32.92197659297789,0.7573388296844566,0.9721871049304678,38.8096180045099,25.343539258749576,True,6.0,0.9224904701397713,0.9440832249674902,True,6.0,0.9224904701397713,0.9440832249674902,True,6.0,0.9224904701397713,0.9440832249674902,0.9224904701397713,6.0,0.9440832249674902
2380,Prostate,2,connective,normal,5,2380__ch2__id5,248.0,61,145,79,167,70.18951612903226,156.06854838709677,0.8395794984842486,0.9323308270676691,24.81960098437997,13.482921640608897,True,1.0,0.8830188679245283,0.9435483870967742,True,1.0,0.8830188679245283,0.9435483870967742,True,1.0,0.8830188679245283,0.9435483870967742,0.8830188679245283,1.0,0.9435483870967742
2380,Prostate,2,connective,normal,12,2380__ch2__id12,156.0,92,139,106,156,98.0448717948718,146.8846153846154,0.7985959211409845,0.9570552147239264,18.317762215460824,11.024866772532421,False,,,,False,,,,False,,,,0.1859903381642512,2.0,0.9871794871794872
2380,Prostate,2,connective,normal,14,2380__ch2__id14,223.0,101,125,118,144,109.62331838565022,133.96860986547085,0.7745340694449565,0.9570815450643777,21.321521543949803,13.48654878176851,True,2.0,0.26997578692493945,1.0,True,2.0,0.26997578692493945,1.0,False,,,,0.26997578692493945,2.0,1.0
2380,Prostate,2,connective,normal,15,2380__ch2__id15,29.0,126,251,135,256,130.44827586206895,253.6551724137931,0.8421211680257764,0.90625,8.617002596725815,4.647049223521596,True,3.0,0.5588235294117647,0.6551724137931034,True,3.0,0.5588235294117647,0.6551724137931034,True,3.0,0.5588235294117647,0.6551724137931034,0.5588235294117647,3.0,0.6551724137931034
2380,Prostate,2,connective,normal,23,2380__ch2__id23,251.0,166,71,193,97,178.79681274900398,82.62549800796813,0.9683003211088766,0.8745644599303136,36.59500554282125,9.141025709555796,True,4.0,0.9461538461538461,0.9800796812749004,True,4.0,0.9461538461538461,0.9800796812749004,True,4.0,0.9461538461538461,0.9800796812749004,0.9461538461538461,4.0,0.9800796812749004
2380,Prostate,2,connective,normal,31,2380__ch2__id31,97.0,230,80,243,93,235.98969072164948,85.8659793814433,0.9142390881531223,0.9509803921568627,17.511363253132824,7.095168963005635,True,7.0,0.8137254901960784,0.8556701030927835,True,7.0,0.8137254901960784,0.8556701030927835,True,7.0,0.8137254901960784,0.8556701030927835,0.8137254901960784,7.0,0.8556701030927835
2380,Prostate,2,connective,normal,34,2380__ch2__id34,236.0,239,213,256,245,248.78813559322035,229.70338983050848,0.957428674584787,0.8740740740740741,34.41599623645836,9.934863498468912,True,6.0,0.6830985915492958,0.8220338983050848,True,6.0,0.6830985915492958,0.8220338983050848,True,6.0,0.6830985915492958,0.8220338983050848,0.6830985915492958,6.0,0.8220338983050848
2391,Prostate,0,neoplastic,neoplastic,402,2391__ch0__id402,15.0,0,171,2,181,0.3333333333333333,175.33333333333334,0.9821547647274588,0.8823529411764706,9.979402090502893,1.8768710736695817,False,,,,False,,,,False,,,,0.0,,0.0
2391,Prostate,0,neoplastic,neoplastic,408,2391__ch0__id408,62.0,0,115,5,133,1.5483870967741935,123.14516129032258,0.9449410894284042,0.9538461538461539,16.366000485140425,5.355617998453333,False,,,,False,,,,False,,,,0.0,,0.0
2391,Prostate,0,neoplastic,neoplastic,411,2391__ch0__id411,265.0,0,133,13,159,5.245283018867925,144.011320754717,0.8806045620389769,0.9706959706959707,27.133802872866227,12.857403535399385,False,,,,False,,,,False,,,,0.0,,0.0
2391,Prostate,0,neoplastic,neoplastic,418,2391__ch0__id418,90.0,1,200,12,210,6.1,204.67777777777778,0.6166778412497849,0.967741935483871,12.062908728337543,9.496110232879975,False,,,,False,,,,False,,,,0.08798882681564246,1.0,0.7
2391,Prostate,0,neoplastic,neoplastic,419,2391__ch0__id419,574.0,2,178,28,208,14.763066202090592,192.21080139372822,0.5653380872416575,0.940983606557377,30.00707289061236,24.751612817968002,True,1.0,0.8198847262247838,0.9912891986062717,True,1.0,0.8198847262247838,0.9912891986062717,True,1.0,0.8198847262247838,0.9912891986062717,0.8198847262247838,1.0,0.9912891986062717
2391,Prostate,0,neoplastic,neoplastic,421,2391__ch0__id421,834.0,11,209,40,245,25.814148681055155,227.00959232613909,0.6196921145748445,0.9641618497109826,36.91890636083423,28.975619277005745,True,2.0,0.8788546255506607,0.9568345323741008,True,2.0,0.8788546255506607,0.9568345323741008,True,2.0,0.8788546255506607,0.9568345323741008,0.8788546255506607,2.0,0.9568345323741008
2391,Prostate,0,neoplastic,neoplastic,450,2391__ch0__id450,444.0,88,78,114,103,100.18243243243244,90.25,0.8269954447062644,0.9631236442516269,31.851533205380477,17.907206585864092,True,5.0,0.8873873873873874,0.8873873873873874,True,5.0,0.8873873873873874,0.8873873873873874,True,5.0,0.8873873873873874,0.8873873873873874,0.8873873873873874,5.0,0.8873873873873874
2391,Prostate,0,neoplastic,neoplastic,451,2391__ch0__id451,628.0,91,129,124,166,107.77547770700637,147.843949044586,0.921601824095459,0.9544072948328267,46.24701645405534,17.95016315605776,True,6.0,0.875177304964539,0.982484076433121,True,6.0,0.875177304964539,0.982484076433121,True,6.0,0.875177304964539,0.982484076433121,0.875177304964539,6.0,0.982484076433121
2391,Prostate,0,neoplastic,neoplastic,452,2391__ch0__id452,453.0,93,107,114,135,103.02649006622516,120.1832229580574,0.7470070131095948,0.967948717948718,29.55913525175945,19.651390696912088,False,,,,False,,,,False,,,,0.025022341376228777,6.0,0.06181015452538632
2391,Prostate,0,neoplastic,neoplastic,462,2391__ch0__id462,725.0,110,63,139,96,124.24275862068966,79.59310344827587,0.7109633519103306,0.9744623655913979,36.301430494585574,25.528220879805772,True,7.0,0.84192037470726,0.9917241379310345,True,7.0,0.84192037470726,0.9917241379310345,True,7.0,0.84192037470726,0.9917241379310345,0.84192037470726,7.0,0.9917241379310345
2391,Prostate,0,neoplastic,neoplastic,463,2391__ch0__id463,512.0,111,177,135,204,121.85546875,189.681640625,0.4450735072978865,0.9642184557438794,27.150994313870612,24.31355354912429,True,8.0,0.9101338432122371,0.9296875,True,8.0,0.9101338432122371,0.9296875,True,8.0,0.9101338432122371,0.9296875,0.9101338432122371,8.0,0.9296875
2391,Prostate,0,neoplastic,neoplastic,468,2391__ch0__id468,610.0,120,206,146,235,132.6295081967213,219.63114754098362,0.49194315947741146,0.976,29.94752942796634,26.07313724371799,True,9.0,0.963258785942492,0.9885245901639345,True,9.0,0.963258785942492,0.9885245901639345,True,9.0,0.963258785942492,0.9885245901639345,0.963258785942492,9.0,0.9885245901639345
2391,Prostate,0,neoplastic,neoplastic,470,2391__ch0__id470,1140.0,125,37,160,81,143.05087719298245,58.435087719298245,0.7266995286598706,0.9669211195928753,46.13279129201741,31.691172561621347,False,,,,False,,,,False,,,,0.008625063419583967,7.0,0.014912280701754385
2391,Prostate,0,neoplastic,neoplastic,476,2391__ch0__id476,407.0,137,233,161,256,149.2997542997543,246.43243243243242,0.6179509904903697,0.9644549763033176,26.427366978844404,20.777635138039386,True,10.0,0.8397129186602871,0.8624078624078624,True,10.0,0.8397129186602871,0.8624078624078624,True,10.0,0.8397129186602871,0.8624078624078624,0.8397129186602871,10.0,0.8624078624078624
2391,Prostate,0,neoplastic,neoplastic,485,2391__ch0__id485,723.0,165,45,191,81,177.5850622406639,63.84923928077455,0.6892559458151641,0.9678714859437751,35.90066213146907,26.010673667490916,True,11.0,0.9537648612945839,0.9986168741355463,True,11.0,0.9537648612945839,0.9986168741355463,True,11.0,0.9537648612945839,0.9986168741355463,0.9537648612945839,11.0,0.9986168741355463
2391,Prostate,0,neoplastic,neoplastic,491,2391__ch0__id491,589.0,196,71,225,103,209.8522920203735,87.66044142614601,0.8367012955867605,0.9735537190082645,37.20684221520395,20.376681080510473,True,12.0,0.9244094488188976,0.9966044142614601,True,12.0,0.9244094488188976,0.9966044142614601,True,12.0,0.9244094488188976,0.9966044142614601,0.9244094488188976,12.0,0.9966044142614601
2391,Prostate,0,neoplastic,neoplastic,494,2391__ch0__id494,598.0,210,100,239,126,224.29096989966555,113.0066889632107,0.4481068285847688,0.9614147909967846,29.237528598342916,26.137766303252285,True,13.0,0.8634294385432474,0.9515050167224081,True,13.0,0.8634294385432474,0.9515050167224081,True,13.0,0.8634294385432474,0.9515050167224081,0.8634294385432474,13.0,0.9515050167224081
2391,Prostate,0,neoplastic,neoplastic,495,2391__ch0__id495,705.0,212,125,247,150,228.73758865248226,136.63971631205675,0.7236669414457583,0.9527027027027027,36.34053751965314,25.080399204898516,True,14.0,0.6633663366336634,0.7602836879432624,True,14.0,0.6633663366336634,0.7602836879432624,True,14.0,0.6633663366336634,0.7602836879432624,0.6633663366336634,14.0,0.7602836879432624
2391,Prostate,2,connective,normal,442,2391__ch2__id442,589.0,73,181,96,232,84.20033955857386,206.98981324278438,0.9618980675292705,0.8951367781155015,53.25835786752669,14.561277978928192,True,3.0,0.7243697478991596,0.7317487266553481,True,3.0,0.7243697478991596,0.7317487266553481,True,3.0,0.7243697478991596,0.7317487266553481,0.7243697478991596,3.0,0.7317487266553481
2391,Prostate,2,connective,normal,444,2391__ch2__id444,199.0,74,17,91,35,82.46733668341709,25.597989949748744,0.8522924344886207,0.9521531100478469,22.10111640201834,11.560333377905858,True,4.0,0.6683417085427136,0.6683417085427136,True,4.0,0.6683417085427136,0.6683417085427136,True,4.0,0.6683417085427136,0.6683417085427136,0.6683417085427136,4.0,0.6683417085427136
2391,Prostate,2,connective,normal,448,2391__ch2__id448,210.0,83,241,102,256,91.20476190476191,249.1095238095238,0.7420995370875063,0.967741935483871,20.33355793339914,13.629374373219857,False,,,,False,,,,False,,,,0.0,,0.0
2391,Prostate,2,connective,normal,467,2391__ch2__id467,50.0,135,0,153,4,143.94,1.08,0.9729253028416385,0.9090909090909091,17.20544392321619,3.976518503045485,False,,,,False,,,,False,,,,0.0,,0.0
2391,Prostate,2,connective,normal,493,2391__ch2__id493,1082.0,210,144,256,177,234.58687615526802,161.60443622920516,0.7864392995476133,0.8920032976092334,48.488132914691334,29.949547274326672,True,15.0,0.37580794090489383,0.37615526802218113,True,15.0,0.37580794090489383,0.37615526802218113,False,,,,0.37580794090489383,15.0,0.37615526802218113
2391,Prostate,2,connective,normal,500,2391__ch2__id500,85.0,231,0,251,9,244.49411764705883,3.023529411764706,0.8292233647678967,0.7203389830508474,16.17985152671738,9.04319984280513,False,,,,False,,,,False,,,,0.0,,0.0
2414,Skin,0,neoplastic,neoplastic,2,2414__ch0__id2,320.0,1,83,22,103,9.85625,93.759375,0.5140160835000717,0.9552238805970149,22.263844103271783,19.097492361438718,True,2.0,0.7445054945054945,0.846875,True,2.0,0.7445054945054945,0.846875,True,2.0,0.7445054945054945,0.846875,0.7445054945054945,2.0,0.846875
2414,Skin,0,neoplastic,neoplastic,3,2414__ch0__id3,794.0,1,112,27,154,13.3639798488665,131.75440806045341,0.8094031656445626,0.948626045400239,42.04658821527327,24.6920004427065,True,4.0,0.7478474784747847,0.7657430730478589,True,4.0,0.7478474784747847,0.7657430730478589,True,4.0,0.7478474784747847,0.7657430730478589,0.7478474784747847,4.0,0.7657430730478589
2414,Skin,0,neoplastic,neoplastic,4,2414__ch0__id4,529.0,1,169,26,197,11.113421550094518,180.92438563327033,0.6044014055315191,0.9566003616636528,29.971511309275527,23.87770209855921,True,3.0,0.832391713747646,0.8355387523629489,True,3.0,0.832391713747646,0.8355387523629489,True,3.0,0.832391713747646,0.8355387523629489,0.832391713747646,3.0,0.8355387523629489
2414,Skin,0,neoplastic,neoplastic,12,2414__ch0__id12,12.0,12,0,24,1,17.5,0.0,1.0,1.0,13.808210118138652,0.0,False,,,,False,,,,False,,,,0.0,,0.0
2414,Skin,0,neoplastic,neoplastic,13,2414__ch0__id13,1271.0,7,201,48,244,24.889063729346972,220.3831628638867,0.6042042211366319,0.955639097744361,45.77646395881834,36.476037091739535,True,6.0,0.3241542092840283,0.3241542092840283,True,6.0,0.3241542092840283,0.3241542092840283,False,,,,0.3241542092840283,6.0,0.3241542092840283
2414,Skin,0,neoplastic,neoplastic,19,2414__ch0__id19,287.0,11,70,32,89,20.62369337979094,78.49825783972125,0.6609959576328573,0.9503311258278145,22.407043530133528,16.81400932932101,True,7.0,0.7108843537414966,0.7282229965156795,True,7.0,0.7108843537414966,0.7282229965156795,True,7.0,0.7108843537414966,0.7282229965156795,0.7108843537414966,7.0,0.7282229965156795
2414,Skin,0,neoplastic,neoplastic,52,2414__ch0__id52,343.0,32,68,51,90,41.19825072886297,78.65597667638484,0.5850807276763005,0.9772079772079773,23.228331452348773,18.837597409629076,True,13.0,0.8343023255813954,0.8367346938775511,True,13.0,0.8343023255813954,0.8367346938775511,True,13.0,0.8343023255813954,0.8367346938775511,0.8343023255813954,13.0,0.8367346938775511
2414,Skin,0,neoplastic,neoplastic,66,2414__ch0__id66,355.0,43,118,68,138,54.89014084507042,126.92394366197183,0.61404966488564,0.9646739130434783,24.0187670619329,18.957229531202067,True,19.0,0.752112676056338,0.752112676056338,True,19.0,0.752112676056338,0.752112676056338,True,19.0,0.752112676056338,0.752112676056338,0.752112676056338,19.0,0.752112676056338
2414,Skin,0,neoplastic,neoplastic,83,2414__ch0__id83,19.0,64,0,75,2,69.21052631578948,0.42105263157894735,0.9848869047710224,0.95,11.358057403983027,1.967200617175118,False,,,,False,,,,False,,,,0.0,,0.0
2414,Skin,0,neoplastic,neoplastic,94,2414__ch0__id94,403.0,67,181,90,203,77.62779156327544,191.20843672456576,0.3533233734792515,0.9641148325358851,23.551986436011735,22.032912813832638,False,,,,False,,,,False,,,,0.0011627906976744186,34.0,0.002512562814070352
2414,Skin,0,neoplastic,neoplastic,96,2414__ch0__id96,300.0,69,109,88,130,77.90666666666667,118.66,0.4547488972789516,0.9615384615384616,20.768690467559633,18.497004761625227,False,,,,False,,,,False,,,,0.0,,0.0
2414,Skin,0,neoplastic,neoplastic,98,2414__ch0__id98,334.0,78,237,102,256,90.2874251497006,247.60179640718562,0.6915914355477845,0.962536023054755,24.771666537578522,17.892300309848686,True,33.0,0.7485029940119761,0.7485029940119761,True,33.0,0.7485029940119761,0.7485029940119761,True,33.0,0.7485029940119761,0.7485029940119761,0.7485029940119761,33.0,0.7485029940119761
2414,Skin,0,neoplastic,neoplastic,100,2414__ch0__id100,162.0,72,93,86,108,78.64814814814815,100.19135802469135,0.6019370109212513,0.9364161849710982,16.17090400782954,12.91317143370023,True,28.0,0.8021390374331551,0.9259259259259259,True,28.0,0.8021390374331551,0.9259259259259259,True,28.0,0.8021390374331551,0.9259259259259259,0.8021390374331551,28.0,0.9259259259259259
2414,Skin,0,neoplastic,neoplastic,102,2414__ch0__id102,270.0,74,136,91,157,81.95925925925926,145.67407407407407,0.6010076054682886,0.9608540925266904,20.79599535153798,16.62106002406951,True,30.0,0.8925925925925926,0.8925925925925926,True,30.0,0.8925925925925926,0.8925925925925926,True,30.0,0.8925925925925926,0.8925925925925926,0.8925925925925926,30.0,0.8925925925925926
2414,Skin,0,neoplastic,neoplastic,114,2414__ch0__id114,207.0,90,58,105,76,97.34782608695652,66.51690821256038,0.7421642016714625,0.9764150943396226,19.856916274209077,13.308464640715323,True,38.0,0.7465437788018433,0.782608695652174,True,38.0,0.7465437788018433,0.782608695652174,True,38.0,0.7465437788018433,0.782608695652174,0.7465437788018433,38.0,0.782608695652174
2414,Skin,0,neoplastic,neoplastic,117,2414__ch0__id117,254.0,93,115,110,134,100.87007874015748,123.78740157480316,0.5396143054614962,0.9584905660377359,19.622506531834368,16.520430543508645,True,40.0,0.8327272727272728,0.9015748031496063,True,40.0,0.8327272727272728,0.9015748031496063,True,40.0,0.8327272727272728,0.9015748031496063,0.8327272727272728,40.0,0.9015748031496063
2414,Skin,0,neoplastic,neoplastic,128,2414__ch0__id128,284.0,102,30,123,49,112.53873239436619,38.44718309859155,0.7395965058988447,0.9659863945578231,23.26275270433473,15.65700790779969,True,42.0,0.6689419795221843,0.6901408450704225,True,42.0,0.6689419795221843,0.6901408450704225,True,42.0,0.6689419795221843,0.6901408450704225,0.6689419795221843,42.0,0.6901408450704225
2414,Skin,0,neoplastic,neoplastic,132,2414__ch0__id132,31.0,118,0,131,3,124.0,0.8064516129032258,0.9701180506814955,0.9393939393939394,12.851509262439981,3.118205412540533,False,,,,False,,,,False,,,,0.0,,0.0
2414,Skin,0,neoplastic,neoplastic,133,2414__ch0__id133,702.0,109,215,136,248,121.74643874643874,232.4985754985755,0.5816624482660884,0.9696132596685083,33.46762240938247,27.22357697071472,True,44.0,0.5897887323943662,0.9544159544159544,True,44.0,0.5897887323943662,0.9544159544159544,True,44.0,0.5897887323943662,0.9544159544159544,0.5897887323943662,44.0,0.9544159544159544
2414,Skin,0,neoplastic,neoplastic,145,2414__ch0__id145,902.0,116,145,150,179,132.4279379157428,162.26053215077604,0.47751779260407556,0.9698924731182795,36.23094995330839,31.83331257295062,True,49.0,0.9072276159654801,0.9428251121076233,True,49.0,0.9072276159654801,0.9428251121076233,True,49.0,0.9072276159654801,0.9428251121076233,0.9072276159654801,49.0,0.9428251121076233
2414,Skin,0,neoplastic,neoplastic,153,2414__ch0__id153,290.0,126,1,147,20,135.81379310344826,9.66551724137931,0.6147877317598974,0.9508196721311475,21.80836744729924,17.20009840511524,True,51.0,0.7898305084745763,0.803448275862069,True,51.0,0.7898305084745763,0.803448275862069,True,51.0,0.7898305084745763,0.803448275862069,0.7898305084745763,51.0,0.803448275862069
2414,Skin,0,neoplastic,neoplastic,157,2414__ch0__id157,455.0,130,240,165,256,148.20439560439561,248.67032967032966,0.8938170788766253,0.974304068522484,36.735933232458784,16.473558626624577,True,53.0,0.8078602620087336,0.8131868131868132,True,53.0,0.8078602620087336,0.8131868131868132,True,53.0,0.8078602620087336,0.8131868131868132,0.8078602620087336,53.0,0.8131868131868132
2414,Skin,0,neoplastic,neoplastic,162,2414__ch0__id162,447.0,131,214,153,243,141.70246085011186,227.3579418344519,0.7517767533521685,0.9390756302521008,29.799384959405405,19.650242118336966,False,,,,False,,,,False,,,,0.3382226056945643,44.0,0.8769574944071589
2414,Skin,0,neoplastic,neoplastic,179,2414__ch0__id179,318.0,154,161,177,179,164.9559748427673,169.5251572327044,0.6125285423115167,0.9607250755287009,22.653833579078228,17.906688108386504,True,61.0,0.8691588785046729,0.8773584905660378,True,61.0,0.8691588785046729,0.8773584905660378,True,61.0,0.8691588785046729,0.8773584905660378,0.8691588785046729,61.0,0.8773584905660378
2414,Skin,0,neoplastic,neoplastic,180,2414__ch0__id180,306.0,155,81,173,103,163.65359477124184,91.68954248366013,0.5680444433024132,0.9714285714285714,21.763959975806817,17.91169291981631,True,62.0,0.8758169934640523,0.8758169934640523,True,62.0,0.8758169934640523,0.8758169934640523,True,62.0,0.8758169934640523,0.8758169934640523,0.8758169934640523,62.0,0.8758169934640523
2414,Skin,0,neoplastic,neoplastic,192,2414__ch0__id192,339.0,163,140,184,162,173.48082595870207,150.882005899705,0.34473749931353004,0.9576271186440678,21.47314901302141,20.15682629578893,True,63.0,0.8411764705882353,0.8436578171091446,True,63.0,0.8411764705882353,0.8436578171091446,True,63.0,0.8411764705882353,0.8436578171091446,0.8411764705882353,63.0,0.8436578171091446
2414,Skin,0,neoplastic,neoplastic,195,2414__ch0__id195,394.0,164,178,187,200,174.86548223350255,188.71827411167513,0.5594206559872167,0.985,24.622051457499243,20.408822186255918,True,66.0,0.8275862068965517,0.8527918781725888,True,66.0,0.8275862068965517,0.8527918781725888,True,66.0,0.8275862068965517,0.8527918781725888,0.8275862068965517,66.0,0.8527918781725888
2414,Skin,0,neoplastic,neoplastic,205,2414__ch0__id205,161.0,179,0,202,9,190.42857142857142,3.3540372670807455,0.9053807452164954,0.9583333333333334,22.574173225365207,9.58500847080937,True,71.0,0.7888198757763976,0.7888198757763976,True,71.0,0.7888198757763976,0.7888198757763976,True,71.0,0.7888198757763976,0.7888198757763976,0.7888198757763976,71.0,0.7888198757763976
2414,Skin,0,neoplastic,neoplastic,214,2414__ch0__id214,399.0,186,209,203,239,193.671679197995,223.1654135338346,0.845282876626424,0.9522673031026253,31.026262984022743,16.577923690439352,True,74.0,0.631578947368421,0.631578947368421,True,74.0,0.631578947368421,0.631578947368421,True,74.0,0.631578947368421,0.631578947368421,0.631578947368421,74.0,0.631578947368421
2414,Skin,0,neoplastic,neoplastic,224,2414__ch0__id224,244.0,196,23,213,43,204.59426229508196,32.0,0.7464603103602777,0.9606299212598425,21.70628453932511,14.444011618763602,True,75.0,0.44,0.5860655737704918,True,75.0,0.44,0.5860655737704918,False,,,,0.44,75.0,0.5860655737704918
2414,Skin,0,neoplastic,neoplastic,230,2414__ch0__id230,270.0,204,10,228,25,215.3074074074074,17.2,0.833213005939741,0.9540636042402827,24.962793532077463,13.803230501264208,True,78.0,0.703125,0.8333333333333334,True,78.0,0.703125,0.8333333333333334,True,78.0,0.703125,0.8333333333333334,0.703125,78.0,0.8333333333333334
2414,Skin,0,neoplastic,neoplastic,231,2414__ch0__id231,277.0,205,135,224,154,214.34296028880865,144.68592057761734,0.5697704573848689,0.9719298245614035,20.7664083988938,17.06591510590288,True,82.0,0.8808664259927798,0.8808664259927798,True,82.0,0.8808664259927798,0.8808664259927798,True,82.0,0.8808664259927798,0.8808664259927798,0.8808664259927798,82.0,0.8808664259927798
2414,Skin,0,neoplastic,neoplastic,233,2414__ch0__id233,377.0,206,70,231,91,218.22811671087533,79.70291777188329,0.7323355344878429,0.952020202020202,26.734136757182675,18.204448720275227,False,,,,False,,,,False,,,,0.0,,0.0
2414,Skin,0,neoplastic,neoplastic,247,2414__ch0__id247,283.0,218,29,237,48,227.547703180212,37.67137809187279,0.4593546634774438,0.9691780821917808,20.153801180584026,17.901673238442452,True,85.0,0.7491166077738516,0.7491166077738516,True,85.0,0.7491166077738516,0.7491166077738516,True,85.0,0.7491166077738516,0.7491166077738516,0.7491166077738516,85.0,0.7491166077738516
2414,Skin,0,neoplastic,neoplastic,264,2414__ch0__id264,205.0,237,71,255,85,245.18048780487806,77.7560975609756,0.6570634555285171,0.9579439252336449,18.65691037696159,14.06423708515504,True,91.0,0.7662337662337663,0.8634146341463415,True,91.0,0.7662337662337663,0.8634146341463415,True,91.0,0.7662337662337663,0.8634146341463415,0.7662337662337663,91.0,0.8634146341463415
2414,Skin,0,neoplastic,neoplastic,272,2414__ch0__id272,163.0,244,53,256,69,250.159509202454,60.84662576687116,0.6322610729374503,0.9878787878787879,16.686059757224392,12.92761496429287,False,,,,False,,,,False,,,,0.031746031746031744,90.0,0.06134969325153374
2414,Skin,0,neoplastic,neoplastic,279,2414__ch0__id279,52.0,251,150,256,164,253.40384615384616,155.8846153846154,0.9223347753421048,0.9454545454545454,13.589765350112451,5.250972824030376,True,93.0,0.15859030837004406,0.6923076923076923,False,,,,False,,,,0.15859030837004406,93.0,0.6923076923076923
2414,Skin,0,neoplastic,neoplastic,958,2414__ch0__id958,571.0,66,209,101,234,82.83012259194396,220.46059544658493,0.8500761599294755,0.9422442244224423,37.47684168968769,19.73754514423388,True,26.0,0.4539130434782609,0.45709281961471104,True,26.0,0.4539130434782609,0.45709281961471104,False,,,,0.4539130434782609,26.0,0.45709281961471104
2414,Skin,1,inflammatory,normal,7,2414__ch1__id7,351.0,3,53,31,69,16.817663817663817,61.07122507122507,0.8358049796228102,0.9486486486486486,28.672588641313695,15.74200937748292,True,5.0,0.8551136363636364,0.8575498575498576,True,5.0,0.8551136363636364,0.8575498575498576,True,5.0,0.8551136363636364,0.8575498575498576,0.8551136363636364,5.0,0.8575498575498576
2414,Skin,1,inflammatory,normal,24,2414__ch1__id24,198.0,14,17,28,34,20.96969696969697,24.87878787878788,0.5671153460088546,0.9658536585365853,17.58523239496952,14.483872357075413,True,8.0,0.641860465116279,0.696969696969697,True,8.0,0.641860465116279,0.696969696969697,True,8.0,0.641860465116279,0.696969696969697,0.641860465116279,8.0,0.696969696969697
2414,Skin,1,inflammatory,normal,32,2414__ch1__id32,249.0,22,37,42,53,30.811244979919678,44.76706827309237,0.653285871445585,0.9613899613899614,20.57711484191801,15.579166841993423,True,9.0,0.6666666666666666,0.6666666666666666,True,9.0,0.6666666666666666,0.6666666666666666,True,9.0,0.6666666666666666,0.6666666666666666,0.6666666666666666,9.0,0.6666666666666666
2414,Skin,1,inflammatory,normal,33,2414__ch1__id33,207.0,22,243,43,256,32.63768115942029,250.19323671497585,0.7910487818040759,0.9764150943396226,21.268060192721556,13.01080122277929,True,11.0,0.7198067632850241,0.7198067632850241,True,11.0,0.7198067632850241,0.7198067632850241,True,11.0,0.7198067632850241,0.7198067632850241,0.7198067632850241,11.0,0.7198067632850241
2414,Skin,1,inflammatory,normal,36,2414__ch1__id36,410.0,23,90,43,117,32.88048780487805,102.60243902439025,0.6829316026627179,0.9715639810426541,26.821594622625156,19.592700780813193,True,10.0,0.8932038834951457,0.8975609756097561,True,10.0,0.8932038834951457,0.8975609756097561,True,10.0,0.8932038834951457,0.8975609756097561,0.8932038834951457,10.0,0.8975609756097561
2414,Skin,1,inflammatory,normal,42,2414__ch1__id42,185.0,27,20,42,35,34.04864864864865,27.437837837837836,0.43961736090895814,0.9585492227979274,16.349451874094257,14.684834995961111,True,12.0,0.8287037037037037,0.9675675675675676,True,12.0,0.8287037037037037,0.9675675675675676,True,12.0,0.8287037037037037,0.9675675675675676,0.8287037037037037,12.0,0.9675675675675676
2414,Skin,1,inflammatory,normal,54,2414__ch1__id54,283.0,34,8,63,21,47.67137809187279,13.964664310954063,0.9123331415005782,0.9158576051779935,29.973021685037413,12.272414800172688,True,15.0,0.7465277777777778,0.7597173144876325,True,15.0,0.7465277777777778,0.7597173144876325,True,15.0,0.7465277777777778,0.7597173144876325,0.7465277777777778,15.0,0.7597173144876325
2414,Skin,1,inflammatory,normal,55,2414__ch1__id55,311.0,36,135,59,153,46.257234726688104,143.92926045016077,0.7157120869129265,0.9510703363914373,24.030919615689722,16.78308498886716,True,16.0,0.7724358974358975,0.77491961414791,True,16.0,0.7724358974358975,0.77491961414791,True,16.0,0.7724358974358975,0.77491961414791,0.7724358974358975,16.0,0.77491961414791
2414,Skin,1,inflammatory,normal,56,2414__ch1__id56,356.0,36,230,56,256,46.44101123595506,242.49719101123594,0.8006033531506695,0.9442970822281167,27.78526096790895,16.64878070238972,True,14.0,0.5877659574468085,0.6207865168539326,True,14.0,0.5877659574468085,0.6207865168539326,True,14.0,0.5877659574468085,0.6207865168539326,0.5877659574468085,14.0,0.6207865168539326
2414,Skin,1,inflammatory,normal,57,2414__ch1__id57,394.0,37,50,63,68,50.17258883248731,58.398477157360404,0.7478801218424942,0.9563106796116505,27.691776423100844,18.382737366306234,True,23.0,0.42,0.4263959390862944,True,23.0,0.42,0.4263959390862944,False,,,,0.42,23.0,0.4263959390862944
2414,Skin,1,inflammatory,normal,59,2414__ch1__id59,327.0,37,153,58,174,46.89908256880734,162.5045871559633,0.670854013449171,0.956140350877193,23.7749030592257,17.631216967514572,True,17.0,0.8532110091743119,0.8532110091743119,True,17.0,0.8532110091743119,0.8532110091743119,True,17.0,0.8532110091743119,0.8532110091743119,0.8532110091743119,17.0,0.8532110091743119
2414,Skin,1,inflammatory,normal,63,2414__ch1__id63,418.0,42,23,67,46,54.344497607655505,33.791866028708135,0.7541101775371433,0.9565217391304348,28.65192391247649,18.817091645338625,True,18.0,0.7644341801385681,0.7918660287081339,True,18.0,0.7644341801385681,0.7918660287081339,True,18.0,0.7644341801385681,0.7918660287081339,0.7644341801385681,18.0,0.7918660287081339
2414,Skin,1,inflammatory,normal,64,2414__ch1__id64,589.0,43,171,66,203,54.56196943972835,187.19694397283533,0.7534661223933133,0.9624183006535948,34.039786915807746,22.380708248178806,True,20.0,0.43463497453310695,0.43463497453310695,True,20.0,0.43463497453310695,0.43463497453310695,False,,,,0.43463497453310695,20.0,0.43463497453310695
2414,Skin,1,inflammatory,normal,65,2414__ch1__id65,76.0,44,0,59,6,50.723684210526315,2.1184210526315788,0.9202746560013483,0.9620253164556962,15.936936369996364,6.2356928430503995,False,,,,False,,,,False,,,,0.0,,0.0
2414,Skin,1,inflammatory,normal,72,2414__ch1__id72,312.0,48,98,69,116,58.12179487179487,106.78846153846153,0.4649628002496836,0.9719626168224299,21.231139722192264,18.79656955240241,True,22.0,0.8634920634920635,0.8717948717948718,True,22.0,0.8634920634920635,0.8717948717948718,True,22.0,0.8634920634920635,0.8717948717948718,0.8634920634920635,22.0,0.8717948717948718
2414,Skin,1,inflammatory,normal,81,2414__ch1__id81,317.0,54,76,74,96,64.5173501577287,86.02839116719242,0.4019066081759993,0.9723926380368099,21.183921839774825,19.397707614992406,True,24.0,0.31545741324921134,0.31545741324921134,True,24.0,0.31545741324921134,0.31545741324921134,False,,,,0.31545741324921134,24.0,0.31545741324921134
2414,Skin,1,inflammatory,normal,84,2414__ch1__id84,266.0,57,239,75,256,65.72556390977444,247.7330827067669,0.32087074036031554,0.981549815498155,19.13277459458939,18.12109077994838,True,25.0,0.8157894736842105,0.8157894736842105,True,25.0,0.8157894736842105,0.8157894736842105,True,25.0,0.8157894736842105,0.8157894736842105,0.8157894736842105,25.0,0.8157894736842105
2414,Skin,1,inflammatory,normal,95,2414__ch1__id95,811.0,69,2,102,35,84.9186189889026,18.249075215782984,0.48137536633310607,0.9643281807372176,34.485559052147245,30.227094280503657,True,32.0,0.2527743526510481,0.2527743526510481,True,32.0,0.2527743526510481,0.2527743526510481,False,,,,0.2527743526510481,32.0,0.2527743526510481
2414,Skin,1,inflammatory,normal,97,2414__ch1__id97,708.0,70,41,102,73,84.48305084745763,54.80367231638418,0.7076836480314862,0.9528936742934051,36.35444627185984,25.685486687455835,True,27.0,0.3103932584269663,0.3121468926553672,True,27.0,0.3103932584269663,0.3121468926553672,False,,,,0.3103932584269663,27.0,0.3121468926553672
2414,Skin,1,inflammatory,normal,107,2414__ch1__id107,807.0,80,150,106,194,93.50433705080545,171.7558859975217,0.8293889110661969,0.9572953736654805,43.24742902382265,24.161113370393554,True,34.0,0.5717821782178217,0.5724907063197026,True,34.0,0.5717821782178217,0.5724907063197026,True,34.0,0.5717821782178217,0.5724907063197026,0.5717821782178217,34.0,0.5724907063197026
2414,Skin,1,inflammatory,normal,111,2414__ch1__id111,475.0,84,81,108,110,95.82105263157895,94.20631578947368,0.7510664783342325,0.9443339960238568,30.993119290594606,20.462481344855455,True,31.0,0.7630662020905923,0.9221052631578948,True,31.0,0.7630662020905923,0.9221052631578948,True,31.0,0.7630662020905923,0.9221052631578948,0.7630662020905923,31.0,0.9221052631578948
2414,Skin,1,inflammatory,normal,115,2414__ch1__id115,278.0,91,194,111,211,100.76978417266187,202.5071942446043,0.5010572228478646,0.9553264604810997,20.290448001910796,17.55964090930367,True,39.0,0.7949640287769785,0.7949640287769785,True,39.0,0.7949640287769785,0.7949640287769785,True,39.0,0.7949640287769785,0.7949640287769785,0.7949640287769785,39.0,0.7949640287769785
2414,Skin,1,inflammatory,normal,130,2414__ch1__id130,181.0,104,13,118,30,110.05524861878453,21.69060773480663,0.6431216666632478,0.9627659574468085,17.461959267739267,13.371739983895296,True,43.0,0.7473118279569892,0.7679558011049724,True,43.0,0.7473118279569892,0.7679558011049724,True,43.0,0.7473118279569892,0.7679558011049724,0.7473118279569892,43.0,0.7679558011049724
2414,Skin,1,inflammatory,normal,135,2414__ch1__id135,260.0,113,70,136,84,124.00769230769231,76.77307692307693,0.8057897890554757,0.9558823529411765,23.66836237469092,14.016443682554875,True,45.0,0.8884615384615384,0.8884615384615384,True,45.0,0.8884615384615384,0.8884615384615384,True,45.0,0.8884615384615384,0.8884615384615384,0.8884615384615384,45.0,0.8884615384615384
2414,Skin,1,inflammatory,normal,137,2414__ch1__id137,576.0,113,89,142,116,127.22048611111111,101.76909722222223,0.7411733687695682,0.9632107023411371,33.18906579931277,22.280273414767347,True,46.0,0.823051948051948,0.8802083333333334,True,46.0,0.823051948051948,0.8802083333333334,True,46.0,0.823051948051948,0.8802083333333334,0.823051948051948,46.0,0.8802083333333334
2414,Skin,1,inflammatory,normal,139,2414__ch1__id139,313.0,114,115,137,132,124.87220447284345,122.75718849840256,0.7026208723783725,0.9660493827160493,23.686290052316274,16.85432100815601,True,48.0,0.6560509554140127,0.65814696485623,True,48.0,0.6560509554140127,0.65814696485623,True,48.0,0.6560509554140127,0.65814696485623,0.6560509554140127,48.0,0.65814696485623
2414,Skin,1,inflammatory,normal,147,2414__ch1__id147,896.0,117,178,150,211,133.33816964285714,193.53236607142858,0.49782029743706074,0.9781659388646288,36.37425189347457,31.546668585940786,True,47.0,0.9076751946607341,0.9107142857142857,True,47.0,0.9076751946607341,0.9107142857142857,True,47.0,0.9076751946607341,0.9107142857142857,0.9076751946607341,47.0,0.9107142857142857
2414,Skin,1,inflammatory,normal,150,2414__ch1__id150,279.0,123,25,143,43,133.10394265232975,33.365591397849464,0.4559009617582419,0.9620689655172414,20.021123583119255,17.819410882237353,True,50.0,0.8191489361702128,0.8279569892473119,True,50.0,0.8191489361702128,0.8279569892473119,True,50.0,0.8191489361702128,0.8279569892473119,0.8191489361702128,50.0,0.8279569892473119
2414,Skin,1,inflammatory,normal,155,2414__ch1__id155,581.0,129,44,160,69,143.05679862306368,55.53700516351119,0.604863999435695,0.9699499165275459,30.703983211837052,24.45046580704699,True,52.0,0.7676419965576592,0.7676419965576592,True,52.0,0.7676419965576592,0.7676419965576592,True,52.0,0.7676419965576592,0.7676419965576592,0.7676419965576592,52.0,0.7676419965576592
2414,Skin,1,inflammatory,normal,165,2414__ch1__id165,306.0,137,77,155,99,145.84967320261438,86.91176470588235,0.6176790480036906,0.9652996845425867,22.333977217548547,17.56411607536745,True,54.0,0.8235294117647058,0.8235294117647058,True,54.0,0.8235294117647058,0.8235294117647058,True,54.0,0.8235294117647058,0.8235294117647058,0.8235294117647058,54.0,0.8235294117647058
2414,Skin,1,inflammatory,normal,169,2414__ch1__id169,409.0,141,101,159,133,150.2200488997555,116.70660146699267,0.8926800831052076,0.9511627906976744,34.1319203910285,15.382945233794334,True,57.0,0.47804878048780486,0.4792176039119804,True,57.0,0.47804878048780486,0.4792176039119804,False,,,,0.47804878048780486,57.0,0.4792176039119804
2414,Skin,1,inflammatory,normal,171,2414__ch1__id171,388.0,144,4,163,31,152.8041237113402,16.24484536082474,0.7623165328626581,0.9651741293532339,27.72945807348851,17.94662659664616,True,56.0,0.889168765743073,0.9097938144329897,True,56.0,0.889168765743073,0.9097938144329897,True,56.0,0.889168765743073,0.9097938144329897,0.889168765743073,56.0,0.9097938144329897
2414,Skin,1,inflammatory,normal,176,2414__ch1__id176,252.0,151,59,171,77,160.47619047619048,67.73809523809524,0.4916921623097183,0.9438202247191011,19.253618114200123,16.765455628694227,True,58.0,0.8314176245210728,0.8611111111111112,True,58.0,0.8314176245210728,0.8611111111111112,True,58.0,0.8314176245210728,0.8611111111111112,0.8314176245210728,58.0,0.8611111111111112
2414,Skin,1,inflammatory,normal,181,2414__ch1__id181,299.0,155,122,175,141,163.86622073578596,131.3277591973244,0.544202702920123,0.9707792207792207,21.403536029074306,17.956577114561004,True,60.0,0.8394648829431438,0.8394648829431438,True,60.0,0.8394648829431438,0.8394648829431438,True,60.0,0.8394648829431438,0.8394648829431438,0.8394648829431438,60.0,0.8394648829431438
2414,Skin,1,inflammatory,normal,188,2414__ch1__id188,113.0,162,25,173,37,167.0796460176991,30.460176991150444,0.42701031779329285,0.9658119658119658,12.613328057173177,11.405560927578081,True,64.0,0.2851851851851852,0.6814159292035398,True,64.0,0.2851851851851852,0.6814159292035398,False,,,,0.2851851851851852,64.0,0.6814159292035398
2414,Skin,1,inflammatory,normal,194,2414__ch1__id194,289.0,164,106,182,128,172.67820069204151,115.6955017301038,0.7387771428965805,0.9665551839464883,23.477734841989996,15.82281470493138,True,65.0,0.8269896193771626,0.8269896193771626,True,65.0,0.8269896193771626,0.8269896193771626,True,65.0,0.8269896193771626,0.8269896193771626,0.8269896193771626,65.0,0.8269896193771626
2414,Skin,1,inflammatory,normal,197,2414__ch1__id197,251.0,166,42,184,60,174.70119521912352,50.64143426294821,0.6375714500464843,0.9691119691119691,20.375592111176044,15.69717745296496,True,67.0,0.7821011673151751,0.8007968127490039,True,67.0,0.7821011673151751,0.8007968127490039,True,67.0,0.7821011673151751,0.8007968127490039,0.7821011673151751,67.0,0.8007968127490039
2414,Skin,1,inflammatory,normal,198,2414__ch1__id198,41.0,173,251,184,256,178.65853658536585,253.41463414634146,0.8801178672282658,0.9761904761904762,10.783963961052402,5.11974341981123,False,,,,False,,,,False,,,,0.0,,0.0
2414,Skin,1,inflammatory,normal,200,2414__ch1__id200,334.0,174,59,196,79,184.9431137724551,68.03293413173652,0.7207918006189491,0.9737609329446064,24.902212243620472,17.261008971144886,True,69.0,0.6735294117647059,0.6856287425149701,True,69.0,0.6735294117647059,0.6856287425149701,True,69.0,0.6735294117647059,0.6856287425149701,0.6735294117647059,69.0,0.6856287425149701
2414,Skin,1,inflammatory,normal,203,2414__ch1__id203,481.0,177,91,198,122,187.6237006237006,105.42619542619542,0.8107373836352466,0.9600798403193613,32.48128799368766,19.014871544447004,True,70.0,0.8388429752066116,0.8440748440748441,True,70.0,0.8388429752066116,0.8440748440748441,True,70.0,0.8388429752066116,0.8440748440748441,0.8388429752066116,70.0,0.8440748440748441
2414,Skin,1,inflammatory,normal,212,2414__ch1__id212,541.0,183,149,211,175,197.6524953789279,162.92975970425138,0.5505451321331367,0.9695340501792115,29.019951975089565,24.226012644622212,True,76.0,0.3688969258589512,0.37707948243992606,True,76.0,0.3688969258589512,0.37707948243992606,False,,,,0.3688969258589512,76.0,0.37707948243992606
2414,Skin,1,inflammatory,normal,213,2414__ch1__id213,233.0,186,41,203,58,194.07725321888412,49.62660944206009,0.5300807415470605,0.9708333333333333,18.73338384601347,15.884919864580384,True,73.0,0.7167381974248928,0.7167381974248928,True,73.0,0.7167381974248928,0.7167381974248928,True,73.0,0.7167381974248928,0.7167381974248928,0.7167381974248928,73.0,0.7167381974248928
2414,Skin,1,inflammatory,normal,219,2414__ch1__id219,91.0,190,251,214,256,200.43956043956044,253.3956043956044,0.9755375167080602,0.9479166666666666,23.583582417394684,5.184449974271477,True,77.0,0.5978260869565217,0.6043956043956044,True,77.0,0.5978260869565217,0.6043956043956044,True,77.0,0.5978260869565217,0.6043956043956044,0.5978260869565217,77.0,0.6043956043956044
2414,Skin,1,inflammatory,normal,226,2414__ch1__id226,664.0,199,92,219,134,208.52861445783134,112.65512048192771,0.895506142214267,0.9567723342939481,43.755647877085245,19.473414059623796,True,81.0,0.4038748137108793,0.40813253012048195,True,81.0,0.4038748137108793,0.40813253012048195,False,,,,0.4038748137108793,81.0,0.40813253012048195
2414,Skin,1,inflammatory,normal,227,2414__ch1__id227,295.0,202,51,221,71,211.20338983050848,60.58983050847458,0.4313970343638221,0.9640522875816994,20.415551519403326,18.41813846147621,True,79.0,0.7896440129449838,0.8271186440677966,True,79.0,0.7896440129449838,0.8271186440677966,True,79.0,0.7896440129449838,0.8271186440677966,0.7896440129449838,79.0,0.8271186440677966
2414,Skin,1,inflammatory,normal,239,2414__ch1__id239,703.0,212,212,245,245,226.900426742532,229.30156472261734,0.8321699469518489,0.9564625850340136,40.739134469804654,22.590692359353532,True,84.0,0.8286118980169972,0.8321479374110953,True,84.0,0.8286118980169972,0.8321479374110953,True,84.0,0.8286118980169972,0.8321479374110953,0.8286118980169972,84.0,0.8321479374110953
2414,Skin,1,inflammatory,normal,240,2414__ch1__id240,75.0,217,251,237,256,226.41333333333333,253.38666666666666,0.9608547060140098,0.9615384615384616,19.134543646087714,5.301278201252551,False,,,,False,,,,False,,,,0.0,,0.0
2414,Skin,1,inflammatory,normal,246,2414__ch1__id246,865.0,218,163,246,207,232.6913294797688,183.65317919075144,0.840100151199674,0.9558011049723757,45.51482065903473,24.688664209255716,True,86.0,0.4936416184971098,0.4936416184971098,True,86.0,0.4936416184971098,0.4936416184971098,False,,,,0.4936416184971098,86.0,0.4936416184971098
2414,Skin,1,inflammatory,normal,253,2414__ch1__id253,256.0,224,122,242,140,232.703125,130.82421875,0.3169008638643541,0.9624060150375939,18.564323841364878,17.607493839195474,True,87.0,0.8767605633802817,0.97265625,True,87.0,0.8767605633802817,0.97265625,True,87.0,0.8767605633802817,0.97265625,0.8767605633802817,87.0,0.97265625
2414,Skin,1,inflammatory,normal,254,2414__ch1__id254,253.0,226,140,242,159,233.6798418972332,148.44664031620553,0.5231471886592315,0.9583333333333334,19.593487414858426,16.69839971159482,True,88.0,0.8777777777777778,0.9367588932806324,True,88.0,0.8777777777777778,0.9367588932806324,True,88.0,0.8777777777777778,0.9367588932806324,0.8777777777777778,88.0,0.9367588932806324
2414,Skin,1,inflammatory,normal,261,2414__ch1__id261,259.0,235,87,256,103,245.76447876447875,94.78378378378379,0.7388266895900404,0.9522058823529411,22.211150757439682,14.967994179892264,True,92.0,0.7644787644787645,0.7644787644787645,True,92.0,0.7644787644787645,0.7644787644787645,True,92.0,0.7644787644787645,0.7644787644787645,0.7644787644787645,92.0,0.7644787644787645
2414,Skin,1,inflammatory,normal,266,2414__ch1__id266,217.0,242,120,256,138,249.16589861751152,128.21658986175115,0.664221845830302,0.9819004524886877,19.468257193757566,14.55321358070501,False,,,,False,,,,False,,,,0.002028397565922921,87.0,0.004608294930875576
2414,Skin,1,inflammatory,normal,274,2414__ch1__id274,64.0,247,0,256,9,251.53125,3.28125,0.6501592966535064,0.9552238805970149,10.659468469088761,8.099042039432966,False,,,,False,,,,False,,,,0.0,,0.0
2414,Skin,1,inflammatory,normal,275,2414__ch1__id275,170.0,247,179,256,203,251.6,189.54117647058823,0.9180215652296061,0.9770114942528736,23.872115667978438,9.466021008970507,True,95.0,0.6411764705882353,0.6411764705882353,True,95.0,0.6411764705882353,0.6411764705882353,True,95.0,0.6411764705882353,0.6411764705882353,0.6411764705882353,95.0,0.6411764705882353
2414,Skin,1,inflammatory,normal,276,2414__ch1__id276,167.0,247,209,256,236,251.874251497006,221.64670658682635,0.9260871328634014,0.9653179190751445,24.79516518416629,9.355456752107566,True,94.0,0.592814371257485,0.592814371257485,True,94.0,0.592814371257485,0.592814371257485,True,94.0,0.592814371257485,0.592814371257485,0.592814371257485,94.0,0.592814371257485
2414,Skin,1,inflammatory,normal,277,2414__ch1__id277,25.0,250,39,256,45,252.92,41.28,0.6453106349016567,0.8620689655172413,6.813856668569761,5.205243250818103,False,,,,False,,,,False,,,,0.0,,0.0
2414,Skin,1,inflammatory,normal,278,2414__ch1__id278,57.0,250,11,256,25,253.19298245614036,17.94736842105263,0.8988424029337178,0.9344262295081968,13.37506855039769,5.861917871360922,True,96.0,0.6140350877192983,0.6140350877192983,True,96.0,0.6140350877192983,0.6140350877192983,True,96.0,0.6140350877192983,0.6140350877192983,0.6140350877192983,96.0,0.6140350877192983
2414,Skin,1,inflammatory,normal,283,2414__ch1__id283,14.0,254,110,256,118,254.57142857142858,113.5,0.97076101630644,1.0,8.246211251235321,1.9794866372215747,False,,,,False,,,,False,,,,0.0,,0.0
2479,Stomach,0,neoplastic,neoplastic,146,2479__ch0__id146,266.0,0,183,15,211,5.30827067669173,199.02255639097746,0.8490202235524463,0.9399293286219081,26.956067671836067,14.242517363664208,True,2.0,0.6240601503759399,0.6240601503759399,True,2.0,0.6240601503759399,0.6240601503759399,True,2.0,0.6240601503759399,0.6240601503759399,0.6240601503759399,2.0,0.6240601503759399
2479,Stomach,0,neoplastic,neoplastic,148,2479__ch0__id148,519.0,0,14,21,45,8.541425818882466,28.221579961464354,0.7691535747210231,0.9810964083175804,32.605410642136505,20.836943697570995,True,1.0,0.833969465648855,0.8420038535645472,True,1.0,0.833969465648855,0.8420038535645472,True,1.0,0.833969465648855,0.8420038535645472,0.833969465648855,1.0,0.8420038535645472
2479,Stomach,0,neoplastic,neoplastic,152,2479__ch0__id152,280.0,0,70,17,92,7.285714285714286,81.48928571428571,0.6351343690496756,0.9688581314878892,21.662175309250262,16.73190029261233,True,4.0,0.8785714285714286,0.8785714285714286,True,4.0,0.8785714285714286,0.8785714285714286,True,4.0,0.8785714285714286,0.8785714285714286,0.8785714285714286,4.0,0.8785714285714286
2479,Stomach,0,neoplastic,neoplastic,153,2479__ch0__id153,138.0,0,232,9,254,3.4130434782608696,242.84057971014494,0.9221543848891801,0.9019607843137255,21.752932607743443,8.414513761683425,False,,,,False,,,,False,,,,0.0,,0.0
2479,Stomach,0,neoplastic,neoplastic,162,2479__ch0__id162,813.0,21,16,57,58,39.00615006150061,36.80565805658057,0.9175229941080687,0.9644128113879004,51.13694396954066,20.33627958085055,True,7.0,0.8671586715867159,0.8671586715867159,True,7.0,0.8671586715867159,0.8671586715867159,True,7.0,0.8671586715867159,0.8671586715867159,0.8671586715867159,7.0,0.8671586715867159
2479,Stomach,0,neoplastic,neoplastic,164,2479__ch0__id164,376.0,25,220,46,243,34.880319148936174,230.8005319148936,0.5673326057828701,0.9690721649484536,24.13298864083956,19.873244547611183,True,8.0,0.8673740053050398,0.8696808510638298,True,8.0,0.8673740053050398,0.8696808510638298,True,8.0,0.8673740053050398,0.8696808510638298,0.8673740053050398,8.0,0.8696808510638298
2479,Stomach,0,neoplastic,neoplastic,166,2479__ch0__id166,409.0,38,48,61,72,48.863080684596575,59.816625916870414,0.6082116289326289,0.9578454332552693,25.676503139971466,20.381364077176404,True,9.0,0.8314350797266514,0.8924205378973105,True,9.0,0.8314350797266514,0.8924205378973105,True,9.0,0.8314350797266514,0.8924205378973105,0.8314350797266514,9.0,0.8924205378973105
2479,Stomach,0,neoplastic,neoplastic,169,2479__ch0__id169,165.0,42,0,65,9,51.64848484848485,3.478787878787879,0.9051497517410556,0.9705882352941176,22.80218140748982,9.693044168135046,True,10.0,0.7151515151515152,0.7151515151515152,True,10.0,0.7151515151515152,0.7151515151515152,True,10.0,0.7151515151515152,0.7151515151515152,0.7151515151515152,10.0,0.7151515151515152
2479,Stomach,0,neoplastic,neoplastic,170,2479__ch0__id170,384.0,42,163,64,186,52.791666666666664,173.82552083333334,0.3118559328743479,0.9696969696969697,22.72384446843283,21.5905927151098,True,11.0,0.7526041666666666,0.7526041666666666,True,11.0,0.7526041666666666,0.7526041666666666,True,11.0,0.7526041666666666,0.7526041666666666,0.7526041666666666,11.0,0.7526041666666666
2479,Stomach,0,neoplastic,neoplastic,178,2479__ch0__id178,524.0,60,232,85,256,71.96564885496183,244.34351145038167,0.2502353665981465,0.9721706864564007,26.57432765960817,25.728866345688584,True,13.0,0.8530534351145038,0.8530534351145038,True,13.0,0.8530534351145038,0.8530534351145038,True,13.0,0.8530534351145038,0.8530534351145038,0.8530534351145038,13.0,0.8530534351145038
2479,Stomach,0,neoplastic,neoplastic,180,2479__ch0__id180,651.0,66,193,90,229,78.03225806451613,211.82334869431642,0.7614507732314911,0.9673105497771174,36.00500520245739,23.339263106390113,True,14.0,0.9062980030721967,0.9062980030721967,True,14.0,0.9062980030721967,0.9062980030721967,True,14.0,0.9062980030721967,0.9062980030721967,0.9062980030721967,14.0,0.9062980030721967
2479,Stomach,0,neoplastic,neoplastic,195,2479__ch0__id195,525.0,92,173,115,204,103.06095238095239,187.58857142857144,0.7867998215352597,0.9686346863468634,33.01674650784242,20.37820878653306,True,16.0,0.8612167300380228,0.8628571428571429,True,16.0,0.8612167300380228,0.8628571428571429,True,16.0,0.8612167300380228,0.8628571428571429,0.8612167300380228,16.0,0.8628571428571429
2479,Stomach,0,neoplastic,neoplastic,203,2479__ch0__id203,450.0,96,221,119,247,107.06222222222222,233.58444444444444,0.6532045243592114,0.9594882729211087,27.54585341332727,20.857211068564435,True,17.0,0.7555555555555555,0.7555555555555555,True,17.0,0.7555555555555555,0.7555555555555555,True,17.0,0.7555555555555555,0.7555555555555555,0.7555555555555555,17.0,0.7555555555555555
2479,Stomach,0,neoplastic,neoplastic,213,2479__ch0__id213,750.0,111,197,147,224,127.63333333333334,210.76533333333333,0.6814885481130606,0.9727626459143969,36.23632408503466,26.518784736775718,True,19.0,0.8626666666666667,0.8626666666666667,True,19.0,0.8626666666666667,0.8626666666666667,True,19.0,0.8626666666666667,0.8626666666666667,0.8626666666666667,19.0,0.8626666666666667
2479,Stomach,0,neoplastic,neoplastic,214,2479__ch0__id214,326.0,112,167,130,190,120.60736196319019,177.67177914110428,0.6221279607988011,0.9760479041916168,23.053234096787413,18.048736069936517,True,20.0,0.8098159509202454,0.8098159509202454,True,20.0,0.8098159509202454,0.8098159509202454,True,20.0,0.8098159509202454,0.8098159509202454,0.8098159509202454,20.0,0.8098159509202454
2479,Stomach,0,neoplastic,neoplastic,218,2479__ch0__id218,620.0,119,225,145,255,131.82903225806453,239.84677419354838,0.6472423285665243,0.9733124018838305,32.21127798193726,24.554151786162308,True,21.0,0.8725806451612903,0.8725806451612903,True,21.0,0.8725806451612903,0.8725806451612903,True,21.0,0.8725806451612903,0.8725806451612903,0.8725806451612903,21.0,0.8725806451612903
2479,Stomach,0,neoplastic,neoplastic,221,2479__ch0__id221,859.0,123,4,153,42,137.081490104773,24.025611175785798,0.667707782013701,0.9651685393258427,38.61932393758811,28.7491315276895,True,23.0,0.889406286379511,0.889406286379511,True,23.0,0.889406286379511,0.889406286379511,True,23.0,0.889406286379511,0.889406286379511,0.889406286379511,23.0,0.889406286379511
2479,Stomach,0,neoplastic,neoplastic,223,2479__ch0__id223,503.0,125,152,149,183,137.08946322067595,166.65606361829026,0.7587950225062621,0.9636015325670498,31.574090757822468,20.565136655341117,True,24.0,0.7415506958250497,0.7415506958250497,True,24.0,0.7415506958250497,0.7415506958250497,True,24.0,0.7415506958250497,0.7415506958250497,0.7415506958250497,24.0,0.7415506958250497
2479,Stomach,0,neoplastic,neoplastic,235,2479__ch0__id235,408.0,146,134,172,158,158.0906862745098,143.81127450980392,0.31989953044351616,0.9379310344827586,24.12590835842333,22.8581273700449,True,26.0,0.8333333333333334,0.8333333333333334,True,26.0,0.8333333333333334,0.8333333333333334,True,26.0,0.8333333333333334,0.8333333333333334,0.8333333333333334,26.0,0.8333333333333334
2479,Stomach,0,neoplastic,neoplastic,243,2479__ch0__id243,490.0,153,160,175,191,163.15102040816328,175.74285714285713,0.7568993027057089,0.9607843137254902,31.054525416284424,20.295111149004242,True,28.0,0.8551020408163266,0.8551020408163266,True,28.0,0.8551020408163266,0.8551020408163266,True,28.0,0.8551020408163266,0.8551020408163266,0.8551020408163266,28.0,0.8551020408163266
2479,Stomach,0,neoplastic,neoplastic,244,2479__ch0__id244,191.0,153,244,171,256,161.565445026178,249.66492146596858,0.7090076776729431,0.9597989949748744,18.734504749970426,13.211587002464253,True,27.0,0.7696335078534031,0.7696335078534031,True,27.0,0.7696335078534031,0.7696335078534031,True,27.0,0.7696335078534031,0.7696335078534031,0.7696335078534031,27.0,0.7696335078534031
2479,Stomach,0,neoplastic,neoplastic,263,2479__ch0__id263,132.0,196,174,207,189,200.97727272727272,180.77272727272728,0.6675740499522246,0.9705882352941176,15.038580290316997,11.196875835317808,False,,,,False,,,,False,,,,0.0,,0.0
2479,Stomach,0,neoplastic,neoplastic,276,2479__ch0__id276,435.0,207,182,233,209,219.73103448275862,195.12873563218392,0.6990058083018577,0.9314775160599572,28.356269726756757,20.278021914348347,False,,,,False,,,,False,,,,0.0,,0.0
2479,Stomach,0,neoplastic,neoplastic,280,2479__ch0__id280,122.0,214,246,233,256,223.77868852459017,251.62295081967213,0.8435557196251848,0.9172932330827067,17.984878306956325,9.658628956324618,True,34.0,0.36486486486486486,0.4426229508196721,True,34.0,0.36486486486486486,0.4426229508196721,False,,,,0.36486486486486486,34.0,0.4426229508196721
2479,Stomach,0,neoplastic,neoplastic,288,2479__ch0__id288,627.0,227,3,256,33,241.07655502392345,17.56937799043062,0.5432076809932903,0.9557926829268293,31.27398499826116,26.25758668645954,True,35.0,0.8261562998405104,0.8261562998405104,True,35.0,0.8261562998405104,0.8261562998405104,True,35.0,0.8261562998405104,0.8261562998405104,0.8261562998405104,35.0,0.8261562998405104
2479,Stomach,0,neoplastic,neoplastic,296,2479__ch0__id296,49.0,251,176,256,189,253.3673469387755,181.6326530612245,0.9001754216427935,1.0,12.384109529412182,5.393620362791242,False,,,,False,,,,False,,,,0.0,,0.0
2479,Stomach,1,inflammatory,normal,149,2479__ch1__id149,71.0,0,0,13,7,5.126760563380282,2.507042253521127,0.8377712063323232,0.9594594594594594,13.159809326813537,7.18553795320242,True,3.0,0.5633802816901409,0.5633802816901409,True,3.0,0.5633802816901409,0.5633802816901409,True,3.0,0.5633802816901409,0.5633802816901409,0.5633802816901409,3.0,0.5633802816901409
2479,Stomach,1,inflammatory,normal,157,2479__ch1__id157,290.0,7,58,26,79,16.50689655172414,67.84482758620689,0.6319371064143949,0.9602649006622517,21.854399851118945,16.937589826219458,True,5.0,0.8229508196721311,0.8655172413793103,True,5.0,0.8229508196721311,0.8655172413793103,True,5.0,0.8229508196721311,0.8655172413793103,0.8229508196721311,5.0,0.8655172413793103
2479,Stomach,1,inflammatory,normal,159,2479__ch1__id159,335.0,17,139,38,160,27.746268656716417,148.7910447761194,0.5488405595124023,0.9654178674351584,22.71543283374912,18.988444857542554,True,6.0,0.826865671641791,0.826865671641791,True,6.0,0.826865671641791,0.826865671641791,True,6.0,0.826865671641791,0.826865671641791,0.826865671641791,6.0,0.826865671641791
2479,Stomach,1,inflammatory,normal,186,2479__ch1__id186,467.0,76,68,105,90,89.84154175588866,78.77301927194861,0.6495510847170703,0.9415322580645161,28.066963997416817,21.33981658923872,True,15.0,0.8831967213114754,0.9229122055674518,True,15.0,0.8831967213114754,0.9229122055674518,True,15.0,0.8831967213114754,0.9229122055674518,0.8831967213114754,15.0,0.9229122055674518
2479,Stomach,1,inflammatory,normal,210,2479__ch1__id210,191.0,106,111,124,124,114.83769633507853,116.98952879581152,0.6733113392394697,0.9597989949748744,18.137713951556382,13.410283393483235,True,18.0,0.9015544041450777,0.9109947643979057,True,18.0,0.9015544041450777,0.9109947643979057,True,18.0,0.9015544041450777,0.9109947643979057,0.9015544041450777,18.0,0.9109947643979057
2479,Stomach,1,inflammatory,normal,220,2479__ch1__id220,302.0,120,87,140,105,129.72185430463577,95.5,0.44403894094389573,0.9710610932475884,20.783100078821533,18.621813298807492,True,22.0,0.8371335504885994,0.8509933774834437,True,22.0,0.8371335504885994,0.8509933774834437,True,22.0,0.8371335504885994,0.8509933774834437,0.8371335504885994,22.0,0.8509933774834437
2479,Stomach,1,inflammatory,normal,232,2479__ch1__id232,592.0,142,83,168,113,154.7347972972973,96.77871621621621,0.5998730625958775,0.9626016260162602,30.776063314240343,24.62378014236424,True,25.0,0.8952702702702703,0.8952702702702703,True,25.0,0.8952702702702703,0.8952702702702703,True,25.0,0.8952702702702703,0.8952702702702703,0.8952702702702703,25.0,0.8952702702702703
2479,Stomach,1,inflammatory,normal,249,2479__ch1__id249,229.0,164,28,187,43,174.85589519650654,34.799126637554586,0.8597876452371367,0.9087301587301587,24.44528097510057,12.483025397147701,True,29.0,0.834061135371179,0.834061135371179,True,29.0,0.834061135371179,0.834061135371179,True,29.0,0.834061135371179,0.834061135371179,0.834061135371179,29.0,0.834061135371179
2479,Stomach,1,inflammatory,normal,269,2479__ch1__id269,279.0,200,47,221,65,210.02508960573476,55.774193548387096,0.7132774341806848,0.9554794520547946,22.52508479699414,15.787422047046297,True,30.0,0.9068100358422939,0.9068100358422939,True,30.0,0.9068100358422939,0.9068100358422939,True,30.0,0.9068100358422939,0.9068100358422939,0.9068100358422939,30.0,0.9068100358422939
2479,Stomach,1,inflammatory,normal,274,2479__ch1__id274,188.0,204,108,220,123,211.79255319148936,114.81382978723404,0.46065947892640396,0.9641025641025641,16.434024390925426,14.586461266452726,True,31.0,0.8936170212765957,0.8936170212765957,True,31.0,0.8936170212765957,0.8936170212765957,True,31.0,0.8936170212765957,0.8936170212765957,0.8936170212765957,31.0,0.8936170212765957
2479,Stomach,1,inflammatory,normal,281,2479__ch1__id281,228.0,215,91,230,110,221.9298245614035,100.10964912280701,0.7249936554809583,0.9702127659574468,20.525168913528955,14.136823882541707,True,33.0,0.8947368421052632,0.8947368421052632,True,33.0,0.8947368421052632,0.8947368421052632,True,33.0,0.8947368421052632,0.8947368421052632,0.8947368421052632,33.0,0.8947368421052632
2479,Stomach,1,inflammatory,normal,293,2479__ch1__id293,159.0,246,229,256,251,251.55345911949686,238.78616352201257,0.8912574017049227,0.9578313253012049,22.058916325754947,10.00366976391354,True,36.0,0.6227544910179641,0.6540880503144654,True,36.0,0.6227544910179641,0.6540880503144654,True,36.0,0.6227544910179641,0.6540880503144654,0.6227544910179641,36.0,0.6540880503144654
2479,Stomach,2,connective,normal,300,2479__ch2__id300,2.0,255,51,256,53,255.0,51.5,1.0,1.0,2.0,0.0,False,,,,False,,,,False,,,,0.0,,0.0
2479,Stomach,3,dead,normal,199,2479__ch3__id199,156.0,93,47,107,61,99.7948717948718,53.666666666666664,0.6374976505573415,0.9629629629629629,16.065202912473872,12.377472523024526,False,,,,False,,,,False,,,,0.0,,0.0
2505,Stomach,0,neoplastic,neoplastic,3,2505__ch0__id3,290.0,1,32,18,52,8.46896551724138,41.37931034482759,0.503371602677854,0.9764309764309764,20.777378210672936,17.953109968593157,True,2.0,0.7689655172413793,0.7689655172413793,True,2.0,0.7689655172413793,0.7689655172413793,True,2.0,0.7689655172413793,0.7689655172413793,0.7689655172413793,2.0,0.7689655172413793
2505,Stomach,0,neoplastic,neoplastic,5,2505__ch0__id5,7.0,3,255,10,256,6.0,255.0,1.0,1.0,8.0,0.0,False,,,,False,,,,False,,,,0.0,,0.0
2505,Stomach,0,neoplastic,neoplastic,13,2505__ch0__id13,585.0,21,28,56,53,37.95897435897436,40.32649572649573,0.713716035536946,0.9345047923322684,33.07850252060627,23.169346376849767,False,,,,False,,,,False,,,,0.0,,0.0
2505,Stomach,0,neoplastic,neoplastic,14,2505__ch0__id14,781.0,21,185,54,222,37.09090909090909,202.74903969270167,0.8530290684262504,0.965389369592089,43.74452990739781,22.82866911559408,True,5.0,0.9187817258883249,0.9270166453265045,True,5.0,0.9187817258883249,0.9270166453265045,True,5.0,0.9187817258883249,0.9270166453265045,0.9187817258883249,5.0,0.9270166453265045
2505,Stomach,0,neoplastic,neoplastic,19,2505__ch0__id19,590.0,34,2,63,27,49.242372881355934,13.422033898305084,0.594026506115796,0.978441127694859,30.760885409159734,24.74545484082837,True,6.0,0.4231974921630094,0.4576271186440678,True,6.0,0.4231974921630094,0.4576271186440678,False,,,,0.4231974921630094,6.0,0.4576271186440678
2505,Stomach,0,neoplastic,neoplastic,30,2505__ch0__id30,1355.0,47,104,91,146,68.43911439114392,124.2760147601476,0.7377336337450864,0.9644128113879004,50.71606413372542,34.23800455465611,True,7.0,0.801859799713877,0.8273062730627306,True,7.0,0.801859799713877,0.8273062730627306,True,7.0,0.801859799713877,0.8273062730627306,0.801859799713877,7.0,0.8273062730627306
2505,Stomach,0,neoplastic,neoplastic,39,2505__ch0__id39,1076.0,64,152,101,191,81.59479553903346,171.1078066914498,0.3971423241669114,0.9676258992805755,38.68719489468371,35.505445259269464,True,9.0,0.9460201280878316,0.9609665427509294,True,9.0,0.9460201280878316,0.9609665427509294,True,9.0,0.9460201280878316,0.9609665427509294,0.9460201280878316,9.0,0.9609665427509294
2505,Stomach,0,neoplastic,neoplastic,40,2505__ch0__id40,370.0,70,240,103,256,87.34054054054054,249.11891891891892,0.8666363258666544,0.9511568123393316,32.024295274384755,15.978213279810202,True,10.0,0.7043701799485861,0.7405405405405405,True,10.0,0.7043701799485861,0.7405405405405405,True,10.0,0.7043701799485861,0.7405405405405405,0.7043701799485861,10.0,0.7405405405405405
2505,Stomach,0,neoplastic,neoplastic,42,2505__ch0__id42,1772.0,73,197,127,240,98.83521444695259,218.1969525959368,0.7404095147556323,0.969896004378763,58.13578468895406,39.07631917995866,True,11.0,0.8758465011286681,0.8758465011286681,True,11.0,0.8758465011286681,0.8758465011286681,True,11.0,0.8758465011286681,0.8758465011286681,0.8758465011286681,11.0,0.8758465011286681
2505,Stomach,0,neoplastic,neoplastic,83,2505__ch0__id83,937.0,132,189,171,220,151.10565635005335,204.29455709711846,0.6198209349353695,0.9249753208292202,39.38453814514048,30.906751472422904,True,16.0,0.8831908831908832,0.9925293489861259,True,16.0,0.8831908831908832,0.9925293489861259,True,16.0,0.8831908831908832,0.9925293489861259,0.8831908831908832,16.0,0.9925293489861259
2505,Stomach,0,neoplastic,neoplastic,84,2505__ch0__id84,560.0,137,240,186,256,161.52142857142857,248.85357142857143,0.9276236088821335,0.975609756097561,45.52587707723707,17.004658005950038,True,18.0,0.8423817863397548,0.8589285714285714,True,18.0,0.8423817863397548,0.8589285714285714,True,18.0,0.8423817863397548,0.8589285714285714,0.8423817863397548,18.0,0.8589285714285714
2505,Stomach,0,neoplastic,neoplastic,99,2505__ch0__id99,758.0,163,68,195,99,178.80606860158312,82.69920844327177,0.5624399628171007,0.9607097591888466,34.303107840215866,28.363117436166,True,21.0,0.7841352405721717,0.7955145118733509,True,21.0,0.7841352405721717,0.7955145118733509,True,21.0,0.7841352405721717,0.7955145118733509,0.7841352405721717,21.0,0.7955145118733509
2505,Stomach,0,neoplastic,neoplastic,107,2505__ch0__id107,567.0,179,105,212,128,195.6437389770723,116.25396825396825,0.776500383302699,0.9593908629441624,33.99120030738392,21.41842563998752,False,,,,False,,,,False,,,,0.0,,0.0
2505,Stomach,0,neoplastic,neoplastic,109,2505__ch0__id109,1043.0,184,198,215,241,200.4046021093001,218.9098753595398,0.7249394954339997,0.9648473635522664,44.37380476336524,30.565233577545722,True,22.0,0.7877664504170528,0.8149568552253116,True,22.0,0.7877664504170528,0.8149568552253116,True,22.0,0.7877664504170528,0.8149568552253116,0.7877664504170528,22.0,0.8149568552253116
2505,Stomach,0,neoplastic,neoplastic,118,2505__ch0__id118,807.0,202,133,236,167,216.4436183395291,148.49566294919455,0.697691365102165,0.9394644935972061,38.36851534823295,27.487145457158427,True,23.0,0.7496902106567535,0.7496902106567535,True,23.0,0.7496902106567535,0.7496902106567535,True,23.0,0.7496902106567535,0.7496902106567535,0.7496902106567535,23.0,0.7496902106567535
2505,Stomach,0,neoplastic,neoplastic,127,2505__ch0__id127,878.0,228,58,256,99,243.19589977220957,78.33599088838268,0.7218294565830788,0.9821029082774049,40.596130368575025,28.095403559767064,True,25.0,0.8633257403189066,0.8633257403189066,True,25.0,0.8633257403189066,0.8633257403189066,True,25.0,0.8633257403189066,0.8633257403189066,0.8633257403189066,25.0,0.8633257403189066
2505,Stomach,0,neoplastic,neoplastic,135,2505__ch0__id135,105.0,247,142,256,159,251.9047619047619,151.4,0.8585652326565096,0.9722222222222222,16.65996350556733,8.54163561009594,False,,,,False,,,,False,,,,0.0,,0.0
2505,Stomach,0,neoplastic,neoplastic,138,2505__ch0__id138,59.0,253,94,256,126,254.42372881355934,108.32203389830508,0.9972574772846423,0.7468354430379747,36.58748404815254,2.7078505455226476,False,,,,False,,,,False,,,,0.0,,0.0
2505,Stomach,1,inflammatory,normal,4,2505__ch1__id4,1034.0,1,154,35,195,16.88588007736944,172.67311411992264,0.677611677967252,0.9600742804085423,42.50274053498405,31.257360747980268,True,1.0,0.7929249352890423,0.8887814313346228,True,1.0,0.7929249352890423,0.8887814313346228,True,1.0,0.7929249352890423,0.8887814313346228,0.7929249352890423,1.0,0.8887814313346228
2505,Stomach,1,inflammatory,normal,34,2505__ch1__id34,265.0,52,215,71,232,61.052830188679245,222.7698113207547,0.5844397458560275,0.9671532846715328,20.4296389780549,16.5773672104267,True,8.0,0.8867924528301887,0.8867924528301887,True,8.0,0.8867924528301887,0.8867924528301887,True,8.0,0.8867924528301887,0.8867924528301887,0.8867924528301887,8.0,0.8867924528301887
2505,Stomach,1,inflammatory,normal,70,2505__ch1__id70,125.0,109,109,121,122,114.704,115.12,0.36252413094462194,0.9765625,13.063454998750368,12.174805439744162,True,13.0,0.712,0.712,True,13.0,0.712,0.712,True,13.0,0.712,0.712,0.712,13.0,0.712
2505,Stomach,1,inflammatory,normal,75,2505__ch1__id75,152.0,122,99,135,114,128.19078947368422,106.05263157894737,0.42719922394056326,0.9681528662420382,14.644698865013291,13.241114623879607,True,15.0,0.8092105263157895,0.8092105263157895,True,15.0,0.8092105263157895,0.8092105263157895,True,15.0,0.8092105263157895,0.8092105263157895,0.8092105263157895,15.0,0.8092105263157895
2505,Stomach,1,inflammatory,normal,76,2505__ch1__id76,144.0,122,115,135,130,128.26388888888889,122.09027777777777,0.5563195338744412,0.935064935064935,14.869112575780377,12.355763531378292,True,14.0,0.7171052631578947,0.7569444444444444,True,14.0,0.7171052631578947,0.7569444444444444,True,14.0,0.7171052631578947,0.7569444444444444,0.7171052631578947,14.0,0.7569444444444444
2505,Stomach,1,inflammatory,normal,85,2505__ch1__id85,142.0,140,130,153,144,145.90140845070422,136.67605633802816,0.5545802020991357,0.9793103448275862,14.736091238275069,12.262347697635265,True,17.0,0.8648648648648649,0.9014084507042254,True,17.0,0.8648648648648649,0.9014084507042254,True,17.0,0.8648648648648649,0.9014084507042254,0.8648648648648649,17.0,0.9014084507042254
2505,Stomach,1,inflammatory,normal,87,2505__ch1__id87,333.0,147,6,167,32,155.84684684684686,17.996996996996998,0.8113344077007606,0.9514285714285714,27.37077115253318,16.00046866699981,True,19.0,0.8648648648648649,0.8648648648648649,True,19.0,0.8648648648648649,0.8648648648648649,True,19.0,0.8648648648648649,0.8648648648648649,0.8648648648648649,19.0,0.8648648648648649
2505,Stomach,1,inflammatory,normal,91,2505__ch1__id91,563.0,154,23,184,49,170.6802841918295,36.717584369449376,0.6633138519291226,0.9623931623931624,31.553435186921476,23.612739393542483,True,20.0,0.8687943262411347,0.8703374777975134,True,20.0,0.8687943262411347,0.8703374777975134,True,20.0,0.8687943262411347,0.8703374777975134,0.8687943262411347,20.0,0.8703374777975134
2505,Stomach,2,connective,normal,8,2505__ch2__id8,724.0,6,216,40,250,20.935082872928177,234.353591160221,0.4940966617728083,0.9270166453265045,34.119672394359625,29.66388117705348,True,4.0,0.7762430939226519,0.7762430939226519,True,4.0,0.7762430939226519,0.7762430939226519,True,4.0,0.7762430939226519,0.7762430939226519,0.7762430939226519,4.0,0.7762430939226519
2505,Stomach,2,connective,normal,62,2505__ch2__id62,286.0,99,12,121,30,109.82867132867133,20.54895104895105,0.7686776369121737,0.9565217391304348,23.96272556735408,15.327430884953362,False,,,,False,,,,False,,,,0.0,,0.0
2505,Stomach,2,connective,normal,69,2505__ch2__id69,251.0,109,0,130,18,119.12749003984064,7.812749003984064,0.6371841475123358,0.9296296296296296,20.80538502273001,16.034951468594326,True,12.0,0.4795539033457249,0.5139442231075697,True,12.0,0.4795539033457249,0.5139442231075697,False,,,,0.4795539033457249,12.0,0.5139442231075697
2505,Stomach,2,connective,normal,117,2505__ch2__id117,616.0,201,8,228,36,213.87175324675326,21.8474025974026,0.3501855826533265,0.9565217391304348,29.074352556415224,27.233374412358383,True,24.0,0.49188311688311687,0.49188311688311687,True,24.0,0.49188311688311687,0.49188311688311687,False,,,,0.49188311688311687,24.0,0.49188311688311687
2505,Stomach,2,connective,normal,133,2505__ch2__id133,146.0,244,39,256,56,250.6917808219178,47.66438356164384,0.7084703968506632,0.9605263157894737,16.838049662187984,11.883294105900035,True,27.0,0.5547945205479452,0.5547945205479452,True,27.0,0.5547945205479452,0.5547945205479452,True,27.0,0.5547945205479452,0.5547945205479452,0.5547945205479452,27.0,0.5547945205479452
2505,Stomach,3,dead,normal,128,2505__ch3__id128,322.0,232,206,254,226,241.85093167701862,215.4751552795031,0.577039316852587,0.9554896142433235,22.548315364758015,18.41557824367941,True,26.0,0.796969696969697,0.8167701863354038,True,26.0,0.796969696969697,0.8167701863354038,True,26.0,0.796969696969697,0.8167701863354038,0.796969696969697,26.0,0.8167701863354038
2525,Testis,0,neoplastic,neoplastic,9,2525__ch0__id9,265.0,5,164,24,181,14.290566037735848,171.96981132075473,0.5691200684052224,0.9601449275362319,20.309387691530933,16.69948400098382,True,3.0,0.720754716981132,0.720754716981132,True,3.0,0.720754716981132,0.720754716981132,True,3.0,0.720754716981132,0.720754716981132,0.720754716981132,3.0,0.720754716981132
2525,Testis,0,neoplastic,neoplastic,10,2525__ch0__id10,364.0,6,146,34,164,19.107142857142858,154.39835164835165,0.7727196051432849,0.9578947368421052,27.190363211038985,17.259015566438496,True,4.0,0.5164835164835165,0.5164835164835165,True,4.0,0.5164835164835165,0.5164835164835165,True,4.0,0.5164835164835165,0.5164835164835165,0.5164835164835165,4.0,0.5164835164835165
2525,Testis,0,neoplastic,neoplastic,14,2525__ch0__id14,727.0,10,112,43,143,25.47592847317744,127.11691884456671,0.7307194200233276,0.9578392621870883,36.94485333757792,25.221435272545357,True,6.0,0.7922971114167813,0.7922971114167813,True,6.0,0.7922971114167813,0.7922971114167813,True,6.0,0.7922971114167813,0.7922971114167813,0.7922971114167813,6.0,0.7922971114167813
2525,Testis,0,neoplastic,neoplastic,34,2525__ch0__id34,281.0,32,189,48,211,39.67259786476868,198.9288256227758,0.6798174291480565,0.9623287671232876,22.234668457422767,16.30649205688947,False,,,,False,,,,False,,,,0.0,,0.0
2525,Testis,0,neoplastic,neoplastic,47,2525__ch0__id47,424.0,49,42,65,73,56.700471698113205,58.014150943396224,0.8564407706587067,0.9747126436781609,32.63836333633195,16.849401564008286,False,,,,False,,,,False,,,,0.0,,0.0
2525,Testis,0,neoplastic,neoplastic,78,2525__ch0__id78,228.0,80,7,98,25,88.89035087719299,15.293859649122806,0.6749923816961566,0.9620253164556962,19.939216995409645,14.71164675358096,True,25.0,0.793859649122807,0.793859649122807,True,25.0,0.793859649122807,0.793859649122807,True,25.0,0.793859649122807,0.793859649122807,0.793859649122807,25.0,0.793859649122807
2525,Testis,0,neoplastic,neoplastic,112,2525__ch0__id112,2.0,115,255,117,256,115.5,255.0,1.0,1.0,2.0,0.0,False,,,,False,,,,False,,,,0.0,,0.0
2525,Testis,0,neoplastic,neoplastic,114,2525__ch0__id114,419.0,107,62,129,94,118.49880668257757,78.55369928400955,0.8926489081136758,0.9148471615720524,35.11801022839068,15.829535213382586,True,34.0,0.8210023866348448,0.8210023866348448,True,34.0,0.8210023866348448,0.8210023866348448,True,34.0,0.8210023866348448,0.8210023866348448,0.8210023866348448,34.0,0.8210023866348448
2525,Testis,0,neoplastic,neoplastic,132,2525__ch0__id132,311.0,126,32,148,52,136.65594855305466,40.9967845659164,0.47049242818245984,0.9539877300613497,21.301423958782504,18.79646238052172,True,44.0,0.797427652733119,0.797427652733119,True,44.0,0.797427652733119,0.797427652733119,True,44.0,0.797427652733119,0.797427652733119,0.797427652733119,44.0,0.797427652733119
2525,Testis,1,inflammatory,normal,5,2525__ch1__id5,342.0,1,44,18,68,8.839181286549708,56.10526315789474,0.729896838853885,0.9771428571428571,25.32994847059145,17.314471597904948,True,2.0,0.7456140350877193,0.7456140350877193,True,2.0,0.7456140350877193,0.7456140350877193,True,2.0,0.7456140350877193,0.7456140350877193,0.7456140350877193,2.0,0.7456140350877193
2525,Testis,1,inflammatory,normal,13,2525__ch1__id13,235.0,10,0,24,21,16.608510638297872,10.540425531914893,0.769629926088815,0.9791666666666666,21.678399654884444,13.841446433678712,True,5.0,0.825531914893617,0.825531914893617,True,5.0,0.825531914893617,0.825531914893617,True,5.0,0.825531914893617,0.825531914893617,0.825531914893617,5.0,0.825531914893617
2525,Testis,1,inflammatory,normal,17,2525__ch1__id17,466.0,17,217,40,243,28.298283261802574,229.49141630901286,0.6079264267985569,0.9648033126293996,27.342030384310107,21.70939064079503,True,9.0,0.6587982832618026,0.6587982832618026,True,9.0,0.6587982832618026,0.6587982832618026,True,9.0,0.6587982832618026,0.6587982832618026,0.6587982832618026,9.0,0.6587982832618026
2525,Testis,1,inflammatory,normal,18,2525__ch1__id18,343.0,18,77,39,102,28.486880466472304,89.9795918367347,0.8327270035548825,0.9634831460674157,28.244447683747538,15.638492795148055,True,7.0,0.7338935574229691,0.7638483965014577,True,7.0,0.7338935574229691,0.7638483965014577,True,7.0,0.7338935574229691,0.7638483965014577,0.7338935574229691,7.0,0.7638483965014577
2525,Testis,1,inflammatory,normal,21,2525__ch1__id21,217.0,19,30,35,49,26.649769585253456,39.036866359447004,0.7232956926770652,0.9559471365638766,20.088686968710658,13.872010616836004,True,8.0,0.8202764976958525,0.8202764976958525,True,8.0,0.8202764976958525,0.8202764976958525,True,8.0,0.8202764976958525,0.8202764976958525,0.8202764976958525,8.0,0.8202764976958525
2525,Testis,1,inflammatory,normal,32,2525__ch1__id32,272.0,29,54,47,74,37.74632352941177,63.794117647058826,0.6444394185432902,0.9577464788732394,21.364053152942464,16.33613798174238,True,11.0,0.8566176470588235,0.8566176470588235,True,11.0,0.8566176470588235,0.8566176470588235,True,11.0,0.8566176470588235,0.8566176470588235,0.8566176470588235,11.0,0.8566176470588235
2525,Testis,1,inflammatory,normal,35,2525__ch1__id35,208.0,32,96,54,109,42.75961538461539,101.7548076923077,0.8517902160200275,0.9497716894977168,22.752062723034648,11.919419531396665,True,12.0,0.7416267942583732,0.7451923076923077,True,12.0,0.7416267942583732,0.7451923076923077,True,12.0,0.7416267942583732,0.7451923076923077,0.7416267942583732,12.0,0.7451923076923077
2525,Testis,1,inflammatory,normal,38,2525__ch1__id38,243.0,37,119,54,141,45.135802469135804,129.64197530864197,0.8691315425780011,0.9455252918287937,25.051047369575787,12.389771961208611,True,13.0,0.7736625514403292,0.7736625514403292,True,13.0,0.7736625514403292,0.7736625514403292,True,13.0,0.7736625514403292,0.7736625514403292,0.7736625514403292,13.0,0.7736625514403292
2525,Testis,1,inflammatory,normal,39,2525__ch1__id39,245.0,40,78,57,95,48.04081632653061,85.7265306122449,0.4295650561417775,0.98,18.60074834400803,16.797143787766103,True,14.0,0.8,0.8,True,14.0,0.8,0.8,True,14.0,0.8,0.8,0.8,14.0,0.8
2525,Testis,1,inflammatory,normal,42,2525__ch1__id42,105.0,45,25,55,41,49.34285714285714,31.961904761904762,0.8909490333747764,0.9375,17.27222650868247,7.8433753004665325,False,,,,False,,,,False,,,,0.0,,0.0
2525,Testis,1,inflammatory,normal,43,2525__ch1__id43,208.0,45,158,63,174,53.12980769230769,165.92307692307693,0.5298153712577341,0.9674418604651163,17.71259452971276,15.02228180561433,True,15.0,0.6009615384615384,0.6009615384615384,True,15.0,0.6009615384615384,0.6009615384615384,True,15.0,0.6009615384615384,0.6009615384615384,0.6009615384615384,15.0,0.6009615384615384
2525,Testis,1,inflammatory,normal,53,2525__ch1__id53,321.0,55,139,77,159,66.13084112149532,148.73520249221184,0.7272097744774009,0.9582089552238806,24.60243630522169,16.8874883357218,True,16.0,0.6573208722741433,0.6573208722741433,True,16.0,0.6573208722741433,0.6573208722741433,True,16.0,0.6573208722741433,0.6573208722741433,0.6573208722741433,16.0,0.6573208722741433
2525,Testis,1,inflammatory,normal,56,2525__ch1__id56,163.0,57,186,70,201,62.92638036809816,192.73006134969324,0.5239414071137646,0.9644970414201184,15.657082810583791,13.335987741199938,True,17.0,0.6134969325153374,0.6134969325153374,True,17.0,0.6134969325153374,0.6134969325153374,True,17.0,0.6134969325153374,0.6134969325153374,0.6134969325153374,17.0,0.6134969325153374
2525,Testis,1,inflammatory,normal,61,2525__ch1__id61,344.0,65,202,88,222,76.53197674418605,210.63953488372093,0.6544029144828636,0.9690140845070423,24.37092781603963,18.427980425607277,True,18.0,0.7761627906976745,0.7761627906976745,True,18.0,0.7761627906976745,0.7761627906976745,True,18.0,0.7761627906976745,0.7761627906976745,0.7761627906976745,18.0,0.7761627906976745
2525,Testis,1,inflammatory,normal,65,2525__ch1__id65,521.0,68,106,93,132,81.04414587332053,118.81957773512477,0.2567145566106625,0.9612546125461254,26.44301176435859,25.556834159770343,True,19.0,0.7312859884836852,0.7312859884836852,True,19.0,0.7312859884836852,0.7312859884836852,True,19.0,0.7312859884836852,0.7312859884836852,0.7312859884836852,19.0,0.7312859884836852
2525,Testis,1,inflammatory,normal,66,2525__ch1__id66,284.0,70,83,87,104,78.9225352112676,93.88380281690141,0.6702770802079396,0.9659863945578231,22.25216455437674,16.513574581773383,True,20.0,0.823943661971831,0.823943661971831,True,20.0,0.823943661971831,0.823943661971831,True,20.0,0.823943661971831,0.823943661971831,0.823943661971831,20.0,0.823943661971831
2525,Testis,1,inflammatory,normal,67,2525__ch1__id67,334.0,70,163,91,184,79.11976047904191,173.67964071856287,0.4745712149173869,0.943502824858757,22.230927680760836,19.56804293137505,True,21.0,0.7215568862275449,0.7215568862275449,True,21.0,0.7215568862275449,0.7215568862275449,True,21.0,0.7215568862275449,0.7215568862275449,0.7215568862275449,21.0,0.7215568862275449
2525,Testis,1,inflammatory,normal,70,2525__ch1__id70,207.0,73,187,91,201,81.72463768115942,193.81642512077295,0.6149248173597935,0.9764150943396226,18.31218598930838,14.440728735491408,True,22.0,0.8019323671497585,0.8019323671497585,True,22.0,0.8019323671497585,0.8019323671497585,True,22.0,0.8019323671497585,0.8019323671497585,0.8019323671497585,22.0,0.8019323671497585
2525,Testis,1,inflammatory,normal,74,2525__ch1__id74,179.0,79,236,93,253,85.86033519553072,243.62569832402235,0.5643205487025517,0.9322916666666666,16.840861148897094,13.903069980347954,True,24.0,0.7833333333333333,0.7877094972067039,True,24.0,0.7833333333333333,0.7877094972067039,True,24.0,0.7833333333333333,0.7877094972067039,0.7833333333333333,24.0,0.7877094972067039
2525,Testis,1,inflammatory,normal,76,2525__ch1__id76,210.0,80,219,97,235,87.86190476190477,227.06190476190477,0.5062075910828282,0.9859154929577465,17.624541444992616,15.19961007932402,True,23.0,0.8046511627906977,0.8238095238095238,True,23.0,0.8046511627906977,0.8238095238095238,True,23.0,0.8046511627906977,0.8238095238095238,0.8046511627906977,23.0,0.8238095238095238
2525,Testis,1,inflammatory,normal,84,2525__ch1__id84,259.0,83,35,101,55,91.75289575289575,44.552123552123554,0.7264900568090672,0.9664179104477612,21.93487982876443,15.07314440582222,True,26.0,0.8314176245210728,0.8378378378378378,True,26.0,0.8314176245210728,0.8378378378378378,True,26.0,0.8314176245210728,0.8378378378378378,0.8314176245210728,26.0,0.8378378378378378
2525,Testis,1,inflammatory,normal,93,2525__ch1__id93,182.0,89,58,103,75,95.45054945054945,65.91208791208791,0.7325986153541949,0.9381443298969072,18.546845551839684,12.624112694364536,True,27.0,0.7142857142857143,0.7142857142857143,True,27.0,0.7142857142857143,0.7142857142857143,True,27.0,0.7142857142857143,0.7142857142857143,0.7142857142857143,27.0,0.7142857142857143
2525,Testis,1,inflammatory,normal,96,2525__ch1__id96,186.0,93,197,105,216,98.88172043010752,205.59677419354838,0.7905277990198765,0.9738219895287958,19.703941980782346,12.067209484329581,True,28.0,0.9032258064516129,0.9032258064516129,True,28.0,0.9032258064516129,0.9032258064516129,True,28.0,0.9032258064516129,0.9032258064516129,0.9032258064516129,28.0,0.9032258064516129
2525,Testis,1,inflammatory,normal,100,2525__ch1__id100,161.0,96,135,110,151,102.22360248447205,143.06211180124222,0.6465626072342425,0.9817073170731707,16.4380798206939,12.539968820707072,False,,,,False,,,,False,,,,0.0,,0.0
2525,Testis,1,inflammatory,normal,101,2525__ch1__id101,236.0,96,173,109,194,102.25847457627118,183.52966101694915,0.7704099261081158,0.9833333333333333,21.823178698381028,13.913342647104477,True,29.0,0.8728813559322034,0.8728813559322034,True,29.0,0.8728813559322034,0.8728813559322034,True,29.0,0.8728813559322034,0.8728813559322034,0.8728813559322034,29.0,0.8728813559322034
2525,Testis,1,inflammatory,normal,104,2525__ch1__id104,395.0,98,230,120,254,108.76202531645569,241.67088607594937,0.591211438793158,0.9634146341463414,25.01993226038625,20.17899083172291,True,30.0,0.8838383838383839,0.8860759493670886,True,30.0,0.8838383838383839,0.8860759493670886,True,30.0,0.8838383838383839,0.8860759493670886,0.8838383838383839,30.0,0.8860759493670886
2525,Testis,1,inflammatory,normal,106,2525__ch1__id106,268.0,101,5,119,25,109.61567164179104,14.522388059701493,0.6139926122449545,0.9640287769784173,20.834243656662753,16.44471376164226,True,31.0,0.832089552238806,0.832089552238806,True,31.0,0.832089552238806,0.832089552238806,True,31.0,0.832089552238806,0.832089552238806,0.832089552238806,31.0,0.832089552238806
2525,Testis,1,inflammatory,normal,108,2525__ch1__id108,244.0,101,117,118,138,108.68852459016394,126.67213114754098,0.6586678277710427,0.9348659003831418,20.496827672222867,15.422506876932088,True,32.0,0.8647540983606558,0.8647540983606558,True,32.0,0.8647540983606558,0.8647540983606558,True,32.0,0.8647540983606558,0.8647540983606558,0.8647540983606558,32.0,0.8647540983606558
2525,Testis,1,inflammatory,normal,110,2525__ch1__id110,290.0,103,103,125,120,113.73103448275862,110.49310344827586,0.7055160000537859,0.9539473684210527,22.964662005973135,16.274917981756115,True,33.0,0.755700325732899,0.8,True,33.0,0.755700325732899,0.8,True,33.0,0.755700325732899,0.8,0.755700325732899,33.0,0.8
2525,Testis,1,inflammatory,normal,116,2525__ch1__id116,200.0,109,199,121,221,114.18,210.45,0.8440009785864527,0.9569377990430622,21.989637409490573,11.79395805483184,True,35.0,0.7547169811320755,0.8,True,35.0,0.7547169811320755,0.8,True,35.0,0.7547169811320755,0.8,0.7547169811320755,35.0,0.8
2525,Testis,1,inflammatory,normal,120,2525__ch1__id120,243.0,114,175,129,194,120.80246913580247,183.74074074074073,0.6302188753714123,0.972,19.997975033055805,15.52677822864378,True,36.0,0.8477366255144033,0.8477366255144033,True,36.0,0.8477366255144033,0.8477366255144033,True,36.0,0.8477366255144033,0.8477366255144033,0.8477366255144033,36.0,0.8477366255144033
2525,Testis,1,inflammatory,normal,122,2525__ch1__id122,219.0,115,159,135,174,125.01826484018265,166.10502283105023,0.6918784148447358,0.9358974358974359,19.699233018465755,14.223122613502188,True,37.0,0.8198198198198198,0.8310502283105022,True,37.0,0.8198198198198198,0.8310502283105022,True,37.0,0.8198198198198198,0.8310502283105022,0.8198198198198198,37.0,0.8310502283105022
2525,Testis,1,inflammatory,normal,124,2525__ch1__id124,129.0,119,39,128,57,123.0,48.0,0.8804437080536165,0.9485294117647058,18.745366589523673,8.888128505123808,True,38.0,0.5193798449612403,0.5193798449612403,True,38.0,0.5193798449612403,0.5193798449612403,True,38.0,0.5193798449612403,0.5193798449612403,0.5193798449612403,38.0,0.5193798449612403
2525,Testis,1,inflammatory,normal,125,2525__ch1__id125,280.0,122,141,142,160,131.40714285714284,150.27857142857144,0.7406391823188764,0.9688581314878892,23.19518470628689,15.584913502814645,True,40.0,0.7208588957055214,0.8392857142857143,True,40.0,0.7208588957055214,0.8392857142857143,True,40.0,0.7208588957055214,0.8392857142857143,0.7208588957055214,40.0,0.8392857142857143
2525,Testis,1,inflammatory,normal,126,2525__ch1__id126,308.0,121,215,139,241,129.07142857142858,226.74025974025975,0.8437832534243842,0.9194029850746268,27.50934995697538,14.763830673210197,True,41.0,0.8770226537216829,0.8798701298701299,True,41.0,0.8770226537216829,0.8798701298701299,True,41.0,0.8770226537216829,0.8798701298701299,0.8770226537216829,41.0,0.8798701298701299
2525,Testis,1,inflammatory,normal,127,2525__ch1__id127,242.0,122,195,138,214,129.4917355371901,205.0,0.548466724961543,0.9641434262948207,19.345741157605055,16.176374455944636,True,39.0,0.8663967611336032,0.8842975206611571,True,39.0,0.8663967611336032,0.8842975206611571,True,39.0,0.8663967611336032,0.8842975206611571,0.8663967611336032,39.0,0.8842975206611571
2525,Testis,1,inflammatory,normal,128,2525__ch1__id128,257.0,124,16,144,33,133.8326848249027,24.19066147859922,0.7174962973143139,0.9589552238805971,21.815505035364065,15.19585876333292,True,42.0,0.7276264591439688,0.7276264591439688,True,42.0,0.7276264591439688,0.7276264591439688,True,42.0,0.7276264591439688,0.7276264591439688,0.7276264591439688,42.0,0.7276264591439688
2525,Testis,1,inflammatory,normal,137,2525__ch1__id137,309.0,132,231,150,254,141.5663430420712,242.72168284789643,0.8073388569797362,0.9537037037037037,26.1464299989513,15.428697294000381,True,45.0,0.8381877022653722,0.8381877022653722,True,45.0,0.8381877022653722,0.8381877022653722,True,45.0,0.8381877022653722,0.8381877022653722,0.8381877022653722,45.0,0.8381877022653722
2525,Testis,1,inflammatory,normal,138,2525__ch1__id138,250.0,133,108,154,123,142.888,115.164,0.7006777327807989,0.9578544061302682,21.14173652046671,15.084161789743705,True,46.0,0.836,0.836,True,46.0,0.836,0.836,True,46.0,0.836,0.836,0.836,46.0,0.836
2525,Testis,1,inflammatory,normal,140,2525__ch1__id140,252.0,135,170,152,190,142.96428571428572,178.93253968253967,0.6022018850628776,0.9692307692307692,20.088225844749804,16.03731139441858,True,47.0,0.8764478764478765,0.9007936507936508,True,47.0,0.8764478764478765,0.9007936507936508,True,47.0,0.8764478764478765,0.9007936507936508,0.8764478764478765,47.0,0.9007936507936508
2525,Testis,1,inflammatory,normal,141,2525__ch1__id141,273.0,135,88,154,107,143.94871794871796,98.21245421245422,0.35573353884491205,0.9612676056338029,19.583215371690407,18.302226768492194,True,48.0,0.7838827838827839,0.7838827838827839,True,48.0,0.7838827838827839,0.7838827838827839,True,48.0,0.7838827838827839,0.7838827838827839,0.7838827838827839,48.0,0.7838827838827839
2525,Testis,1,inflammatory,normal,149,2525__ch1__id149,266.0,144,189,159,213,151.30827067669173,199.73684210526315,0.8261407060716469,0.95,24.92202737026768,14.042662011882623,True,49.0,0.9037037037037037,0.9172932330827067,True,49.0,0.9037037037037037,0.9172932330827067,True,49.0,0.9037037037037037,0.9172932330827067,0.9037037037037037,49.0,0.9172932330827067
2525,Testis,1,inflammatory,normal,152,2525__ch1__id152,122.0,150,246,164,256,156.75409836065575,250.9262295081967,0.6919835013625144,0.976,14.859154838925765,10.727021722389901,True,52.0,0.8032786885245902,0.8032786885245902,True,52.0,0.8032786885245902,0.8032786885245902,True,52.0,0.8032786885245902,0.8032786885245902,0.8032786885245902,52.0,0.8032786885245902
2525,Testis,1,inflammatory,normal,156,2525__ch1__id156,228.0,150,76,163,98,156.67105263157896,86.10964912280701,0.808214445307543,0.9661016949152542,22.32886472601632,13.149206820109653,True,50.0,0.8995633187772926,0.9035087719298246,True,50.0,0.8995633187772926,0.9035087719298246,True,50.0,0.8995633187772926,0.9035087719298246,0.8995633187772926,50.0,0.9035087719298246
2525,Testis,1,inflammatory,normal,157,2525__ch1__id157,178.0,150,141,163,159,156.76404494382024,149.46629213483146,0.6907228282767512,0.9518716577540107,17.80728403428856,12.876796336895936,True,51.0,0.8770949720670391,0.8820224719101124,True,51.0,0.8770949720670391,0.8820224719101124,True,51.0,0.8770949720670391,0.8820224719101124,0.8770949720670391,51.0,0.8820224719101124
2525,Testis,1,inflammatory,normal,166,2525__ch1__id166,175.0,159,221,173,237,165.65714285714284,229.01714285714286,0.49400803979435437,0.9615384615384616,16.051496979874134,13.956091779804114,True,53.0,0.8135593220338984,0.8228571428571428,True,53.0,0.8135593220338984,0.8228571428571428,True,53.0,0.8135593220338984,0.8228571428571428,0.8135593220338984,53.0,0.8228571428571428
2525,Testis,1,inflammatory,normal,170,2525__ch1__id170,14.0,168,254,177,256,172.0,254.64285714285714,0.9767710236555246,0.875,8.94427190999916,1.9166296949998178,False,,,,False,,,,False,,,,0.0,,0.0
2525,Testis,1,inflammatory,normal,171,2525__ch1__id171,276.0,163,109,180,131,170.8985507246377,119.82246376811594,0.6272056953335976,0.965034965034965,21.32866199121051,16.611906345844233,True,54.0,0.8514492753623188,0.8514492753623188,True,54.0,0.8514492753623188,0.8514492753623188,True,54.0,0.8514492753623188,0.8514492753623188,0.8514492753623188,54.0,0.8514492753623188
2525,Testis,1,inflammatory,normal,178,2525__ch1__id178,280.0,167,159,185,179,175.31071428571428,168.83214285714286,0.5889752243712382,0.958904109589041,21.05032194102627,17.011840632023105,True,56.0,0.8873239436619719,0.9,True,56.0,0.8873239436619719,0.9,True,56.0,0.8873239436619719,0.9,0.8873239436619719,56.0,0.9
2525,Testis,1,inflammatory,normal,179,2525__ch1__id179,229.0,167,206,186,224,175.82532751091702,213.9301310043668,0.767618293176555,0.9621848739495799,21.451985808071466,13.748734116239754,True,55.0,0.8658536585365854,0.9301310043668122,True,55.0,0.8658536585365854,0.9301310043668122,True,55.0,0.8658536585365854,0.9301310043668122,0.8658536585365854,55.0,0.9301310043668122
2525,Testis,1,inflammatory,normal,180,2525__ch1__id180,242.0,169,178,187,195,177.8305785123967,186.099173553719,0.37517851146336356,0.952755905511811,18.282721344718585,16.94721570972551,True,57.0,0.9183673469387755,0.9297520661157025,True,57.0,0.9183673469387755,0.9297520661157025,True,57.0,0.9183673469387755,0.9297520661157025,0.9183673469387755,57.0,0.9297520661157025
2525,Testis,1,inflammatory,normal,183,2525__ch1__id183,284.0,173,142,193,160,182.75704225352112,150.76760563380282,0.5952487821352478,0.9692832764505119,21.296986175047966,17.113011489631603,True,59.0,0.8767605633802817,0.8767605633802817,True,59.0,0.8767605633802817,0.8767605633802817,True,59.0,0.8767605633802817,0.8767605633802817,0.8767605633802817,59.0,0.8767605633802817
2525,Testis,1,inflammatory,normal,184,2525__ch1__id184,295.0,173,78,191,99,181.0949152542373,87.80338983050848,0.5153668921726027,0.9703947368421053,20.98038331187549,17.979551565307023,True,58.0,0.8576271186440678,0.8576271186440678,True,58.0,0.8576271186440678,0.8576271186440678,True,58.0,0.8576271186440678,0.8576271186440678,0.8576271186440678,58.0,0.8576271186440678
2525,Testis,1,inflammatory,normal,187,2525__ch1__id187,239.0,176,99,194,116,185.7405857740586,107.02092050209205,0.33364799416330526,0.9755102040816327,18.240679669521757,17.19544737465101,True,60.0,0.8368200836820083,0.8368200836820083,True,60.0,0.8368200836820083,0.8368200836820083,True,60.0,0.8368200836820083,0.8368200836820083,0.8368200836820083,60.0,0.8368200836820083
2525,Testis,1,inflammatory,normal,189,2525__ch1__id189,283.0,177,56,198,74,186.92226148409895,64.91872791519435,0.6168390143619873,0.9625850340136054,21.42373968766136,16.862397147687165,True,61.0,0.8409893992932862,0.8409893992932862,True,61.0,0.8409893992932862,0.8409893992932862,True,61.0,0.8409893992932862,0.8409893992932862,0.8409893992932862,61.0,0.8409893992932862
2525,Testis,1,inflammatory,normal,193,2525__ch1__id193,255.0,179,219,197,238,187.19607843137254,227.91372549019607,0.5617390932290312,0.9622641509433962,19.871011803515977,16.439575104607258,True,62.0,0.8597785977859779,0.9137254901960784,True,62.0,0.8597785977859779,0.9137254901960784,True,62.0,0.8597785977859779,0.9137254901960784,0.8597785977859779,62.0,0.9137254901960784
2525,Testis,1,inflammatory,normal,194,2525__ch1__id194,203.0,179,242,196,256,187.13793103448276,249.2463054187192,0.5836345763586135,0.9620853080568721,18.10073784441924,14.698096510176681,True,63.0,0.8029556650246306,0.8029556650246306,True,63.0,0.8029556650246306,0.8029556650246306,True,63.0,0.8029556650246306,0.8029556650246306,0.8029556650246306,63.0,0.8029556650246306
2525,Testis,1,inflammatory,normal,211,2525__ch1__id211,256.0,192,189,206,211,198.89453125,199.63671875,0.7787239634596225,0.9588014981273408,22.863127358401478,14.34356498964828,True,64.0,0.8467432950191571,0.86328125,True,64.0,0.8467432950191571,0.86328125,True,64.0,0.8467432950191571,0.86328125,0.8467432950191571,64.0,0.86328125
2525,Testis,1,inflammatory,normal,214,2525__ch1__id214,222.0,196,13,214,29,204.9954954954955,20.65765765765766,0.5019446353812012,0.9694323144104804,18.087528618982397,15.643899037788437,True,65.0,0.8333333333333334,0.8333333333333334,True,65.0,0.8333333333333334,0.8333333333333334,True,65.0,0.8333333333333334,0.8333333333333334,0.8333333333333334,65.0,0.8333333333333334
2525,Testis,1,inflammatory,normal,215,2525__ch1__id215,252.0,197,166,217,181,206.0952380952381,172.78968253968253,0.6594724040117764,0.984375,20.69919225440456,15.560178398122115,True,66.0,0.8871595330739299,0.9047619047619048,True,66.0,0.8871595330739299,0.9047619047619048,True,66.0,0.8871595330739299,0.9047619047619048,0.8871595330739299,66.0,0.9047619047619048
2525,Testis,1,inflammatory,normal,217,2525__ch1__id217,323.0,198,50,216,74,206.88235294117646,60.77399380804953,0.7519634852615786,0.9556213017751479,25.031770606163697,16.501062358099876,True,68.0,0.7213622291021672,0.7213622291021672,True,68.0,0.7213622291021672,0.7213622291021672,True,68.0,0.7213622291021672,0.7213622291021672,0.7213622291021672,68.0,0.7213622291021672
2525,Testis,1,inflammatory,normal,218,2525__ch1__id218,240.0,198,92,214,110,205.90833333333333,100.5125,0.5110666980767151,0.9836065573770492,18.872732882135875,16.22188878588956,True,67.0,0.8,0.8,True,67.0,0.8,0.8,True,67.0,0.8,0.8,0.8,67.0,0.8
2525,Testis,1,inflammatory,normal,221,2525__ch1__id221,119.0,204,113,217,125,209.8235294117647,118.67226890756302,0.5630080844650449,0.9596774193548387,13.553751683463837,11.20151689222499,True,69.0,0.6946564885496184,0.7647058823529411,True,69.0,0.6946564885496184,0.7647058823529411,True,69.0,0.6946564885496184,0.7647058823529411,0.6946564885496184,69.0,0.7647058823529411
2525,Testis,1,inflammatory,normal,222,2525__ch1__id222,315.0,204,229,222,252,212.3047619047619,239.7047619047619,0.7631683526391169,0.9752321981424149,24.92642292195856,16.107447269794758,True,70.0,0.8792569659442725,0.9015873015873016,True,70.0,0.8792569659442725,0.9015873015873016,True,70.0,0.8792569659442725,0.9015873015873016,0.8792569659442725,70.0,0.9015873015873016
2525,Testis,1,inflammatory,normal,224,2525__ch1__id224,234.0,206,205,222,225,213.9017094017094,214.76923076923077,0.5510469187287703,0.9669421487603306,18.949229378275756,15.812644194309659,True,71.0,0.8290598290598291,0.8290598290598291,True,71.0,0.8290598290598291,0.8290598290598291,True,71.0,0.8290598290598291,0.8290598290598291,0.8290598290598291,71.0,0.8290598290598291
2525,Testis,1,inflammatory,normal,226,2525__ch1__id226,251.0,208,184,226,202,216.91633466135457,192.65737051792829,0.2209561780178079,0.9471698113207547,18.141400388463456,17.69301276284716,True,72.0,0.8286852589641435,0.8286852589641435,True,72.0,0.8286852589641435,0.8286852589641435,True,72.0,0.8286852589641435,0.8286852589641435,0.8286852589641435,72.0,0.8286852589641435
2525,Testis,1,inflammatory,normal,227,2525__ch1__id227,244.0,210,141,226,160,217.81967213114754,149.83196721311475,0.5885721953536815,0.9682539682539683,19.627053117873704,15.86738631592694,True,73.0,0.8647540983606558,0.8647540983606558,True,73.0,0.8647540983606558,0.8647540983606558,True,73.0,0.8647540983606558,0.8647540983606558,0.8647540983606558,73.0,0.8647540983606558
2525,Testis,1,inflammatory,normal,232,2525__ch1__id232,185.0,214,99,229,115,221.8054054054054,106.61621621621622,0.6320495552149072,0.9736842105263158,17.50509898158859,13.565190830472613,True,74.0,0.7621621621621621,0.7621621621621621,True,74.0,0.7621621621621621,0.7621621621621621,True,74.0,0.7621621621621621,0.7621621621621621,0.7621621621621621,74.0,0.7621621621621621
2525,Testis,1,inflammatory,normal,239,2525__ch1__id239,138.0,218,127,230,142,223.92028985507247,134.65217391304347,0.6235693225051617,0.9583333333333334,15.035381787221631,11.754181254947186,True,75.0,0.8489208633093526,0.855072463768116,True,75.0,0.8489208633093526,0.855072463768116,True,75.0,0.8489208633093526,0.855072463768116,0.8489208633093526,75.0,0.855072463768116
2525,Testis,1,inflammatory,normal,245,2525__ch1__id245,249.0,225,33,247,47,235.84738955823292,39.506024096385545,0.7714845858690598,0.9688715953307393,22.35377692552314,14.22254614699057,True,76.0,0.844,0.8473895582329317,True,76.0,0.844,0.8473895582329317,True,76.0,0.844,0.8473895582329317,0.844,76.0,0.8473895582329317
2525,Testis,1,inflammatory,normal,248,2525__ch1__id248,262.0,227,50,242,72,233.8053435114504,60.961832061068705,0.7197295389680846,0.9562043795620438,21.950480516545813,15.239221139938818,True,77.0,0.816793893129771,0.816793893129771,True,77.0,0.816793893129771,0.816793893129771,True,77.0,0.816793893129771,0.816793893129771,0.816793893129771,77.0,0.816793893129771
2525,Testis,1,inflammatory,normal,249,2525__ch1__id249,297.0,228,15,249,33,238.34680134680136,23.754208754208754,0.5606243998554746,0.9642857142857143,21.37788410930751,17.70238910763362,True,78.0,0.8215488215488216,0.8215488215488216,True,78.0,0.8215488215488216,0.8215488215488216,True,78.0,0.8215488215488216,0.8215488215488216,0.8215488215488216,78.0,0.8215488215488216
2525,Testis,1,inflammatory,normal,250,2525__ch1__id250,387.0,228,192,249,218,238.68217054263565,204.61498708010336,0.740811639169752,0.9723618090452262,27.187702774765864,18.262328555171102,True,79.0,0.8449612403100775,0.8449612403100775,True,79.0,0.8449612403100775,0.8449612403100775,True,79.0,0.8449612403100775,0.8449612403100775,0.8449612403100775,79.0,0.8449612403100775
2525,Testis,1,inflammatory,normal,254,2525__ch1__id254,151.0,230,172,243,187,235.66225165562915,178.72847682119206,0.5003960872113163,0.9556962025316456,14.996907279788621,12.984271362214265,True,80.0,0.8757763975155279,0.9337748344370861,True,80.0,0.8757763975155279,0.9337748344370861,True,80.0,0.8757763975155279,0.9337748344370861,0.8757763975155279,80.0,0.9337748344370861
2525,Testis,1,inflammatory,normal,256,2525__ch1__id256,276.0,231,96,249,116,239.7753623188406,105.56521739130434,0.5404994855736304,0.9550173010380623,20.45780475710483,17.212058334156865,True,81.0,0.7644927536231884,0.7644927536231884,True,81.0,0.7644927536231884,0.7644927536231884,True,81.0,0.7644927536231884,0.7644927536231884,0.7644927536231884,81.0,0.7644927536231884
2525,Testis,1,inflammatory,normal,269,2525__ch1__id269,346.0,242,206,256,238,249.35549132947978,222.6242774566474,0.9168145746546529,0.9584487534626038,33.78576971264257,13.491103987915642,False,,,,False,,,,False,,,,0.0,,0.0
2525,Testis,1,inflammatory,normal,271,2525__ch1__id271,162.0,245,152,256,170,250.27777777777777,160.72222222222223,0.7889565997232186,0.9700598802395209,18.335354516477256,11.26613890675098,True,82.0,0.6975308641975309,0.6975308641975309,True,82.0,0.6975308641975309,0.6975308641975309,True,82.0,0.6975308641975309,0.6975308641975309,0.6975308641975309,82.0,0.6975308641975309
2525,Testis,1,inflammatory,normal,275,2525__ch1__id275,100.0,248,1,256,18,252.26,9.57,0.8737519839954117,0.9615384615384616,16.76323192489133,8.153162296453086,True,83.0,0.78,0.78,True,83.0,0.78,0.78,True,83.0,0.78,0.78,0.78,83.0,0.78
2525,Testis,1,inflammatory,normal,276,2525__ch1__id276,115.0,248,117,256,139,252.5304347826087,127.3391304347826,0.9324829088591087,0.9426229508196722,21.079445192917746,7.614192784375944,True,84.0,0.43478260869565216,0.43478260869565216,True,84.0,0.43478260869565216,0.43478260869565216,False,,,,0.43478260869565216,84.0,0.43478260869565216
2525,Testis,1,inflammatory,normal,278,2525__ch1__id278,44.0,251,52,256,65,253.5,57.95454545454545,0.8977206983463843,0.9777777777777777,11.84735458742612,5.219530157487093,False,,,,False,,,,False,,,,0.0,,0.0
2525,Testis,1,inflammatory,normal,281,2525__ch1__id281,2.0,255,179,256,181,255.0,179.5,1.0,1.0,2.0,0.0,False,,,,False,,,,False,,,,0.0,,0.0
2534,Testis,0,neoplastic,neoplastic,138,2534__ch0__id138,137.0,0,184,8,207,2.948905109489051,194.24087591240877,0.9167255761132898,0.9647887323943662,21.630582533824438,8.641795859339451,False,,,,False,,,,False,,,,0.0,,0.0
2534,Testis,0,neoplastic,neoplastic,142,2534__ch0__id142,1236.0,0,0,28,53,11.924757281553399,22.774271844660195,0.8552302606195973,0.9801744647105471,56.49207395467868,29.276915887484886,True,1.0,0.9441747572815534,0.9441747572815534,True,1.0,0.9441747572815534,0.9441747572815534,True,1.0,0.9441747572815534,0.9441747572815534,0.9441747572815534,1.0,0.9441747572815534
2534,Testis,0,neoplastic,neoplastic,153,2534__ch0__id153,1255.0,33,0,81,33,54.342629482071715,14.072509960159362,0.7901914997606878,0.9766536964980544,52.00158103017953,31.869689548605677,True,4.0,0.9587869362363919,0.9824701195219123,True,4.0,0.9587869362363919,0.9824701195219123,True,4.0,0.9587869362363919,0.9824701195219123,0.9587869362363919,4.0,0.9824701195219123
2534,Testis,0,neoplastic,neoplastic,156,2534__ch0__id156,1188.0,42,215,83,254,61.9040404040404,232.5875420875421,0.21894374949690137,0.972176759410802,39.54671259096929,38.58720978062664,True,5.0,0.8933764135702746,0.930976430976431,True,5.0,0.8933764135702746,0.930976430976431,True,5.0,0.8933764135702746,0.930976430976431,0.8933764135702746,5.0,0.930976430976431
2534,Testis,0,neoplastic,neoplastic,164,2534__ch0__id164,390.0,75,169,96,192,85.15384615384616,180.46923076923076,0.421192319860634,0.9653465346534653,23.419282612298623,21.240618366515456,True,7.0,0.735897435897436,0.735897435897436,True,7.0,0.735897435897436,0.735897435897436,True,7.0,0.735897435897436,0.735897435897436,0.735897435897436,7.0,0.735897435897436
2534,Testis,0,neoplastic,neoplastic,175,2534__ch0__id175,295.0,104,178,128,195,115.54915254237288,185.8508474576271,0.7961394839486416,0.9609120521172638,24.936074376959635,15.089146469444872,True,9.0,0.9304635761589404,0.9525423728813559,True,9.0,0.9304635761589404,0.9525423728813559,True,9.0,0.9304635761589404,0.9525423728813559,0.9304635761589404,9.0,0.9525423728813559
2534,Testis,0,neoplastic,neoplastic,183,2534__ch0__id183,971.0,135,221,173,255,154.36045314109165,237.70442842430484,0.6582256599459969,0.9613861386138614,40.82803533109657,30.736189439059025,True,10.0,0.8252826310380267,0.8269824922760041,True,10.0,0.8252826310380267,0.8269824922760041,True,10.0,0.8252826310380267,0.8269824922760041,0.8252826310380267,10.0,0.8269824922760041
2534,Testis,0,neoplastic,neoplastic,187,2534__ch0__id187,458.0,138,194,166,216,150.09606986899564,205.207423580786,0.6778070663699692,0.9621848739495799,28.475972130453705,20.9366683885303,True,12.0,0.7444633730834753,0.9541484716157205,True,12.0,0.7444633730834753,0.9541484716157205,True,12.0,0.7444633730834753,0.9541484716157205,0.7444633730834753,12.0,0.9541484716157205
2534,Testis,0,neoplastic,neoplastic,191,2534__ch0__id191,1258.0,152,56,205,89,176.61446740858506,73.28219395866455,0.8119738032306204,0.9537528430629265,52.8743190591888,30.862416322528993,True,13.0,0.9309063893016345,0.9960254372019078,True,13.0,0.9309063893016345,0.9960254372019078,True,13.0,0.9309063893016345,0.9960254372019078,0.9309063893016345,13.0,0.9960254372019078
2534,Testis,0,neoplastic,neoplastic,195,2534__ch0__id195,416.0,169,105,187,135,177.91826923076923,118.6298076923077,0.843306051878497,0.9541284403669725,31.52566525834783,16.942952606802397,True,14.0,0.23730747290359383,1.0,False,,,,False,,,,0.23730747290359383,14.0,1.0
2534,Testis,0,neoplastic,neoplastic,205,2534__ch0__id205,1037.0,202,169,239,212,220.69431051108967,191.57473481195757,0.7989122323026246,0.9505041246562786,47.08192255344066,28.317310479029587,True,18.0,0.8528911564625851,0.9672131147540983,True,18.0,0.8528911564625851,0.9672131147540983,True,18.0,0.8528911564625851,0.9672131147540983,0.8528911564625851,18.0,0.9672131147540983
2534,Testis,0,neoplastic,neoplastic,207,2534__ch0__id207,904.0,210,216,256,247,234.1703539823009,231.77212389380531,0.8969178946648603,0.9485834207764953,51.619283698258975,22.825898429872606,True,20.0,0.8453947368421053,0.8528761061946902,True,20.0,0.8453947368421053,0.8528761061946902,True,20.0,0.8453947368421053,0.8528761061946902,0.8453947368421053,20.0,0.8528761061946902
2534,Testis,0,neoplastic,neoplastic,208,2534__ch0__id208,1152.0,213,85,253,130,233.83159722222223,107.8125,0.8199462904626623,0.9536423841059603,51.355054823136626,29.397711229225866,True,21.0,0.8558484349258649,0.9019097222222222,True,21.0,0.8558484349258649,0.9019097222222222,True,21.0,0.8558484349258649,0.9019097222222222,0.8558484349258649,21.0,0.9019097222222222
2534,Testis,0,neoplastic,neoplastic,210,2534__ch0__id210,566.0,215,126,245,151,228.82155477031802,137.51943462897526,0.6819053343210373,0.9593220338983051,31.52988644334423,23.062233964928325,False,,,,False,,,,False,,,,0.022072348252605765,21.0,0.0636042402826855
2534,Testis,0,neoplastic,neoplastic,211,2534__ch0__id211,664.0,217,22,256,49,240.0210843373494,37.94427710843374,0.8352892123250389,0.9273743016759777,41.4396413642076,22.783962972258703,True,22.0,0.7428571428571429,0.7439759036144579,True,22.0,0.7428571428571429,0.7439759036144579,True,22.0,0.7428571428571429,0.7439759036144579,0.7428571428571429,22.0,0.7439759036144579
2534,Testis,0,neoplastic,neoplastic,215,2534__ch0__id215,258.0,239,235,256,256,248.73643410852713,245.75581395348837,0.5838878655850892,0.9520295202952029,20.812087313741866,16.895966717429303,False,,,,False,,,,False,,,,0.007774538386783284,20.0,0.031007751937984496
2534,Testis,0,neoplastic,neoplastic,219,2534__ch0__id219,18.0,254,80,256,92,254.66666666666666,85.83333333333333,0.9880809049660404,0.8571428571428571,12.095899273265614,1.8619877950164367,False,,,,False,,,,False,,,,0.0,,0.0
2534,Testis,0,neoplastic,neoplastic,284,2534__ch0__id284,68.0,0,212,3,244,0.7205882352941176,227.0441176470588,0.994980135947234,0.8831168831168831,30.459503785362,3.048162316770496,False,,,,False,,,,False,,,,0.0,,0.0
2534,Testis,0,neoplastic,neoplastic,294,2534__ch0__id294,808.0,204,0,256,21,227.2289603960396,8.275990099009901,0.8973780646301008,0.9805825242718447,49.96014349343858,22.045538679572346,True,19.0,0.8601485148514851,0.8601485148514851,True,19.0,0.8601485148514851,0.8601485148514851,True,19.0,0.8601485148514851,0.8601485148514851,0.8601485148514851,19.0,0.8601485148514851
2534,Testis,1,inflammatory,normal,170,2534__ch1__id170,601.0,94,202,126,227,110.54908485856905,213.85690515806988,0.6116146276982937,0.9677938808373591,31.18601507295434,24.67299763633129,True,8.0,0.9059180576631259,0.9933444259567388,True,8.0,0.9059180576631259,0.9933444259567388,True,8.0,0.9059180576631259,0.9933444259567388,0.9059180576631259,8.0,0.9933444259567388
2534,Testis,1,inflammatory,normal,186,2534__ch1__id186,334.0,138,144,158,165,146.99101796407186,153.90718562874252,0.3430594072326058,0.9766081871345029,21.329940253358583,20.035505282977923,True,11.0,0.9347181008902077,0.9431137724550899,True,11.0,0.9347181008902077,0.9431137724550899,True,11.0,0.9347181008902077,0.9431137724550899,0.9347181008902077,11.0,0.9431137724550899
2534,Testis,2,connective,normal,140,2534__ch2__id140,4.0,0,135,1,139,0.0,136.5,1.0,1.0,4.47213595499958,0.0,False,,,,False,,,,False,,,,0.0,,0.0
2534,Testis,2,connective,normal,144,2534__ch2__id144,264.0,0,105,22,121,9.93939393939394,112.26515151515152,0.8035935003720724,0.9635036496350365,23.827638660711187,14.181699023250998,True,2.0,0.7878787878787878,0.7878787878787878,True,2.0,0.7878787878787878,0.7878787878787878,True,2.0,0.7878787878787878,0.7878787878787878,0.7878787878787878,2.0,0.7878787878787878
2534,Testis,2,connective,normal,192,2534__ch2__id192,308.0,165,33,194,49,177.39935064935065,40.40584415584416,0.8372024701939782,0.8953488372093024,27.829713640457083,15.21987737451646,True,15.0,0.6013071895424836,0.8961038961038961,True,15.0,0.6013071895424836,0.8961038961038961,True,15.0,0.6013071895424836,0.8961038961038961,0.6013071895424836,15.0,0.8961038961038961
2534,Testis,2,connective,normal,194,2534__ch2__id194,425.0,167,0,197,23,178.47529411764705,8.487058823529411,0.7647284611821427,0.9402654867256637,30.761043167159166,19.820960710212386,True,16.0,0.8661971830985915,0.8682352941176471,True,16.0,0.8661971830985915,0.8682352941176471,True,16.0,0.8661971830985915,0.8682352941176471,0.8661971830985915,16.0,0.8682352941176471
2534,Testis,2,connective,normal,197,2534__ch2__id197,312.0,180,6,203,29,191.79166666666666,18.19871794871795,0.8732072925530675,0.9313432835820895,28.84138688039448,14.055820357369068,True,17.0,0.7048192771084337,0.75,True,17.0,0.7048192771084337,0.75,True,17.0,0.7048192771084337,0.75,0.7048192771084337,17.0,0.75
2602,Colon,0,neoplastic,neoplastic,6,2602__ch0__id6,1130.0,118,115,186,148,148.66017699115045,130.79380530973452,0.9505912231278795,0.8236151603498543,71.74170727464954,22.27188071577911,False,,,,False,,,,False,,,,0.12368552829243866,13.0,0.21858407079646017
2602,Colon,0,neoplastic,neoplastic,12,2602__ch0__id12,1041.0,89,58,142,104,116.26993275696445,79.37560038424591,0.9494362244373304,0.9036458333333334,66.78400356427947,20.96750300716686,True,14.0,0.6202872531418312,0.6637848222862632,True,14.0,0.6202872531418312,0.6637848222862632,True,14.0,0.6202872531418312,0.6637848222862632,0.6202872531418312,14.0,0.6637848222862632
2602,Colon,0,neoplastic,neoplastic,19,2602__ch0__id19,961.0,121,81,163,122,142.84287200832466,98.63995837669094,0.7783051409093601,0.9083175803402647,45.44546138960537,28.53457905377765,True,17.0,0.8200389105058365,0.8772112382934444,True,17.0,0.8200389105058365,0.8772112382934444,True,17.0,0.8200389105058365,0.8772112382934444,0.8200389105058365,17.0,0.8772112382934444
2602,Colon,0,neoplastic,neoplastic,22,2602__ch0__id22,938.0,63,27,108,72,87.52025586353945,50.19402985074627,0.9391136841744526,0.866913123844732,61.936446078794,21.28177098922765,True,11.0,0.551954242135367,0.6172707889125799,True,11.0,0.551954242135367,0.6172707889125799,True,11.0,0.551954242135367,0.6172707889125799,0.551954242135367,11.0,0.6172707889125799
2602,Colon,0,neoplastic,neoplastic,24,2602__ch0__id24,210.0,0,5,18,26,7.3,12.838095238095239,0.8748456605691396,0.9502262443438914,24.10093949213321,11.674537634322766,False,,,,False,,,,False,,,,0.0,,0.0
2602,Colon,0,neoplastic,neoplastic,25,2602__ch0__id25,690.0,0,14,31,52,11.836231884057971,32.33768115942029,0.7606727743350948,0.888030888030888,38.67999012072598,25.10855571094462,True,1.0,0.5135908440629471,0.5202898550724637,True,1.0,0.5135908440629471,0.5202898550724637,True,1.0,0.5135908440629471,0.5202898550724637,0.5135908440629471,1.0,0.5202898550724637
2602,Colon,0,neoplastic,neoplastic,29,2602__ch0__id29,901.0,118,138,158,177,135.96670366259713,156.81021087680355,0.8596821623109414,0.8992015968063872,49.017472850987275,25.039561635270303,True,15.0,0.7903083700440529,0.9955604883462819,True,15.0,0.7903083700440529,0.9955604883462819,True,15.0,0.7903083700440529,0.9955604883462819,0.7903083700440529,15.0,0.9955604883462819
2602,Colon,0,neoplastic,neoplastic,32,2602__ch0__id32,871.0,205,149,241,200,222.4638346727899,173.70378874856488,0.947857344115753,0.8606719367588933,61.00775695487263,19.442862525722855,False,,,,False,,,,False,,,,0.0,,0.0
2602,Colon,0,neoplastic,neoplastic,36,2602__ch0__id36,814.0,226,210,256,256,239.93857493857493,232.74447174447175,0.9281199950031561,0.9345579793340988,53.40105159822349,19.880206351121245,True,22.0,0.813265306122449,0.9791154791154791,True,22.0,0.813265306122449,0.9791154791154791,True,22.0,0.813265306122449,0.9791154791154791,0.813265306122449,22.0,0.9791154791154791
2602,Colon,0,neoplastic,neoplastic,45,2602__ch0__id45,771.0,52,5,79,46,65.05058365758755,22.52140077821012,0.621953198802102,0.8272532188841202,37.150663558028214,29.0909911584068,True,7.0,0.18229715489989462,0.2243839169909209,False,,,,False,,,,0.18229715489989462,7.0,0.2243839169909209
2602,Colon,0,neoplastic,neoplastic,47,2602__ch0__id47,767.0,145,153,174,193,157.20469361147326,171.0534550195567,0.8372703270846186,0.9647798742138365,42.826145006871634,23.4168723983028,True,18.0,0.7330049261083744,0.970013037809648,True,18.0,0.7330049261083744,0.970013037809648,True,18.0,0.7330049261083744,0.970013037809648,0.7330049261083744,18.0,0.970013037809648
2602,Colon,0,neoplastic,neoplastic,52,2602__ch0__id52,741.0,200,203,225,246,211.94197031039135,225.95816464237518,0.8346809778396003,0.9297365119196989,42.4164914784091,23.36019348474516,True,21.0,0.6755760368663595,0.9892037786774629,True,21.0,0.6755760368663595,0.9892037786774629,True,21.0,0.6755760368663595,0.9892037786774629,0.6755760368663595,21.0,0.9892037786774629
2602,Colon,0,neoplastic,neoplastic,53,2602__ch0__id53,735.0,103,8,132,51,116.778231292517,25.8843537414966,0.7676848205479174,0.8963414634146342,39.70115269500972,25.441594503432217,False,,,,False,,,,False,,,,0.0,,0.0
2602,Colon,0,neoplastic,neoplastic,59,2602__ch0__id59,708.0,101,107,134,145,117.06497175141243,125.10875706214689,0.86427589968653,0.8816936488169365,43.661622107077505,21.962584471968665,True,13.0,0.6355475763016158,1.0,True,13.0,0.6355475763016158,1.0,True,13.0,0.6355475763016158,1.0,0.6355475763016158,13.0,1.0
2602,Colon,0,neoplastic,neoplastic,66,2602__ch0__id66,673.0,188,116,220,159,203.6478454680535,134.6151560178306,0.8925090353065013,0.8890356671070013,44.411177556200485,20.03075179966222,False,,,,False,,,,False,,,,0.0,,0.0
2602,Colon,0,neoplastic,neoplastic,73,2602__ch0__id73,629.0,40,32,72,68,55.94753577106518,51.31319554848967,0.9039040436046748,0.9169096209912536,44.150960867480926,18.884924135263958,False,,,,False,,,,False,,,,0.09253065774804906,7.0,0.13195548489666137
2602,Colon,0,neoplastic,neoplastic,75,2602__ch0__id75,56.0,252,230,256,253,254.05357142857142,240.26785714285714,0.9841145947408393,0.8615384615384616,21.325068480392748,3.785933311781069,False,,,,False,,,,False,,,,0.0,,0.0
2602,Colon,0,neoplastic,neoplastic,101,2602__ch0__id101,533.0,80,109,117,145,95.26641651031895,128.81050656660412,0.9155291409981369,0.7919762258543833,45.99527275062887,18.501674473657573,True,12.0,0.7518518518518519,0.7617260787992496,True,12.0,0.7518518518518519,0.7617260787992496,True,12.0,0.7518518518518519,0.7617260787992496,0.7518518518518519,12.0,0.7617260787992496
2602,Colon,0,neoplastic,neoplastic,102,2602__ch0__id102,531.0,176,186,201,228,188.63276836158192,208.48775894538608,0.9500843082595112,0.9061433447098977,47.38888579304586,14.785013947069539,True,20.0,0.6790281329923273,1.0,True,20.0,0.6790281329923273,1.0,True,20.0,0.6790281329923273,1.0,0.6790281329923273,20.0,1.0
2602,Colon,0,neoplastic,neoplastic,107,2602__ch0__id107,514.0,51,68,74,98,62.46887159533074,83.19844357976653,0.7079748597994031,0.9553903345724907,30.654882209247862,21.649631530060354,True,9.0,0.8065573770491803,0.9571984435797666,True,9.0,0.8065573770491803,0.9571984435797666,True,9.0,0.8065573770491803,0.9571984435797666,0.8065573770491803,9.0,0.9571984435797666
2602,Colon,0,neoplastic,neoplastic,123,2602__ch0__id123,454.0,44,112,72,133,57.09911894273128,121.45374449339207,0.6878468305835856,0.9680170575692963,28.386579667434972,20.60456535651972,False,,,,False,,,,False,,,,0.14553472987872107,6.0,0.2907488986784141
2602,Colon,0,neoplastic,neoplastic,131,2602__ch0__id131,425.0,10,62,42,85,24.32941176470588,72.55294117647058,0.8845738904786659,0.8620689655172413,35.38906952404334,16.50546476834162,True,3.0,0.7763157894736842,0.971764705882353,True,3.0,0.7763157894736842,0.971764705882353,True,3.0,0.7763157894736842,0.971764705882353,0.7763157894736842,3.0,0.971764705882353
2602,Colon,0,neoplastic,neoplastic,135,2602__ch0__id135,342.0,0,44,21,67,10.04093567251462,56.271929824561404,0.7771385297316582,0.9095744680851063,26.737631276153017,16.826781949869822,False,,,,False,,,,False,,,,0.029185867895545316,4.0,0.05555555555555555
2602,Colon,0,neoplastic,neoplastic,142,2602__ch0__id142,403.0,165,112,201,150,180.697270471464,130.1290322580645,0.9812359753445477,0.8343685300207039,54.35227887903563,10.479700183919284,False,,,,False,,,,False,,,,0.0,,0.0
2602,Colon,0,neoplastic,neoplastic,143,2602__ch0__id143,400.0,173,37,197,60,184.845,47.5325,0.6820891506772009,0.9592326139088729,26.430786996943354,19.328015902368513,False,,,,False,,,,False,,,,0.0,,0.0
2602,Colon,0,neoplastic,neoplastic,151,2602__ch0__id151,391.0,29,31,49,63,38.18158567774936,43.37851662404092,0.7643297260902182,0.8612334801762115,29.31061355085948,18.900234319293837,False,,,,False,,,,False,,,,0.09270516717325228,4.0,0.15601023017902813
2602,Colon,0,neoplastic,neoplastic,152,2602__ch0__id152,386.0,173,166,194,221,182.92746113989637,185.7901554404145,0.9807101880457515,0.7380497131931166,55.53153547309321,10.85460806729127,False,,,,False,,,,False,,,,0.043789097408400354,20.0,0.12694300518134716
2602,Colon,0,neoplastic,neoplastic,156,2602__ch0__id156,379.0,33,94,62,114,46.24802110817942,104.85488126649076,0.781251190192746,0.9199029126213593,28.6958144060588,17.912408624125504,True,6.0,0.6039933444259568,0.9577836411609498,True,6.0,0.6039933444259568,0.9577836411609498,True,6.0,0.6039933444259568,0.9577836411609498,0.6039933444259568,6.0,0.9577836411609498
2602,Colon,0,neoplastic,neoplastic,165,2602__ch0__id165,359.0,174,150,197,185,183.18662952646238,163.98050139275767,0.9508351090631557,0.8629807692307693,40.95253241485558,12.68290046904708,False,,,,False,,,,False,,,,0.008961911874533234,18.0,0.033426183844011144
2602,Colon,0,neoplastic,neoplastic,170,2602__ch0__id170,349.0,180,66,200,88,188.69627507163324,75.9054441260745,0.4582476581302557,0.9667590027700831,22.532628289818675,20.02755323975861,False,,,,False,,,,False,,,,0.0,,0.0
2602,Colon,0,neoplastic,neoplastic,177,2602__ch0__id177,326.0,225,181,243,211,233.07668711656441,193.53680981595093,0.8390370972751382,0.888283378746594,28.85101670354341,15.697094211062577,False,,,,False,,,,False,,,,0.0007132667617689016,21.0,0.003067484662576687
2602,Colon,0,neoplastic,neoplastic,180,2602__ch0__id180,307.0,81,4,98,28,89.0358306188925,15.286644951140065,0.7814390038645284,0.9684542586750788,25.161528370186204,15.700331660359016,False,,,,False,,,,False,,,,0.0,,0.0
2602,Colon,0,neoplastic,neoplastic,181,2602__ch0__id181,306.0,79,72,95,103,86.16339869281046,86.80392156862744,0.9332078306816185,0.9272727272727272,33.16355109202326,11.916893966770017,False,,,,False,,,,False,,,,0.0,,0.0
2602,Colon,0,neoplastic,neoplastic,183,2602__ch0__id183,84.0,46,0,63,8,51.76190476190476,2.5238095238095237,0.9124921861015279,0.9130434782608695,17.59900884102176,7.199651277429049,False,,,,False,,,,False,,,,0.0,,0.0
2602,Colon,0,neoplastic,neoplastic,193,2602__ch0__id193,154.0,240,241,256,256,248.5,249.36363636363637,0.6071908830325299,0.9058823529411765,16.782096659794004,13.334315534755945,False,,,,False,,,,False,,,,0.06685768863419293,22.0,0.45454545454545453
2602,Colon,0,neoplastic,neoplastic,197,2602__ch0__id197,262.0,19,7,42,26,28.229007633587788,14.213740458015268,0.8685592416398695,0.9257950530035336,26.783994834725505,13.273755579608652,False,,,,False,,,,False,,,,0.0,,0.0
2602,Colon,0,neoplastic,neoplastic,201,2602__ch0__id201,249.0,156,66,178,107,167.91164658634537,86.85140562248996,0.985341378536909,0.7638036809815951,45.92321629866863,7.834232551620825,False,,,,False,,,,False,,,,0.02294792586054722,17.0,0.10441767068273092
2602,Colon,0,neoplastic,neoplastic,203,2602__ch0__id203,243.0,82,103,100,121,90.37448559670781,111.48559670781893,0.693368392983494,0.9681274900398407,20.782405505609947,14.975454043712222,False,,,,False,,,,False,,,,0.0,,0.0
2602,Colon,0,neoplastic,neoplastic,215,2602__ch0__id215,207.0,161,170,176,197,168.2415458937198,186.34299516908212,0.8829311033020207,0.8313253012048193,24.98508395432668,11.730561223619176,False,,,,False,,,,False,,,,0.09198542805100182,18.0,0.48792270531400966
2602,Colon,0,neoplastic,neoplastic,216,2602__ch0__id216,206.0,23,78,39,97,31.4126213592233,89.00970873786407,0.7090086797951303,0.8995633187772926,20.376145636507374,14.369252874925454,False,,,,False,,,,False,,,,0.17761989342806395,5.0,0.4854368932038835
2602,Colon,0,neoplastic,neoplastic,224,2602__ch0__id224,184.0,37,72,52,89,43.58152173913044,79.30434782608695,0.7062300739548669,0.9484536082474226,18.445196024735512,13.058874201282528,True,5.0,0.4026258205689278,1.0,True,5.0,0.4026258205689278,1.0,False,,,,0.4026258205689278,5.0,1.0
2602,Colon,0,neoplastic,neoplastic,233,2602__ch0__id233,166.0,16,39,31,60,23.704819277108435,47.734939759036145,0.8444769361021414,0.8019323671497585,21.136892262285997,11.3207487021371,True,4.0,0.47023809523809523,0.9518072289156626,True,4.0,0.47023809523809523,0.9518072289156626,False,,,,0.47023809523809523,4.0,0.9518072289156626
2602,Colon,0,neoplastic,neoplastic,249,2602__ch0__id249,136.0,97,148,112,159,103.80147058823529,152.72058823529412,0.7132094047536972,0.9714285714285714,15.746246037010451,11.037347361571756,False,,,,False,,,,False,,,,0.0,,0.0
2602,Colon,0,neoplastic,neoplastic,250,2602__ch0__id250,136.0,145,29,157,47,149.5735294117647,36.99264705882353,0.8611392312838251,0.9379310344827586,18.82386343507358,9.569472040582248,False,,,,False,,,,False,,,,0.0,,0.0
2602,Colon,0,neoplastic,neoplastic,255,2602__ch0__id255,127.0,190,89,200,104,194.4015748031496,96.33858267716535,0.7603977991151672,0.9694656488549618,15.84941098226244,10.293520575397293,False,,,,False,,,,False,,,,0.0,,0.0
2602,Colon,0,neoplastic,neoplastic,257,2602__ch0__id257,125.0,201,106,214,119,207.136,112.424,0.7405608269662124,0.9615384615384616,15.404951010359062,10.351962730247694,False,,,,False,,,,False,,,,0.0,,0.0
2602,Colon,1,inflammatory,normal,5,2602__ch1__id5,287.0,122,238,146,255,134.06968641114983,246.65156794425087,0.8060422667344144,0.9566666666666667,25.08052824524336,14.844110694470764,True,16.0,0.687041564792176,0.9790940766550522,True,16.0,0.687041564792176,0.9790940766550522,True,16.0,0.687041564792176,0.9790940766550522,0.687041564792176,16.0,0.9790940766550522
2602,Colon,1,inflammatory,normal,7,2602__ch1__id7,274.0,3,153,24,172,12.507299270072993,161.75912408759123,0.758033927693365,0.9448275862068966,23.30597709027869,15.200510675190493,True,2.0,0.8869257950530035,0.916058394160584,True,2.0,0.8869257950530035,0.916058394160584,True,2.0,0.8869257950530035,0.916058394160584,0.8869257950530035,2.0,0.916058394160584
2602,Colon,2,connective,normal,18,2602__ch2__id18,655.0,103,195,134,226,117.66259541984734,209.97862595419846,0.8210557649373047,0.9632352941176471,38.4849270162203,21.969043339570415,False,,,,False,,,,False,,,,0.0,,0.0
2602,Colon,2,connective,normal,35,2602__ch2__id35,539.0,128,200,174,233,149.27272727272728,217.37105751391465,0.9754620009849444,0.8707592891760905,58.13862676766383,12.800256782297994,True,19.0,0.4359925788497217,0.4359925788497217,True,19.0,0.4359925788497217,0.4359925788497217,False,,,,0.4359925788497217,19.0,0.4359925788497217
2602,Colon,2,connective,normal,39,2602__ch2__id39,399.0,0,110,20,143,8.18295739348371,128.92230576441102,0.8907236554566499,0.9545454545454546,34.008964449423644,15.45861269844233,False,,,,False,,,,False,,,,0.0,,0.0
2602,Colon,2,connective,normal,90,2602__ch2__id90,329.0,55,147,89,177,70.85714285714286,160.6595744680851,0.9786344139333225,0.8940217391304348,45.830559722260006,9.42313353516236,True,10.0,0.6912442396313364,0.9118541033434651,True,10.0,0.6912442396313364,0.9118541033434651,True,10.0,0.6912442396313364,0.9118541033434651,0.6912442396313364,10.0,0.9118541033434651
2602,Colon,2,connective,normal,100,2602__ch2__id100,298.0,46,178,69,196,57.30201342281879,186.74496644295303,0.686320403701694,0.9490445859872612,23.06793660610348,16.777294648500472,True,8.0,0.701058201058201,0.889261744966443,True,8.0,0.701058201058201,0.889261744966443,True,8.0,0.701058201058201,0.889261744966443,0.701058201058201,8.0,0.889261744966443
2602,Colon,2,connective,normal,153,2602__ch2__id153,165.0,0,97,20,116,9.024242424242424,106.06060606060606,0.9522016738599425,0.9269662921348315,26.435632263866495,8.075294811670203,False,,,,False,,,,False,,,,0.0,,0.0
2602,Colon,2,connective,normal,169,2602__ch2__id169,146.0,170,235,188,248,179.28082191780823,240.26712328767124,0.8938954771371289,0.948051948051948,20.6301982567112,9.248011335348174,False,,,,False,,,,False,,,,0.0,,0.0
2635,Colon,0,neoplastic,neoplastic,2,2635__ch0__id2,1477.0,17,158,83,222,51.0832769126608,189.48815165876778,0.9701347526731969,0.831176139561058,92.33812331859433,22.39814580768911,True,4.0,0.3265977443609023,0.47054840893703453,True,4.0,0.3265977443609023,0.47054840893703453,False,,,,0.3265977443609023,4.0,0.47054840893703453
2635,Colon,0,neoplastic,neoplastic,23,2635__ch0__id23,984.0,37,57,77,94,57.761178861788615,72.6280487804878,0.5925866913758808,0.9002744739249772,40.93417356729745,32.97275029141351,False,,,,False,,,,False,,,,0.0,,0.0
2635,Colon,0,neoplastic,neoplastic,37,2635__ch0__id37,427.0,122,241,161,256,142.44730679156908,249.3185011709602,0.9132976301681011,0.9748858447488584,37.68181543693308,15.347532756648107,False,,,,False,,,,False,,,,0.0,,0.0
2635,Colon,0,neoplastic,neoplastic,52,2635__ch0__id52,82.0,0,124,5,145,1.6951219512195121,133.78048780487805,0.9628802814628914,0.9761904761904762,20.226333195728834,5.459670091471429,False,,,,False,,,,False,,,,0.0,,0.0
2635,Colon,0,neoplastic,neoplastic,54,2635__ch0__id54,181.0,243,118,256,139,250.2707182320442,129.5303867403315,0.7415658753446673,0.9476439790575916,19.45490740989493,13.051909415916903,False,,,,False,,,,False,,,,0.0,,0.0
2635,Colon,0,neoplastic,neoplastic,63,2635__ch0__id63,745.0,83,58,114,91,96.4993288590604,75.85906040268456,0.6707964627011405,0.9588159588159588,36.49268790261243,27.064491576294323,False,,,,False,,,,False,,,,0.0,,0.0
2635,Colon,0,neoplastic,neoplastic,80,2635__ch0__id80,708.0,111,140,145,169,128.58333333333334,154.37429378531073,0.6965774435795272,0.9206762028608583,35.870947966725915,25.736745609583572,False,,,,False,,,,False,,,,0.012658227848101266,5.0,0.022598870056497175
2635,Colon,0,neoplastic,neoplastic,87,2635__ch0__id87,550.0,230,155,256,182,243.9309090909091,166.39636363636365,0.5727309554645964,0.9598603839441536,30.066654096289835,24.64694145374443,True,20.0,0.6522522522522523,0.6581818181818182,True,20.0,0.6522522522522523,0.6581818181818182,True,20.0,0.6522522522522523,0.6581818181818182,0.6522522522522523,20.0,0.6581818181818182
2635,Colon,0,neoplastic,neoplastic,99,2635__ch0__id99,651.0,87,138,117,166,101.00768049155145,151.79723502304148,0.571242630328153,0.96875,31.912210734073312,26.192944157171127,True,5.0,0.828101644245142,0.8509984639016898,True,5.0,0.828101644245142,0.8509984639016898,True,5.0,0.828101644245142,0.8509984639016898,0.828101644245142,5.0,0.8509984639016898
2635,Colon,0,neoplastic,neoplastic,114,2635__ch0__id114,628.0,213,206,239,256,222.29458598726114,224.44745222929936,0.8939946012929618,0.7268518518518519,49.48083356634322,22.171259623612716,True,16.0,0.7129337539432177,0.7197452229299363,True,16.0,0.7129337539432177,0.7197452229299363,True,16.0,0.7129337539432177,0.7197452229299363,0.7129337539432177,16.0,0.7197452229299363
2635,Colon,0,neoplastic,neoplastic,121,2635__ch0__id121,161.0,0,82,9,107,3.1677018633540373,92.54037267080746,0.9212949343478767,0.9583333333333334,24.086195120657127,9.366267603280443,False,,,,False,,,,False,,,,0.0,,0.0
2635,Colon,0,neoplastic,neoplastic,130,2635__ch0__id130,584.0,13,103,45,127,29.09417808219178,114.64212328767124,0.6830950689119551,0.9589490968801314,31.987258965487175,23.36123771352477,True,3.0,0.707196029776675,0.976027397260274,True,3.0,0.707196029776675,0.976027397260274,True,3.0,0.707196029776675,0.976027397260274,0.707196029776675,3.0,0.976027397260274
2635,Colon,0,neoplastic,neoplastic,133,2635__ch0__id133,583.0,109,179,139,205,124.37564322469983,190.54373927958832,0.5498458616098827,0.9652317880794702,30.135599408134716,25.171245863490473,False,,,,False,,,,False,,,,0.011435832274459974,10.0,0.015437392795883362
2635,Colon,0,neoplastic,neoplastic,135,2635__ch0__id135,578.0,216,99,246,127,230.53806228373702,113.10726643598616,0.7857081880707075,0.9714285714285714,34.601284763417645,21.404261992092078,True,17.0,0.9318936877076412,0.9705882352941176,True,17.0,0.9318936877076412,0.9705882352941176,True,17.0,0.9318936877076412,0.9705882352941176,0.9318936877076412,17.0,0.9705882352941176
2635,Colon,0,neoplastic,neoplastic,137,2635__ch0__id137,575.0,105,43,130,72,117.1304347826087,57.100869565217394,0.6081489248338229,0.9778911564625851,30.37490826076032,24.11229945901954,True,6.0,0.9032786885245901,0.9582608695652174,True,6.0,0.9032786885245901,0.9582608695652174,True,6.0,0.9032786885245901,0.9582608695652174,0.9032786885245901,6.0,0.9582608695652174
2635,Colon,0,neoplastic,neoplastic,138,2635__ch0__id138,55.0,248,239,256,256,253.14545454545456,250.14545454545456,0.9436548198133821,0.7142857142857143,17.661423181772797,5.84471922033782,False,,,,False,,,,False,,,,0.0,,0.0
2635,Colon,0,neoplastic,neoplastic,142,2635__ch0__id142,559.0,148,102,179,125,163.9731663685152,112.7334525939177,0.721355997576907,0.9442567567567568,32.31583225968952,22.38079676684426,True,12.0,0.897822445561139,0.9588550983899821,True,12.0,0.897822445561139,0.9588550983899821,True,12.0,0.897822445561139,0.9588550983899821,0.897822445561139,12.0,0.9588550983899821
2635,Colon,0,neoplastic,neoplastic,153,2635__ch0__id153,542.0,116,83,148,106,131.66974169741698,93.72509225092251,0.6835330509456975,0.9609929078014184,30.861118469600537,22.52613410310597,True,8.0,0.8883071553228621,0.9391143911439115,True,8.0,0.8883071553228621,0.9391143911439115,True,8.0,0.8883071553228621,0.9391143911439115,0.8883071553228621,8.0,0.9391143911439115
2635,Colon,0,neoplastic,neoplastic,170,2635__ch0__id170,500.0,46,85,84,105,65.35,94.988,0.8813648914347085,0.8064516129032258,39.79538230722122,18.800777723863032,False,,,,False,,,,False,,,,0.0,,0.0
2635,Colon,0,neoplastic,neoplastic,172,2635__ch0__id172,497.0,150,158,184,179,165.4466800804829,167.72032193158952,0.858012600197743,0.9557692307692308,35.295278486601504,18.128665821307695,True,13.0,0.8069883527454242,0.9758551307847082,True,13.0,0.8069883527454242,0.9758551307847082,True,13.0,0.8069883527454242,0.9758551307847082,0.8069883527454242,13.0,0.9758551307847082
2635,Colon,0,neoplastic,neoplastic,173,2635__ch0__id173,209.0,244,13,256,42,251.2488038277512,28.641148325358852,0.9415945045824988,0.7464285714285714,32.62592749956409,10.986743612346418,False,,,,False,,,,False,,,,0.0,,0.0
2635,Colon,0,neoplastic,neoplastic,188,2635__ch0__id188,465.0,35,109,70,131,52.55483870967742,119.35268817204302,0.8100572863923675,0.8363309352517986,34.36708442775402,20.151165458068334,False,,,,False,,,,False,,,,0.17476635514018693,3.0,0.4021505376344086
2635,Colon,0,neoplastic,neoplastic,194,2635__ch0__id194,443.0,77,207,111,226,94.59367945823928,216.72686230248306,0.8387667613417092,0.9248434237995825,32.85873693537812,17.89128263987694,False,,,,False,,,,False,,,,0.3202952029520295,4.0,0.9796839729119639
2635,Colon,0,neoplastic,neoplastic,203,2635__ch0__id203,426.0,224,25,252,47,236.23474178403757,34.66431924882629,0.7745310834965403,0.9681818181818181,29.522997741576695,18.674354451470446,True,19.0,0.7990970654627539,0.8309859154929577,True,19.0,0.7990970654627539,0.8309859154929577,True,19.0,0.7990970654627539,0.8309859154929577,0.7990970654627539,19.0,0.8309859154929577
2635,Colon,0,neoplastic,neoplastic,204,2635__ch0__id204,99.0,249,205,256,225,252.7070707070707,214.6161616161616,0.9273912281358974,0.9428571428571428,19.139906491701925,7.160103435930255,False,,,,False,,,,False,,,,0.0,,0.0
2635,Colon,0,neoplastic,neoplastic,207,2635__ch0__id207,422.0,209,175,233,198,220.63744075829385,186.48815165876778,0.621164380786259,0.9419642857142857,26.400471067910452,20.68952907711335,True,15.0,0.9349775784753364,0.9881516587677726,True,15.0,0.9349775784753364,0.9881516587677726,True,15.0,0.9349775784753364,0.9881516587677726,0.9349775784753364,15.0,0.9881516587677726
2635,Colon,0,neoplastic,neoplastic,213,2635__ch0__id213,398.0,132,25,159,45,144.6356783919598,34.64321608040201,0.7493339621969783,0.9660194174757282,27.70899702475137,18.348683862073333,True,9.0,0.9297820823244553,0.964824120603015,True,9.0,0.9297820823244553,0.964824120603015,True,9.0,0.9297820823244553,0.964824120603015,0.9297820823244553,9.0,0.964824120603015
2635,Colon,0,neoplastic,neoplastic,219,2635__ch0__id219,386.0,205,94,232,116,216.05699481865284,102.64507772020725,0.7133630336116588,0.9256594724220624,27.463818230942106,19.24649768443508,False,,,,False,,,,False,,,,0.0062176165803108805,17.0,0.015544041450777202
2635,Colon,0,neoplastic,neoplastic,239,2635__ch0__id239,356.0,216,51,236,76,224.90168539325842,62.13483146067416,0.6262128610433715,0.956989247311828,24.36112479951174,18.993202977404632,True,18.0,0.883289124668435,0.9353932584269663,True,18.0,0.883289124668435,0.9353932584269663,True,18.0,0.883289124668435,0.9353932584269663,0.883289124668435,18.0,0.9353932584269663
2635,Colon,0,neoplastic,neoplastic,266,2635__ch0__id266,309.0,28,76,54,93,38.76699029126213,83.38511326860842,0.7581611988078601,0.939209726443769,25.140490865337508,16.39328877782397,False,,,,False,,,,False,,,,0.0,,0.0
2635,Colon,0,neoplastic,neoplastic,308,2635__ch0__id308,15.0,164,254,173,256,168.2,254.6,0.9770664475983113,0.9375,9.147286108492034,1.9477739899832691,False,,,,False,,,,False,,,,0.0,,0.0
2635,Colon,0,neoplastic,neoplastic,325,2635__ch0__id325,230.0,137,142,172,154,153.77391304347827,147.28695652173914,0.9709595606714397,0.9236947791164659,35.18002584320089,8.416598339438881,True,11.0,0.8583690987124464,0.8695652173913043,True,11.0,0.8583690987124464,0.8695652173913043,True,11.0,0.8583690987124464,0.8695652173913043,0.8583690987124464,11.0,0.8695652173913043
2635,Colon,0,neoplastic,neoplastic,335,2635__ch0__id335,172.0,166,241,181,256,172.25581395348837,248.3139534883721,0.690556667599598,0.9398907103825137,17.762147510774156,12.84697572803063,False,,,,False,,,,False,,,,0.0,,0.0
2635,Colon,0,neoplastic,neoplastic,343,2635__ch0__id343,202.0,135,185,152,204,143.1980198019802,192.86138613861385,0.8560166041040812,0.926605504587156,23.114947731888623,11.949233574566218,True,10.0,0.7291666666666666,0.8663366336633663,True,10.0,0.7291666666666666,0.8663366336633663,True,10.0,0.7291666666666666,0.8663366336633663,0.7291666666666666,10.0,0.8663366336633663
2635,Colon,1,inflammatory,normal,27,2635__ch1__id27,136.0,183,60,197,73,189.61764705882354,66.1029411764706,0.320585545413221,0.9379310344827586,13.558754008534711,12.843117100769256,True,14.0,0.8391608391608392,0.8823529411764706,True,14.0,0.8391608391608392,0.8823529411764706,True,14.0,0.8391608391608392,0.8823529411764706,0.8391608391608392,14.0,0.8823529411764706
2635,Colon,1,inflammatory,normal,31,2635__ch1__id31,114.0,182,97,195,111,188.16666666666666,103.2280701754386,0.8115318614209681,0.926829268292683,16.11455306647359,9.415865017739364,False,,,,False,,,,False,,,,0.0,,0.0
2635,Colon,2,connective,normal,7,2635__ch2__id7,166.0,0,184,17,202,5.981927710843373,194.76506024096386,0.8648654525142472,0.9485714285714286,21.852228720370405,10.969900415967546,True,2.0,0.6772486772486772,0.7710843373493976,True,2.0,0.6772486772486772,0.7710843373493976,True,2.0,0.6772486772486772,0.7710843373493976,0.6772486772486772,2.0,0.7710843373493976
2635,Colon,2,connective,normal,11,2635__ch2__id11,222.0,0,0,16,17,6.527027027027027,6.86936936936937,0.6254139980484297,0.9736842105263158,19.5324434651309,15.241030976347147,False,,,,False,,,,False,,,,0.0,,0.0
2635,Colon,2,connective,normal,18,2635__ch2__id18,426.0,108,228,139,251,121.2300469483568,237.68309859154928,0.9010778524934722,0.9342105263157895,36.152703038768145,15.677885667602846,True,7.0,0.8674157303370786,0.9061032863849765,True,7.0,0.8674157303370786,0.9061032863849765,True,7.0,0.8674157303370786,0.9061032863849765,0.8674157303370786,7.0,0.9061032863849765
2635,Colon,2,connective,normal,31,2635__ch2__id31,356.0,63,5,94,28,77.00561797752809,15.646067415730338,0.9201292178516566,0.8682926829268293,35.68964886939499,13.976597933715103,False,,,,False,,,,False,,,,0.0,,0.0
2635,Colon,2,connective,normal,34,2635__ch2__id34,106.0,0,47,6,71,2.0,59.575471698113205,0.9617490505292424,0.9464285714285714,23.11657389222273,6.332370297589848,False,,,,False,,,,False,,,,0.0,,0.0
2635,Colon,2,connective,normal,47,2635__ch2__id47,157.0,32,0,47,14,38.28025477707006,5.6050955414012735,0.46654314803270297,0.9515151515151515,15.49152724361312,13.702231685984483,False,,,,False,,,,False,,,,0.0,,0.0
2635,Colon,2,connective,normal,88,2635__ch2__id88,87.0,53,0,65,10,58.44827586206897,3.528735632183908,0.515687044443215,0.9560439560439561,11.84621023615667,10.149560774896822,False,,,,False,,,,False,,,,0.0,,0.0
2635,Colon,2,connective,normal,92,2635__ch2__id92,111.0,0,245,13,256,5.297297297297297,250.9009009009009,0.6228660206753948,0.9568965517241379,13.752328422003176,10.758838803191248,True,1.0,0.7657657657657657,0.7657657657657657,True,1.0,0.7657657657657657,0.7657657657657657,True,1.0,0.7657657657657657,0.7657657657657657,0.7657657657657657,1.0,0.7657657657657657
2635,Colon,2,connective,normal,100,2635__ch2__id100,180.0,79,12,98,29,87.4888888888889,19.516666666666666,0.8926043808162967,0.9625668449197861,22.821111802385644,10.288688109598565,False,,,,False,,,,False,,,,0.0,,0.0
2635,Colon,2,connective,normal,110,2635__ch2__id110,173.0,99,3,120,21,108.42774566473989,10.93063583815029,0.9539315247992884,0.9301075268817204,27.352300753565668,8.206357868301545,False,,,,False,,,,False,,,,0.0,,0.0
2635,Colon,2,connective,normal,144,2635__ch2__id144,135.0,50,227,60,244,54.34074074074074,234.63703703703703,0.8535103234568489,0.9440559440559441,18.367845685733105,9.571042324381896,False,,,,False,,,,False,,,,0.0,,0.0
2635,Colon,2,connective,normal,162,2635__ch2__id162,117.0,209,8,221,20,214.32478632478632,13.034188034188034,0.624131722633008,0.9831932773109243,13.83321045714287,10.80815204711413,False,,,,False,,,,False,,,,0.0,,0.0
2635,Colon,2,connective,normal,205,2635__ch2__id205,55.0,175,55,182,65,178.63636363636363,59.70909090909091,0.756897644206159,0.9322033898305084,10.550566536601265,6.895148034517213,False,,,,False,,,,False,,,,0.0,,0.0
