gt_label,pred_id,intersection,gt_area,pred_area,union,iou,gt_overlap_fraction,pred_overlap_fraction,image_index,tissue_type,gt_uid,gt_class,gt_broad_class
1,1,211,228,237,254,0.8307086614173228,0.9254385964912281,0.890295358649789,114,Breast,114__ch0__id97,neoplastic,neoplastic
4,2,628,895,805,1072,0.585820895522388,0.7016759776536313,0.7801242236024845,114,Breast,114__ch0__id114,neoplastic,neoplastic
6,1,2,933,237,1168,0.0017123287671232876,0.0021436227224008574,0.008438818565400843,114,Breast,114__ch0__id118,neoplastic,neoplastic
6,3,502,933,511,942,0.5329087048832272,0.5380493033226152,0.9823874755381604,114,Breast,114__ch0__id118,neoplastic,neoplastic
8,4,653,739,692,778,0.8393316195372751,0.8836265223274695,0.9436416184971098,114,Breast,114__ch0__id128,neoplastic,neoplastic
9,5,823,911,953,1041,0.7905859750240154,0.9034028540065862,0.863588667366212,114,Breast,114__ch0__id129,neoplastic,neoplastic
10,6,400,430,426,456,0.8771929824561403,0.9302325581395349,0.9389671361502347,114,Breast,114__ch0__id138,neoplastic,neoplastic
11,7,493,594,493,594,0.82996632996633,0.82996632996633,1.0,114,Breast,114__ch0__id141,neoplastic,neoplastic
12,9,477,840,710,1073,0.4445479962721342,0.5678571428571428,0.671830985915493,114,Breast,114__ch0__id143,neoplastic,neoplastic
13,8,281,356,415,490,0.573469387755102,0.7893258426966292,0.6771084337349398,114,Breast,114__ch0__id146,neoplastic,neoplastic
15,10,512,580,603,671,0.7630402384500745,0.8827586206896552,0.8490878938640133,114,Breast,114__ch0__id151,neoplastic,neoplastic
16,11,433,534,829,930,0.46559139784946235,0.8108614232209738,0.5223160434258143,114,Breast,114__ch0__id157,neoplastic,neoplastic
17,9,161,683,710,1232,0.13068181818181818,0.23572474377745242,0.2267605633802817,114,Breast,114__ch0__id160,neoplastic,neoplastic
17,12,491,683,499,691,0.7105643994211288,0.718887262079063,0.9839679358717435,114,Breast,114__ch0__id160,neoplastic,neoplastic
18,13,700,714,853,867,0.8073817762399077,0.9803921568627451,0.82063305978898,114,Breast,114__ch0__id168,neoplastic,neoplastic
19,14,422,521,438,537,0.7858472998137802,0.8099808061420346,0.9634703196347032,114,Breast,114__ch0__id176,neoplastic,neoplastic
20,15,962,1197,962,1197,0.8036758563074352,0.8036758563074352,1.0,114,Breast,114__ch0__id177,neoplastic,neoplastic
20,19,15,1197,599,1781,0.008422234699606962,0.012531328320802004,0.025041736227045076,114,Breast,114__ch0__id177,neoplastic,neoplastic
21,17,224,299,225,300,0.7466666666666667,0.7491638795986622,0.9955555555555555,114,Breast,114__ch0__id178,neoplastic,neoplastic
22,16,996,1038,1023,1065,0.9352112676056338,0.9595375722543352,0.9736070381231672,114,Breast,114__ch0__id180,neoplastic,neoplastic
23,18,1000,1155,1229,1384,0.7225433526011561,0.8658008658008658,0.8136696501220505,114,Breast,114__ch0__id181,neoplastic,neoplastic
24,13,23,718,853,1548,0.014857881136950904,0.03203342618384401,0.026963657678780773,114,Breast,114__ch0__id186,neoplastic,neoplastic
24,19,572,718,599,745,0.7677852348993288,0.7966573816155988,0.9549248747913188,114,Breast,114__ch0__id186,neoplastic,neoplastic
25,20,603,673,622,692,0.8713872832369942,0.8959881129271917,0.9694533762057878,114,Breast,114__ch0__id195,neoplastic,neoplastic
26,21,608,648,628,668,0.9101796407185628,0.9382716049382716,0.9681528662420382,114,Breast,114__ch0__id203,neoplastic,neoplastic
26,24,1,648,810,1457,0.0006863417982155113,0.0015432098765432098,0.0012345679012345679,114,Breast,114__ch0__id203,neoplastic,neoplastic
27,22,478,548,478,548,0.8722627737226277,0.8722627737226277,1.0,114,Breast,114__ch0__id209,neoplastic,neoplastic
28,23,376,567,409,600,0.6266666666666667,0.6631393298059964,0.9193154034229829,114,Breast,114__ch0__id210,neoplastic,neoplastic
30,25,522,623,546,647,0.8068006182380216,0.8378812199036918,0.9560439560439561,114,Breast,114__ch2__id219,connective,normal
1,19,245,267,248,270,0.9074074074074074,0.9176029962546817,0.9879032258064516,165,Breast,165__ch1__id220,inflammatory,normal
2,3,915,1126,916,1127,0.8118899733806566,0.8126110124333925,0.9989082969432315,165,Breast,165__ch2__id106,connective,normal
3,7,460,490,549,579,0.7944732297063903,0.9387755102040817,0.8378870673952641,165,Breast,165__ch2__id136,connective,normal
4,8,195,245,195,245,0.7959183673469388,0.7959183673469388,1.0,165,Breast,165__ch2__id137,connective,normal
5,9,416,473,421,478,0.8702928870292888,0.879492600422833,0.9881235154394299,165,Breast,165__ch2__id141,connective,normal
6,10,164,209,166,211,0.7772511848341233,0.784688995215311,0.9879518072289156,165,Breast,165__ch2__id156,connective,normal
7,11,143,176,238,271,0.5276752767527675,0.8125,0.6008403361344538,165,Breast,165__ch2__id160,connective,normal
8,12,261,349,295,383,0.6814621409921671,0.7478510028653295,0.8847457627118644,165,Breast,165__ch2__id167,connective,normal
9,13,464,494,490,520,0.8923076923076924,0.9392712550607287,0.9469387755102041,165,Breast,165__ch2__id172,connective,normal
10,14,345,381,362,398,0.8668341708542714,0.905511811023622,0.9530386740331491,165,Breast,165__ch2__id182,connective,normal
11,15,328,342,347,361,0.9085872576177285,0.9590643274853801,0.9452449567723343,165,Breast,165__ch2__id185,connective,normal
12,16,244,322,257,335,0.7283582089552239,0.7577639751552795,0.9494163424124513,165,Breast,165__ch2__id193,connective,normal
13,17,189,204,196,211,0.8957345971563981,0.9264705882352942,0.9642857142857143,165,Breast,165__ch2__id207,connective,normal
14,18,326,426,326,426,0.7652582159624414,0.7652582159624414,1.0,165,Breast,165__ch2__id214,connective,normal
15,20,467,499,515,547,0.8537477148080439,0.935871743486974,0.9067961165048544,165,Breast,165__ch2__id228,connective,normal
16,1,290,399,300,409,0.7090464547677262,0.7268170426065163,0.9666666666666667,165,Breast,165__ch4__id95,epithelial,normal
17,2,404,453,432,481,0.83991683991684,0.891832229580574,0.9351851851851852,165,Breast,165__ch4__id99,epithelial,normal
18,2,6,307,432,733,0.008185538881309686,0.019543973941368076,0.013888888888888888,165,Breast,165__ch4__id111,epithelial,normal
18,4,179,307,197,325,0.5507692307692308,0.5830618892508144,0.9086294416243654,165,Breast,165__ch4__id111,epithelial,normal
19,5,339,386,352,399,0.849624060150376,0.8782383419689119,0.9630681818181818,165,Breast,165__ch4__id119,epithelial,normal
20,6,182,229,203,250,0.728,0.7947598253275109,0.896551724137931,165,Breast,165__ch4__id125,epithelial,normal
2,14,251,354,255,358,0.7011173184357542,0.7090395480225988,0.984313725490196,176,Breast,176__ch2__id29,connective,normal
3,3,225,319,225,319,0.7053291536050157,0.7053291536050157,1.0,176,Breast,176__ch4__id1,epithelial,normal
4,1,220,289,231,300,0.7333333333333333,0.7612456747404844,0.9523809523809523,176,Breast,176__ch4__id2,epithelial,normal
5,4,251,348,251,348,0.7212643678160919,0.7212643678160919,1.0,176,Breast,176__ch4__id4,epithelial,normal
6,6,587,619,634,666,0.8813813813813813,0.9483037156704361,0.9258675078864353,176,Breast,176__ch4__id8,epithelial,normal
7,8,391,435,400,444,0.8806306306306306,0.8988505747126436,0.9775,176,Breast,176__ch4__id12,epithelial,normal
8,6,11,726,634,1349,0.00815418828762046,0.015151515151515152,0.017350157728706624,176,Breast,176__ch4__id13,epithelial,normal
8,9,639,726,639,726,0.8801652892561983,0.8801652892561983,1.0,176,Breast,176__ch4__id13,epithelial,normal
9,10,363,827,384,848,0.42806603773584906,0.43893591293833134,0.9453125,176,Breast,176__ch4__id21,epithelial,normal
9,12,327,827,336,836,0.3911483253588517,0.3954050785973398,0.9732142857142857,176,Breast,176__ch4__id21,epithelial,normal
10,11,266,281,279,294,0.9047619047619048,0.9466192170818505,0.953405017921147,176,Breast,176__ch4__id22,epithelial,normal
11,13,511,587,524,600,0.8516666666666667,0.8705281090289608,0.9751908396946565,176,Breast,176__ch4__id26,epithelial,normal
12,15,786,861,790,865,0.9086705202312139,0.9128919860627178,0.9949367088607595,176,Breast,176__ch4__id35,epithelial,normal
13,16,116,225,116,225,0.5155555555555555,0.5155555555555555,1.0,176,Breast,176__ch4__id38,epithelial,normal
14,17,293,384,293,384,0.7630208333333334,0.7630208333333334,1.0,176,Breast,176__ch4__id41,epithelial,normal
15,18,349,411,349,411,0.8491484184914841,0.8491484184914841,1.0,176,Breast,176__ch4__id46,epithelial,normal
16,19,143,193,145,195,0.7333333333333333,0.7409326424870466,0.9862068965517241,176,Breast,176__ch4__id53,epithelial,normal
17,20,224,362,237,375,0.5973333333333334,0.6187845303867403,0.9451476793248945,176,Breast,176__ch4__id59,epithelial,normal
17,21,102,362,128,388,0.26288659793814434,0.281767955801105,0.796875,176,Breast,176__ch4__id59,epithelial,normal
18,22,497,610,497,610,0.8147540983606557,0.8147540983606557,1.0,176,Breast,176__ch4__id63,epithelial,normal
19,23,384,481,391,488,0.7868852459016393,0.7983367983367984,0.9820971867007673,176,Breast,176__ch4__id67,epithelial,normal
20,24,577,718,628,769,0.7503250975292588,0.8036211699164345,0.9187898089171974,176,Breast,176__ch4__id76,epithelial,normal
21,25,406,1028,406,1028,0.3949416342412451,0.3949416342412451,1.0,176,Breast,176__ch4__id77,epithelial,normal
21,28,523,1028,561,1066,0.4906191369606004,0.5087548638132295,0.9322638146167558,176,Breast,176__ch4__id77,epithelial,normal
22,27,521,562,521,562,0.9270462633451957,0.9270462633451957,1.0,176,Breast,176__ch4__id82,epithelial,normal
23,26,313,350,357,394,0.7944162436548223,0.8942857142857142,0.876750700280112,176,Breast,176__ch4__id84,epithelial,normal
24,29,5,421,649,1065,0.004694835680751174,0.011876484560570071,0.007704160246533128,176,Breast,176__ch4__id89,epithelial,normal
25,29,573,614,649,690,0.8304347826086956,0.9332247557003257,0.8828967642526965,176,Breast,176__ch4__id92,epithelial,normal
26,31,143,232,143,232,0.6163793103448276,0.6163793103448276,1.0,176,Breast,176__ch4__id98,epithelial,normal
27,29,14,484,649,1119,0.012511170688114389,0.028925619834710745,0.02157164869029276,176,Breast,176__ch4__id101,epithelial,normal
27,30,406,484,409,487,0.8336755646817249,0.8388429752066116,0.9926650366748166,176,Breast,176__ch4__id101,epithelial,normal
28,32,339,390,342,393,0.8625954198473282,0.8692307692307693,0.9912280701754386,176,Breast,176__ch4__id114,epithelial,normal
29,33,334,350,344,360,0.9277777777777778,0.9542857142857143,0.9709302325581395,176,Breast,176__ch4__id118,epithelial,normal
1,17,222,274,223,275,0.8072727272727273,0.8102189781021898,0.9955156950672646,200,Breast,200__ch1__id46,inflammatory,normal
2,21,248,356,267,375,0.6613333333333333,0.6966292134831461,0.9288389513108615,200,Breast,200__ch1__id58,inflammatory,normal
3,1,278,310,279,311,0.8938906752411575,0.896774193548387,0.996415770609319,200,Breast,200__ch2__id3,connective,normal
6,2,420,449,508,537,0.7821229050279329,0.9354120267260579,0.8267716535433071,200,Breast,200__ch4__id6,epithelial,normal
7,2,65,281,508,724,0.08977900552486189,0.2313167259786477,0.1279527559055118,200,Breast,200__ch4__id7,epithelial,normal
7,3,168,281,185,298,0.5637583892617449,0.597864768683274,0.9081081081081082,200,Breast,200__ch4__id7,epithelial,normal
8,4,257,543,257,543,0.4732965009208103,0.4732965009208103,1.0,200,Breast,200__ch4__id8,epithelial,normal
8,6,112,543,477,908,0.12334801762114538,0.20626151012891344,0.2348008385744235,200,Breast,200__ch4__id8,epithelial,normal
9,5,349,396,363,410,0.8512195121951219,0.8813131313131313,0.9614325068870524,200,Breast,200__ch4__id10,epithelial,normal
10,6,356,380,477,501,0.7105788423153693,0.9368421052631579,0.7463312368972747,200,Breast,200__ch4__id12,epithelial,normal
11,7,387,496,387,496,0.780241935483871,0.780241935483871,1.0,200,Breast,200__ch4__id13,epithelial,normal
12,5,1,301,363,663,0.0015082956259426848,0.0033222591362126247,0.0027548209366391185,200,Breast,200__ch4__id16,epithelial,normal
12,8,211,301,211,301,0.7009966777408638,0.7009966777408638,1.0,200,Breast,200__ch4__id16,epithelial,normal
13,9,296,376,308,388,0.7628865979381443,0.7872340425531915,0.961038961038961,200,Breast,200__ch4__id18,epithelial,normal
14,10,252,346,258,352,0.7159090909090909,0.7283236994219653,0.9767441860465116,200,Breast,200__ch4__id19,epithelial,normal
15,11,593,667,660,734,0.8079019073569482,0.889055472263868,0.8984848484848484,200,Breast,200__ch4__id23,epithelial,normal
16,12,249,330,302,383,0.6501305483028721,0.7545454545454545,0.8245033112582781,200,Breast,200__ch4__id24,epithelial,normal
17,13,525,607,591,673,0.7800891530460624,0.8649093904448105,0.8883248730964467,200,Breast,200__ch4__id29,epithelial,normal
18,14,332,402,350,420,0.7904761904761904,0.8258706467661692,0.9485714285714286,200,Breast,200__ch4__id34,epithelial,normal
19,15,356,418,414,476,0.7478991596638656,0.8516746411483254,0.8599033816425121,200,Breast,200__ch4__id36,epithelial,normal
20,16,683,730,719,766,0.891644908616188,0.9356164383561644,0.9499304589707928,200,Breast,200__ch4__id38,epithelial,normal
21,18,338,384,352,398,0.8492462311557789,0.8802083333333334,0.9602272727272727,200,Breast,200__ch4__id48,epithelial,normal
22,20,514,748,519,753,0.6826029216467463,0.6871657754010695,0.9903660886319846,200,Breast,200__ch4__id49,epithelial,normal
23,19,425,472,495,542,0.7841328413284133,0.9004237288135594,0.8585858585858586,200,Breast,200__ch4__id52,epithelial,normal
25,22,268,314,294,340,0.788235294117647,0.8535031847133758,0.9115646258503401,200,Breast,200__ch4__id61,epithelial,normal
26,23,315,365,315,365,0.863013698630137,0.863013698630137,1.0,200,Breast,200__ch4__id62,epithelial,normal
27,24,37,112,37,112,0.33035714285714285,0.33035714285714285,1.0,200,Breast,200__ch4__id66,epithelial,normal
1,2,272,351,275,354,0.768361581920904,0.7749287749287749,0.9890909090909091,220,Breast,220__ch4__id87,epithelial,normal
2,1,378,887,378,887,0.42615558060879366,0.42615558060879366,1.0,220,Breast,220__ch4__id89,epithelial,normal
3,4,398,476,448,526,0.7566539923954373,0.8361344537815126,0.8883928571428571,220,Breast,220__ch4__id98,epithelial,normal
4,5,345,411,345,411,0.8394160583941606,0.8394160583941606,1.0,220,Breast,220__ch4__id101,epithelial,normal
6,7,370,430,383,443,0.835214446952596,0.8604651162790697,0.9660574412532638,220,Breast,220__ch4__id109,epithelial,normal
7,8,488,549,502,563,0.866785079928952,0.8888888888888888,0.9721115537848606,220,Breast,220__ch4__id114,epithelial,normal
8,9,424,551,446,573,0.7399650959860384,0.7695099818511797,0.9506726457399103,220,Breast,220__ch4__id120,epithelial,normal
9,10,593,717,613,737,0.8046132971506106,0.8270571827057183,0.967373572593801,220,Breast,220__ch4__id126,epithelial,normal
10,11,257,383,257,383,0.6710182767624021,0.6710182767624021,1.0,220,Breast,220__ch4__id127,epithelial,normal
11,13,300,417,300,417,0.7194244604316546,0.7194244604316546,1.0,220,Breast,220__ch4__id141,epithelial,normal
12,12,212,298,212,298,0.7114093959731543,0.7114093959731543,1.0,220,Breast,220__ch4__id142,epithelial,normal
13,14,323,415,323,415,0.7783132530120482,0.7783132530120482,1.0,220,Breast,220__ch4__id143,epithelial,normal
14,15,328,446,371,489,0.6707566462167689,0.7354260089686099,0.8840970350404312,220,Breast,220__ch4__id145,epithelial,normal
15,16,405,488,406,489,0.8282208588957055,0.8299180327868853,0.9975369458128078,220,Breast,220__ch4__id147,epithelial,normal
16,18,350,441,355,446,0.7847533632286996,0.7936507936507936,0.9859154929577465,220,Breast,220__ch4__id152,epithelial,normal
17,17,388,448,443,503,0.7713717693836978,0.8660714285714286,0.8758465011286681,220,Breast,220__ch4__id153,epithelial,normal
18,19,114,302,114,302,0.37748344370860926,0.37748344370860926,1.0,220,Breast,220__ch4__id154,epithelial,normal
19,18,2,281,355,634,0.0031545741324921135,0.0071174377224199285,0.005633802816901409,220,Breast,220__ch4__id163,epithelial,normal
20,20,264,325,316,377,0.7002652519893899,0.8123076923076923,0.8354430379746836,220,Breast,220__ch4__id174,epithelial,normal
21,21,413,475,418,480,0.8604166666666667,0.8694736842105263,0.9880382775119617,220,Breast,220__ch4__id177,epithelial,normal
22,20,14,611,316,913,0.01533406352683461,0.022913256955810146,0.04430379746835443,220,Breast,220__ch4__id181,epithelial,normal
22,22,495,611,540,656,0.7545731707317073,0.8101472995090017,0.9166666666666666,220,Breast,220__ch4__id181,epithelial,normal
23,24,310,377,311,378,0.8201058201058201,0.8222811671087533,0.9967845659163987,220,Breast,220__ch4__id182,epithelial,normal
24,23,356,461,356,461,0.7722342733188721,0.7722342733188721,1.0,220,Breast,220__ch4__id183,epithelial,normal
25,25,385,480,410,505,0.7623762376237624,0.8020833333333334,0.9390243902439024,220,Breast,220__ch4__id184,epithelial,normal
27,26,277,350,281,354,0.7824858757062146,0.7914285714285715,0.9857651245551602,220,Breast,220__ch4__id191,epithelial,normal
28,27,636,741,641,746,0.8525469168900804,0.8582995951417004,0.9921996879875195,220,Breast,220__ch4__id194,epithelial,normal
29,29,220,286,227,293,0.7508532423208191,0.7692307692307693,0.9691629955947136,220,Breast,220__ch4__id201,epithelial,normal
29,31,3,286,447,730,0.00410958904109589,0.01048951048951049,0.006711409395973154,220,Breast,220__ch4__id201,epithelial,normal
30,28,523,642,527,646,0.8095975232198143,0.8146417445482866,0.9924098671726755,220,Breast,220__ch4__id203,epithelial,normal
31,30,112,141,116,145,0.7724137931034483,0.7943262411347518,0.9655172413793104,220,Breast,220__ch4__id207,epithelial,normal
32,31,421,449,447,475,0.8863157894736842,0.9376391982182628,0.941834451901566,220,Breast,220__ch4__id211,epithelial,normal
33,32,170,459,170,459,0.37037037037037035,0.37037037037037035,1.0,220,Breast,220__ch4__id215,epithelial,normal
34,33,309,370,310,371,0.8328840970350404,0.8351351351351352,0.9967741935483871,220,Breast,220__ch4__id226,epithelial,normal
35,34,262,317,262,317,0.8264984227129337,0.8264984227129337,1.0,220,Breast,220__ch4__id229,epithelial,normal
36,35,222,237,252,267,0.8314606741573034,0.9367088607594937,0.8809523809523809,220,Breast,220__ch4__id233,epithelial,normal
2,11,287,317,294,324,0.8858024691358025,0.9053627760252366,0.9761904761904762,228,Breast,228__ch1__id137,inflammatory,normal
3,8,295,435,307,447,0.6599552572706935,0.6781609195402298,0.9609120521172638,228,Breast,228__ch2__id124,connective,normal
4,11,6,238,294,526,0.011406844106463879,0.025210084033613446,0.02040816326530612,228,Breast,228__ch2__id134,connective,normal
4,13,1,238,196,433,0.0023094688221709007,0.004201680672268907,0.00510204081632653,228,Breast,228__ch2__id134,connective,normal
5,13,195,344,196,345,0.5652173913043478,0.5668604651162791,0.9948979591836735,228,Breast,228__ch2__id144,connective,normal
7,16,387,435,390,438,0.8835616438356164,0.8896551724137931,0.9923076923076923,228,Breast,228__ch2__id157,connective,normal
8,17,136,186,136,186,0.7311827956989247,0.7311827956989247,1.0,228,Breast,228__ch2__id160,connective,normal
9,33,175,389,175,389,0.4498714652956298,0.4498714652956298,1.0,228,Breast,228__ch2__id207,connective,normal
10,1,76,131,76,131,0.5801526717557252,0.5801526717557252,1.0,228,Breast,228__ch4__id104,epithelial,normal
11,2,88,230,88,230,0.3826086956521739,0.3826086956521739,1.0,228,Breast,228__ch4__id106,epithelial,normal
12,3,193,243,301,351,0.5498575498575499,0.7942386831275721,0.6411960132890365,228,Breast,228__ch4__id114,epithelial,normal
13,5,237,341,238,342,0.6929824561403509,0.6950146627565983,0.9957983193277311,228,Breast,228__ch4__id117,epithelial,normal
14,4,388,409,443,464,0.8362068965517241,0.9486552567237164,0.8758465011286681,228,Breast,228__ch4__id119,epithelial,normal
15,6,434,500,450,516,0.8410852713178295,0.868,0.9644444444444444,228,Breast,228__ch4__id120,epithelial,normal
16,4,34,424,443,833,0.04081632653061224,0.08018867924528301,0.07674943566591422,228,Breast,228__ch4__id121,epithelial,normal
16,7,335,424,350,439,0.7630979498861048,0.7900943396226415,0.9571428571428572,228,Breast,228__ch4__id121,epithelial,normal
17,9,151,274,151,274,0.551094890510949,0.551094890510949,1.0,228,Breast,228__ch4__id125,epithelial,normal
18,10,410,506,457,553,0.7414104882459313,0.8102766798418972,0.8971553610503282,228,Breast,228__ch4__id131,epithelial,normal
20,12,417,499,445,527,0.7912713472485768,0.8356713426853707,0.9370786516853933,228,Breast,228__ch4__id140,epithelial,normal
21,14,567,681,652,766,0.7402088772845953,0.8325991189427313,0.8696319018404908,228,Breast,228__ch4__id149,epithelial,normal
22,15,76,264,76,264,0.2878787878787879,0.2878787878787879,1.0,228,Breast,228__ch4__id156,epithelial,normal
23,18,354,372,385,403,0.8784119106699751,0.9516129032258065,0.9194805194805195,228,Breast,228__ch4__id162,epithelial,normal
24,19,355,514,606,765,0.46405228758169936,0.6906614785992218,0.5858085808580858,228,Breast,228__ch4__id166,epithelial,normal
25,18,20,404,385,769,0.02600780234070221,0.04950495049504951,0.05194805194805195,228,Breast,228__ch4__id169,epithelial,normal
25,20,366,404,427,465,0.7870967741935484,0.905940594059406,0.8571428571428571,228,Breast,228__ch4__id169,epithelial,normal
26,21,347,406,376,435,0.7977011494252874,0.854679802955665,0.9228723404255319,228,Breast,228__ch4__id180,epithelial,normal
27,22,204,250,227,273,0.7472527472527473,0.816,0.8986784140969163,228,Breast,228__ch4__id181,epithelial,normal
28,23,247,314,285,352,0.7017045454545454,0.7866242038216561,0.8666666666666667,228,Breast,228__ch4__id185,epithelial,normal
29,24,382,508,414,540,0.7074074074074074,0.7519685039370079,0.9227053140096618,228,Breast,228__ch4__id187,epithelial,normal
30,25,311,395,330,414,0.751207729468599,0.7873417721518987,0.9424242424242424,228,Breast,228__ch4__id188,epithelial,normal
31,26,84,133,85,134,0.6268656716417911,0.631578947368421,0.9882352941176471,228,Breast,228__ch4__id195,epithelial,normal
32,27,527,576,537,586,0.8993174061433447,0.9149305555555556,0.9813780260707635,228,Breast,228__ch4__id197,epithelial,normal
33,28,294,400,294,400,0.735,0.735,1.0,228,Breast,228__ch4__id200,epithelial,normal
34,29,387,496,388,497,0.778672032193159,0.780241935483871,0.9974226804123711,228,Breast,228__ch4__id201,epithelial,normal
35,30,671,779,694,802,0.8366583541147132,0.8613607188703466,0.9668587896253602,228,Breast,228__ch4__id202,epithelial,normal
36,31,281,326,312,357,0.7871148459383753,0.8619631901840491,0.9006410256410257,228,Breast,228__ch4__id205,epithelial,normal
37,32,464,579,464,579,0.8013816925734024,0.8013816925734024,1.0,228,Breast,228__ch4__id213,epithelial,normal
38,34,312,382,328,398,0.7839195979899497,0.8167539267015707,0.9512195121951219,228,Breast,228__ch4__id219,epithelial,normal
1,1,338,404,398,464,0.728448275862069,0.8366336633663366,0.8492462311557789,238,Breast,238__ch0__id64,neoplastic,neoplastic
2,2,439,509,451,521,0.8426103646833013,0.862475442043222,0.9733924611973392,238,Breast,238__ch0__id69,neoplastic,neoplastic
3,3,489,702,490,703,0.6955903271692745,0.6965811965811965,0.9979591836734694,238,Breast,238__ch0__id72,neoplastic,neoplastic
4,4,879,1051,879,1051,0.8363463368220743,0.8363463368220743,1.0,238,Breast,238__ch0__id74,neoplastic,neoplastic
5,5,611,783,611,783,0.7803320561941252,0.7803320561941252,1.0,238,Breast,238__ch0__id77,neoplastic,neoplastic
6,6,571,643,630,702,0.8133903133903134,0.8880248833592534,0.9063492063492063,238,Breast,238__ch0__id82,neoplastic,neoplastic
7,7,397,432,480,515,0.7708737864077669,0.9189814814814815,0.8270833333333333,238,Breast,238__ch0__id87,neoplastic,neoplastic
9,8,545,628,590,673,0.8098068350668648,0.8678343949044586,0.923728813559322,238,Breast,238__ch0__id93,neoplastic,neoplastic
10,9,713,830,752,869,0.8204833141542003,0.8590361445783132,0.9481382978723404,238,Breast,238__ch0__id94,neoplastic,neoplastic
11,10,780,893,780,893,0.8734602463605823,0.8734602463605823,1.0,238,Breast,238__ch0__id95,neoplastic,neoplastic
12,11,370,788,372,790,0.46835443037974683,0.46954314720812185,0.9946236559139785,238,Breast,238__ch0__id98,neoplastic,neoplastic
13,8,3,1093,590,1680,0.0017857142857142857,0.0027447392497712718,0.005084745762711864,238,Breast,238__ch0__id99,neoplastic,neoplastic
13,12,992,1093,992,1093,0.9075937785910339,0.9075937785910339,1.0,238,Breast,238__ch0__id99,neoplastic,neoplastic
15,15,661,786,663,788,0.8388324873096447,0.8409669211195929,0.9969834087481146,238,Breast,238__ch0__id114,neoplastic,neoplastic
17,13,445,489,456,500,0.89,0.9100204498977505,0.9758771929824561,238,Breast,238__ch1__id100,inflammatory,normal
18,14,278,323,324,369,0.7533875338753387,0.8606811145510835,0.8580246913580247,238,Breast,238__ch2__id162,connective,normal
1,4,242,328,250,336,0.7202380952380952,0.7378048780487805,0.968,241,Breast,241__ch1__id191,inflammatory,normal
3,10,176,258,182,264,0.6666666666666666,0.6821705426356589,0.967032967032967,241,Breast,241__ch1__id237,inflammatory,normal
4,11,185,247,185,247,0.7489878542510121,0.7489878542510121,1.0,241,Breast,241__ch1__id244,inflammatory,normal
5,13,134,164,147,177,0.7570621468926554,0.8170731707317073,0.9115646258503401,241,Breast,241__ch1__id250,inflammatory,normal
6,16,221,254,284,317,0.6971608832807571,0.8700787401574803,0.778169014084507,241,Breast,241__ch1__id258,inflammatory,normal
7,17,192,210,194,212,0.9056603773584906,0.9142857142857143,0.9896907216494846,241,Breast,241__ch1__id269,inflammatory,normal
8,5,220,305,220,305,0.7213114754098361,0.7213114754098361,1.0,241,Breast,241__ch2__id199,connective,normal
9,6,261,304,320,363,0.71900826446281,0.8585526315789473,0.815625,241,Breast,241__ch2__id204,connective,normal
10,7,315,368,401,454,0.6938325991189427,0.8559782608695652,0.7855361596009975,241,Breast,241__ch2__id206,connective,normal
11,8,343,417,358,432,0.7939814814814815,0.8225419664268585,0.9581005586592178,241,Breast,241__ch2__id221,connective,normal
12,9,231,310,252,331,0.6978851963746223,0.7451612903225806,0.9166666666666666,241,Breast,241__ch2__id224,connective,normal
13,12,363,450,421,508,0.7145669291338582,0.8066666666666666,0.8622327790973872,241,Breast,241__ch2__id248,connective,normal
14,14,361,414,391,444,0.8130630630630631,0.8719806763285024,0.9232736572890026,241,Breast,241__ch2__id252,connective,normal
15,15,274,303,299,328,0.8353658536585366,0.9042904290429042,0.9163879598662207,241,Breast,241__ch2__id255,connective,normal
16,19,216,267,223,274,0.7883211678832117,0.8089887640449438,0.968609865470852,241,Breast,241__ch2__id278,connective,normal
17,20,381,483,381,483,0.7888198757763976,0.7888198757763976,1.0,241,Breast,241__ch2__id279,connective,normal
18,24,323,371,355,403,0.8014888337468983,0.8706199460916442,0.9098591549295775,241,Breast,241__ch2__id308,connective,normal
19,1,285,319,302,336,0.8482142857142857,0.8934169278996865,0.9437086092715232,241,Breast,241__ch4__id187,epithelial,normal
20,2,286,395,336,445,0.6426966292134831,0.7240506329113924,0.8511904761904762,241,Breast,241__ch4__id194,epithelial,normal
21,25,276,391,283,398,0.6934673366834171,0.7058823529411765,0.9752650176678446,241,Breast,241__ch4__id311,epithelial,normal
22,26,525,580,610,665,0.7894736842105263,0.9051724137931034,0.860655737704918,241,Breast,241__ch4__id313,epithelial,normal
23,27,381,480,416,515,0.7398058252427184,0.79375,0.9158653846153846,241,Breast,241__ch4__id323,epithelial,normal
24,28,1,202,238,439,0.002277904328018223,0.0049504950495049506,0.004201680672268907,241,Breast,241__ch4__id327,epithelial,normal
25,28,229,256,238,265,0.8641509433962264,0.89453125,0.9621848739495799,241,Breast,241__ch4__id334,epithelial,normal
26,27,7,364,416,773,0.009055627425614488,0.019230769230769232,0.016826923076923076,241,Breast,241__ch4__id336,epithelial,normal
26,29,262,364,262,364,0.7197802197802198,0.7197802197802198,1.0,241,Breast,241__ch4__id336,epithelial,normal
27,30,217,271,220,274,0.791970802919708,0.8007380073800738,0.9863636363636363,241,Breast,241__ch4__id338,epithelial,normal
1,2,188,211,200,223,0.8430493273542601,0.8909952606635071,0.94,256,Breast,256__ch1__id18,inflammatory,normal
2,1,254,299,272,317,0.8012618296529969,0.8494983277591973,0.9338235294117647,256,Breast,256__ch2__id17,connective,normal
3,3,190,359,190,359,0.5292479108635098,0.5292479108635098,1.0,256,Breast,256__ch2__id23,connective,normal
4,4,545,625,589,669,0.8146487294469357,0.872,0.9252971137521222,256,Breast,256__ch2__id34,connective,normal
5,5,244,340,244,340,0.7176470588235294,0.7176470588235294,1.0,256,Breast,256__ch2__id41,connective,normal
6,6,242,494,248,500,0.484,0.4898785425101215,0.9758064516129032,256,Breast,256__ch2__id45,connective,normal
7,7,191,296,198,303,0.6303630363036303,0.6452702702702703,0.9646464646464646,256,Breast,256__ch2__id52,connective,normal
3,2,148,188,162,202,0.7326732673267327,0.7872340425531915,0.9135802469135802,329,Breast,329__ch0__id99,neoplastic,neoplastic
4,1,548,704,548,704,0.7784090909090909,0.7784090909090909,1.0,329,Breast,329__ch0__id102,neoplastic,neoplastic
5,3,589,695,589,695,0.8474820143884892,0.8474820143884892,1.0,329,Breast,329__ch0__id113,neoplastic,neoplastic
6,4,805,913,805,913,0.8817086527929902,0.8817086527929902,1.0,329,Breast,329__ch0__id115,neoplastic,neoplastic
7,5,617,699,700,782,0.789002557544757,0.882689556509299,0.8814285714285715,329,Breast,329__ch0__id119,neoplastic,neoplastic
8,6,594,860,594,860,0.6906976744186046,0.6906976744186046,1.0,329,Breast,329__ch0__id130,neoplastic,neoplastic
9,7,929,1100,961,1132,0.8206713780918727,0.8445454545454546,0.9667013527575442,329,Breast,329__ch0__id131,neoplastic,neoplastic
10,10,521,860,1322,1661,0.3136664659843468,0.6058139534883721,0.3940998487140696,329,Breast,329__ch0__id136,neoplastic,neoplastic
11,8,899,1007,899,1007,0.8927507447864945,0.8927507447864945,1.0,329,Breast,329__ch0__id137,neoplastic,neoplastic
12,7,2,1005,961,1964,0.0010183299389002036,0.001990049751243781,0.002081165452653486,329,Breast,329__ch0__id141,neoplastic,neoplastic
12,9,858,1005,870,1017,0.8436578171091446,0.8537313432835821,0.9862068965517241,329,Breast,329__ch0__id141,neoplastic,neoplastic
13,11,532,654,897,1019,0.5220804710500491,0.8134556574923547,0.5930880713489409,329,Breast,329__ch0__id153,neoplastic,neoplastic
15,12,864,1057,910,1103,0.7833182230281052,0.8174077578051088,0.9494505494505494,329,Breast,329__ch0__id157,neoplastic,neoplastic
16,11,6,693,897,1584,0.003787878787878788,0.008658008658008658,0.006688963210702341,329,Breast,329__ch0__id161,neoplastic,neoplastic
16,13,572,693,605,726,0.7878787878787878,0.8253968253968254,0.9454545454545454,329,Breast,329__ch0__id161,neoplastic,neoplastic
17,14,836,939,964,1067,0.7835051546391752,0.8903088391906283,0.8672199170124482,329,Breast,329__ch0__id164,neoplastic,neoplastic
18,15,723,936,723,936,0.7724358974358975,0.7724358974358975,1.0,329,Breast,329__ch0__id168,neoplastic,neoplastic
20,14,127,1574,964,2411,0.052675238490253004,0.0806861499364676,0.13174273858921162,329,Breast,329__ch0__id174,neoplastic,neoplastic
20,16,1208,1574,1208,1574,0.7674714104193139,0.7674714104193139,1.0,329,Breast,329__ch0__id174,neoplastic,neoplastic
22,17,744,841,749,846,0.8794326241134752,0.8846611177170036,0.9933244325767691,329,Breast,329__ch0__id181,neoplastic,neoplastic
25,18,568,643,579,654,0.8685015290519877,0.8833592534992224,0.9810017271157168,329,Breast,329__ch0__id189,neoplastic,neoplastic
26,19,595,693,595,693,0.8585858585858586,0.8585858585858586,1.0,329,Breast,329__ch0__id190,neoplastic,neoplastic
27,20,491,605,493,607,0.8088962108731467,0.8115702479338843,0.9959432048681541,329,Breast,329__ch0__id198,neoplastic,neoplastic
28,21,173,251,173,251,0.6892430278884463,0.6892430278884463,1.0,329,Breast,329__ch0__id199,neoplastic,neoplastic
29,23,849,1002,857,1010,0.8405940594059406,0.8473053892215568,0.9906651108518086,329,Breast,329__ch0__id207,neoplastic,neoplastic
30,24,698,840,710,852,0.8192488262910798,0.830952380952381,0.9830985915492958,329,Breast,329__ch0__id211,neoplastic,neoplastic
32,25,277,433,277,433,0.6397228637413395,0.6397228637413395,1.0,329,Breast,329__ch0__id213,neoplastic,neoplastic
33,23,7,922,857,1772,0.0039503386004514675,0.007592190889370932,0.008168028004667444,329,Breast,329__ch0__id215,neoplastic,neoplastic
33,26,769,922,769,922,0.834056399132321,0.834056399132321,1.0,329,Breast,329__ch0__id215,neoplastic,neoplastic
34,27,226,330,284,388,0.5824742268041238,0.6848484848484848,0.795774647887324,329,Breast,329__ch0__id216,neoplastic,neoplastic
35,28,887,1091,887,1091,0.8130155820348305,0.8130155820348305,1.0,329,Breast,329__ch0__id231,neoplastic,neoplastic
36,29,427,560,427,560,0.7625,0.7625,1.0,329,Breast,329__ch0__id234,neoplastic,neoplastic
37,30,241,317,241,317,0.7602523659305994,0.7602523659305994,1.0,329,Breast,329__ch0__id237,neoplastic,neoplastic
38,31,66,179,66,179,0.3687150837988827,0.3687150837988827,1.0,329,Breast,329__ch0__id239,neoplastic,neoplastic
1,1,1153,1205,1479,1531,0.7531025473546702,0.9568464730290457,0.7795807978363759,341,Breast,341__ch0__id27,neoplastic,neoplastic
2,2,1799,2092,1817,2110,0.85260663507109,0.859942638623327,0.9900935608145295,341,Breast,341__ch0__id32,neoplastic,neoplastic
5,3,676,757,678,759,0.8906455862977603,0.892998678996037,0.9970501474926253,341,Breast,341__ch0__id42,neoplastic,neoplastic
6,4,457,999,471,1013,0.45113524185587367,0.4574574574574575,0.970276008492569,341,Breast,341__ch0__id45,neoplastic,neoplastic
6,5,473,999,475,1001,0.4725274725274725,0.47347347347347346,0.9957894736842106,341,Breast,341__ch0__id45,neoplastic,neoplastic
7,6,254,319,265,330,0.7696969696969697,0.7962382445141066,0.9584905660377359,341,Breast,341__ch0__id47,neoplastic,neoplastic
1,1,760,834,807,881,0.8626560726447219,0.9112709832134293,0.9417596034696406,371,Breast,371__ch0__id1,neoplastic,neoplastic
2,2,2099,2337,2102,2340,0.897008547008547,0.8981600342319213,0.9985727878211227,371,Breast,371__ch0__id4,neoplastic,neoplastic
3,3,423,526,466,569,0.7434094903339191,0.8041825095057035,0.907725321888412,371,Breast,371__ch0__id10,neoplastic,neoplastic
4,4,1905,2048,1911,2054,0.927458617332035,0.93017578125,0.9968602825745683,371,Breast,371__ch0__id18,neoplastic,neoplastic
5,5,1287,2786,1315,2814,0.4573560767590618,0.4619526202440775,0.9787072243346008,371,Breast,371__ch0__id24,neoplastic,neoplastic
5,8,1338,2786,1343,2791,0.4793980652096023,0.48025843503230436,0.996276991809382,371,Breast,371__ch0__id24,neoplastic,neoplastic
6,6,1971,2152,1976,2157,0.913769123783032,0.9158921933085502,0.9974696356275303,371,Breast,371__ch0__id30,neoplastic,neoplastic
7,7,1102,1238,1155,1291,0.8536018590240124,0.8901453957996769,0.9541125541125541,371,Breast,371__ch0__id34,neoplastic,neoplastic
7,9,101,1238,2040,3177,0.03179099779666352,0.0815831987075929,0.049509803921568625,371,Breast,371__ch0__id34,neoplastic,neoplastic
7,10,14,1238,1618,2842,0.0049261083743842365,0.011308562197092083,0.00865265760197775,371,Breast,371__ch0__id34,neoplastic,neoplastic
8,7,1,1553,1155,2707,0.0003694126339120798,0.000643915003219575,0.0008658008658008658,371,Breast,371__ch0__id42,neoplastic,neoplastic
8,9,64,1553,2040,3529,0.018135449135732503,0.0412105602060528,0.03137254901960784,371,Breast,371__ch0__id42,neoplastic,neoplastic
8,10,1488,1553,1618,1683,0.8841354723707665,0.9581455247907277,0.9196538936959209,371,Breast,371__ch0__id42,neoplastic,neoplastic
9,9,1413,1485,2040,2112,0.6690340909090909,0.9515151515151515,0.6926470588235294,371,Breast,371__ch0__id46,neoplastic,neoplastic
10,11,303,509,303,509,0.5952848722986247,0.5952848722986247,1.0,371,Breast,371__ch0__id47,neoplastic,neoplastic
11,12,593,697,593,697,0.8507890961262554,0.8507890961262554,1.0,371,Breast,371__ch0__id52,neoplastic,neoplastic
12,13,1125,1263,1143,1281,0.8782201405152225,0.8907363420427553,0.984251968503937,371,Breast,371__ch0__id55,neoplastic,neoplastic
2,1,246,298,261,313,0.7859424920127795,0.825503355704698,0.9425287356321839,403,Breast,403__ch1__id135,inflammatory,normal
3,3,468,531,470,533,0.8780487804878049,0.8813559322033898,0.9957446808510638,403,Breast,403__ch1__id144,inflammatory,normal
4,5,408,475,408,475,0.8589473684210527,0.8589473684210527,1.0,403,Breast,403__ch1__id158,inflammatory,normal
5,6,250,334,265,349,0.7163323782234957,0.7485029940119761,0.9433962264150944,403,Breast,403__ch1__id160,inflammatory,normal
6,8,235,463,236,464,0.5064655172413793,0.5075593952483801,0.9957627118644068,403,Breast,403__ch1__id164,inflammatory,normal
7,7,293,393,293,393,0.7455470737913485,0.7455470737913485,1.0,403,Breast,403__ch1__id165,inflammatory,normal
8,9,321,390,354,423,0.7588652482269503,0.823076923076923,0.9067796610169492,403,Breast,403__ch1__id166,inflammatory,normal
9,10,353,450,361,458,0.7707423580786026,0.7844444444444445,0.9778393351800554,403,Breast,403__ch1__id169,inflammatory,normal
10,11,301,374,324,397,0.7581863979848866,0.8048128342245989,0.9290123456790124,403,Breast,403__ch1__id172,inflammatory,normal
11,12,272,329,284,341,0.7976539589442815,0.8267477203647416,0.9577464788732394,403,Breast,403__ch1__id184,inflammatory,normal
12,14,294,356,333,395,0.7443037974683544,0.8258426966292135,0.8828828828828829,403,Breast,403__ch1__id187,inflammatory,normal
14,2,274,447,274,447,0.6129753914988815,0.6129753914988815,1.0,403,Breast,403__ch2__id143,connective,normal
15,4,694,1033,694,1033,0.6718296224588577,0.6718296224588577,1.0,403,Breast,403__ch2__id150,connective,normal
18,13,494,608,494,608,0.8125,0.8125,1.0,403,Breast,403__ch2__id185,connective,normal
19,15,528,794,528,794,0.6649874055415617,0.6649874055415617,1.0,403,Breast,403__ch2__id196,connective,normal
1,1,610,710,626,726,0.8402203856749312,0.8591549295774648,0.9744408945686901,424,Breast,424__ch0__id67,neoplastic,neoplastic
2,2,856,938,863,945,0.9058201058201059,0.9125799573560768,0.9918887601390498,424,Breast,424__ch0__id72,neoplastic,neoplastic
3,3,6,485,531,1010,0.005940594059405941,0.012371134020618556,0.011299435028248588,424,Breast,424__ch0__id77,neoplastic,neoplastic
3,4,432,485,461,514,0.8404669260700389,0.8907216494845361,0.9370932754880694,424,Breast,424__ch0__id77,neoplastic,neoplastic
4,5,753,855,760,862,0.8735498839907193,0.8807017543859649,0.9907894736842106,424,Breast,424__ch0__id81,neoplastic,neoplastic
5,6,347,449,347,449,0.7728285077951003,0.7728285077951003,1.0,424,Breast,424__ch0__id84,neoplastic,neoplastic
6,7,687,787,734,834,0.8237410071942446,0.8729351969504447,0.9359673024523161,424,Breast,424__ch0__id86,neoplastic,neoplastic
7,8,162,202,200,240,0.675,0.801980198019802,0.81,424,Breast,424__ch0__id87,neoplastic,neoplastic
8,9,878,1046,878,1046,0.8393881453154876,0.8393881453154876,1.0,424,Breast,424__ch0__id89,neoplastic,neoplastic
9,10,880,1020,895,1035,0.8502415458937198,0.8627450980392157,0.9832402234636871,424,Breast,424__ch0__id91,neoplastic,neoplastic
10,11,702,827,703,828,0.8478260869565217,0.848851269649335,0.9985775248933144,424,Breast,424__ch0__id95,neoplastic,neoplastic
11,12,529,599,539,609,0.8686371100164204,0.8831385642737897,0.9814471243042672,424,Breast,424__ch0__id97,neoplastic,neoplastic
12,13,455,702,455,702,0.6481481481481481,0.6481481481481481,1.0,424,Breast,424__ch0__id103,neoplastic,neoplastic
13,14,503,577,503,577,0.8717504332755632,0.8717504332755632,1.0,424,Breast,424__ch0__id104,neoplastic,neoplastic
14,17,259,613,263,617,0.419773095623987,0.42251223491027734,0.9847908745247148,424,Breast,424__ch0__id110,neoplastic,neoplastic
15,15,662,789,662,789,0.8390367553865653,0.8390367553865653,1.0,424,Breast,424__ch0__id111,neoplastic,neoplastic
15,18,11,789,570,1348,0.008160237388724036,0.01394169835234474,0.01929824561403509,424,Breast,424__ch0__id111,neoplastic,neoplastic
17,16,502,573,554,625,0.8032,0.8760907504363001,0.9061371841155235,424,Breast,424__ch0__id113,neoplastic,neoplastic
18,18,468,536,570,638,0.7335423197492164,0.8731343283582089,0.8210526315789474,424,Breast,424__ch0__id117,neoplastic,neoplastic
19,19,385,572,385,572,0.6730769230769231,0.6730769230769231,1.0,424,Breast,424__ch0__id121,neoplastic,neoplastic
20,20,431,494,477,540,0.7981481481481482,0.8724696356275303,0.9035639412997903,424,Breast,424__ch0__id122,neoplastic,neoplastic
21,21,639,823,639,823,0.7764277035236938,0.7764277035236938,1.0,424,Breast,424__ch0__id125,neoplastic,neoplastic
22,23,359,533,359,533,0.6735459662288931,0.6735459662288931,1.0,424,Breast,424__ch0__id128,neoplastic,neoplastic
23,22,299,394,332,427,0.7002341920374707,0.7588832487309645,0.9006024096385542,424,Breast,424__ch0__id129,neoplastic,neoplastic
24,24,62,213,62,213,0.29107981220657275,0.29107981220657275,1.0,424,Breast,424__ch0__id132,neoplastic,neoplastic
1,3,60,92,71,103,0.5825242718446602,0.6521739130434783,0.8450704225352113,429,Breast,429__ch0__id65,neoplastic,neoplastic
3,2,322,358,335,371,0.8679245283018868,0.8994413407821229,0.9611940298507463,429,Breast,429__ch0__id70,neoplastic,neoplastic
4,4,435,486,466,517,0.8413926499032882,0.8950617283950617,0.9334763948497854,429,Breast,429__ch0__id73,neoplastic,neoplastic
5,5,875,1100,918,1143,0.7655293088363955,0.7954545454545454,0.9531590413943355,429,Breast,429__ch0__id75,neoplastic,neoplastic
6,10,316,2406,401,2491,0.12685668406262546,0.1313383208645054,0.7880299251870324,429,Breast,429__ch0__id77,neoplastic,neoplastic
7,6,534,587,888,941,0.5674814027630181,0.909710391822828,0.6013513513513513,429,Breast,429__ch0__id79,neoplastic,neoplastic
8,8,334,453,334,453,0.7373068432671082,0.7373068432671082,1.0,429,Breast,429__ch0__id85,neoplastic,neoplastic
9,12,472,563,542,633,0.7456556082148499,0.8383658969804618,0.8708487084870848,429,Breast,429__ch0__id90,neoplastic,neoplastic
10,14,448,504,448,504,0.8888888888888888,0.8888888888888888,1.0,429,Breast,429__ch0__id93,neoplastic,neoplastic
11,15,561,675,636,750,0.748,0.8311111111111111,0.8820754716981132,429,Breast,429__ch0__id98,neoplastic,neoplastic
12,16,615,671,641,697,0.8823529411764706,0.9165424739195231,0.9594383775351014,429,Breast,429__ch0__id99,neoplastic,neoplastic
13,17,420,448,421,449,0.9354120267260579,0.9375,0.997624703087886,429,Breast,429__ch0__id102,neoplastic,neoplastic
14,22,766,880,767,881,0.8694665153234961,0.8704545454545455,0.9986962190352021,429,Breast,429__ch0__id112,neoplastic,neoplastic
15,23,701,753,743,795,0.8817610062893082,0.9309428950863213,0.9434724091520862,429,Breast,429__ch0__id113,neoplastic,neoplastic
17,1,281,326,293,338,0.8313609467455622,0.8619631901840491,0.9590443686006825,429,Breast,429__ch2__id71,connective,normal
18,7,372,431,381,440,0.8454545454545455,0.8631090487238979,0.9763779527559056,429,Breast,429__ch2__id80,connective,normal
19,11,384,414,722,752,0.5106382978723404,0.927536231884058,0.5318559556786704,429,Breast,429__ch2__id88,connective,normal
20,13,195,275,220,300,0.65,0.7090909090909091,0.8863636363636364,429,Breast,429__ch2__id92,connective,normal
21,18,411,518,529,636,0.6462264150943396,0.7934362934362934,0.776937618147448,429,Breast,429__ch2__id106,connective,normal
22,20,426,518,426,518,0.8223938223938224,0.8223938223938224,1.0,429,Breast,429__ch2__id110,connective,normal
23,21,458,646,473,661,0.6928895612708018,0.7089783281733746,0.9682875264270613,429,Breast,429__ch2__id111,connective,normal
24,25,58,156,156,254,0.2283464566929134,0.3717948717948718,0.3717948717948718,429,Breast,429__ch2__id114,connective,normal
25,24,25,151,345,471,0.05307855626326964,0.16556291390728478,0.07246376811594203,429,Breast,429__ch2__id116,connective,normal
25,25,35,151,156,272,0.12867647058823528,0.23178807947019867,0.22435897435897437,429,Breast,429__ch2__id116,connective,normal
1,3,18,941,964,1887,0.009538950715421303,0.019128586609989374,0.01867219917012448,470,Breast,470__ch0__id101,neoplastic,neoplastic
2,1,1678,1820,1706,1848,0.908008658008658,0.921978021978022,0.9835873388042204,470,Breast,470__ch0__id103,neoplastic,neoplastic
3,3,922,945,964,987,0.9341438703140831,0.9756613756613757,0.9564315352697096,470,Breast,470__ch0__id110,neoplastic,neoplastic
4,4,1124,1260,1181,1317,0.853454821564161,0.8920634920634921,0.951735817104149,470,Breast,470__ch0__id115,neoplastic,neoplastic
5,5,865,952,871,958,0.9029227557411273,0.9086134453781513,0.9931113662456946,470,Breast,470__ch0__id119,neoplastic,neoplastic
6,8,474,618,702,846,0.5602836879432624,0.7669902912621359,0.6752136752136753,470,Breast,470__ch0__id147,neoplastic,neoplastic
8,8,218,743,702,1227,0.17766911165444174,0.2934051144010767,0.31054131054131057,470,Breast,470__ch0__id155,neoplastic,neoplastic
8,9,491,743,540,792,0.6199494949494949,0.6608344549125168,0.9092592592592592,470,Breast,470__ch0__id155,neoplastic,neoplastic
9,10,939,984,1105,1150,0.8165217391304348,0.9542682926829268,0.8497737556561086,470,Breast,470__ch0__id157,neoplastic,neoplastic
10,11,827,889,1003,1065,0.7765258215962442,0.9302587176602924,0.8245264207377866,470,Breast,470__ch0__id158,neoplastic,neoplastic
11,12,716,746,828,858,0.8344988344988346,0.9597855227882037,0.8647342995169082,470,Breast,470__ch0__id162,neoplastic,neoplastic
12,13,1015,1068,1020,1073,0.9459459459459459,0.950374531835206,0.9950980392156863,470,Breast,470__ch0__id164,neoplastic,neoplastic
17,14,298,346,298,346,0.861271676300578,0.861271676300578,1.0,470,Breast,470__ch1__id169,inflammatory,normal
18,15,132,180,139,187,0.7058823529411765,0.7333333333333333,0.9496402877697842,470,Breast,470__ch1__id170,inflammatory,normal
19,2,375,452,397,474,0.7911392405063291,0.8296460176991151,0.9445843828715366,470,Breast,470__ch2__id104,connective,normal
22,6,243,363,278,398,0.6105527638190955,0.6694214876033058,0.8741007194244604,470,Breast,470__ch2__id136,connective,normal
23,7,198,247,252,301,0.6578073089700996,0.8016194331983806,0.7857142857142857,470,Breast,470__ch2__id148,connective,normal
1,2,503,584,512,593,0.8482293423271501,0.8613013698630136,0.982421875,497,Breast,497__ch0__id65,neoplastic,neoplastic
2,1,706,773,706,773,0.9133247089262613,0.9133247089262613,1.0,497,Breast,497__ch0__id66,neoplastic,neoplastic
3,3,454,718,454,718,0.6323119777158774,0.6323119777158774,1.0,497,Breast,497__ch0__id68,neoplastic,neoplastic
4,4,865,964,901,1000,0.865,0.8973029045643154,0.9600443951165372,497,Breast,497__ch0__id75,neoplastic,neoplastic
6,5,939,1074,943,1078,0.8710575139146568,0.8743016759776536,0.9957582184517497,497,Breast,497__ch0__id83,neoplastic,neoplastic
7,6,735,817,809,891,0.8249158249158249,0.8996328029375765,0.9085290482076638,497,Breast,497__ch0__id85,neoplastic,neoplastic
8,7,1319,1448,1341,1470,0.8972789115646258,0.9109116022099447,0.9835943325876212,497,Breast,497__ch0__id86,neoplastic,neoplastic
9,8,519,564,544,589,0.8811544991511036,0.9202127659574468,0.9540441176470589,497,Breast,497__ch0__id92,neoplastic,neoplastic
10,9,530,765,530,765,0.6928104575163399,0.6928104575163399,1.0,497,Breast,497__ch0__id97,neoplastic,neoplastic
11,10,332,382,337,387,0.8578811369509044,0.8691099476439791,0.9851632047477745,497,Breast,497__ch0__id100,neoplastic,neoplastic
12,11,569,715,572,718,0.7924791086350975,0.7958041958041958,0.9947552447552448,497,Breast,497__ch0__id103,neoplastic,neoplastic
13,12,970,1055,990,1075,0.9023255813953488,0.919431279620853,0.9797979797979798,497,Breast,497__ch0__id116,neoplastic,neoplastic
14,13,328,457,328,457,0.7177242888402626,0.7177242888402626,1.0,497,Breast,497__ch0__id118,neoplastic,neoplastic
15,14,960,1133,974,1147,0.8369659982563208,0.8473080317740512,0.9856262833675564,497,Breast,497__ch0__id131,neoplastic,neoplastic
16,15,984,1202,984,1202,0.8186356073211315,0.8186356073211315,1.0,497,Breast,497__ch0__id132,neoplastic,neoplastic
17,16,514,594,575,655,0.7847328244274809,0.8653198653198653,0.8939130434782608,497,Breast,497__ch0__id136,neoplastic,neoplastic
19,17,321,420,336,435,0.7379310344827587,0.7642857142857142,0.9553571428571429,497,Breast,497__ch0__id147,neoplastic,neoplastic
20,18,212,331,212,331,0.6404833836858006,0.6404833836858006,1.0,497,Breast,497__ch0__id148,neoplastic,neoplastic
1,2,1143,1354,1143,1354,0.8441654357459379,0.8441654357459379,1.0,507,Breast,507__ch0__id2,neoplastic,neoplastic
2,3,635,771,635,771,0.8236057068741893,0.8236057068741893,1.0,507,Breast,507__ch0__id9,neoplastic,neoplastic
3,4,502,622,502,622,0.8070739549839229,0.8070739549839229,1.0,507,Breast,507__ch0__id11,neoplastic,neoplastic
4,8,12,240,226,454,0.02643171806167401,0.05,0.05309734513274336,507,Breast,507__ch0__id15,neoplastic,neoplastic
5,5,847,1038,847,1038,0.8159922928709056,0.8159922928709056,1.0,507,Breast,507__ch0__id17,neoplastic,neoplastic
6,9,336,404,336,404,0.8316831683168316,0.8316831683168316,1.0,507,Breast,507__ch0__id29,neoplastic,neoplastic
7,10,595,701,632,738,0.8062330623306233,0.8487874465049928,0.9414556962025317,507,Breast,507__ch0__id33,neoplastic,neoplastic
8,11,606,736,606,736,0.8233695652173914,0.8233695652173914,1.0,507,Breast,507__ch0__id35,neoplastic,neoplastic
9,12,887,1033,927,1073,0.8266542404473439,0.8586640851887706,0.9568500539374326,507,Breast,507__ch0__id36,neoplastic,neoplastic
10,14,255,384,255,384,0.6640625,0.6640625,1.0,507,Breast,507__ch0__id40,neoplastic,neoplastic
11,16,133,285,133,285,0.4666666666666667,0.4666666666666667,1.0,507,Breast,507__ch0__id42,neoplastic,neoplastic
12,15,418,503,461,546,0.7655677655677655,0.831013916500994,0.9067245119305857,507,Breast,507__ch0__id43,neoplastic,neoplastic
14,17,327,462,327,462,0.7077922077922078,0.7077922077922078,1.0,507,Breast,507__ch0__id50,neoplastic,neoplastic
15,18,332,549,335,552,0.6014492753623188,0.604735883424408,0.991044776119403,507,Breast,507__ch0__id55,neoplastic,neoplastic
16,19,232,319,232,319,0.7272727272727273,0.7272727272727273,1.0,507,Breast,507__ch0__id58,neoplastic,neoplastic
17,20,672,753,695,776,0.865979381443299,0.8924302788844621,0.9669064748201439,507,Breast,507__ch0__id59,neoplastic,neoplastic
18,21,183,252,369,438,0.4178082191780822,0.7261904761904762,0.4959349593495935,507,Breast,507__ch0__id63,neoplastic,neoplastic
19,23,629,711,629,711,0.8846694796061885,0.8846694796061885,1.0,507,Breast,507__ch0__id65,neoplastic,neoplastic
20,22,546,636,552,642,0.8504672897196262,0.8584905660377359,0.9891304347826086,507,Breast,507__ch0__id68,neoplastic,neoplastic
21,21,131,166,369,404,0.32425742574257427,0.7891566265060241,0.35501355013550134,507,Breast,507__ch0__id73,neoplastic,neoplastic
22,24,724,848,724,848,0.8537735849056604,0.8537735849056604,1.0,507,Breast,507__ch0__id75,neoplastic,neoplastic
23,25,822,969,826,973,0.8448098663926003,0.848297213622291,0.9951573849878934,507,Breast,507__ch0__id80,neoplastic,neoplastic
28,6,277,342,310,375,0.7386666666666667,0.8099415204678363,0.8935483870967742,507,Breast,507__ch1__id21,inflammatory,normal
1,1,911,948,941,978,0.9314928425357873,0.9609704641350211,0.9681190223166843,516,Breast,516__ch0__id1,neoplastic,neoplastic
2,3,620,704,620,704,0.8806818181818182,0.8806818181818182,1.0,516,Breast,516__ch0__id6,neoplastic,neoplastic
4,4,822,889,873,940,0.874468085106383,0.9246344206974129,0.9415807560137457,516,Breast,516__ch0__id12,neoplastic,neoplastic
5,5,746,849,865,968,0.7706611570247934,0.8786808009422851,0.8624277456647399,516,Breast,516__ch0__id22,neoplastic,neoplastic
6,6,1087,1235,1215,1363,0.797505502567865,0.8801619433198381,0.8946502057613168,516,Breast,516__ch0__id26,neoplastic,neoplastic
9,8,905,980,943,1018,0.8889980353634578,0.923469387755102,0.9597030752916225,516,Breast,516__ch0__id46,neoplastic,neoplastic
10,9,751,888,751,888,0.8457207207207207,0.8457207207207207,1.0,516,Breast,516__ch0__id47,neoplastic,neoplastic
11,10,737,796,784,843,0.8742586002372479,0.9258793969849246,0.9400510204081632,516,Breast,516__ch0__id57,neoplastic,neoplastic
12,11,692,753,745,806,0.858560794044665,0.9189907038512616,0.9288590604026845,516,Breast,516__ch0__id58,neoplastic,neoplastic
13,12,375,664,377,666,0.5630630630630631,0.5647590361445783,0.9946949602122016,516,Breast,516__ch0__id63,neoplastic,neoplastic
14,13,754,816,780,842,0.8954869358669834,0.9240196078431373,0.9666666666666667,516,Breast,516__ch0__id65,neoplastic,neoplastic
15,14,653,703,655,705,0.926241134751773,0.9288762446657184,0.9969465648854962,516,Breast,516__ch0__id71,neoplastic,neoplastic
17,7,331,424,331,424,0.7806603773584906,0.7806603773584906,1.0,516,Breast,516__ch1__id27,inflammatory,normal
18,2,275,611,275,611,0.4500818330605565,0.4500818330605565,1.0,516,Breast,516__ch2__id4,connective,normal
1,7,559,609,572,622,0.8987138263665595,0.9178981937602627,0.9772727272727273,588,Breast,588__ch0__id135,neoplastic,neoplastic
2,8,194,220,236,262,0.7404580152671756,0.8818181818181818,0.8220338983050848,588,Breast,588__ch0__id136,neoplastic,neoplastic
3,10,191,241,219,269,0.7100371747211895,0.7925311203319502,0.8721461187214612,588,Breast,588__ch0__id141,neoplastic,neoplastic
4,9,427,479,507,559,0.7638640429338104,0.8914405010438413,0.8422090729783037,588,Breast,588__ch0__id142,neoplastic,neoplastic
8,1,290,328,307,345,0.8405797101449275,0.8841463414634146,0.9446254071661238,588,Breast,588__ch2__id106,connective,normal
11,2,331,578,347,594,0.5572390572390572,0.5726643598615917,0.9538904899135446,588,Breast,588__ch2__id116,connective,normal
12,3,96,175,101,180,0.5333333333333333,0.5485714285714286,0.9504950495049505,588,Breast,588__ch2__id117,connective,normal
13,4,238,397,291,450,0.5288888888888889,0.5994962216624685,0.8178694158075601,588,Breast,588__ch2__id120,connective,normal
14,5,340,360,378,398,0.8542713567839196,0.9444444444444444,0.8994708994708994,588,Breast,588__ch2__id127,connective,normal
15,6,128,253,130,255,0.5019607843137255,0.5059288537549407,0.9846153846153847,588,Breast,588__ch2__id130,connective,normal
16,11,107,172,121,186,0.5752688172043011,0.622093023255814,0.8842975206611571,588,Breast,588__ch2__id145,connective,normal
1,1,323,402,362,441,0.7324263038548753,0.8034825870646766,0.8922651933701657,597,Breast,597__ch0__id45,neoplastic,neoplastic
2,2,225,278,305,358,0.6284916201117319,0.8093525179856115,0.7377049180327869,597,Breast,597__ch0__id46,neoplastic,neoplastic
3,1,2,484,362,844,0.002369668246445498,0.004132231404958678,0.0055248618784530384,597,Breast,597__ch0__id51,neoplastic,neoplastic
3,3,423,484,457,518,0.8166023166023166,0.8739669421487604,0.925601750547046,597,Breast,597__ch0__id51,neoplastic,neoplastic
4,5,308,400,330,422,0.7298578199052133,0.77,0.9333333333333333,597,Breast,597__ch0__id55,neoplastic,neoplastic
4,7,6,400,415,809,0.007416563658838072,0.015,0.014457831325301205,597,Breast,597__ch0__id55,neoplastic,neoplastic
5,2,8,435,305,732,0.01092896174863388,0.01839080459770115,0.02622950819672131,597,Breast,597__ch0__id56,neoplastic,neoplastic
5,4,407,435,457,485,0.8391752577319588,0.9356321839080459,0.8905908096280087,597,Breast,597__ch0__id56,neoplastic,neoplastic
6,6,413,443,456,486,0.8497942386831275,0.9322799097065463,0.9057017543859649,597,Breast,597__ch0__id62,neoplastic,neoplastic
7,7,352,655,415,718,0.49025069637883006,0.5374045801526718,0.8481927710843373,597,Breast,597__ch0__id66,neoplastic,neoplastic
9,7,15,658,415,1058,0.014177693761814745,0.022796352583586626,0.03614457831325301,597,Breast,597__ch0__id71,neoplastic,neoplastic
9,8,466,658,483,675,0.6903703703703704,0.7082066869300911,0.9648033126293996,597,Breast,597__ch0__id71,neoplastic,neoplastic
10,9,1,341,512,852,0.0011737089201877935,0.002932551319648094,0.001953125,597,Breast,597__ch0__id86,neoplastic,neoplastic
11,9,484,525,512,553,0.8752260397830018,0.9219047619047619,0.9453125,597,Breast,597__ch0__id95,neoplastic,neoplastic
11,10,21,525,793,1297,0.016191210485736313,0.04,0.02648171500630517,597,Breast,597__ch0__id95,neoplastic,neoplastic
13,10,705,760,793,848,0.8313679245283019,0.9276315789473685,0.8890290037831021,597,Breast,597__ch0__id103,neoplastic,neoplastic
14,12,347,396,412,461,0.7527114967462039,0.8762626262626263,0.8422330097087378,597,Breast,597__ch0__id120,neoplastic,neoplastic
15,11,241,331,241,331,0.7280966767371602,0.7280966767371602,1.0,597,Breast,597__ch0__id121,neoplastic,neoplastic
16,13,92,423,224,555,0.16576576576576577,0.21749408983451538,0.4107142857142857,597,Breast,597__ch0__id131,neoplastic,neoplastic
18,13,127,152,224,249,0.5100401606425703,0.8355263157894737,0.5669642857142857,597,Breast,597__ch0__id139,neoplastic,neoplastic
2,2,222,265,247,290,0.7655172413793103,0.8377358490566038,0.8987854251012146,635,Breast,635__ch1__id63,inflammatory,normal
3,3,190,215,226,251,0.7569721115537849,0.8837209302325582,0.8407079646017699,635,Breast,635__ch1__id84,inflammatory,normal
5,1,456,595,458,597,0.7638190954773869,0.7663865546218488,0.9956331877729258,635,Breast,635__ch2__id51,connective,normal
2,1,332,451,363,482,0.6887966804979253,0.7361419068736141,0.9146005509641874,718,Breast,718__ch0__id131,neoplastic,neoplastic
3,2,814,936,815,937,0.8687299893276414,0.8696581196581197,0.9987730061349693,718,Breast,718__ch0__id134,neoplastic,neoplastic
4,3,1055,1131,1108,1184,0.8910472972972973,0.9328028293545535,0.9521660649819494,718,Breast,718__ch0__id136,neoplastic,neoplastic
5,4,1600,1668,1708,1776,0.9009009009009009,0.9592326139088729,0.936768149882904,718,Breast,718__ch0__id141,neoplastic,neoplastic
6,5,158,233,158,233,0.6781115879828327,0.6781115879828327,1.0,718,Breast,718__ch0__id143,neoplastic,neoplastic
8,6,1022,1073,1036,1087,0.9402023919043239,0.9524697110904008,0.9864864864864865,718,Breast,718__ch0__id160,neoplastic,neoplastic
9,8,280,373,280,373,0.7506702412868632,0.7506702412868632,1.0,718,Breast,718__ch0__id172,neoplastic,neoplastic
10,10,503,586,559,642,0.7834890965732088,0.8583617747440273,0.8998211091234347,718,Breast,718__ch1__id180,inflammatory,normal
11,12,368,530,371,533,0.6904315196998124,0.6943396226415094,0.9919137466307277,718,Breast,718__ch1__id465,inflammatory,normal
13,7,1369,1616,1394,1641,0.8342474101157831,0.8471534653465347,0.9820659971305595,718,Breast,718__ch2__id168,connective,normal
14,9,490,553,509,572,0.8566433566433567,0.8860759493670886,0.962671905697446,718,Breast,718__ch2__id177,connective,normal
15,11,993,1276,994,1277,0.7776037588097102,0.7782131661442007,0.9989939637826962,718,Breast,718__ch2__id199,connective,normal
16,13,160,247,165,252,0.6349206349206349,0.6477732793522267,0.9696969696969697,718,Breast,718__ch2__id209,connective,normal
1,2,208,225,290,307,0.6775244299674267,0.9244444444444444,0.7172413793103448,764,Colon,764__ch1__id8,inflammatory,normal
2,3,267,367,267,367,0.7275204359673024,0.7275204359673024,1.0,764,Colon,764__ch1__id10,inflammatory,normal
4,4,205,305,205,305,0.6721311475409836,0.6721311475409836,1.0,764,Colon,764__ch1__id17,inflammatory,normal
5,5,81,109,85,113,0.7168141592920354,0.7431192660550459,0.9529411764705882,764,Colon,764__ch1__id25,inflammatory,normal
6,6,264,296,265,297,0.8888888888888888,0.8918918918918919,0.9962264150943396,764,Colon,764__ch1__id34,inflammatory,normal
7,7,227,274,227,274,0.8284671532846716,0.8284671532846716,1.0,764,Colon,764__ch1__id35,inflammatory,normal
8,8,239,271,255,287,0.8327526132404182,0.8819188191881919,0.9372549019607843,764,Colon,764__ch1__id39,inflammatory,normal
9,9,238,269,265,296,0.8040540540540541,0.8847583643122676,0.8981132075471698,764,Colon,764__ch1__id42,inflammatory,normal
10,10,231,256,238,263,0.8783269961977186,0.90234375,0.9705882352941176,764,Colon,764__ch1__id58,inflammatory,normal
11,1,183,230,186,233,0.7854077253218884,0.7956521739130434,0.9838709677419355,764,Colon,764__ch2__id2,connective,normal
15,11,318,450,318,450,0.7066666666666667,0.7066666666666667,1.0,764,Colon,764__ch2__id64,connective,normal
1,2,341,421,349,429,0.7948717948717948,0.8099762470308789,0.9770773638968482,825,Colon,825__ch1__id9,inflammatory,normal
1,9,4,421,309,726,0.005509641873278237,0.009501187648456057,0.012944983818770227,825,Colon,825__ch1__id9,inflammatory,normal
2,4,271,401,271,401,0.6758104738154613,0.6758104738154613,1.0,825,Colon,825__ch1__id10,inflammatory,normal
2,6,3,401,250,648,0.004629629629629629,0.007481296758104738,0.012,825,Colon,825__ch1__id10,inflammatory,normal
3,6,247,308,250,311,0.7942122186495176,0.801948051948052,0.988,825,Colon,825__ch1__id13,inflammatory,normal
4,7,323,515,323,515,0.6271844660194175,0.6271844660194175,1.0,825,Colon,825__ch1__id20,inflammatory,normal
4,12,3,515,212,724,0.004143646408839779,0.005825242718446602,0.014150943396226415,825,Colon,825__ch1__id20,inflammatory,normal
4,13,9,515,410,916,0.009825327510917031,0.017475728155339806,0.02195121951219512,825,Colon,825__ch1__id20,inflammatory,normal
5,8,347,477,347,477,0.7274633123689728,0.7274633123689728,1.0,825,Colon,825__ch1__id22,inflammatory,normal
7,9,305,402,309,406,0.7512315270935961,0.7587064676616916,0.9870550161812298,825,Colon,825__ch1__id30,inflammatory,normal
8,10,177,206,285,314,0.5636942675159236,0.8592233009708737,0.6210526315789474,825,Colon,825__ch1__id32,inflammatory,normal
9,11,196,285,246,335,0.5850746268656717,0.6877192982456141,0.7967479674796748,825,Colon,825__ch1__id34,inflammatory,normal
10,12,197,242,212,257,0.7665369649805448,0.8140495867768595,0.9292452830188679,825,Colon,825__ch1__id38,inflammatory,normal
11,10,106,161,285,340,0.31176470588235294,0.6583850931677019,0.3719298245614035,825,Colon,825__ch1__id42,inflammatory,normal
12,13,326,335,410,419,0.7780429594272077,0.9731343283582089,0.7951219512195122,825,Colon,825__ch1__id44,inflammatory,normal
13,14,242,284,263,305,0.7934426229508197,0.852112676056338,0.9201520912547528,825,Colon,825__ch1__id47,inflammatory,normal
14,15,140,143,434,437,0.32036613272311215,0.9790209790209791,0.3225806451612903,825,Colon,825__ch1__id49,inflammatory,normal
15,16,381,485,381,485,0.7855670103092783,0.7855670103092783,1.0,825,Colon,825__ch1__id53,inflammatory,normal
16,12,6,232,212,438,0.0136986301369863,0.02586206896551724,0.02830188679245283,825,Colon,825__ch1__id55,inflammatory,normal
16,13,1,232,410,641,0.0015600624024961,0.004310344827586207,0.0024390243902439024,825,Colon,825__ch1__id55,inflammatory,normal
16,17,193,232,196,235,0.8212765957446808,0.8318965517241379,0.9846938775510204,825,Colon,825__ch1__id55,inflammatory,normal
17,18,481,590,481,590,0.8152542372881356,0.8152542372881356,1.0,825,Colon,825__ch1__id57,inflammatory,normal
18,19,89,120,90,121,0.7355371900826446,0.7416666666666667,0.9888888888888889,825,Colon,825__ch1__id60,inflammatory,normal
19,25,88,117,107,136,0.6470588235294118,0.7521367521367521,0.822429906542056,825,Colon,825__ch1__id61,inflammatory,normal
20,15,198,201,434,437,0.45308924485125857,0.9850746268656716,0.45622119815668205,825,Colon,825__ch1__id63,inflammatory,normal
21,20,166,209,166,209,0.7942583732057417,0.7942583732057417,1.0,825,Colon,825__ch1__id68,inflammatory,normal
21,21,1,209,221,429,0.002331002331002331,0.004784688995215311,0.004524886877828055,825,Colon,825__ch1__id68,inflammatory,normal
23,21,211,225,221,235,0.8978723404255319,0.9377777777777778,0.9547511312217195,825,Colon,825__ch1__id74,inflammatory,normal
24,14,18,371,263,616,0.02922077922077922,0.04851752021563342,0.06844106463878327,825,Colon,825__ch1__id77,inflammatory,normal
24,22,285,371,285,371,0.7681940700808625,0.7681940700808625,1.0,825,Colon,825__ch1__id77,inflammatory,normal
25,15,19,314,434,729,0.02606310013717421,0.06050955414012739,0.04377880184331797,825,Colon,825__ch1__id84,inflammatory,normal
25,24,176,314,182,320,0.55,0.5605095541401274,0.967032967032967,825,Colon,825__ch1__id84,inflammatory,normal
26,23,268,310,291,333,0.8048048048048048,0.864516129032258,0.9209621993127147,825,Colon,825__ch1__id85,inflammatory,normal
28,26,238,305,238,305,0.780327868852459,0.780327868852459,1.0,825,Colon,825__ch1__id90,inflammatory,normal
29,27,45,71,306,332,0.1355421686746988,0.6338028169014085,0.14705882352941177,825,Colon,825__ch1__id92,inflammatory,normal
30,28,306,341,313,348,0.8793103448275862,0.8973607038123167,0.9776357827476039,825,Colon,825__ch1__id97,inflammatory,normal
31,27,186,223,306,343,0.5422740524781341,0.8340807174887892,0.6078431372549019,825,Colon,825__ch1__id100,inflammatory,normal
32,30,264,312,269,317,0.832807570977918,0.8461538461538461,0.9814126394052045,825,Colon,825__ch1__id106,inflammatory,normal
33,27,1,163,306,468,0.002136752136752137,0.006134969325153374,0.0032679738562091504,825,Colon,825__ch1__id109,inflammatory,normal
33,31,130,163,135,168,0.7738095238095238,0.7975460122699386,0.9629629629629629,825,Colon,825__ch1__id109,inflammatory,normal
34,33,297,365,297,365,0.8136986301369863,0.8136986301369863,1.0,825,Colon,825__ch1__id114,inflammatory,normal
35,34,194,295,199,300,0.6466666666666666,0.6576271186440678,0.9748743718592965,825,Colon,825__ch1__id118,inflammatory,normal
36,36,300,415,300,415,0.7228915662650602,0.7228915662650602,1.0,825,Colon,825__ch1__id125,inflammatory,normal
36,39,5,415,238,648,0.007716049382716049,0.012048192771084338,0.02100840336134454,825,Colon,825__ch1__id125,inflammatory,normal
37,35,134,231,144,241,0.5560165975103735,0.5800865800865801,0.9305555555555556,825,Colon,825__ch1__id126,inflammatory,normal
38,32,1,327,194,520,0.0019230769230769232,0.0030581039755351682,0.005154639175257732,825,Colon,825__ch1__id131,inflammatory,normal
38,37,265,327,265,327,0.8103975535168195,0.8103975535168195,1.0,825,Colon,825__ch1__id131,inflammatory,normal
39,38,138,194,193,249,0.5542168674698795,0.711340206185567,0.7150259067357513,825,Colon,825__ch1__id133,inflammatory,normal
40,38,52,310,193,451,0.11529933481152993,0.16774193548387098,0.2694300518134715,825,Colon,825__ch1__id134,inflammatory,normal
41,39,230,277,238,285,0.8070175438596491,0.8303249097472925,0.9663865546218487,825,Colon,825__ch1__id138,inflammatory,normal
42,40,224,288,224,288,0.7777777777777778,0.7777777777777778,1.0,825,Colon,825__ch1__id140,inflammatory,normal
43,41,212,249,259,296,0.7162162162162162,0.8514056224899599,0.8185328185328186,825,Colon,825__ch1__id142,inflammatory,normal
44,35,6,339,144,477,0.012578616352201259,0.017699115044247787,0.041666666666666664,825,Colon,825__ch1__id143,inflammatory,normal
44,42,270,339,270,339,0.7964601769911505,0.7964601769911505,1.0,825,Colon,825__ch1__id143,inflammatory,normal
45,43,254,344,254,344,0.7383720930232558,0.7383720930232558,1.0,825,Colon,825__ch1__id146,inflammatory,normal
46,44,183,275,219,311,0.5884244372990354,0.6654545454545454,0.8356164383561644,825,Colon,825__ch1__id158,inflammatory,normal
47,45,208,264,227,283,0.734982332155477,0.7878787878787878,0.9162995594713657,825,Colon,825__ch1__id161,inflammatory,normal
47,50,6,264,188,446,0.013452914798206279,0.022727272727272728,0.031914893617021274,825,Colon,825__ch1__id161,inflammatory,normal
48,46,312,381,312,381,0.8188976377952756,0.8188976377952756,1.0,825,Colon,825__ch1__id167,inflammatory,normal
49,47,210,249,257,296,0.7094594594594594,0.8433734939759037,0.8171206225680934,825,Colon,825__ch1__id169,inflammatory,normal
50,48,213,267,213,267,0.797752808988764,0.797752808988764,1.0,825,Colon,825__ch1__id173,inflammatory,normal
51,49,238,311,238,311,0.7652733118971061,0.7652733118971061,1.0,825,Colon,825__ch1__id174,inflammatory,normal
53,51,173,199,183,209,0.8277511961722488,0.8693467336683417,0.9453551912568307,825,Colon,825__ch1__id190,inflammatory,normal
54,50,151,219,188,256,0.58984375,0.6894977168949772,0.8031914893617021,825,Colon,825__ch1__id191,inflammatory,normal
55,52,231,317,231,317,0.7287066246056783,0.7287066246056783,1.0,825,Colon,825__ch1__id192,inflammatory,normal
57,51,9,204,183,378,0.023809523809523808,0.04411764705882353,0.04918032786885246,825,Colon,825__ch1__id197,inflammatory,normal
57,53,149,204,173,228,0.6535087719298246,0.7303921568627451,0.861271676300578,825,Colon,825__ch1__id197,inflammatory,normal
58,53,1,313,173,485,0.002061855670103093,0.003194888178913738,0.005780346820809248,825,Colon,825__ch1__id199,inflammatory,normal
58,54,185,313,187,315,0.5873015873015873,0.5910543130990416,0.9893048128342246,825,Colon,825__ch1__id199,inflammatory,normal
59,55,243,315,243,315,0.7714285714285715,0.7714285714285715,1.0,825,Colon,825__ch1__id203,inflammatory,normal
60,58,238,451,238,451,0.5277161862527716,0.5277161862527716,1.0,825,Colon,825__ch1__id205,inflammatory,normal
61,57,182,237,194,249,0.7309236947791165,0.7679324894514767,0.9381443298969072,825,Colon,825__ch1__id207,inflammatory,normal
62,56,239,275,284,320,0.746875,0.8690909090909091,0.8415492957746479,825,Colon,825__ch1__id208,inflammatory,normal
63,59,225,277,225,277,0.8122743682310469,0.8122743682310469,1.0,825,Colon,825__ch1__id210,inflammatory,normal
65,60,234,261,234,261,0.896551724137931,0.896551724137931,1.0,825,Colon,825__ch1__id218,inflammatory,normal
66,57,4,339,194,529,0.007561436672967864,0.011799410029498525,0.020618556701030927,825,Colon,825__ch1__id223,inflammatory,normal
66,61,285,339,287,341,0.8357771260997068,0.8407079646017699,0.9930313588850174,825,Colon,825__ch1__id223,inflammatory,normal
67,66,191,526,304,639,0.29890453834115804,0.36311787072243346,0.6282894736842105,825,Colon,825__ch1__id227,inflammatory,normal
68,62,264,318,264,318,0.8301886792452831,0.8301886792452831,1.0,825,Colon,825__ch1__id235,inflammatory,normal
69,63,204,247,205,248,0.8225806451612904,0.8259109311740891,0.9951219512195122,825,Colon,825__ch1__id238,inflammatory,normal
69,67,1,247,204,450,0.0022222222222222222,0.004048582995951417,0.004901960784313725,825,Colon,825__ch1__id238,inflammatory,normal
70,64,134,200,134,200,0.67,0.67,1.0,825,Colon,825__ch1__id239,inflammatory,normal
70,67,7,200,204,397,0.017632241813602016,0.035,0.03431372549019608,825,Colon,825__ch1__id239,inflammatory,normal
71,65,288,346,288,346,0.8323699421965318,0.8323699421965318,1.0,825,Colon,825__ch1__id240,inflammatory,normal
73,67,193,243,204,254,0.7598425196850394,0.7942386831275721,0.946078431372549,825,Colon,825__ch1__id244,inflammatory,normal
74,68,220,278,220,278,0.7913669064748201,0.7913669064748201,1.0,825,Colon,825__ch1__id246,inflammatory,normal
75,69,420,585,420,585,0.717948717948718,0.717948717948718,1.0,825,Colon,825__ch1__id257,inflammatory,normal
76,66,2,18,304,320,0.00625,0.1111111111111111,0.006578947368421052,825,Colon,825__ch1__id258,inflammatory,normal
77,66,108,203,304,399,0.2706766917293233,0.5320197044334976,0.35526315789473684,825,Colon,825__ch1__id260,inflammatory,normal
78,71,206,252,207,253,0.8142292490118577,0.8174603174603174,0.9951690821256038,825,Colon,825__ch1__id263,inflammatory,normal
79,70,236,268,240,272,0.8676470588235294,0.8805970149253731,0.9833333333333333,825,Colon,825__ch1__id265,inflammatory,normal
80,73,353,442,353,442,0.7986425339366516,0.7986425339366516,1.0,825,Colon,825__ch1__id270,inflammatory,normal
81,75,306,380,306,380,0.8052631578947368,0.8052631578947368,1.0,825,Colon,825__ch1__id282,inflammatory,normal
82,74,214,266,218,270,0.7925925925925926,0.8045112781954887,0.981651376146789,825,Colon,825__ch1__id283,inflammatory,normal
83,70,1,208,240,447,0.0022371364653243847,0.004807692307692308,0.004166666666666667,825,Colon,825__ch1__id284,inflammatory,normal
83,76,165,208,167,210,0.7857142857142857,0.7932692307692307,0.9880239520958084,825,Colon,825__ch1__id284,inflammatory,normal
84,78,86,109,90,113,0.7610619469026548,0.7889908256880734,0.9555555555555556,825,Colon,825__ch1__id286,inflammatory,normal
85,79,220,299,220,299,0.7357859531772575,0.7357859531772575,1.0,825,Colon,825__ch1__id287,inflammatory,normal
86,74,3,302,218,517,0.005802707930367505,0.009933774834437087,0.013761467889908258,825,Colon,825__ch1__id293,inflammatory,normal
86,80,240,302,240,302,0.7947019867549668,0.7947019867549668,1.0,825,Colon,825__ch1__id293,inflammatory,normal
87,82,294,389,294,389,0.7557840616966581,0.7557840616966581,1.0,825,Colon,825__ch1__id294,inflammatory,normal
87,86,3,389,240,626,0.004792332268370607,0.007712082262210797,0.0125,825,Colon,825__ch1__id294,inflammatory,normal
88,81,238,343,238,343,0.6938775510204082,0.6938775510204082,1.0,825,Colon,825__ch1__id295,inflammatory,normal
89,88,2,107,194,299,0.006688963210702341,0.018691588785046728,0.010309278350515464,825,Colon,825__ch1__id297,inflammatory,normal
90,83,175,229,175,229,0.7641921397379913,0.7641921397379913,1.0,825,Colon,825__ch1__id301,inflammatory,normal
90,84,7,229,174,396,0.017676767676767676,0.03056768558951965,0.040229885057471264,825,Colon,825__ch1__id301,inflammatory,normal
91,85,300,382,300,382,0.7853403141361257,0.7853403141361257,1.0,825,Colon,825__ch1__id305,inflammatory,normal
92,84,154,200,174,220,0.7,0.77,0.8850574712643678,825,Colon,825__ch1__id306,inflammatory,normal
93,86,236,281,240,285,0.8280701754385965,0.8398576512455516,0.9833333333333333,825,Colon,825__ch1__id307,inflammatory,normal
94,87,202,223,205,226,0.8938053097345132,0.905829596412556,0.9853658536585366,825,Colon,825__ch1__id308,inflammatory,normal
95,89,172,238,172,238,0.7226890756302521,0.7226890756302521,1.0,825,Colon,825__ch1__id315,inflammatory,normal
95,92,1,238,47,284,0.0035211267605633804,0.004201680672268907,0.02127659574468085,825,Colon,825__ch1__id315,inflammatory,normal
96,90,191,279,191,279,0.6845878136200717,0.6845878136200717,1.0,825,Colon,825__ch1__id318,inflammatory,normal
99,91,88,144,88,144,0.6111111111111112,0.6111111111111112,1.0,825,Colon,825__ch1__id327,inflammatory,normal
101,92,42,72,47,77,0.5454545454545454,0.5833333333333334,0.8936170212765957,825,Colon,825__ch1__id330,inflammatory,normal
103,5,73,85,76,88,0.8295454545454546,0.8588235294117647,0.9605263157894737,825,Colon,825__ch1__id1153,inflammatory,normal
104,3,163,190,184,211,0.7725118483412322,0.8578947368421053,0.8858695652173914,825,Colon,825__ch1__id1154,inflammatory,normal
105,1,134,134,163,163,0.8220858895705522,1.0,0.8220858895705522,825,Colon,825__ch1__id1155,inflammatory,normal
1,3,256,281,257,282,0.9078014184397163,0.9110320284697508,0.9961089494163424,854,Colon,854__ch1__id91,inflammatory,normal
2,9,240,273,269,302,0.7947019867549668,0.8791208791208791,0.8921933085501859,854,Colon,854__ch1__id129,inflammatory,normal
3,13,276,322,276,322,0.8571428571428571,0.8571428571428571,1.0,854,Colon,854__ch1__id145,inflammatory,normal
4,2,550,587,582,619,0.8885298869143781,0.9369676320272572,0.9450171821305842,854,Colon,854__ch2__id85,connective,normal
5,4,332,401,335,404,0.8217821782178217,0.827930174563591,0.991044776119403,854,Colon,854__ch2__id96,connective,normal
6,5,684,849,710,875,0.7817142857142857,0.8056537102473498,0.9633802816901409,854,Colon,854__ch2__id104,connective,normal
11,7,263,399,302,438,0.6004566210045662,0.6591478696741855,0.8708609271523179,854,Colon,854__ch2__id120,connective,normal
12,6,407,457,408,458,0.888646288209607,0.8905908096280087,0.9975490196078431,854,Colon,854__ch2__id121,connective,normal
13,10,648,722,723,797,0.8130489335006273,0.8975069252077562,0.8962655601659751,854,Colon,854__ch2__id131,connective,normal
15,11,565,621,581,637,0.8869701726844584,0.9098228663446055,0.9724612736660929,854,Colon,854__ch2__id134,connective,normal
16,10,32,317,723,1008,0.031746031746031744,0.10094637223974763,0.04426002766251729,854,Colon,854__ch2__id136,connective,normal
17,12,601,742,624,765,0.7856209150326797,0.8099730458221024,0.9631410256410257,854,Colon,854__ch2__id141,connective,normal
20,14,266,335,266,335,0.7940298507462686,0.7940298507462686,1.0,854,Colon,854__ch2__id149,connective,normal
21,12,8,320,624,936,0.008547008547008548,0.025,0.01282051282051282,854,Colon,854__ch2__id151,connective,normal
21,15,265,320,268,323,0.8204334365325078,0.828125,0.9888059701492538,854,Colon,854__ch2__id151,connective,normal
1,1,529,572,529,572,0.9248251748251748,0.9248251748251748,1.0,869,Lung,869__ch0__id92,neoplastic,neoplastic
2,2,1068,1225,1070,1227,0.8704156479217604,0.8718367346938776,0.9981308411214953,869,Lung,869__ch0__id98,neoplastic,neoplastic
3,3,1484,1536,1527,1579,0.9398353388220393,0.9661458333333334,0.9718402095612312,869,Lung,869__ch0__id102,neoplastic,neoplastic
4,3,2,1786,1527,3311,0.0006040471156750226,0.0011198208286674132,0.0013097576948264572,869,Lung,869__ch0__id104,neoplastic,neoplastic
4,4,1696,1786,1712,1802,0.9411764705882353,0.9496080627099664,0.9906542056074766,869,Lung,869__ch0__id104,neoplastic,neoplastic
5,5,1399,1508,1409,1518,0.9216073781291173,0.9277188328912467,0.992902767920511,869,Lung,869__ch0__id106,neoplastic,neoplastic
5,6,14,1508,675,2169,0.006454587367450438,0.009283819628647215,0.02074074074074074,869,Lung,869__ch0__id106,neoplastic,neoplastic
6,6,633,664,675,706,0.896600566572238,0.9533132530120482,0.9377777777777778,869,Lung,869__ch0__id112,neoplastic,neoplastic
7,7,854,916,893,955,0.8942408376963351,0.9323144104803494,0.9563269876819709,869,Lung,869__ch0__id118,neoplastic,neoplastic
8,8,1291,1346,1309,1364,0.9464809384164223,0.9591381872213968,0.9862490450725745,869,Lung,869__ch0__id121,neoplastic,neoplastic
9,9,1457,1561,1461,1565,0.9309904153354632,0.9333760409993593,0.9972621492128679,869,Lung,869__ch0__id127,neoplastic,neoplastic
9,10,46,1561,1818,3333,0.013801380138013802,0.029468289557975657,0.025302530253025302,869,Lung,869__ch0__id127,neoplastic,neoplastic
10,10,1676,1730,1818,1872,0.8952991452991453,0.96878612716763,0.9218921892189219,869,Lung,869__ch0__id132,neoplastic,neoplastic
10,14,27,1730,692,2395,0.01127348643006263,0.01560693641618497,0.03901734104046243,869,Lung,869__ch0__id132,neoplastic,neoplastic
11,11,423,514,425,516,0.8197674418604651,0.8229571984435797,0.9952941176470588,869,Lung,869__ch0__id135,neoplastic,neoplastic
12,12,97,291,517,711,0.13642756680731363,0.3333333333333333,0.18762088974854932,869,Lung,869__ch0__id143,neoplastic,neoplastic
12,14,183,291,692,800,0.22875,0.6288659793814433,0.26445086705202314,869,Lung,869__ch0__id143,neoplastic,neoplastic
13,15,1462,1525,1492,1555,0.940192926045016,0.958688524590164,0.9798927613941019,869,Lung,869__ch0__id145,neoplastic,neoplastic
13,18,10,1525,887,2402,0.004163197335553705,0.006557377049180328,0.011273957158962795,869,Lung,869__ch0__id145,neoplastic,neoplastic
14,16,680,725,743,788,0.8629441624365483,0.9379310344827586,0.9152086137281292,869,Lung,869__ch0__id146,neoplastic,neoplastic
14,17,13,725,1019,1731,0.007510109763142692,0.01793103448275862,0.012757605495583905,869,Lung,869__ch0__id146,neoplastic,neoplastic
15,16,3,1050,743,1790,0.0016759776536312849,0.002857142857142857,0.004037685060565276,869,Lung,869__ch0__id148,neoplastic,neoplastic
15,17,1005,1050,1019,1064,0.9445488721804511,0.9571428571428572,0.9862610402355251,869,Lung,869__ch0__id148,neoplastic,neoplastic
16,19,381,429,520,568,0.670774647887324,0.8881118881118881,0.7326923076923076,869,Lung,869__ch0__id156,neoplastic,neoplastic
17,18,836,889,887,940,0.8893617021276595,0.9403824521934758,0.9425028184892897,869,Lung,869__ch0__id161,neoplastic,neoplastic
18,20,921,967,941,987,0.9331306990881459,0.9524301964839711,0.9787460148777896,869,Lung,869__ch0__id162,neoplastic,neoplastic
18,21,5,967,1157,2119,0.0023596035865974517,0.005170630816959669,0.00432152117545376,869,Lung,869__ch0__id162,neoplastic,neoplastic
19,22,883,926,896,939,0.9403620873269436,0.9535637149028078,0.9854910714285714,869,Lung,869__ch0__id165,neoplastic,neoplastic
20,23,1038,1118,1053,1133,0.9161518093556928,0.9284436493738819,0.9857549857549858,869,Lung,869__ch0__id171,neoplastic,neoplastic
21,25,560,569,602,611,0.9165302782324058,0.984182776801406,0.9302325581395349,869,Lung,869__ch0__id179,neoplastic,neoplastic
22,29,250,299,250,299,0.8361204013377926,0.8361204013377926,1.0,869,Lung,869__ch0__id183,neoplastic,neoplastic
23,26,1434,1561,1434,1561,0.9186418962203715,0.9186418962203715,1.0,869,Lung,869__ch0__id185,neoplastic,neoplastic
24,27,1506,1524,1521,1539,0.9785575048732943,0.9881889763779528,0.9901380670611439,869,Lung,869__ch0__id189,neoplastic,neoplastic
25,28,978,1017,1022,1061,0.9217719132893497,0.9616519174041298,0.9569471624266145,869,Lung,869__ch0__id190,neoplastic,neoplastic
26,30,744,773,765,794,0.9370277078085643,0.96248382923674,0.9725490196078431,869,Lung,869__ch0__id199,neoplastic,neoplastic
27,31,681,702,769,790,0.8620253164556962,0.9700854700854701,0.8855656697009102,869,Lung,869__ch0__id205,neoplastic,neoplastic
28,32,435,519,441,525,0.8285714285714286,0.838150289017341,0.9863945578231292,869,Lung,869__ch0__id206,neoplastic,neoplastic
2,1,15,659,473,1117,0.01342882721575649,0.02276176024279211,0.03171247357293869,921,Prostate,921__ch0__id85,neoplastic,neoplastic
2,4,234,659,234,659,0.3550834597875569,0.3550834597875569,1.0,921,Prostate,921__ch0__id85,neoplastic,neoplastic
3,2,304,445,307,448,0.6785714285714286,0.6831460674157304,0.990228013029316,921,Prostate,921__ch0__id86,neoplastic,neoplastic
3,5,13,445,626,1058,0.012287334593572778,0.029213483146067417,0.020766773162939296,921,Prostate,921__ch0__id86,neoplastic,neoplastic
4,1,436,551,473,588,0.7414965986394558,0.7912885662431942,0.9217758985200846,921,Prostate,921__ch0__id87,neoplastic,neoplastic
4,6,5,551,308,854,0.00585480093676815,0.009074410163339383,0.016233766233766232,921,Prostate,921__ch0__id87,neoplastic,neoplastic
5,3,348,395,377,424,0.8207547169811321,0.8810126582278481,0.9230769230769231,921,Prostate,921__ch0__id89,neoplastic,neoplastic
6,6,303,350,308,355,0.8535211267605634,0.8657142857142858,0.9837662337662337,921,Prostate,921__ch0__id94,neoplastic,neoplastic
7,5,16,695,626,1305,0.012260536398467433,0.02302158273381295,0.025559105431309903,921,Prostate,921__ch0__id96,neoplastic,neoplastic
7,7,623,695,667,739,0.8430311231393776,0.8964028776978418,0.9340329835082459,921,Prostate,921__ch0__id96,neoplastic,neoplastic
8,9,232,339,232,339,0.6843657817109144,0.6843657817109144,1.0,921,Prostate,921__ch0__id98,neoplastic,neoplastic
9,10,445,517,448,520,0.8557692307692307,0.8607350096711799,0.9933035714285714,921,Prostate,921__ch0__id104,neoplastic,neoplastic
11,11,542,662,543,663,0.8174962292609351,0.8187311178247734,0.998158379373849,921,Prostate,921__ch0__id110,neoplastic,neoplastic
11,12,3,662,697,1356,0.0022123893805309734,0.004531722054380665,0.00430416068866571,921,Prostate,921__ch0__id110,neoplastic,neoplastic
12,12,654,737,697,780,0.8384615384615385,0.8873812754409769,0.9383070301291249,921,Prostate,921__ch0__id115,neoplastic,neoplastic
12,13,34,737,698,1401,0.02426837972876517,0.04613297150610583,0.04871060171919771,921,Prostate,921__ch0__id115,neoplastic,neoplastic
14,13,648,715,698,765,0.8470588235294118,0.9062937062937063,0.9283667621776505,921,Prostate,921__ch0__id117,neoplastic,neoplastic
14,15,9,715,681,1387,0.006488824801730353,0.012587412587412588,0.013215859030837005,921,Prostate,921__ch0__id117,neoplastic,neoplastic
15,14,538,622,538,622,0.864951768488746,0.864951768488746,1.0,921,Prostate,921__ch0__id119,neoplastic,neoplastic
16,15,660,756,681,777,0.8494208494208494,0.873015873015873,0.9691629955947136,921,Prostate,921__ch0__id120,neoplastic,neoplastic
17,16,610,675,640,705,0.8652482269503546,0.9037037037037037,0.953125,921,Prostate,921__ch0__id121,neoplastic,neoplastic
18,18,176,241,176,241,0.7302904564315352,0.7302904564315352,1.0,921,Prostate,921__ch0__id125,neoplastic,neoplastic
19,17,770,838,779,847,0.9090909090909091,0.918854415274463,0.9884467265725289,921,Prostate,921__ch0__id126,neoplastic,neoplastic
20,19,697,806,697,806,0.8647642679900744,0.8647642679900744,1.0,921,Prostate,921__ch0__id129,neoplastic,neoplastic
22,20,60,922,381,1243,0.04827031375703942,0.0650759219088937,0.15748031496062992,921,Prostate,921__ch0__id143,neoplastic,neoplastic
22,21,764,922,766,924,0.8268398268398268,0.8286334056399133,0.9973890339425587,921,Prostate,921__ch0__id143,neoplastic,neoplastic
2,3,762,867,766,871,0.8748564867967853,0.8788927335640139,0.9947780678851175,949,Prostate,949__ch0__id8,neoplastic,neoplastic
3,4,669,753,669,753,0.8884462151394422,0.8884462151394422,1.0,949,Prostate,949__ch0__id11,neoplastic,neoplastic
4,5,799,1031,799,1031,0.7749757516973812,0.7749757516973812,1.0,949,Prostate,949__ch0__id12,neoplastic,neoplastic
6,6,668,764,675,771,0.8664072632944229,0.8743455497382199,0.9896296296296296,949,Prostate,949__ch0__id21,neoplastic,neoplastic
6,9,22,764,385,1127,0.019520851818988466,0.028795811518324606,0.05714285714285714,949,Prostate,949__ch0__id21,neoplastic,neoplastic
7,7,1002,1089,1009,1096,0.9142335766423357,0.9201101928374655,0.9930624380574826,949,Prostate,949__ch0__id23,neoplastic,neoplastic
8,8,1143,1278,1143,1278,0.8943661971830986,0.8943661971830986,1.0,949,Prostate,949__ch0__id25,neoplastic,neoplastic
9,9,342,382,385,425,0.8047058823529412,0.8952879581151832,0.8883116883116883,949,Prostate,949__ch0__id27,neoplastic,neoplastic
10,6,3,757,675,1429,0.002099370188943317,0.003963011889035667,0.0044444444444444444,949,Prostate,949__ch0__id29,neoplastic,neoplastic
10,10,649,757,650,758,0.8562005277044855,0.857331571994716,0.9984615384615385,949,Prostate,949__ch0__id29,neoplastic,neoplastic
10,15,1,757,1034,1790,0.0005586592178770949,0.001321003963011889,0.0009671179883945841,949,Prostate,949__ch0__id29,neoplastic,neoplastic
11,11,703,847,713,857,0.8203033838973163,0.8299881936245572,0.9859747545582047,949,Prostate,949__ch0__id34,neoplastic,neoplastic
12,12,293,385,293,385,0.7610389610389611,0.7610389610389611,1.0,949,Prostate,949__ch0__id35,neoplastic,neoplastic
13,13,1168,1266,1177,1275,0.9160784313725491,0.9225908372827805,0.9923534409515717,949,Prostate,949__ch0__id39,neoplastic,neoplastic
14,14,944,1053,944,1053,0.8964862298195632,0.8964862298195632,1.0,949,Prostate,949__ch0__id41,neoplastic,neoplastic
15,15,1003,1083,1034,1114,0.900359066427289,0.9261311172668514,0.9700193423597679,949,Prostate,949__ch0__id46,neoplastic,neoplastic
17,16,318,413,318,413,0.7699757869249395,0.7699757869249395,1.0,949,Prostate,949__ch0__id52,neoplastic,neoplastic
18,19,1004,1212,1040,1248,0.8044871794871795,0.8283828382838284,0.9653846153846154,949,Prostate,949__ch0__id62,neoplastic,neoplastic
21,17,108,180,108,180,0.6,0.6,1.0,949,Prostate,949__ch2__id51,connective,normal
22,18,310,429,310,429,0.7226107226107226,0.7226107226107226,1.0,949,Prostate,949__ch2__id61,connective,normal
25,20,832,966,835,969,0.8586171310629515,0.8612836438923396,0.9964071856287425,949,Prostate,949__ch2__id71,connective,normal
26,21,692,848,692,848,0.8160377358490566,0.8160377358490566,1.0,949,Prostate,949__ch2__id73,connective,normal
1,12,152,235,152,235,0.6468085106382979,0.6468085106382979,1.0,955,Kidney,955__ch0__id39,neoplastic,neoplastic
2,13,33,101,33,101,0.32673267326732675,0.32673267326732675,1.0,955,Kidney,955__ch0__id67,neoplastic,neoplastic
5,17,144,190,193,239,0.602510460251046,0.7578947368421053,0.7461139896373057,955,Kidney,955__ch0__id85,neoplastic,neoplastic
6,17,42,271,193,422,0.0995260663507109,0.15498154981549817,0.21761658031088082,955,Kidney,955__ch0__id86,neoplastic,neoplastic
6,18,148,271,148,271,0.5461254612546126,0.5461254612546126,1.0,955,Kidney,955__ch0__id86,neoplastic,neoplastic
7,19,252,323,254,325,0.7753846153846153,0.7801857585139319,0.9921259842519685,955,Kidney,955__ch0__id88,neoplastic,neoplastic
8,20,95,120,98,123,0.7723577235772358,0.7916666666666666,0.9693877551020408,955,Kidney,955__ch0__id89,neoplastic,neoplastic
9,21,65,179,65,179,0.36312849162011174,0.36312849162011174,1.0,955,Kidney,955__ch0__id91,neoplastic,neoplastic
10,19,2,100,254,352,0.005681818181818182,0.02,0.007874015748031496,955,Kidney,955__ch0__id99,neoplastic,neoplastic
10,23,52,100,52,100,0.52,0.52,1.0,955,Kidney,955__ch0__id99,neoplastic,neoplastic
11,22,101,166,125,190,0.531578947368421,0.608433734939759,0.808,955,Kidney,955__ch0__id100,neoplastic,neoplastic
13,24,236,322,236,322,0.7329192546583851,0.7329192546583851,1.0,955,Kidney,955__ch0__id110,neoplastic,neoplastic
14,25,184,246,184,246,0.7479674796747967,0.7479674796747967,1.0,955,Kidney,955__ch0__id111,neoplastic,neoplastic
15,26,124,196,124,196,0.6326530612244898,0.6326530612244898,1.0,955,Kidney,955__ch0__id113,neoplastic,neoplastic
17,28,3,94,125,216,0.013888888888888888,0.031914893617021274,0.024,955,Kidney,955__ch0__id117,neoplastic,neoplastic
18,27,231,313,231,313,0.7380191693290735,0.7380191693290735,1.0,955,Kidney,955__ch0__id118,neoplastic,neoplastic
19,28,122,216,125,219,0.5570776255707762,0.5648148148148148,0.976,955,Kidney,955__ch0__id122,neoplastic,neoplastic
20,29,134,215,134,215,0.6232558139534884,0.6232558139534884,1.0,955,Kidney,955__ch0__id123,neoplastic,neoplastic
21,30,105,170,105,170,0.6176470588235294,0.6176470588235294,1.0,955,Kidney,955__ch0__id125,neoplastic,neoplastic
22,31,62,209,62,209,0.2966507177033493,0.2966507177033493,1.0,955,Kidney,955__ch0__id130,neoplastic,neoplastic
24,32,120,171,238,289,0.41522491349480967,0.7017543859649122,0.5042016806722689,955,Kidney,955__ch0__id139,neoplastic,neoplastic
26,33,62,119,62,119,0.5210084033613446,0.5210084033613446,1.0,955,Kidney,955__ch0__id155,neoplastic,neoplastic
27,34,216,335,216,335,0.6447761194029851,0.6447761194029851,1.0,955,Kidney,955__ch0__id171,neoplastic,neoplastic
28,35,250,325,250,325,0.7692307692307693,0.7692307692307693,1.0,955,Kidney,955__ch0__id175,neoplastic,neoplastic
29,36,153,224,153,224,0.6830357142857143,0.6830357142857143,1.0,955,Kidney,955__ch0__id186,neoplastic,neoplastic
30,37,55,133,55,133,0.41353383458646614,0.41353383458646614,1.0,955,Kidney,955__ch0__id188,neoplastic,neoplastic
32,39,170,244,170,244,0.6967213114754098,0.6967213114754098,1.0,955,Kidney,955__ch0__id199,neoplastic,neoplastic
33,38,145,188,145,188,0.7712765957446809,0.7712765957446809,1.0,955,Kidney,955__ch0__id201,neoplastic,neoplastic
36,40,91,120,91,120,0.7583333333333333,0.7583333333333333,1.0,955,Kidney,955__ch0__id212,neoplastic,neoplastic
37,41,143,206,143,206,0.6941747572815534,0.6941747572815534,1.0,955,Kidney,955__ch0__id216,neoplastic,neoplastic
37,45,2,206,90,294,0.006802721088435374,0.009708737864077669,0.022222222222222223,955,Kidney,955__ch0__id216,neoplastic,neoplastic
38,42,185,231,185,231,0.8008658008658008,0.8008658008658008,1.0,955,Kidney,955__ch0__id219,neoplastic,neoplastic
39,43,174,218,174,218,0.7981651376146789,0.7981651376146789,1.0,955,Kidney,955__ch0__id223,neoplastic,neoplastic
40,44,163,201,163,201,0.8109452736318408,0.8109452736318408,1.0,955,Kidney,955__ch0__id226,neoplastic,neoplastic
41,45,86,128,90,132,0.6515151515151515,0.671875,0.9555555555555556,955,Kidney,955__ch0__id228,neoplastic,neoplastic
42,46,132,174,132,174,0.7586206896551724,0.7586206896551724,1.0,955,Kidney,955__ch0__id233,neoplastic,neoplastic
43,47,117,147,117,147,0.7959183673469388,0.7959183673469388,1.0,955,Kidney,955__ch0__id235,neoplastic,neoplastic
46,1,67,100,67,100,0.67,0.67,1.0,955,Kidney,955__ch1__id1,inflammatory,normal
47,2,44,89,44,89,0.4943820224719101,0.4943820224719101,1.0,955,Kidney,955__ch1__id8,inflammatory,normal
48,5,61,90,61,90,0.6777777777777778,0.6777777777777778,1.0,955,Kidney,955__ch1__id9,inflammatory,normal
49,4,90,122,90,122,0.7377049180327869,0.7377049180327869,1.0,955,Kidney,955__ch1__id10,inflammatory,normal
50,7,47,69,47,69,0.6811594202898551,0.6811594202898551,1.0,955,Kidney,955__ch1__id13,inflammatory,normal
51,8,50,57,52,59,0.847457627118644,0.8771929824561403,0.9615384615384616,955,Kidney,955__ch1__id16,inflammatory,normal
52,9,54,84,54,84,0.6428571428571429,0.6428571428571429,1.0,955,Kidney,955__ch1__id21,inflammatory,normal
53,10,73,110,73,110,0.6636363636363637,0.6636363636363637,1.0,955,Kidney,955__ch1__id27,inflammatory,normal
54,11,76,95,76,95,0.8,0.8,1.0,955,Kidney,955__ch1__id31,inflammatory,normal
55,14,68,144,68,144,0.4722222222222222,0.4722222222222222,1.0,955,Kidney,955__ch1__id69,inflammatory,normal
56,15,54,80,54,80,0.675,0.675,1.0,955,Kidney,955__ch1__id72,inflammatory,normal
57,16,79,120,82,123,0.6422764227642277,0.6583333333333333,0.9634146341463414,955,Kidney,955__ch1__id81,inflammatory,normal
1,4,176,211,184,219,0.8036529680365296,0.8341232227488151,0.9565217391304348,960,Kidney,960__ch0__id7,neoplastic,neoplastic
1,11,4,211,171,378,0.010582010582010581,0.018957345971563982,0.023391812865497075,960,Kidney,960__ch0__id7,neoplastic,neoplastic
2,5,206,249,206,249,0.8273092369477911,0.8273092369477911,1.0,960,Kidney,960__ch0__id10,neoplastic,neoplastic
3,6,9,313,151,455,0.01978021978021978,0.02875399361022364,0.059602649006622516,960,Kidney,960__ch0__id12,neoplastic,neoplastic
3,7,248,313,249,314,0.7898089171974523,0.792332268370607,0.9959839357429718,960,Kidney,960__ch0__id12,neoplastic,neoplastic
4,9,373,477,373,477,0.7819706498951782,0.7819706498951782,1.0,960,Kidney,960__ch0__id16,neoplastic,neoplastic
5,10,137,336,137,336,0.40773809523809523,0.40773809523809523,1.0,960,Kidney,960__ch0__id21,neoplastic,neoplastic
5,11,153,336,171,354,0.4322033898305085,0.45535714285714285,0.8947368421052632,960,Kidney,960__ch0__id21,neoplastic,neoplastic
6,12,193,245,193,245,0.7877551020408163,0.7877551020408163,1.0,960,Kidney,960__ch0__id24,neoplastic,neoplastic
7,13,114,174,114,174,0.6551724137931034,0.6551724137931034,1.0,960,Kidney,960__ch0__id29,neoplastic,neoplastic
8,14,66,133,66,133,0.49624060150375937,0.49624060150375937,1.0,960,Kidney,960__ch0__id30,neoplastic,neoplastic
9,15,366,430,368,432,0.8472222222222222,0.8511627906976744,0.9945652173913043,960,Kidney,960__ch0__id34,neoplastic,neoplastic
9,16,7,430,217,640,0.0109375,0.01627906976744186,0.03225806451612903,960,Kidney,960__ch0__id34,neoplastic,neoplastic
10,16,156,185,217,246,0.6341463414634146,0.8432432432432433,0.7188940092165899,960,Kidney,960__ch0__id47,neoplastic,neoplastic
10,19,1,185,365,549,0.0018214936247723133,0.005405405405405406,0.0027397260273972603,960,Kidney,960__ch0__id47,neoplastic,neoplastic
11,17,371,439,375,443,0.837471783295711,0.8451025056947609,0.9893333333333333,960,Kidney,960__ch0__id48,neoplastic,neoplastic
12,18,179,248,179,248,0.7217741935483871,0.7217741935483871,1.0,960,Kidney,960__ch0__id49,neoplastic,neoplastic
13,16,1,442,217,658,0.001519756838905775,0.0022624434389140274,0.004608294930875576,960,Kidney,960__ch0__id50,neoplastic,neoplastic
13,19,364,442,365,443,0.8216704288939052,0.8235294117647058,0.9972602739726028,960,Kidney,960__ch0__id50,neoplastic,neoplastic
14,20,192,256,192,256,0.75,0.75,1.0,960,Kidney,960__ch0__id56,neoplastic,neoplastic
15,21,175,205,262,292,0.5993150684931506,0.8536585365853658,0.6679389312977099,960,Kidney,960__ch0__id57,neoplastic,neoplastic
15,24,2,205,245,448,0.004464285714285714,0.00975609756097561,0.00816326530612245,960,Kidney,960__ch0__id57,neoplastic,neoplastic
17,16,15,325,217,527,0.028462998102466792,0.046153846153846156,0.06912442396313365,960,Kidney,960__ch0__id62,neoplastic,neoplastic
17,21,10,325,262,577,0.01733102253032929,0.03076923076923077,0.03816793893129771,960,Kidney,960__ch0__id62,neoplastic,neoplastic
17,23,258,325,258,325,0.7938461538461539,0.7938461538461539,1.0,960,Kidney,960__ch0__id62,neoplastic,neoplastic
18,22,118,166,118,166,0.7108433734939759,0.7108433734939759,1.0,960,Kidney,960__ch0__id64,neoplastic,neoplastic
19,24,222,277,245,300,0.74,0.8014440433212996,0.9061224489795918,960,Kidney,960__ch0__id65,neoplastic,neoplastic
21,21,10,320,262,572,0.017482517482517484,0.03125,0.03816793893129771,960,Kidney,960__ch0__id81,neoplastic,neoplastic
21,24,7,320,245,558,0.012544802867383513,0.021875,0.02857142857142857,960,Kidney,960__ch0__id81,neoplastic,neoplastic
21,25,256,320,256,320,0.8,0.8,1.0,960,Kidney,960__ch0__id81,neoplastic,neoplastic
22,26,175,228,175,228,0.7675438596491229,0.7675438596491229,1.0,960,Kidney,960__ch0__id86,neoplastic,neoplastic
23,27,61,117,67,123,0.4959349593495935,0.5213675213675214,0.9104477611940298,960,Kidney,960__ch0__id88,neoplastic,neoplastic
24,29,246,301,246,301,0.8172757475083057,0.8172757475083057,1.0,960,Kidney,960__ch0__id96,neoplastic,neoplastic
25,30,217,252,217,252,0.8611111111111112,0.8611111111111112,1.0,960,Kidney,960__ch0__id97,neoplastic,neoplastic
26,31,269,321,269,321,0.838006230529595,0.838006230529595,1.0,960,Kidney,960__ch0__id98,neoplastic,neoplastic
27,32,160,206,160,206,0.7766990291262136,0.7766990291262136,1.0,960,Kidney,960__ch0__id101,neoplastic,neoplastic
28,33,101,161,101,161,0.6273291925465838,0.6273291925465838,1.0,960,Kidney,960__ch0__id106,neoplastic,neoplastic
29,34,75,131,84,140,0.5357142857142857,0.5725190839694656,0.8928571428571429,960,Kidney,960__ch0__id114,neoplastic,neoplastic
30,35,251,302,257,308,0.814935064935065,0.8311258278145696,0.9766536964980544,960,Kidney,960__ch0__id118,neoplastic,neoplastic
31,36,85,344,86,345,0.2463768115942029,0.24709302325581395,0.9883720930232558,960,Kidney,960__ch0__id120,neoplastic,neoplastic
31,37,178,344,178,344,0.5174418604651163,0.5174418604651163,1.0,960,Kidney,960__ch0__id120,neoplastic,neoplastic
31,43,11,344,215,548,0.020072992700729927,0.03197674418604651,0.05116279069767442,960,Kidney,960__ch0__id120,neoplastic,neoplastic
32,39,441,605,441,605,0.7289256198347107,0.7289256198347107,1.0,960,Kidney,960__ch0__id131,neoplastic,neoplastic
33,38,112,149,182,219,0.5114155251141552,0.7516778523489933,0.6153846153846154,960,Kidney,960__ch0__id132,neoplastic,neoplastic
34,41,149,200,152,203,0.7339901477832512,0.745,0.9802631578947368,960,Kidney,960__ch0__id137,neoplastic,neoplastic
35,40,30,347,136,453,0.06622516556291391,0.08645533141210375,0.22058823529411764,960,Kidney,960__ch0__id138,neoplastic,neoplastic
35,42,267,347,280,360,0.7416666666666667,0.7694524495677233,0.9535714285714286,960,Kidney,960__ch0__id138,neoplastic,neoplastic
36,43,108,312,215,419,0.2577565632458234,0.34615384615384615,0.5023255813953489,960,Kidney,960__ch0__id139,neoplastic,neoplastic
38,43,92,123,215,246,0.37398373983739835,0.7479674796747967,0.42790697674418604,960,Kidney,960__ch0__id147,neoplastic,neoplastic
39,45,115,189,115,189,0.6084656084656085,0.6084656084656085,1.0,960,Kidney,960__ch0__id148,neoplastic,neoplastic
40,44,356,452,356,452,0.7876106194690266,0.7876106194690266,1.0,960,Kidney,960__ch0__id150,neoplastic,neoplastic
41,46,354,398,354,398,0.8894472361809045,0.8894472361809045,1.0,960,Kidney,960__ch0__id153,neoplastic,neoplastic
42,48,236,318,292,374,0.6310160427807486,0.7421383647798742,0.8082191780821918,960,Kidney,960__ch0__id154,neoplastic,neoplastic
43,47,283,323,291,331,0.8549848942598187,0.8761609907120743,0.9725085910652921,960,Kidney,960__ch0__id157,neoplastic,neoplastic
44,49,212,270,212,270,0.7851851851851852,0.7851851851851852,1.0,960,Kidney,960__ch0__id162,neoplastic,neoplastic
45,50,217,296,217,296,0.7331081081081081,0.7331081081081081,1.0,960,Kidney,960__ch0__id166,neoplastic,neoplastic
47,51,220,262,236,278,0.7913669064748201,0.8396946564885496,0.9322033898305084,960,Kidney,960__ch0__id175,neoplastic,neoplastic
49,53,1,20,217,236,0.00423728813559322,0.05,0.004608294930875576,960,Kidney,960__ch0__id182,neoplastic,neoplastic
50,52,114,139,180,205,0.5560975609756098,0.8201438848920863,0.6333333333333333,960,Kidney,960__ch0__id185,neoplastic,neoplastic
51,53,209,225,217,233,0.8969957081545065,0.9288888888888889,0.9631336405529954,960,Kidney,960__ch0__id186,neoplastic,neoplastic
51,56,1,225,187,411,0.0024330900243309003,0.0044444444444444444,0.0053475935828877,960,Kidney,960__ch0__id186,neoplastic,neoplastic
52,54,338,385,340,387,0.8733850129198967,0.8779220779220779,0.9941176470588236,960,Kidney,960__ch0__id189,neoplastic,neoplastic
53,55,219,339,219,339,0.6460176991150443,0.6460176991150443,1.0,960,Kidney,960__ch0__id193,neoplastic,neoplastic
54,56,185,226,187,228,0.8114035087719298,0.8185840707964602,0.9893048128342246,960,Kidney,960__ch0__id198,neoplastic,neoplastic
56,57,221,281,221,281,0.7864768683274022,0.7864768683274022,1.0,960,Kidney,960__ch0__id207,neoplastic,neoplastic
57,59,22,262,284,524,0.04198473282442748,0.08396946564885496,0.07746478873239436,960,Kidney,960__ch0__id208,neoplastic,neoplastic
58,58,474,544,483,553,0.8571428571428571,0.8713235294117647,0.9813664596273292,960,Kidney,960__ch0__id211,neoplastic,neoplastic
59,60,96,123,107,134,0.7164179104477612,0.7804878048780488,0.897196261682243,960,Kidney,960__ch0__id220,neoplastic,neoplastic
60,59,251,305,284,338,0.742603550295858,0.8229508196721311,0.8838028169014085,960,Kidney,960__ch0__id221,neoplastic,neoplastic
61,61,158,303,170,315,0.5015873015873016,0.5214521452145214,0.9294117647058824,960,Kidney,960__ch0__id228,neoplastic,neoplastic
62,66,123,213,123,213,0.5774647887323944,0.5774647887323944,1.0,960,Kidney,960__ch0__id239,neoplastic,neoplastic
62,69,14,213,280,479,0.029227557411273485,0.06572769953051644,0.05,960,Kidney,960__ch0__id239,neoplastic,neoplastic
63,62,362,455,366,459,0.7886710239651417,0.7956043956043956,0.9890710382513661,960,Kidney,960__ch0__id242,neoplastic,neoplastic
64,65,260,343,260,343,0.7580174927113703,0.7580174927113703,1.0,960,Kidney,960__ch0__id243,neoplastic,neoplastic
65,63,258,331,275,348,0.7413793103448276,0.7794561933534743,0.9381818181818182,960,Kidney,960__ch0__id245,neoplastic,neoplastic
66,64,115,165,126,176,0.6534090909090909,0.696969696969697,0.9126984126984127,960,Kidney,960__ch0__id249,neoplastic,neoplastic
67,67,219,276,220,277,0.7906137184115524,0.7934782608695652,0.9954545454545455,960,Kidney,960__ch0__id251,neoplastic,neoplastic
68,68,230,286,230,286,0.8041958041958042,0.8041958041958042,1.0,960,Kidney,960__ch0__id255,neoplastic,neoplastic
69,72,54,140,54,140,0.38571428571428573,0.38571428571428573,1.0,960,Kidney,960__ch0__id264,neoplastic,neoplastic
70,70,389,450,410,471,0.8259023354564756,0.8644444444444445,0.948780487804878,960,Kidney,960__ch0__id265,neoplastic,neoplastic
71,69,211,247,280,316,0.6677215189873418,0.854251012145749,0.7535714285714286,960,Kidney,960__ch0__id266,neoplastic,neoplastic
71,71,4,247,182,425,0.009411764705882352,0.016194331983805668,0.02197802197802198,960,Kidney,960__ch0__id266,neoplastic,neoplastic
72,73,329,433,329,433,0.7598152424942263,0.7598152424942263,1.0,960,Kidney,960__ch0__id272,neoplastic,neoplastic
72,74,47,433,264,650,0.07230769230769231,0.10854503464203233,0.17803030303030304,960,Kidney,960__ch0__id272,neoplastic,neoplastic
73,75,88,122,141,175,0.5028571428571429,0.7213114754098361,0.624113475177305,960,Kidney,960__ch0__id276,neoplastic,neoplastic
74,76,386,499,386,499,0.7735470941883767,0.7735470941883767,1.0,960,Kidney,960__ch0__id282,neoplastic,neoplastic
75,77,199,286,199,286,0.6958041958041958,0.6958041958041958,1.0,960,Kidney,960__ch0__id285,neoplastic,neoplastic
76,79,7,283,296,572,0.012237762237762238,0.024734982332155476,0.02364864864864865,960,Kidney,960__ch0__id287,neoplastic,neoplastic
76,80,121,283,381,543,0.22283609576427257,0.4275618374558304,0.31758530183727035,960,Kidney,960__ch0__id287,neoplastic,neoplastic
77,78,295,387,295,387,0.7622739018087855,0.7622739018087855,1.0,960,Kidney,960__ch0__id289,neoplastic,neoplastic
78,79,267,337,296,366,0.7295081967213115,0.7922848664688428,0.902027027027027,960,Kidney,960__ch0__id290,neoplastic,neoplastic
79,75,14,484,141,611,0.022913256955810146,0.028925619834710745,0.09929078014184398,960,Kidney,960__ch0__id294,neoplastic,neoplastic
79,81,373,484,374,485,0.7690721649484537,0.7706611570247934,0.9973262032085561,960,Kidney,960__ch0__id294,neoplastic,neoplastic
80,70,9,226,410,627,0.014354066985645933,0.03982300884955752,0.02195121951219512,960,Kidney,960__ch0__id297,neoplastic,neoplastic
80,82,181,226,191,236,0.7669491525423728,0.8008849557522124,0.9476439790575916,960,Kidney,960__ch0__id297,neoplastic,neoplastic
81,83,361,427,393,459,0.7864923747276689,0.8454332552693209,0.9185750636132316,960,Kidney,960__ch0__id303,neoplastic,neoplastic
82,80,252,346,381,475,0.5305263157894737,0.7283236994219653,0.6614173228346457,960,Kidney,960__ch0__id306,neoplastic,neoplastic
83,84,283,324,301,342,0.827485380116959,0.8734567901234568,0.9401993355481728,960,Kidney,960__ch0__id309,neoplastic,neoplastic
84,85,279,369,279,369,0.7560975609756098,0.7560975609756098,1.0,960,Kidney,960__ch0__id315,neoplastic,neoplastic
85,86,203,278,203,278,0.7302158273381295,0.7302158273381295,1.0,960,Kidney,960__ch0__id316,neoplastic,neoplastic
86,87,58,94,65,101,0.5742574257425742,0.6170212765957447,0.8923076923076924,960,Kidney,960__ch0__id324,neoplastic,neoplastic
87,88,98,162,98,162,0.6049382716049383,0.6049382716049383,1.0,960,Kidney,960__ch0__id326,neoplastic,neoplastic
88,83,23,30,393,400,0.0575,0.7666666666666667,0.058524173027989825,960,Kidney,960__ch0__id335,neoplastic,neoplastic
6,2,748,806,780,838,0.8926014319809069,0.9280397022332506,0.958974358974359,972,Ovarian,972__ch2__id53,connective,normal
7,3,274,621,308,655,0.4183206106870229,0.44122383252818037,0.8896103896103896,972,Ovarian,972__ch2__id59,connective,normal
8,4,938,1040,957,1059,0.8857412653446648,0.9019230769230769,0.9801462904911181,972,Ovarian,972__ch2__id60,connective,normal
10,5,328,436,362,470,0.6978723404255319,0.7522935779816514,0.9060773480662984,972,Ovarian,972__ch2__id62,connective,normal
12,7,488,502,518,532,0.9172932330827067,0.9721115537848606,0.9420849420849421,972,Ovarian,972__ch2__id68,connective,normal
14,8,289,338,478,527,0.5483870967741935,0.8550295857988166,0.604602510460251,972,Ovarian,972__ch2__id74,connective,normal
1,4,47,69,47,69,0.6811594202898551,0.6811594202898551,1.0,1026,Lung,1026__ch0__id541,neoplastic,neoplastic
3,7,302,313,328,339,0.8908554572271387,0.9648562300319489,0.9207317073170732,1026,Lung,1026__ch0__id617,neoplastic,neoplastic
4,11,164,180,168,184,0.8913043478260869,0.9111111111111111,0.9761904761904762,1026,Lung,1026__ch0__id638,neoplastic,neoplastic
5,13,141,150,143,152,0.9276315789473685,0.94,0.986013986013986,1026,Lung,1026__ch0__id657,neoplastic,neoplastic
6,14,161,173,169,181,0.8895027624309392,0.930635838150289,0.9526627218934911,1026,Lung,1026__ch0__id675,neoplastic,neoplastic
7,17,148,361,152,365,0.4054794520547945,0.4099722991689751,0.9736842105263158,1026,Lung,1026__ch0__id690,neoplastic,neoplastic
7,23,127,361,127,361,0.3518005540166205,0.3518005540166205,1.0,1026,Lung,1026__ch0__id690,neoplastic,neoplastic
8,18,235,285,241,291,0.8075601374570447,0.8245614035087719,0.975103734439834,1026,Lung,1026__ch0__id693,neoplastic,neoplastic
9,19,84,101,84,101,0.8316831683168316,0.8316831683168316,1.0,1026,Lung,1026__ch0__id695,neoplastic,neoplastic
10,22,163,205,163,205,0.7951219512195122,0.7951219512195122,1.0,1026,Lung,1026__ch0__id709,neoplastic,neoplastic
11,24,214,273,214,273,0.7838827838827839,0.7838827838827839,1.0,1026,Lung,1026__ch0__id721,neoplastic,neoplastic
12,25,137,236,137,236,0.5805084745762712,0.5805084745762712,1.0,1026,Lung,1026__ch0__id728,neoplastic,neoplastic
13,27,155,201,155,201,0.7711442786069652,0.7711442786069652,1.0,1026,Lung,1026__ch0__id748,neoplastic,neoplastic
14,30,164,218,164,218,0.7522935779816514,0.7522935779816514,1.0,1026,Lung,1026__ch0__id758,neoplastic,neoplastic
15,33,128,183,128,183,0.6994535519125683,0.6994535519125683,1.0,1026,Lung,1026__ch0__id764,neoplastic,neoplastic
16,32,2,280,89,367,0.005449591280653951,0.007142857142857143,0.02247191011235955,1026,Lung,1026__ch0__id771,neoplastic,neoplastic
16,36,239,280,240,281,0.8505338078291815,0.8535714285714285,0.9958333333333333,1026,Lung,1026__ch0__id771,neoplastic,neoplastic
17,38,135,176,135,176,0.7670454545454546,0.7670454545454546,1.0,1026,Lung,1026__ch0__id786,neoplastic,neoplastic
18,39,143,158,159,174,0.8218390804597702,0.9050632911392406,0.89937106918239,1026,Lung,1026__ch0__id794,neoplastic,neoplastic
19,41,163,187,164,188,0.8670212765957447,0.8716577540106952,0.9939024390243902,1026,Lung,1026__ch0__id815,neoplastic,neoplastic
20,43,38,125,38,125,0.304,0.304,1.0,1026,Lung,1026__ch0__id816,neoplastic,neoplastic
21,46,109,129,109,129,0.8449612403100775,0.8449612403100775,1.0,1026,Lung,1026__ch0__id845,neoplastic,neoplastic
22,47,128,167,128,167,0.7664670658682635,0.7664670658682635,1.0,1026,Lung,1026__ch0__id852,neoplastic,neoplastic
23,51,164,263,164,263,0.623574144486692,0.623574144486692,1.0,1026,Lung,1026__ch0__id862,neoplastic,neoplastic
24,50,143,205,143,205,0.697560975609756,0.697560975609756,1.0,1026,Lung,1026__ch0__id864,neoplastic,neoplastic
25,52,179,209,179,209,0.8564593301435407,0.8564593301435407,1.0,1026,Lung,1026__ch0__id871,neoplastic,neoplastic
26,56,243,309,247,313,0.7763578274760383,0.7864077669902912,0.9838056680161943,1026,Lung,1026__ch0__id882,neoplastic,neoplastic
27,57,138,170,143,175,0.7885714285714286,0.8117647058823529,0.965034965034965,1026,Lung,1026__ch0__id891,neoplastic,neoplastic
28,58,92,107,100,115,0.8,0.8598130841121495,0.92,1026,Lung,1026__ch0__id900,neoplastic,neoplastic
29,59,93,147,93,147,0.6326530612244898,0.6326530612244898,1.0,1026,Lung,1026__ch0__id905,neoplastic,neoplastic
31,61,155,210,155,210,0.7380952380952381,0.7380952380952381,1.0,1026,Lung,1026__ch0__id912,neoplastic,neoplastic
32,64,58,88,58,88,0.6590909090909091,0.6590909090909091,1.0,1026,Lung,1026__ch0__id923,neoplastic,neoplastic
33,67,130,160,132,162,0.8024691358024691,0.8125,0.9848484848484849,1026,Lung,1026__ch0__id953,neoplastic,neoplastic
34,70,125,172,125,172,0.7267441860465116,0.7267441860465116,1.0,1026,Lung,1026__ch0__id980,neoplastic,neoplastic
37,20,117,128,122,133,0.8796992481203008,0.9140625,0.9590163934426229,1026,Lung,1026__ch2__id697,connective,normal
38,49,122,335,122,335,0.3641791044776119,0.3641791044776119,1.0,1026,Lung,1026__ch2__id842,connective,normal
41,72,130,172,130,172,0.7558139534883721,0.7558139534883721,1.0,1026,Lung,1026__ch2__id985,connective,normal
42,1,43,59,43,59,0.7288135593220338,0.7288135593220338,1.0,1026,Lung,1026__ch3__id516,dead,normal
43,2,121,138,124,141,0.8581560283687943,0.8768115942028986,0.9758064516129032,1026,Lung,1026__ch3__id517,dead,normal
44,3,114,131,135,152,0.75,0.8702290076335878,0.8444444444444444,1026,Lung,1026__ch3__id538,dead,normal
45,5,91,108,91,108,0.8425925925925926,0.8425925925925926,1.0,1026,Lung,1026__ch3__id593,dead,normal
46,6,117,132,121,136,0.8602941176470589,0.8863636363636364,0.9669421487603306,1026,Lung,1026__ch3__id603,dead,normal
48,9,288,305,303,320,0.9,0.9442622950819672,0.9504950495049505,1026,Lung,1026__ch3__id633,dead,normal
49,10,43,77,49,83,0.5180722891566265,0.5584415584415584,0.8775510204081632,1026,Lung,1026__ch3__id635,dead,normal
51,15,162,198,162,198,0.8181818181818182,0.8181818181818182,1.0,1026,Lung,1026__ch3__id677,dead,normal
52,21,144,168,144,168,0.8571428571428571,0.8571428571428571,1.0,1026,Lung,1026__ch3__id710,dead,normal
53,28,166,203,168,205,0.8097560975609757,0.8177339901477833,0.9880952380952381,1026,Lung,1026__ch3__id750,dead,normal
54,31,77,110,77,110,0.7,0.7,1.0,1026,Lung,1026__ch3__id759,dead,normal
55,34,103,141,103,141,0.7304964539007093,0.7304964539007093,1.0,1026,Lung,1026__ch3__id766,dead,normal
56,35,175,196,175,196,0.8928571428571429,0.8928571428571429,1.0,1026,Lung,1026__ch3__id770,dead,normal
57,37,100,140,100,140,0.7142857142857143,0.7142857142857143,1.0,1026,Lung,1026__ch3__id784,dead,normal
58,40,98,149,98,149,0.6577181208053692,0.6577181208053692,1.0,1026,Lung,1026__ch3__id791,dead,normal
59,42,38,102,38,102,0.37254901960784315,0.37254901960784315,1.0,1026,Lung,1026__ch3__id809,dead,normal
60,44,33,57,33,57,0.5789473684210527,0.5789473684210527,1.0,1026,Lung,1026__ch3__id830,dead,normal
61,45,168,196,203,231,0.7272727272727273,0.8571428571428571,0.8275862068965517,1026,Lung,1026__ch3__id835,dead,normal
62,48,43,60,45,62,0.6935483870967742,0.7166666666666667,0.9555555555555556,1026,Lung,1026__ch3__id858,dead,normal
63,55,55,83,55,83,0.6626506024096386,0.6626506024096386,1.0,1026,Lung,1026__ch3__id881,dead,normal
64,60,113,138,114,139,0.8129496402877698,0.8188405797101449,0.9912280701754386,1026,Lung,1026__ch3__id908,dead,normal
65,62,111,161,111,161,0.6894409937888198,0.6894409937888198,1.0,1026,Lung,1026__ch3__id915,dead,normal
66,66,139,163,156,180,0.7722222222222223,0.852760736196319,0.8910256410256411,1026,Lung,1026__ch3__id949,dead,normal
67,69,130,153,130,153,0.8496732026143791,0.8496732026143791,1.0,1026,Lung,1026__ch3__id970,dead,normal
69,71,36,55,37,56,0.6428571428571429,0.6545454545454545,0.972972972972973,1026,Lung,1026__ch3__id975,dead,normal
70,73,44,53,44,53,0.8301886792452831,0.8301886792452831,1.0,1026,Lung,1026__ch3__id990,dead,normal
73,74,19,33,19,33,0.5757575757575758,0.5757575757575758,1.0,1026,Lung,1026__ch3__id1001,dead,normal
3,1,56,85,56,85,0.6588235294117647,0.6588235294117647,1.0,1039,Lung,1039__ch3__id2489,dead,normal
5,2,166,204,167,205,0.8097560975609757,0.8137254901960784,0.9940119760479041,1039,Lung,1039__ch3__id2507,dead,normal
8,4,121,205,121,205,0.5902439024390244,0.5902439024390244,1.0,1039,Lung,1039__ch3__id2547,dead,normal
11,5,24,42,24,42,0.5714285714285714,0.5714285714285714,1.0,1039,Lung,1039__ch3__id2561,dead,normal
15,6,51,58,53,60,0.85,0.8793103448275862,0.9622641509433962,1039,Lung,1039__ch3__id2583,dead,normal
16,8,75,92,75,92,0.8152173913043478,0.8152173913043478,1.0,1039,Lung,1039__ch3__id2589,dead,normal
18,9,21,36,24,39,0.5384615384615384,0.5833333333333334,0.875,1039,Lung,1039__ch3__id2599,dead,normal
19,10,137,188,137,188,0.7287234042553191,0.7287234042553191,1.0,1039,Lung,1039__ch3__id2619,dead,normal
20,11,48,59,48,59,0.8135593220338984,0.8135593220338984,1.0,1039,Lung,1039__ch3__id2626,dead,normal
21,12,121,137,123,139,0.8705035971223022,0.8832116788321168,0.983739837398374,1039,Lung,1039__ch3__id2660,dead,normal
24,13,25,103,25,103,0.24271844660194175,0.24271844660194175,1.0,1039,Lung,1039__ch3__id2681,dead,normal
25,14,38,103,42,107,0.35514018691588783,0.36893203883495146,0.9047619047619048,1039,Lung,1039__ch3__id2712,dead,normal
25,15,26,103,26,103,0.2524271844660194,0.2524271844660194,1.0,1039,Lung,1039__ch3__id2712,dead,normal
27,17,23,84,23,84,0.27380952380952384,0.27380952380952384,1.0,1039,Lung,1039__ch3__id2752,dead,normal
28,16,47,78,49,80,0.5875,0.6025641025641025,0.9591836734693877,1039,Lung,1039__ch3__id2754,dead,normal
30,18,44,78,44,78,0.5641025641025641,0.5641025641025641,1.0,1039,Lung,1039__ch3__id2778,dead,normal
31,19,148,163,152,167,0.8862275449101796,0.9079754601226994,0.9736842105263158,1039,Lung,1039__ch3__id2786,dead,normal
34,20,41,54,41,54,0.7592592592592593,0.7592592592592593,1.0,1039,Lung,1039__ch3__id2818,dead,normal
38,21,38,145,38,145,0.2620689655172414,0.2620689655172414,1.0,1039,Lung,1039__ch3__id2835,dead,normal
39,22,172,195,172,195,0.882051282051282,0.882051282051282,1.0,1039,Lung,1039__ch3__id2866,dead,normal
40,23,91,109,91,109,0.8348623853211009,0.8348623853211009,1.0,1039,Lung,1039__ch3__id2872,dead,normal
41,24,112,135,118,141,0.7943262411347518,0.8296296296296296,0.9491525423728814,1039,Lung,1039__ch3__id2874,dead,normal
43,25,70,126,74,130,0.5384615384615384,0.5555555555555556,0.9459459459459459,1039,Lung,1039__ch3__id2915,dead,normal
44,26,39,86,39,86,0.45348837209302323,0.45348837209302323,1.0,1039,Lung,1039__ch3__id2939,dead,normal
46,27,95,157,95,157,0.6050955414012739,0.6050955414012739,1.0,1039,Lung,1039__ch3__id2954,dead,normal
47,28,147,169,161,183,0.8032786885245902,0.8698224852071006,0.9130434782608695,1039,Lung,1039__ch3__id2971,dead,normal
1,3,300,344,301,345,0.8695652173913043,0.872093023255814,0.9966777408637874,1076,Thyroid,1076__ch0__id404,neoplastic,neoplastic
2,8,422,456,437,471,0.8959660297239915,0.9254385964912281,0.965675057208238,1076,Thyroid,1076__ch1__id444,inflammatory,normal
3,14,238,262,248,272,0.875,0.9083969465648855,0.9596774193548387,1076,Thyroid,1076__ch1__id477,inflammatory,normal
4,19,369,380,399,410,0.9,0.9710526315789474,0.924812030075188,1076,Thyroid,1076__ch1__id509,inflammatory,normal
5,20,425,434,456,465,0.9139784946236559,0.9792626728110599,0.9320175438596491,1076,Thyroid,1076__ch1__id511,inflammatory,normal
6,24,116,222,116,222,0.5225225225225225,0.5225225225225225,1.0,1076,Thyroid,1076__ch1__id528,inflammatory,normal
7,21,290,439,290,439,0.6605922551252847,0.6605922551252847,1.0,1076,Thyroid,1076__ch1__id944,inflammatory,normal
8,23,163,189,170,196,0.8316326530612245,0.8624338624338624,0.9588235294117647,1076,Thyroid,1076__ch1__id945,inflammatory,normal
9,1,351,351,598,598,0.5869565217391305,1.0,0.5869565217391305,1076,Thyroid,1076__ch2__id397,connective,normal
10,4,596,618,902,924,0.645021645021645,0.9644012944983819,0.6607538802660754,1076,Thyroid,1076__ch2__id409,connective,normal
11,6,741,859,815,933,0.7942122186495176,0.8626309662398137,0.90920245398773,1076,Thyroid,1076__ch2__id424,connective,normal
12,5,358,383,552,577,0.6204506065857885,0.9347258485639687,0.6485507246376812,1076,Thyroid,1076__ch2__id425,connective,normal
14,10,389,596,402,609,0.638752052545156,0.6526845637583892,0.9676616915422885,1076,Thyroid,1076__ch2__id442,connective,normal
15,9,205,209,413,417,0.49160671462829736,0.9808612440191388,0.4963680387409201,1076,Thyroid,1076__ch2__id443,connective,normal
16,11,355,362,604,611,0.5810147299509002,0.9806629834254144,0.5877483443708609,1076,Thyroid,1076__ch2__id456,connective,normal
17,12,565,580,673,688,0.8212209302325582,0.9741379310344828,0.8395245170876672,1076,Thyroid,1076__ch2__id462,connective,normal
18,13,579,667,682,770,0.7519480519480519,0.8680659670164917,0.8489736070381232,1076,Thyroid,1076__ch2__id469,connective,normal
20,15,469,472,563,566,0.8286219081272085,0.9936440677966102,0.8330373001776199,1076,Thyroid,1076__ch2__id481,connective,normal
21,16,356,384,356,384,0.9270833333333334,0.9270833333333334,1.0,1076,Thyroid,1076__ch2__id485,connective,normal
22,18,241,293,248,300,0.8033333333333333,0.8225255972696246,0.9717741935483871,1076,Thyroid,1076__ch2__id492,connective,normal
23,17,502,545,713,756,0.6640211640211641,0.9211009174311927,0.7040673211781207,1076,Thyroid,1076__ch2__id497,connective,normal
24,22,370,411,380,421,0.8788598574821853,0.9002433090024331,0.9736842105263158,1076,Thyroid,1076__ch2__id514,connective,normal
1,1,4,6,194,196,0.02040816326530612,0.6666666666666666,0.020618556701030927,1108,Thyroid,1108__ch0__id312,neoplastic,neoplastic
2,3,462,517,462,517,0.8936170212765957,0.8936170212765957,1.0,1108,Thyroid,1108__ch0__id314,neoplastic,neoplastic
3,1,190,201,194,205,0.926829268292683,0.945273631840796,0.979381443298969,1108,Thyroid,1108__ch0__id315,neoplastic,neoplastic
4,4,232,296,234,298,0.7785234899328859,0.7837837837837838,0.9914529914529915,1108,Thyroid,1108__ch0__id318,neoplastic,neoplastic
5,2,286,333,311,358,0.7988826815642458,0.8588588588588588,0.9196141479099679,1108,Thyroid,1108__ch0__id323,neoplastic,neoplastic
6,4,1,1085,234,1318,0.0007587253414264037,0.0009216589861751152,0.004273504273504274,1108,Thyroid,1108__ch0__id328,neoplastic,neoplastic
6,5,960,1085,1030,1155,0.8311688311688312,0.8847926267281107,0.9320388349514563,1108,Thyroid,1108__ch0__id328,neoplastic,neoplastic
7,8,461,515,462,516,0.8934108527131783,0.8951456310679612,0.9978354978354979,1108,Thyroid,1108__ch0__id374,neoplastic,neoplastic
9,9,318,390,318,390,0.8153846153846154,0.8153846153846154,1.0,1108,Thyroid,1108__ch0__id378,neoplastic,neoplastic
10,10,107,158,108,159,0.6729559748427673,0.6772151898734177,0.9907407407407407,1108,Thyroid,1108__ch0__id381,neoplastic,neoplastic
11,11,698,888,699,889,0.7851518560179978,0.786036036036036,0.9985693848354793,1108,Thyroid,1108__ch0__id384,neoplastic,neoplastic
13,12,626,669,664,707,0.8854314002828855,0.9357249626307922,0.9427710843373494,1108,Thyroid,1108__ch0__id397,neoplastic,neoplastic
14,13,1307,1425,1311,1429,0.9146256123163051,0.9171929824561403,0.9969488939740656,1108,Thyroid,1108__ch0__id398,neoplastic,neoplastic
15,14,585,624,598,637,0.9183673469387755,0.9375,0.9782608695652174,1108,Thyroid,1108__ch0__id400,neoplastic,neoplastic
16,15,792,833,920,961,0.8241415192507804,0.9507803121248499,0.8608695652173913,1108,Thyroid,1108__ch0__id402,neoplastic,neoplastic
17,16,752,829,772,849,0.8857479387514723,0.9071170084439083,0.9740932642487047,1108,Thyroid,1108__ch0__id403,neoplastic,neoplastic
19,17,196,243,198,245,0.8,0.8065843621399177,0.98989898989899,1108,Thyroid,1108__ch0__id415,neoplastic,neoplastic
20,18,80,134,80,134,0.5970149253731343,0.5970149253731343,1.0,1108,Thyroid,1108__ch0__id420,neoplastic,neoplastic
21,7,132,191,132,191,0.6910994764397905,0.6910994764397905,1.0,1108,Thyroid,1108__ch1__id353,inflammatory,normal
22,6,621,746,621,746,0.8324396782841823,0.8324396782841823,1.0,1108,Thyroid,1108__ch2__id344,connective,normal
1,1,561,579,581,599,0.9365609348914858,0.9689119170984456,0.9655765920826161,1123,Esophagus,1123__ch2__id152,connective,normal
2,2,708,728,873,893,0.7928331466965286,0.9725274725274725,0.8109965635738832,1123,Esophagus,1123__ch2__id167,connective,normal
3,3,492,536,550,594,0.8282828282828283,0.917910447761194,0.8945454545454545,1123,Esophagus,1123__ch2__id181,connective,normal
4,4,282,323,287,328,0.8597560975609756,0.8730650154798761,0.9825783972125436,1123,Esophagus,1123__ch2__id189,connective,normal
5,5,61,150,64,153,0.39869281045751637,0.4066666666666667,0.953125,1123,Esophagus,1123__ch2__id204,connective,normal
1,1,499,558,551,610,0.8180327868852459,0.8942652329749103,0.9056261343012704,1146,Esophagus,1146__ch0__id1262,neoplastic,neoplastic
2,1,14,1166,551,1703,0.008220786846741044,0.012006861063464836,0.025408348457350273,1146,Esophagus,1146__ch0__id1271,neoplastic,neoplastic
2,2,931,1166,944,1179,0.7896522476675149,0.7984562607204116,0.986228813559322,1146,Esophagus,1146__ch0__id1271,neoplastic,neoplastic
2,3,4,1166,1489,2651,0.0015088645794039985,0.003430531732418525,0.002686366689053056,1146,Esophagus,1146__ch0__id1271,neoplastic,neoplastic
3,3,1198,1238,1489,1529,0.7835186396337476,0.9676898222940227,0.8045668233713902,1146,Esophagus,1146__ch0__id1290,neoplastic,neoplastic
4,4,553,574,2113,2134,0.2591377694470478,0.9634146341463414,0.26171320397539044,1146,Esophagus,1146__ch0__id1296,neoplastic,neoplastic
5,3,5,1454,1489,2938,0.0017018379850238256,0.0034387895460797797,0.0033579583613163196,1146,Esophagus,1146__ch0__id1302,neoplastic,neoplastic
5,4,1382,1454,2113,2185,0.6324942791762014,0.9504814305364512,0.6540463795551349,1146,Esophagus,1146__ch0__id1302,neoplastic,neoplastic
6,6,1229,1297,1232,1300,0.9453846153846154,0.9475713184271396,0.997564935064935,1146,Esophagus,1146__ch0__id1316,neoplastic,neoplastic
7,7,693,740,724,771,0.8988326848249028,0.9364864864864865,0.9571823204419889,1146,Esophagus,1146__ch0__id1328,neoplastic,neoplastic
8,8,479,548,503,572,0.8374125874125874,0.8740875912408759,0.952286282306163,1146,Esophagus,1146__ch0__id1340,neoplastic,neoplastic
9,9,522,558,1262,1298,0.40215716486902925,0.9354838709677419,0.41362916006339145,1146,Esophagus,1146__ch0__id1344,neoplastic,neoplastic
11,9,616,651,1262,1297,0.47494217424826524,0.946236559139785,0.48811410459587956,1146,Esophagus,1146__ch0__id1349,neoplastic,neoplastic
12,8,8,719,503,1214,0.006589785831960461,0.011126564673157162,0.015904572564612324,1146,Esophagus,1146__ch0__id1352,neoplastic,neoplastic
12,10,648,719,674,745,0.8697986577181208,0.9012517385257302,0.9614243323442137,1146,Esophagus,1146__ch0__id1352,neoplastic,neoplastic
12,11,1,719,1091,1809,0.000552791597567717,0.0013908205841446453,0.0009165902841429881,1146,Esophagus,1146__ch0__id1352,neoplastic,neoplastic
12,12,1,719,1312,2030,0.0004926108374384236,0.0013908205841446453,0.0007621951219512195,1146,Esophagus,1146__ch0__id1352,neoplastic,neoplastic
13,11,844,898,1091,1145,0.737117903930131,0.9398663697104677,0.773602199816682,1146,Esophagus,1146__ch0__id1360,neoplastic,neoplastic
14,10,8,686,674,1352,0.005917159763313609,0.011661807580174927,0.011869436201780416,1146,Esophagus,1146__ch0__id1371,neoplastic,neoplastic
14,12,651,686,1312,1347,0.48329621380846327,0.9489795918367347,0.4961890243902439,1146,Esophagus,1146__ch0__id1371,neoplastic,neoplastic
15,12,343,343,1312,1312,0.2614329268292683,1.0,0.2614329268292683,1146,Esophagus,1146__ch0__id1379,neoplastic,neoplastic
16,12,18,785,1312,2079,0.008658008658008658,0.022929936305732482,0.013719512195121951,1146,Esophagus,1146__ch0__id1395,neoplastic,neoplastic
16,17,684,785,805,906,0.7549668874172185,0.8713375796178344,0.8496894409937888,1146,Esophagus,1146__ch0__id1395,neoplastic,neoplastic
16,20,1,785,1154,1938,0.0005159958720330237,0.0012738853503184713,0.0008665511265164644,1146,Esophagus,1146__ch0__id1395,neoplastic,neoplastic
17,20,996,1005,1154,1163,0.8564058469475494,0.991044776119403,0.8630849220103987,1146,Esophagus,1146__ch0__id1406,neoplastic,neoplastic
18,23,236,261,269,294,0.8027210884353742,0.9042145593869731,0.8773234200743495,1146,Esophagus,1146__ch0__id1425,neoplastic,neoplastic
19,25,503,530,506,533,0.9437148217636022,0.9490566037735849,0.9940711462450593,1146,Esophagus,1146__ch0__id1462,neoplastic,neoplastic
20,26,396,477,396,477,0.8301886792452831,0.8301886792452831,1.0,1146,Esophagus,1146__ch0__id1466,neoplastic,neoplastic
22,5,692,815,725,848,0.8160377358490566,0.849079754601227,0.9544827586206897,1146,Esophagus,1146__ch2__id1315,connective,normal
23,13,358,469,358,469,0.7633262260127932,0.7633262260127932,1.0,1146,Esophagus,1146__ch2__id1373,connective,normal
24,14,569,657,584,672,0.8467261904761905,0.8660578386605784,0.9743150684931506,1146,Esophagus,1146__ch2__id1375,connective,normal
24,16,3,657,689,1343,0.0022338049143708115,0.0045662100456621,0.0043541364296081275,1146,Esophagus,1146__ch2__id1375,connective,normal
25,15,469,543,475,549,0.8542805100182149,0.8637200736648251,0.9873684210526316,1146,Esophagus,1146__ch2__id1380,connective,normal
26,16,678,741,689,752,0.901595744680851,0.9149797570850202,0.9840348330914369,1146,Esophagus,1146__ch2__id1386,connective,normal
27,18,569,635,571,637,0.8932496075353218,0.8960629921259843,0.9964973730297724,1146,Esophagus,1146__ch2__id1400,connective,normal
28,19,443,586,443,586,0.7559726962457338,0.7559726962457338,1.0,1146,Esophagus,1146__ch2__id1402,connective,normal
28,21,15,586,289,860,0.01744186046511628,0.025597269624573378,0.05190311418685121,1146,Esophagus,1146__ch2__id1402,connective,normal
29,21,271,323,289,341,0.7947214076246334,0.8390092879256966,0.9377162629757786,1146,Esophagus,1146__ch2__id1417,connective,normal
30,17,3,464,805,1266,0.002369668246445498,0.00646551724137931,0.0037267080745341614,1146,Esophagus,1146__ch2__id1420,connective,normal
30,24,26,464,854,1292,0.020123839009287926,0.05603448275862069,0.03044496487119438,1146,Esophagus,1146__ch2__id1420,connective,normal
31,22,1081,1315,1294,1528,0.7074607329842932,0.8220532319391635,0.8353941267387944,1146,Esophagus,1146__ch2__id1426,connective,normal
33,24,651,715,854,918,0.7091503267973857,0.9104895104895104,0.7622950819672131,1146,Esophagus,1146__ch2__id1449,connective,normal
34,27,203,360,203,360,0.5638888888888889,0.5638888888888889,1.0,1146,Esophagus,1146__ch2__id1469,connective,normal
2,1,191,262,191,262,0.7290076335877863,0.7290076335877863,1.0,1153,Cervix,1153__ch1__id14,inflammatory,normal
2,1,310,366,310,366,0.8469945355191257,0.8469945355191257,1.0,1217,Adrenal_gland,1217__ch0__id379,neoplastic,neoplastic
4,2,534,559,537,562,0.9501779359430605,0.9552772808586762,0.994413407821229,1217,Adrenal_gland,1217__ch0__id389,neoplastic,neoplastic
6,3,831,862,851,882,0.9421768707482994,0.9640371229698376,0.9764982373678026,1217,Adrenal_gland,1217__ch0__id401,neoplastic,neoplastic
7,4,983,999,1032,1048,0.9379770992366412,0.983983983983984,0.9525193798449613,1217,Adrenal_gland,1217__ch0__id411,neoplastic,neoplastic
8,5,542,611,542,611,0.8870703764320785,0.8870703764320785,1.0,1217,Adrenal_gland,1217__ch0__id415,neoplastic,neoplastic
9,7,89,118,90,119,0.7478991596638656,0.7542372881355932,0.9888888888888889,1217,Adrenal_gland,1217__ch0__id431,neoplastic,neoplastic
10,9,315,430,315,430,0.7325581395348837,0.7325581395348837,1.0,1217,Adrenal_gland,1217__ch0__id457,neoplastic,neoplastic
11,6,262,303,278,319,0.8213166144200627,0.8646864686468647,0.9424460431654677,1217,Adrenal_gland,1217__ch1__id426,inflammatory,normal
12,8,170,188,174,192,0.8854166666666666,0.9042553191489362,0.9770114942528736,1217,Adrenal_gland,1217__ch1__id440,inflammatory,normal
2,1,461,531,461,531,0.8681732580037664,0.8681732580037664,1.0,1218,Adrenal_gland,1218__ch0__id469,neoplastic,neoplastic
3,2,339,369,349,379,0.8944591029023746,0.9186991869918699,0.9713467048710601,1218,Adrenal_gland,1218__ch0__id471,neoplastic,neoplastic
7,3,337,392,437,492,0.6849593495934959,0.8596938775510204,0.7711670480549199,1218,Adrenal_gland,1218__ch0__id480,neoplastic,neoplastic
8,4,717,937,717,937,0.7652081109925294,0.7652081109925294,1.0,1218,Adrenal_gland,1218__ch0__id484,neoplastic,neoplastic
9,7,271,352,271,352,0.7698863636363636,0.7698863636363636,1.0,1218,Adrenal_gland,1218__ch0__id507,neoplastic,neoplastic
10,8,358,443,360,445,0.8044943820224719,0.8081264108352144,0.9944444444444445,1218,Adrenal_gland,1218__ch0__id510,neoplastic,neoplastic
11,9,420,437,442,459,0.9150326797385621,0.9610983981693364,0.9502262443438914,1218,Adrenal_gland,1218__ch0__id512,neoplastic,neoplastic
12,10,918,1017,920,1019,0.900883218842002,0.9026548672566371,0.9978260869565218,1218,Adrenal_gland,1218__ch0__id521,neoplastic,neoplastic
13,11,694,781,695,782,0.887468030690537,0.8886043533930857,0.9985611510791367,1218,Adrenal_gland,1218__ch0__id522,neoplastic,neoplastic
14,12,821,877,930,986,0.8326572008113591,0.936145952109464,0.8827956989247312,1218,Adrenal_gland,1218__ch0__id526,neoplastic,neoplastic
16,13,317,323,343,349,0.9083094555873925,0.9814241486068112,0.924198250728863,1218,Adrenal_gland,1218__ch0__id528,neoplastic,neoplastic
17,13,10,336,343,669,0.014947683109118086,0.02976190476190476,0.029154518950437316,1218,Adrenal_gland,1218__ch0__id535,neoplastic,neoplastic
17,14,299,336,322,359,0.8328690807799443,0.8898809523809523,0.9285714285714286,1218,Adrenal_gland,1218__ch0__id535,neoplastic,neoplastic
20,5,156,305,156,305,0.5114754098360655,0.5114754098360655,1.0,1218,Adrenal_gland,1218__ch2__id488,connective,normal
21,6,214,288,214,288,0.7430555555555556,0.7430555555555556,1.0,1218,Adrenal_gland,1218__ch2__id495,connective,normal
1,4,998,1195,998,1195,0.8351464435146444,0.8351464435146444,1.0,1233,Esophagus,1233__ch0__id373,neoplastic,neoplastic
2,5,1451,1637,1451,1637,0.8863775198533903,0.8863775198533903,1.0,1233,Esophagus,1233__ch0__id380,neoplastic,neoplastic
3,6,1135,1291,1173,1329,0.8540255831452219,0.879163439194423,0.9676044330775788,1233,Esophagus,1233__ch0__id382,neoplastic,neoplastic
4,15,364,439,378,453,0.8035320088300221,0.8291571753986332,0.9629629629629629,1233,Esophagus,1233__ch0__id438,neoplastic,neoplastic
5,9,308,387,333,412,0.7475728155339806,0.7958656330749354,0.924924924924925,1233,Esophagus,1233__ch0__id564,neoplastic,neoplastic
6,13,462,633,462,633,0.7298578199052133,0.7298578199052133,1.0,1233,Esophagus,1233__ch0__id566,neoplastic,neoplastic
7,11,534,663,534,663,0.8054298642533937,0.8054298642533937,1.0,1233,Esophagus,1233__ch1__id408,inflammatory,normal
8,14,467,494,540,567,0.8236331569664903,0.9453441295546559,0.8648148148148148,1233,Esophagus,1233__ch1__id430,inflammatory,normal
9,2,286,409,286,409,0.6992665036674817,0.6992665036674817,1.0,1233,Esophagus,1233__ch2__id353,connective,normal
10,1,1166,1297,1166,1297,0.8989976869699307,0.8989976869699307,1.0,1233,Esophagus,1233__ch2__id360,connective,normal
11,3,497,565,498,566,0.8780918727915195,0.879646017699115,0.9979919678714859,1233,Esophagus,1233__ch2__id367,connective,normal
12,7,663,859,753,949,0.6986301369863014,0.7718277066356228,0.8804780876494024,1233,Esophagus,1233__ch2__id390,connective,normal
13,8,930,995,954,1019,0.9126594700686947,0.9346733668341709,0.9748427672955975,1233,Esophagus,1233__ch2__id402,connective,normal
14,8,6,93,954,1041,0.005763688760806916,0.06451612903225806,0.006289308176100629,1233,Esophagus,1233__ch2__id411,connective,normal
15,10,251,305,260,314,0.7993630573248408,0.8229508196721311,0.9653846153846154,1233,Esophagus,1233__ch2__id563,connective,normal
16,12,417,443,447,473,0.8816067653276956,0.9413092550790068,0.9328859060402684,1233,Esophagus,1233__ch2__id565,connective,normal
1,1,749,825,1195,1271,0.5892997639653816,0.9078787878787878,0.6267782426778242,1252,Esophagus,1252__ch0__id196,neoplastic,neoplastic
3,3,496,595,505,604,0.8211920529801324,0.8336134453781513,0.9821782178217822,1252,Esophagus,1252__ch0__id204,neoplastic,neoplastic
4,4,818,1033,818,1033,0.7918683446272992,0.7918683446272992,1.0,1252,Esophagus,1252__ch0__id210,neoplastic,neoplastic
5,2,1125,1256,1187,1318,0.8535660091047041,0.8957006369426752,0.9477674810446504,1252,Esophagus,1252__ch0__id211,neoplastic,neoplastic
6,5,1160,1250,1196,1286,0.9020217729393468,0.928,0.9698996655518395,1252,Esophagus,1252__ch0__id221,neoplastic,neoplastic
7,6,266,505,266,505,0.5267326732673268,0.5267326732673268,1.0,1252,Esophagus,1252__ch0__id225,neoplastic,neoplastic
8,8,1078,1229,1078,1229,0.8771358828315704,0.8771358828315704,1.0,1252,Esophagus,1252__ch0__id238,neoplastic,neoplastic
9,7,999,1101,999,1101,0.9073569482288828,0.9073569482288828,1.0,1252,Esophagus,1252__ch0__id239,neoplastic,neoplastic
10,9,531,718,531,718,0.7395543175487466,0.7395543175487466,1.0,1252,Esophagus,1252__ch0__id253,neoplastic,neoplastic
11,10,1402,1542,1420,1560,0.8987179487179487,0.9092088197146563,0.9873239436619718,1252,Esophagus,1252__ch0__id256,neoplastic,neoplastic
12,11,1289,1355,1312,1378,0.9354136429608128,0.9512915129151291,0.9824695121951219,1252,Esophagus,1252__ch0__id260,neoplastic,neoplastic
13,12,1062,1221,1063,1222,0.8690671031096563,0.8697788697788698,0.9990592662276576,1252,Esophagus,1252__ch0__id262,neoplastic,neoplastic
14,13,1597,1695,1618,1716,0.9306526806526807,0.9421828908554573,0.9870210135970334,1252,Esophagus,1252__ch0__id270,neoplastic,neoplastic
14,14,7,1695,1515,3203,0.0021854511395566654,0.004129793510324484,0.0046204620462046205,1252,Esophagus,1252__ch0__id270,neoplastic,neoplastic
15,14,1446,1552,1515,1621,0.892041949413942,0.9317010309278351,0.9544554455445544,1252,Esophagus,1252__ch0__id276,neoplastic,neoplastic
16,15,785,995,785,995,0.7889447236180904,0.7889447236180904,1.0,1252,Esophagus,1252__ch0__id277,neoplastic,neoplastic
17,16,2145,2294,2148,2297,0.9338267305180671,0.9350479511769835,0.9986033519553073,1252,Esophagus,1252__ch0__id291,neoplastic,neoplastic
18,17,541,678,541,678,0.7979351032448377,0.7979351032448377,1.0,1252,Esophagus,1252__ch0__id295,neoplastic,neoplastic
18,18,51,678,540,1167,0.043701799485861184,0.0752212389380531,0.09444444444444444,1252,Esophagus,1252__ch0__id295,neoplastic,neoplastic
19,18,487,580,540,633,0.7693522906793049,0.8396551724137931,0.9018518518518519,1252,Esophagus,1252__ch0__id304,neoplastic,neoplastic
20,19,823,942,823,942,0.8736730360934183,0.8736730360934183,1.0,1252,Esophagus,1252__ch0__id306,neoplastic,neoplastic
1,1,217,354,217,354,0.6129943502824858,0.6129943502824858,1.0,1289,Pancreatic,1289__ch2__id187,connective,normal
2,2,539,721,539,721,0.7475728155339806,0.7475728155339806,1.0,1289,Pancreatic,1289__ch2__id193,connective,normal
2,5,42,721,605,1284,0.03271028037383177,0.05825242718446602,0.06942148760330578,1289,Pancreatic,1289__ch2__id193,connective,normal
3,4,188,218,223,253,0.7430830039525692,0.8623853211009175,0.8430493273542601,1289,Pancreatic,1289__ch2__id195,connective,normal
4,3,329,366,443,480,0.6854166666666667,0.8989071038251366,0.7426636568848759,1289,Pancreatic,1289__ch2__id196,connective,normal
6,6,115,190,115,190,0.6052631578947368,0.6052631578947368,1.0,1289,Pancreatic,1289__ch2__id206,connective,normal
7,7,687,781,716,810,0.8481481481481481,0.8796414852752881,0.9594972067039106,1289,Pancreatic,1289__ch2__id208,connective,normal
8,8,9,19,362,372,0.024193548387096774,0.47368421052631576,0.024861878453038673,1289,Pancreatic,1289__ch2__id210,connective,normal
9,8,127,142,362,377,0.33687002652519893,0.8943661971830986,0.35082872928176795,1289,Pancreatic,1289__ch2__id215,connective,normal
11,10,651,736,651,736,0.8845108695652174,0.8845108695652174,1.0,1289,Pancreatic,1289__ch2__id249,connective,normal
12,11,177,261,207,291,0.6082474226804123,0.6781609195402298,0.855072463768116,1289,Pancreatic,1289__ch2__id250,connective,normal
14,12,724,860,724,860,0.8418604651162791,0.8418604651162791,1.0,1289,Pancreatic,1289__ch2__id258,connective,normal
15,13,409,1131,483,1205,0.3394190871369295,0.3616268788682582,0.8467908902691511,1289,Pancreatic,1289__ch2__id260,connective,normal
16,14,264,337,264,337,0.7833827893175074,0.7833827893175074,1.0,1289,Pancreatic,1289__ch2__id273,connective,normal
1,5,345,383,360,398,0.8668341708542714,0.9007832898172323,0.9583333333333334,1299,Pancreatic,1299__ch1__id556,inflammatory,normal
2,2,402,541,402,541,0.7430683918669131,0.7430683918669131,1.0,1299,Pancreatic,1299__ch2__id509,connective,normal
3,1,542,680,542,680,0.7970588235294118,0.7970588235294118,1.0,1299,Pancreatic,1299__ch2__id514,connective,normal
4,3,244,338,272,366,0.6666666666666666,0.7218934911242604,0.8970588235294118,1299,Pancreatic,1299__ch2__id519,connective,normal
5,4,332,370,335,373,0.8900804289544236,0.8972972972972973,0.991044776119403,1299,Pancreatic,1299__ch2__id536,connective,normal
7,6,513,706,513,706,0.726628895184136,0.726628895184136,1.0,1299,Pancreatic,1299__ch2__id557,connective,normal
8,8,580,682,587,689,0.841799709724238,0.8504398826979472,0.9880749574105622,1299,Pancreatic,1299__ch2__id573,connective,normal
9,7,311,324,403,416,0.7475961538461539,0.9598765432098766,0.771712158808933,1299,Pancreatic,1299__ch2__id576,connective,normal
11,9,894,1017,938,1061,0.8426013195098964,0.8790560471976401,0.9530916844349681,1299,Pancreatic,1299__ch2__id597,connective,normal
12,10,521,749,521,749,0.6955941255006676,0.6955941255006676,1.0,1299,Pancreatic,1299__ch2__id617,connective,normal
13,11,587,595,1023,1031,0.5693501454898157,0.9865546218487395,0.5738025415444771,1299,Pancreatic,1299__ch2__id622,connective,normal
14,12,672,770,673,771,0.8715953307392996,0.8727272727272727,0.9985141158989599,1299,Pancreatic,1299__ch2__id623,connective,normal
15,12,1,311,673,983,0.001017293997965412,0.003215434083601286,0.0014858841010401188,1299,Pancreatic,1299__ch2__id636,connective,normal
3,1,1478,1832,1478,1832,0.8067685589519651,0.8067685589519651,1.0,1320,Cervix,1320__ch0__id13,neoplastic,neoplastic
4,2,1432,1617,1432,1617,0.8855905998763142,0.8855905998763142,1.0,1320,Cervix,1320__ch0__id21,neoplastic,neoplastic
5,3,782,1007,782,1007,0.7765640516385303,0.7765640516385303,1.0,1320,Cervix,1320__ch0__id22,neoplastic,neoplastic
6,4,1785,2153,1785,2153,0.8290757083139805,0.8290757083139805,1.0,1320,Cervix,1320__ch0__id39,neoplastic,neoplastic
8,5,1376,1574,1376,1574,0.8742058449809402,0.8742058449809402,1.0,1320,Cervix,1320__ch0__id44,neoplastic,neoplastic
9,6,1368,1575,1368,1575,0.8685714285714285,0.8685714285714285,1.0,1320,Cervix,1320__ch0__id56,neoplastic,neoplastic
10,7,280,360,280,360,0.7777777777777778,0.7777777777777778,1.0,1320,Cervix,1320__ch0__id66,neoplastic,neoplastic
11,8,1222,1425,1222,1425,0.8575438596491228,0.8575438596491228,1.0,1320,Cervix,1320__ch0__id84,neoplastic,neoplastic
13,9,433,600,433,600,0.7216666666666667,0.7216666666666667,1.0,1320,Cervix,1320__ch0__id105,neoplastic,neoplastic
14,10,154,197,158,201,0.7661691542288557,0.7817258883248731,0.9746835443037974,1320,Cervix,1320__ch0__id106,neoplastic,neoplastic
15,11,963,1235,981,1253,0.7685554668794893,0.7797570850202429,0.981651376146789,1320,Cervix,1320__ch0__id107,neoplastic,neoplastic
16,12,706,1338,706,1338,0.5276532137518685,0.5276532137518685,1.0,1320,Cervix,1320__ch0__id108,neoplastic,neoplastic
17,13,652,776,652,776,0.8402061855670103,0.8402061855670103,1.0,1320,Cervix,1320__ch0__id124,neoplastic,neoplastic
18,14,585,735,585,735,0.7959183673469388,0.7959183673469388,1.0,1320,Cervix,1320__ch0__id126,neoplastic,neoplastic
19,15,720,847,726,853,0.8440797186400938,0.8500590318772137,0.9917355371900827,1320,Cervix,1320__ch0__id140,neoplastic,neoplastic
22,16,187,311,187,311,0.6012861736334405,0.6012861736334405,1.0,1320,Cervix,1320__ch1__id144,inflammatory,normal
2,1,105,125,106,126,0.8333333333333334,0.84,0.9905660377358491,1351,Cervix,1351__ch0__id570,neoplastic,neoplastic
3,2,502,549,527,574,0.8745644599303136,0.9143897996357013,0.952561669829222,1351,Cervix,1351__ch0__id581,neoplastic,neoplastic
4,3,407,437,409,439,0.9271070615034168,0.931350114416476,0.9951100244498777,1351,Cervix,1351__ch0__id590,neoplastic,neoplastic
5,4,349,410,370,431,0.8097447795823666,0.8512195121951219,0.9432432432432433,1351,Cervix,1351__ch0__id591,neoplastic,neoplastic
6,5,613,659,628,674,0.9094955489614244,0.9301972685887708,0.9761146496815286,1351,Cervix,1351__ch0__id594,neoplastic,neoplastic
7,6,506,553,1302,1349,0.37509266123054114,0.9150090415913201,0.38863287250384027,1351,Cervix,1351__ch0__id596,neoplastic,neoplastic
8,7,485,514,612,641,0.7566302652106084,0.943579766536965,0.7924836601307189,1351,Cervix,1351__ch0__id611,neoplastic,neoplastic
9,6,601,648,1302,1349,0.44551519644180876,0.9274691358024691,0.46159754224270355,1351,Cervix,1351__ch0__id612,neoplastic,neoplastic
10,7,86,341,612,867,0.09919261822376009,0.25219941348973607,0.14052287581699346,1351,Cervix,1351__ch0__id616,neoplastic,neoplastic
11,8,337,412,338,413,0.8159806295399515,0.8179611650485437,0.9970414201183432,1351,Cervix,1351__ch0__id618,neoplastic,neoplastic
12,9,476,569,476,569,0.836555360281195,0.836555360281195,1.0,1351,Cervix,1351__ch0__id623,neoplastic,neoplastic
13,10,654,723,654,723,0.9045643153526971,0.9045643153526971,1.0,1351,Cervix,1351__ch0__id625,neoplastic,neoplastic
14,11,190,214,195,219,0.867579908675799,0.8878504672897196,0.9743589743589743,1351,Cervix,1351__ch0__id634,neoplastic,neoplastic
15,13,720,794,731,805,0.8944099378881988,0.906801007556675,0.9849521203830369,1351,Cervix,1351__ch0__id654,neoplastic,neoplastic
16,14,480,525,484,529,0.9073724007561437,0.9142857142857143,0.9917355371900827,1351,Cervix,1351__ch0__id658,neoplastic,neoplastic
17,15,450,483,534,567,0.7936507936507936,0.9316770186335404,0.8426966292134831,1351,Cervix,1351__ch0__id659,neoplastic,neoplastic
18,16,476,526,476,526,0.9049429657794676,0.9049429657794676,1.0,1351,Cervix,1351__ch0__id664,neoplastic,neoplastic
19,17,552,582,585,615,0.8975609756097561,0.9484536082474226,0.9435897435897436,1351,Cervix,1351__ch0__id670,neoplastic,neoplastic
20,19,459,527,478,546,0.8406593406593407,0.8709677419354839,0.9602510460251046,1351,Cervix,1351__ch0__id677,neoplastic,neoplastic
21,20,369,420,383,434,0.8502304147465438,0.8785714285714286,0.9634464751958225,1351,Cervix,1351__ch0__id683,neoplastic,neoplastic
22,21,352,386,369,403,0.8734491315136477,0.9119170984455959,0.9539295392953929,1351,Cervix,1351__ch0__id690,neoplastic,neoplastic
23,18,56,68,287,299,0.18729096989966554,0.8235294117647058,0.1951219512195122,1351,Cervix,1351__ch0__id693,neoplastic,neoplastic
24,22,658,735,659,736,0.8940217391304348,0.8952380952380953,0.9984825493171472,1351,Cervix,1351__ch0__id696,neoplastic,neoplastic
25,17,1,530,585,1114,0.0008976660682226212,0.0018867924528301887,0.0017094017094017094,1351,Cervix,1351__ch0__id702,neoplastic,neoplastic
25,23,472,530,515,573,0.8237347294938918,0.8905660377358491,0.916504854368932,1351,Cervix,1351__ch0__id702,neoplastic,neoplastic
26,24,455,560,455,560,0.8125,0.8125,1.0,1351,Cervix,1351__ch0__id712,neoplastic,neoplastic
27,25,195,218,197,220,0.8863636363636364,0.8944954128440367,0.9898477157360406,1351,Cervix,1351__ch0__id715,neoplastic,neoplastic
27,26,5,218,437,650,0.007692307692307693,0.022935779816513763,0.011441647597254004,1351,Cervix,1351__ch0__id715,neoplastic,neoplastic
28,25,2,423,197,618,0.003236245954692557,0.004728132387706856,0.01015228426395939,1351,Cervix,1351__ch0__id721,neoplastic,neoplastic
28,26,392,423,437,468,0.8376068376068376,0.9267139479905437,0.897025171624714,1351,Cervix,1351__ch0__id721,neoplastic,neoplastic
29,29,464,583,470,589,0.7877758913412564,0.7958833619210978,0.9872340425531915,1351,Cervix,1351__ch0__id730,neoplastic,neoplastic
30,28,440,460,631,651,0.6758832565284179,0.9565217391304348,0.6973058637083994,1351,Cervix,1351__ch0__id731,neoplastic,neoplastic
31,27,505,562,516,573,0.881326352530541,0.8985765124555161,0.9786821705426356,1351,Cervix,1351__ch0__id732,neoplastic,neoplastic
32,30,209,228,1038,1057,0.1977294228949858,0.9166666666666666,0.20134874759152216,1351,Cervix,1351__ch0__id741,neoplastic,neoplastic
33,31,431,498,436,503,0.856858846918489,0.8654618473895582,0.9885321100917431,1351,Cervix,1351__ch0__id754,neoplastic,neoplastic
34,32,247,308,269,330,0.7484848484848485,0.801948051948052,0.9182156133828996,1351,Cervix,1351__ch0__id755,neoplastic,neoplastic
35,33,214,273,215,274,0.781021897810219,0.7838827838827839,0.9953488372093023,1351,Cervix,1351__ch0__id759,neoplastic,neoplastic
36,28,145,193,631,679,0.21354933726067746,0.7512953367875648,0.22979397781299524,1351,Cervix,1351__ch0__id764,neoplastic,neoplastic
37,34,156,205,156,205,0.7609756097560976,0.7609756097560976,1.0,1351,Cervix,1351__ch0__id771,neoplastic,neoplastic
38,36,15,18,298,301,0.04983388704318937,0.8333333333333334,0.050335570469798654,1351,Cervix,1351__ch0__id772,neoplastic,neoplastic
39,35,315,428,319,432,0.7291666666666666,0.735981308411215,0.987460815047022,1351,Cervix,1351__ch0__id775,neoplastic,neoplastic
39,37,3,428,233,658,0.004559270516717325,0.007009345794392523,0.012875536480686695,1351,Cervix,1351__ch0__id775,neoplastic,neoplastic
40,30,302,313,1038,1049,0.28789323164918973,0.9648562300319489,0.2909441233140655,1351,Cervix,1351__ch0__id779,neoplastic,neoplastic
41,36,240,247,298,305,0.7868852459016393,0.97165991902834,0.8053691275167785,1351,Cervix,1351__ch0__id783,neoplastic,neoplastic
42,30,218,268,1038,1088,0.20036764705882354,0.8134328358208955,0.21001926782273603,1351,Cervix,1351__ch0__id798,neoplastic,neoplastic
43,38,124,250,124,250,0.496,0.496,1.0,1351,Cervix,1351__ch0__id800,neoplastic,neoplastic
44,37,226,261,233,268,0.8432835820895522,0.8659003831417624,0.9699570815450643,1351,Cervix,1351__ch0__id802,neoplastic,neoplastic
45,39,501,541,511,551,0.9092558983666061,0.9260628465804066,0.9804305283757339,1351,Cervix,1351__ch0__id809,neoplastic,neoplastic
46,40,580,637,620,677,0.8567208271787297,0.9105180533751962,0.9354838709677419,1351,Cervix,1351__ch0__id812,neoplastic,neoplastic
47,42,134,253,134,253,0.5296442687747036,0.5296442687747036,1.0,1351,Cervix,1351__ch0__id843,neoplastic,neoplastic
49,41,313,386,327,400,0.7825,0.810880829015544,0.9571865443425076,1351,Cervix,1351__ch1__id839,inflammatory,normal
1,1,136,206,136,206,0.6601941747572816,0.6601941747572816,1.0,1409,Bile-duct,1409__ch0__id604,neoplastic,neoplastic
2,2,329,478,329,478,0.6882845188284519,0.6882845188284519,1.0,1409,Bile-duct,1409__ch0__id618,neoplastic,neoplastic
3,3,113,175,113,175,0.6457142857142857,0.6457142857142857,1.0,1409,Bile-duct,1409__ch0__id619,neoplastic,neoplastic
4,4,641,808,641,808,0.7933168316831684,0.7933168316831684,1.0,1409,Bile-duct,1409__ch0__id625,neoplastic,neoplastic
5,6,528,675,528,675,0.7822222222222223,0.7822222222222223,1.0,1409,Bile-duct,1409__ch0__id638,neoplastic,neoplastic
6,5,542,632,543,633,0.8562401263823065,0.8575949367088608,0.998158379373849,1409,Bile-duct,1409__ch0__id643,neoplastic,neoplastic
7,7,508,607,508,607,0.8369028006589786,0.8369028006589786,1.0,1409,Bile-duct,1409__ch0__id650,neoplastic,neoplastic
8,8,485,553,490,558,0.8691756272401434,0.8770343580470162,0.9897959183673469,1409,Bile-duct,1409__ch0__id653,neoplastic,neoplastic
9,9,356,401,365,410,0.8682926829268293,0.8877805486284289,0.9753424657534246,1409,Bile-duct,1409__ch0__id654,neoplastic,neoplastic
10,10,584,740,584,740,0.7891891891891892,0.7891891891891892,1.0,1409,Bile-duct,1409__ch0__id658,neoplastic,neoplastic
11,11,511,651,511,651,0.7849462365591398,0.7849462365591398,1.0,1409,Bile-duct,1409__ch0__id662,neoplastic,neoplastic
12,12,387,405,402,420,0.9214285714285714,0.9555555555555556,0.9626865671641791,1409,Bile-duct,1409__ch0__id669,neoplastic,neoplastic
13,13,622,712,622,712,0.8735955056179775,0.8735955056179775,1.0,1409,Bile-duct,1409__ch0__id673,neoplastic,neoplastic
14,14,495,557,499,561,0.8823529411764706,0.8886894075403949,0.9919839679358717,1409,Bile-duct,1409__ch0__id674,neoplastic,neoplastic
15,15,318,344,402,428,0.7429906542056075,0.9244186046511628,0.7910447761194029,1409,Bile-duct,1409__ch0__id677,neoplastic,neoplastic
16,16,447,461,459,473,0.945031712473573,0.9696312364425163,0.9738562091503268,1409,Bile-duct,1409__ch0__id687,neoplastic,neoplastic
17,17,301,637,301,637,0.4725274725274725,0.4725274725274725,1.0,1409,Bile-duct,1409__ch0__id689,neoplastic,neoplastic
18,18,332,516,332,516,0.6434108527131783,0.6434108527131783,1.0,1409,Bile-duct,1409__ch0__id704,neoplastic,neoplastic
1,11,33,78,33,78,0.4230769230769231,0.4230769230769231,1.0,1428,Testis,1428__ch1__id255,inflammatory,normal
2,25,207,221,219,233,0.8884120171673819,0.9366515837104072,0.9452054794520548,1428,Testis,1428__ch1__id300,inflammatory,normal
3,4,68,97,68,97,0.7010309278350515,0.7010309278350515,1.0,1428,Testis,1428__ch2__id222,connective,normal
4,20,182,190,186,194,0.9381443298969072,0.9578947368421052,0.978494623655914,1428,Testis,1428__ch2__id284,connective,normal
5,22,312,464,312,464,0.6724137931034483,0.6724137931034483,1.0,1428,Testis,1428__ch2__id294,connective,normal
6,27,189,232,195,238,0.7941176470588235,0.8146551724137931,0.9692307692307692,1428,Testis,1428__ch2__id311,connective,normal
7,1,163,174,196,207,0.7874396135265701,0.9367816091954023,0.8316326530612245,1428,Testis,1428__ch4__id194,epithelial,normal
8,2,337,337,411,411,0.8199513381995134,1.0,0.8199513381995134,1428,Testis,1428__ch4__id216,epithelial,normal
9,2,4,896,411,1303,0.0030698388334612432,0.004464285714285714,0.009732360097323601,1428,Testis,1428__ch4__id218,epithelial,normal
9,3,887,896,938,947,0.9366420274551215,0.9899553571428571,0.9456289978678039,1428,Testis,1428__ch4__id218,epithelial,normal
10,2,1,597,411,1007,0.0009930486593843098,0.0016750418760469012,0.0024330900243309003,1428,Testis,1428__ch4__id225,epithelial,normal
10,6,591,597,704,710,0.8323943661971831,0.9899497487437185,0.8394886363636364,1428,Testis,1428__ch4__id225,epithelial,normal
11,7,450,450,1602,1602,0.2808988764044944,1.0,0.2808988764044944,1428,Testis,1428__ch4__id239,epithelial,normal
12,8,491,494,552,555,0.8846846846846846,0.9939271255060729,0.8894927536231884,1428,Testis,1428__ch4__id240,epithelial,normal
13,7,723,723,1602,1602,0.45131086142322097,1.0,0.45131086142322097,1428,Testis,1428__ch4__id246,epithelial,normal
14,9,469,495,476,502,0.9342629482071713,0.9474747474747475,0.9852941176470589,1428,Testis,1428__ch4__id248,epithelial,normal
15,10,401,401,519,519,0.7726396917148363,1.0,0.7726396917148363,1428,Testis,1428__ch4__id252,epithelial,normal
16,12,291,291,386,386,0.7538860103626943,1.0,0.7538860103626943,1428,Testis,1428__ch4__id262,epithelial,normal
17,13,311,334,327,350,0.8885714285714286,0.9311377245508982,0.9510703363914373,1428,Testis,1428__ch4__id268,epithelial,normal
17,19,5,334,315,644,0.007763975155279503,0.014970059880239521,0.015873015873015872,1428,Testis,1428__ch4__id268,epithelial,normal
18,14,245,264,310,329,0.7446808510638298,0.928030303030303,0.7903225806451613,1428,Testis,1428__ch4__id271,epithelial,normal
19,15,29,286,395,652,0.04447852760736196,0.10139860139860139,0.07341772151898734,1428,Testis,1428__ch4__id274,epithelial,normal
19,16,256,286,278,308,0.8311688311688312,0.8951048951048951,0.920863309352518,1428,Testis,1428__ch4__id274,epithelial,normal
20,17,52,75,63,86,0.6046511627906976,0.6933333333333334,0.8253968253968254,1428,Testis,1428__ch4__id278,epithelial,normal
21,18,381,385,505,509,0.7485265225933202,0.9896103896103896,0.7544554455445545,1428,Testis,1428__ch4__id279,epithelial,normal
22,15,170,186,395,411,0.41362530413625304,0.9139784946236559,0.43037974683544306,1428,Testis,1428__ch4__id280,epithelial,normal
23,19,275,329,315,369,0.7452574525745257,0.8358662613981763,0.873015873015873,1428,Testis,1428__ch4__id282,epithelial,normal
24,21,428,486,469,527,0.8121442125237192,0.8806584362139918,0.9125799573560768,1428,Testis,1428__ch4__id290,epithelial,normal
25,23,541,877,576,912,0.5932017543859649,0.6168757126567845,0.9392361111111112,1428,Testis,1428__ch4__id292,epithelial,normal
27,24,188,237,255,304,0.618421052631579,0.7932489451476793,0.7372549019607844,1428,Testis,1428__ch4__id303,epithelial,normal
28,26,329,372,334,377,0.8726790450928382,0.8844086021505376,0.9850299401197605,1428,Testis,1428__ch4__id309,epithelial,normal
29,28,759,1155,759,1155,0.6571428571428571,0.6571428571428571,1.0,1428,Testis,1428__ch4__id310,epithelial,normal
29,33,37,1155,604,1722,0.02148664343786295,0.032034632034632034,0.061258278145695365,1428,Testis,1428__ch4__id310,epithelial,normal
30,29,233,239,238,244,0.9549180327868853,0.9748953974895398,0.9789915966386554,1428,Testis,1428__ch4__id318,epithelial,normal
31,30,330,330,360,360,0.9166666666666666,1.0,0.9166666666666666,1428,Testis,1428__ch4__id320,epithelial,normal
32,31,40,650,538,1148,0.03484320557491289,0.06153846153846154,0.07434944237918216,1428,Testis,1428__ch4__id321,epithelial,normal
32,32,601,650,631,680,0.8838235294117647,0.9246153846153846,0.9524564183835182,1428,Testis,1428__ch4__id321,epithelial,normal
33,34,473,498,505,530,0.8924528301886793,0.9497991967871486,0.9366336633663367,1428,Testis,1428__ch4__id328,epithelial,normal
34,31,307,315,538,546,0.5622710622710623,0.9746031746031746,0.570631970260223,1428,Testis,1428__ch4__id330,epithelial,normal
35,33,229,229,604,604,0.3791390728476821,1.0,0.3791390728476821,1428,Testis,1428__ch4__id333,epithelial,normal
36,35,382,387,413,418,0.9138755980861244,0.9870801033591732,0.9249394673123487,1428,Testis,1428__ch4__id334,epithelial,normal
37,36,236,236,372,372,0.6344086021505376,1.0,0.6344086021505376,1428,Testis,1428__ch4__id335,epithelial,normal
39,36,9,346,372,709,0.012693935119887164,0.02601156069364162,0.024193548387096774,1428,Testis,1428__ch4__id339,epithelial,normal
39,37,295,346,297,348,0.8477011494252874,0.8526011560693642,0.9932659932659933,1428,Testis,1428__ch4__id339,epithelial,normal
40,38,177,207,184,214,0.8271028037383178,0.855072463768116,0.9619565217391305,1428,Testis,1428__ch4__id340,epithelial,normal
1,20,242,257,245,260,0.9307692307692308,0.9416342412451362,0.9877551020408163,1436,Testis,1436__ch1__id664,inflammatory,normal
2,24,239,295,258,314,0.7611464968152867,0.8101694915254237,0.9263565891472868,1436,Testis,1436__ch1__id680,inflammatory,normal
3,28,267,281,284,298,0.8959731543624161,0.9501779359430605,0.9401408450704225,1436,Testis,1436__ch1__id702,inflammatory,normal
4,32,211,230,212,231,0.9134199134199135,0.9173913043478261,0.9952830188679245,1436,Testis,1436__ch1__id727,inflammatory,normal
5,5,178,207,182,211,0.8436018957345972,0.8599033816425121,0.978021978021978,1436,Testis,1436__ch2__id595,connective,normal
7,12,411,454,440,483,0.8509316770186336,0.9052863436123348,0.9340909090909091,1436,Testis,1436__ch2__id639,connective,normal
10,25,460,508,499,547,0.8409506398537477,0.905511811023622,0.9218436873747495,1436,Testis,1436__ch2__id691,connective,normal
11,26,180,205,200,225,0.8,0.8780487804878049,0.9,1436,Testis,1436__ch2__id695,connective,normal
12,27,193,232,212,251,0.7689243027888446,0.8318965517241379,0.910377358490566,1436,Testis,1436__ch2__id698,connective,normal
13,30,159,184,159,184,0.8641304347826086,0.8641304347826086,1.0,1436,Testis,1436__ch2__id704,connective,normal
14,29,180,189,184,193,0.9326424870466321,0.9523809523809523,0.9782608695652174,1436,Testis,1436__ch2__id705,connective,normal
15,31,281,302,294,315,0.8920634920634921,0.9304635761589404,0.95578231292517,1436,Testis,1436__ch2__id709,connective,normal
17,1,111,131,112,132,0.8409090909090909,0.8473282442748091,0.9910714285714286,1436,Testis,1436__ch4__id571,epithelial,normal
18,2,33,44,568,579,0.05699481865284974,0.75,0.058098591549295774,1436,Testis,1436__ch4__id577,epithelial,normal
19,2,445,448,568,571,0.7793345008756567,0.9933035714285714,0.7834507042253521,1436,Testis,1436__ch4__id583,epithelial,normal
19,3,3,448,367,812,0.003694581280788177,0.006696428571428571,0.008174386920980926,1436,Testis,1436__ch4__id583,epithelial,normal
20,4,346,347,374,375,0.9226666666666666,0.9971181556195965,0.9251336898395722,1436,Testis,1436__ch4__id585,epithelial,normal
21,3,272,272,367,367,0.7411444141689373,1.0,0.7411444141689373,1436,Testis,1436__ch4__id588,epithelial,normal
22,6,254,270,418,434,0.5852534562211982,0.9407407407407408,0.6076555023923444,1436,Testis,1436__ch4__id607,epithelial,normal
23,6,5,519,418,932,0.00536480686695279,0.009633911368015413,0.011961722488038277,1436,Testis,1436__ch4__id608,epithelial,normal
23,7,510,519,548,557,0.9156193895870736,0.9826589595375722,0.9306569343065694,1436,Testis,1436__ch4__id608,epithelial,normal
24,9,495,539,515,559,0.8855098389982111,0.9183673469387755,0.9611650485436893,1436,Testis,1436__ch4__id627,epithelial,normal
25,10,314,329,334,349,0.8997134670487106,0.9544072948328267,0.9401197604790419,1436,Testis,1436__ch4__id631,epithelial,normal
26,11,427,431,475,479,0.8914405010438413,0.9907192575406032,0.8989473684210526,1436,Testis,1436__ch4__id634,epithelial,normal
27,13,179,188,608,617,0.2901134521880065,0.9521276595744681,0.2944078947368421,1436,Testis,1436__ch4__id637,epithelial,normal
28,14,227,236,322,331,0.6858006042296072,0.961864406779661,0.7049689440993789,1436,Testis,1436__ch4__id645,epithelial,normal
29,13,242,242,608,608,0.3980263157894737,1.0,0.3980263157894737,1436,Testis,1436__ch4__id647,epithelial,normal
30,16,236,389,285,438,0.5388127853881278,0.6066838046272494,0.8280701754385965,1436,Testis,1436__ch4__id651,epithelial,normal
30,17,18,389,566,937,0.0192102454642476,0.04627249357326478,0.03180212014134275,1436,Testis,1436__ch4__id651,epithelial,normal
30,22,128,389,152,413,0.3099273607748184,0.32904884318766064,0.8421052631578947,1436,Testis,1436__ch4__id651,epithelial,normal
31,16,10,485,285,760,0.013157894736842105,0.020618556701030927,0.03508771929824561,1436,Testis,1436__ch4__id652,epithelial,normal
31,17,471,485,566,580,0.8120689655172414,0.9711340206185567,0.8321554770318021,1436,Testis,1436__ch4__id652,epithelial,normal
33,18,316,361,504,549,0.575591985428051,0.8753462603878116,0.626984126984127,1436,Testis,1436__ch4__id658,epithelial,normal
34,19,195,199,239,243,0.8024691358024691,0.9798994974874372,0.8158995815899581,1436,Testis,1436__ch4__id663,epithelial,normal
34,23,2,199,480,677,0.0029542097488921715,0.010050251256281407,0.004166666666666667,1436,Testis,1436__ch4__id663,epithelial,normal
35,21,241,248,471,478,0.50418410041841,0.9717741935483871,0.5116772823779193,1436,Testis,1436__ch4__id666,epithelial,normal
36,23,449,451,480,482,0.9315352697095436,0.9955654101995566,0.9354166666666667,1436,Testis,1436__ch4__id671,epithelial,normal
1,60,1,354,241,594,0.0016835016835016834,0.002824858757062147,0.004149377593360996,1487,Colon,1487__ch1__id7,inflammatory,normal
1,66,187,354,187,354,0.5282485875706214,0.5282485875706214,1.0,1487,Colon,1487__ch1__id7,inflammatory,normal
2,107,228,287,232,291,0.7835051546391752,0.794425087108014,0.9827586206896551,1487,Colon,1487__ch1__id8,inflammatory,normal
3,47,259,339,259,339,0.7640117994100295,0.7640117994100295,1.0,1487,Colon,1487__ch1__id23,inflammatory,normal
4,24,267,325,270,328,0.8140243902439024,0.8215384615384616,0.9888888888888889,1487,Colon,1487__ch1__id31,inflammatory,normal
5,95,257,322,257,322,0.7981366459627329,0.7981366459627329,1.0,1487,Colon,1487__ch1__id36,inflammatory,normal
6,8,261,311,261,311,0.8392282958199357,0.8392282958199357,1.0,1487,Colon,1487__ch1__id51,inflammatory,normal
8,14,256,307,256,307,0.8338762214983714,0.8338762214983714,1.0,1487,Colon,1487__ch1__id58,inflammatory,normal
9,35,235,289,238,292,0.8047945205479452,0.8131487889273357,0.9873949579831933,1487,Colon,1487__ch1__id59,inflammatory,normal
10,62,254,302,256,304,0.8355263157894737,0.8410596026490066,0.9921875,1487,Colon,1487__ch1__id65,inflammatory,normal
11,105,236,292,236,292,0.8082191780821918,0.8082191780821918,1.0,1487,Colon,1487__ch1__id67,inflammatory,normal
12,1,39,73,39,73,0.5342465753424658,0.5342465753424658,1.0,1487,Colon,1487__ch1__id75,inflammatory,normal
13,25,160,214,160,214,0.7476635514018691,0.7476635514018691,1.0,1487,Colon,1487__ch1__id79,inflammatory,normal
14,79,221,294,223,296,0.7466216216216216,0.7517006802721088,0.9910313901345291,1487,Colon,1487__ch1__id80,inflammatory,normal
15,20,261,289,264,292,0.8938356164383562,0.903114186851211,0.9886363636363636,1487,Colon,1487__ch1__id85,inflammatory,normal
16,21,246,277,251,282,0.8723404255319149,0.8880866425992779,0.9800796812749004,1487,Colon,1487__ch1__id104,inflammatory,normal
17,23,243,274,247,278,0.8741007194244604,0.8868613138686131,0.9838056680161943,1487,Colon,1487__ch1__id108,inflammatory,normal
18,44,219,274,321,376,0.5824468085106383,0.7992700729927007,0.6822429906542056,1487,Colon,1487__ch1__id110,inflammatory,normal
19,57,216,273,216,273,0.7912087912087912,0.7912087912087912,1.0,1487,Colon,1487__ch1__id112,inflammatory,normal
20,60,236,273,241,278,0.8489208633093526,0.8644688644688645,0.979253112033195,1487,Colon,1487__ch1__id113,inflammatory,normal
21,33,246,271,253,278,0.8848920863309353,0.9077490774907749,0.9723320158102767,1487,Colon,1487__ch1__id121,inflammatory,normal
22,93,201,270,201,270,0.7444444444444445,0.7444444444444445,1.0,1487,Colon,1487__ch1__id125,inflammatory,normal
23,37,225,269,230,274,0.8211678832116789,0.8364312267657993,0.9782608695652174,1487,Colon,1487__ch1__id128,inflammatory,normal
24,52,232,269,232,269,0.862453531598513,0.862453531598513,1.0,1487,Colon,1487__ch1__id129,inflammatory,normal
25,21,5,266,251,512,0.009765625,0.018796992481203006,0.0199203187250996,1487,Colon,1487__ch1__id136,inflammatory,normal
25,27,230,266,231,267,0.8614232209737828,0.8646616541353384,0.9956709956709957,1487,Colon,1487__ch1__id136,inflammatory,normal
26,90,206,265,206,265,0.7773584905660378,0.7773584905660378,1.0,1487,Colon,1487__ch1__id142,inflammatory,normal
27,63,234,261,236,263,0.8897338403041825,0.896551724137931,0.9915254237288136,1487,Colon,1487__ch1__id148,inflammatory,normal
28,12,195,255,195,255,0.7647058823529411,0.7647058823529411,1.0,1487,Colon,1487__ch1__id161,inflammatory,normal
29,13,238,255,239,256,0.9296875,0.9333333333333333,0.99581589958159,1487,Colon,1487__ch1__id162,inflammatory,normal
30,71,188,245,188,245,0.7673469387755102,0.7673469387755102,1.0,1487,Colon,1487__ch1__id191,inflammatory,normal
31,88,224,244,348,368,0.6086956521739131,0.9180327868852459,0.6436781609195402,1487,Colon,1487__ch1__id195,inflammatory,normal
32,64,149,241,152,244,0.610655737704918,0.6182572614107884,0.9802631578947368,1487,Colon,1487__ch1__id201,inflammatory,normal
32,67,9,241,156,388,0.023195876288659795,0.03734439834024896,0.057692307692307696,1487,Colon,1487__ch1__id201,inflammatory,normal
33,16,223,239,226,242,0.9214876033057852,0.9330543933054394,0.9867256637168141,1487,Colon,1487__ch1__id205,inflammatory,normal
34,17,152,195,155,198,0.7676767676767676,0.7794871794871795,0.9806451612903225,1487,Colon,1487__ch1__id215,inflammatory,normal
35,106,192,235,192,235,0.8170212765957446,0.8170212765957446,1.0,1487,Colon,1487__ch1__id219,inflammatory,normal
36,87,198,234,198,234,0.8461538461538461,0.8461538461538461,1.0,1487,Colon,1487__ch1__id222,inflammatory,normal
37,82,199,232,203,236,0.8432203389830508,0.8577586206896551,0.9802955665024631,1487,Colon,1487__ch1__id227,inflammatory,normal
38,51,199,227,202,230,0.8652173913043478,0.8766519823788547,0.9851485148514851,1487,Colon,1487__ch1__id236,inflammatory,normal
39,4,207,223,217,233,0.8884120171673819,0.9282511210762332,0.9539170506912442,1487,Colon,1487__ch1__id239,inflammatory,normal
40,42,196,226,209,239,0.8200836820083682,0.8672566371681416,0.937799043062201,1487,Colon,1487__ch1__id240,inflammatory,normal
41,46,208,225,220,237,0.8776371308016878,0.9244444444444444,0.9454545454545454,1487,Colon,1487__ch1__id242,inflammatory,normal
42,11,163,222,260,319,0.5109717868338558,0.7342342342342343,0.6269230769230769,1487,Colon,1487__ch1__id252,inflammatory,normal
43,18,188,221,188,221,0.8506787330316742,0.8506787330316742,1.0,1487,Colon,1487__ch1__id255,inflammatory,normal
44,58,176,220,186,230,0.7652173913043478,0.8,0.946236559139785,1487,Colon,1487__ch1__id259,inflammatory,normal
45,31,176,215,187,226,0.7787610619469026,0.8186046511627907,0.9411764705882353,1487,Colon,1487__ch1__id275,inflammatory,normal
46,9,138,214,185,261,0.5287356321839081,0.6448598130841121,0.745945945945946,1487,Colon,1487__ch1__id277,inflammatory,normal
47,78,186,214,193,221,0.8416289592760181,0.8691588785046729,0.9637305699481865,1487,Colon,1487__ch1__id278,inflammatory,normal
48,72,174,213,174,213,0.8169014084507042,0.8169014084507042,1.0,1487,Colon,1487__ch1__id282,inflammatory,normal
49,101,192,213,288,309,0.6213592233009708,0.9014084507042254,0.6666666666666666,1487,Colon,1487__ch1__id283,inflammatory,normal
50,97,169,211,175,217,0.7788018433179723,0.8009478672985783,0.9657142857142857,1487,Colon,1487__ch1__id291,inflammatory,normal
51,30,205,209,215,219,0.9360730593607306,0.9808612440191388,0.9534883720930233,1487,Colon,1487__ch1__id297,inflammatory,normal
52,96,187,209,196,218,0.8577981651376146,0.8947368421052632,0.9540816326530612,1487,Colon,1487__ch1__id298,inflammatory,normal
53,40,167,207,169,209,0.7990430622009569,0.8067632850241546,0.9881656804733728,1487,Colon,1487__ch1__id302,inflammatory,normal
54,28,3,128,249,374,0.008021390374331552,0.0234375,0.012048192771084338,1487,Colon,1487__ch1__id315,inflammatory,normal
54,32,114,128,161,175,0.6514285714285715,0.890625,0.7080745341614907,1487,Colon,1487__ch1__id315,inflammatory,normal
55,7,182,203,256,277,0.6570397111913358,0.896551724137931,0.7109375,1487,Colon,1487__ch1__id318,inflammatory,normal
56,99,141,164,154,177,0.7966101694915254,0.8597560975609756,0.9155844155844156,1487,Colon,1487__ch1__id320,inflammatory,normal
57,40,2,202,169,369,0.005420054200542005,0.009900990099009901,0.011834319526627219,1487,Colon,1487__ch1__id326,inflammatory,normal
57,43,169,202,169,202,0.8366336633663366,0.8366336633663366,1.0,1487,Colon,1487__ch1__id326,inflammatory,normal
58,61,185,196,201,212,0.8726415094339622,0.9438775510204082,0.9203980099502488,1487,Colon,1487__ch1__id341,inflammatory,normal
59,83,171,196,177,202,0.8465346534653465,0.8724489795918368,0.9661016949152542,1487,Colon,1487__ch1__id342,inflammatory,normal
60,68,184,194,198,208,0.8846153846153846,0.9484536082474226,0.9292929292929293,1487,Colon,1487__ch1__id346,inflammatory,normal
61,85,155,194,155,194,0.7989690721649485,0.7989690721649485,1.0,1487,Colon,1487__ch1__id347,inflammatory,normal
62,6,179,191,184,196,0.9132653061224489,0.93717277486911,0.9728260869565217,1487,Colon,1487__ch1__id357,inflammatory,normal
63,9,47,189,185,327,0.1437308868501529,0.24867724867724866,0.25405405405405407,1487,Colon,1487__ch1__id364,inflammatory,normal
63,11,4,189,260,445,0.008988764044943821,0.021164021164021163,0.015384615384615385,1487,Colon,1487__ch1__id364,inflammatory,normal
64,75,154,188,155,189,0.8148148148148148,0.8191489361702128,0.9935483870967742,1487,Colon,1487__ch1__id371,inflammatory,normal
65,28,156,176,249,269,0.5799256505576208,0.8863636363636364,0.6265060240963856,1487,Colon,1487__ch1__id389,inflammatory,normal
65,32,4,176,161,333,0.012012012012012012,0.022727272727272728,0.024844720496894408,1487,Colon,1487__ch1__id389,inflammatory,normal
66,49,118,163,158,203,0.5812807881773399,0.7239263803680982,0.7468354430379747,1487,Colon,1487__ch1__id390,inflammatory,normal
67,10,170,173,198,201,0.845771144278607,0.9826589595375722,0.8585858585858586,1487,Colon,1487__ch1__id400,inflammatory,normal
68,54,119,167,119,167,0.7125748502994012,0.7125748502994012,1.0,1487,Colon,1487__ch1__id414,inflammatory,normal
69,108,116,126,121,131,0.8854961832061069,0.9206349206349206,0.9586776859504132,1487,Colon,1487__ch1__id415,inflammatory,normal
70,91,140,164,142,166,0.8433734939759037,0.8536585365853658,0.9859154929577465,1487,Colon,1487__ch1__id422,inflammatory,normal
71,59,152,163,169,180,0.8444444444444444,0.9325153374233128,0.8994082840236687,1487,Colon,1487__ch1__id424,inflammatory,normal
72,98,146,161,147,162,0.9012345679012346,0.906832298136646,0.9931972789115646,1487,Colon,1487__ch1__id426,inflammatory,normal
74,73,145,160,147,162,0.8950617283950617,0.90625,0.9863945578231292,1487,Colon,1487__ch1__id431,inflammatory,normal
76,45,151,154,160,163,0.9263803680981595,0.9805194805194806,0.94375,1487,Colon,1487__ch1__id446,inflammatory,normal
77,15,125,151,131,157,0.7961783439490446,0.8278145695364238,0.9541984732824428,1487,Colon,1487__ch1__id454,inflammatory,normal
78,81,118,151,121,154,0.7662337662337663,0.7814569536423841,0.9752066115702479,1487,Colon,1487__ch1__id458,inflammatory,normal
79,84,131,150,285,304,0.4309210526315789,0.8733333333333333,0.45964912280701753,1487,Colon,1487__ch1__id460,inflammatory,normal
80,84,134,149,285,300,0.44666666666666666,0.8993288590604027,0.47017543859649125,1487,Colon,1487__ch1__id464,inflammatory,normal
83,28,85,118,249,282,0.30141843971631205,0.7203389830508474,0.3413654618473896,1487,Colon,1487__ch1__id524,inflammatory,normal
86,38,109,110,135,136,0.8014705882352942,0.990909090909091,0.8074074074074075,1487,Colon,1487__ch1__id533,inflammatory,normal
88,102,84,110,92,118,0.711864406779661,0.7636363636363637,0.9130434782608695,1487,Colon,1487__ch1__id536,inflammatory,normal
89,41,5,108,156,259,0.019305019305019305,0.046296296296296294,0.03205128205128205,1487,Colon,1487__ch1__id537,inflammatory,normal
89,42,4,108,209,313,0.012779552715654952,0.037037037037037035,0.019138755980861243,1487,Colon,1487__ch1__id537,inflammatory,normal
89,48,80,108,95,123,0.6504065040650406,0.7407407407407407,0.8421052631578947,1487,Colon,1487__ch1__id537,inflammatory,normal
92,11,90,96,260,266,0.3383458646616541,0.9375,0.34615384615384615,1487,Colon,1487__ch1__id553,inflammatory,normal
93,34,59,91,204,236,0.25,0.6483516483516484,0.28921568627450983,1487,Colon,1487__ch1__id556,inflammatory,normal
94,41,51,88,156,193,0.26424870466321243,0.5795454545454546,0.3269230769230769,1487,Colon,1487__ch1__id563,inflammatory,normal
95,65,65,82,180,197,0.3299492385786802,0.7926829268292683,0.3611111111111111,1487,Colon,1487__ch1__id571,inflammatory,normal
96,67,57,77,156,176,0.32386363636363635,0.7402597402597403,0.36538461538461536,1487,Colon,1487__ch1__id580,inflammatory,normal
98,65,55,75,180,200,0.275,0.7333333333333333,0.3055555555555556,1487,Colon,1487__ch1__id583,inflammatory,normal
99,101,35,71,288,324,0.10802469135802469,0.49295774647887325,0.12152777777777778,1487,Colon,1487__ch1__id586,inflammatory,normal
100,67,67,68,156,157,0.4267515923566879,0.9852941176470589,0.42948717948717946,1487,Colon,1487__ch1__id588,inflammatory,normal
100,70,1,68,336,403,0.0024813895781637717,0.014705882352941176,0.002976190476190476,1487,Colon,1487__ch1__id588,inflammatory,normal
101,49,35,59,158,182,0.19230769230769232,0.5932203389830508,0.22151898734177214,1487,Colon,1487__ch1__id589,inflammatory,normal
103,101,30,42,288,300,0.1,0.7142857142857143,0.10416666666666667,1487,Colon,1487__ch1__id598,inflammatory,normal
104,49,5,11,158,164,0.03048780487804878,0.45454545454545453,0.03164556962025317,1487,Colon,1487__ch1__id599,inflammatory,normal
105,36,428,545,428,545,0.7853211009174312,0.7853211009174312,1.0,1487,Colon,1487__ch2__id16,connective,normal
106,104,279,433,279,433,0.6443418013856813,0.6443418013856813,1.0,1487,Colon,1487__ch2__id32,connective,normal
107,50,342,394,348,400,0.855,0.868020304568528,0.9827586206896551,1487,Colon,1487__ch2__id58,connective,normal
108,74,285,370,286,371,0.7681940700808625,0.7702702702702703,0.9965034965034965,1487,Colon,1487__ch2__id69,connective,normal
109,55,290,354,342,406,0.7142857142857143,0.8192090395480226,0.847953216374269,1487,Colon,1487__ch2__id78,connective,normal
110,3,248,337,248,337,0.7359050445103857,0.7359050445103857,1.0,1487,Colon,1487__ch2__id88,connective,normal
115,19,216,247,218,249,0.8674698795180723,0.8744939271255061,0.9908256880733946,1487,Colon,1487__ch2__id170,connective,normal
116,63,1,240,236,475,0.002105263157894737,0.004166666666666667,0.00423728813559322,1487,Colon,1487__ch2__id181,connective,normal
118,29,135,231,149,245,0.5510204081632653,0.5844155844155844,0.9060402684563759,1487,Colon,1487__ch2__id197,connective,normal
121,70,166,214,336,384,0.4322916666666667,0.7757009345794392,0.49404761904761907,1487,Colon,1487__ch2__id223,connective,normal
123,68,2,213,198,409,0.004889975550122249,0.009389671361502348,0.010101010101010102,1487,Colon,1487__ch2__id225,connective,normal
124,17,3,8,155,160,0.01875,0.375,0.01935483870967742,1487,Colon,1487__ch2__id234,connective,normal
125,67,5,206,156,357,0.014005602240896359,0.024271844660194174,0.03205128205128205,1487,Colon,1487__ch2__id236,connective,normal
125,70,167,206,336,375,0.44533333333333336,0.8106796116504854,0.49702380952380953,1487,Colon,1487__ch2__id236,connective,normal
126,76,158,192,307,341,0.4633431085043988,0.8229166666666666,0.5146579804560261,1487,Colon,1487__ch2__id260,connective,normal
129,103,164,181,182,199,0.8241206030150754,0.9060773480662984,0.9010989010989011,1487,Colon,1487__ch2__id292,connective,normal
130,69,133,180,133,180,0.7388888888888889,0.7388888888888889,1.0,1487,Colon,1487__ch2__id295,connective,normal
130,70,2,180,336,514,0.0038910505836575876,0.011111111111111112,0.005952380952380952,1487,Colon,1487__ch2__id295,connective,normal
131,86,141,178,165,202,0.698019801980198,0.7921348314606742,0.8545454545454545,1487,Colon,1487__ch2__id303,connective,normal
132,56,59,177,501,619,0.09531502423263329,0.3333333333333333,0.11776447105788423,1487,Colon,1487__ch2__id304,connective,normal
137,92,137,172,219,254,0.5393700787401575,0.7965116279069767,0.6255707762557078,1487,Colon,1487__ch2__id314,connective,normal
138,94,129,170,173,214,0.602803738317757,0.7588235294117647,0.7456647398843931,1487,Colon,1487__ch2__id323,connective,normal
139,77,104,157,104,157,0.6624203821656051,0.6624203821656051,1.0,1487,Colon,1487__ch2__id358,connective,normal
140,53,106,153,219,266,0.39849624060150374,0.6928104575163399,0.4840182648401826,1487,Colon,1487__ch2__id373,connective,normal
141,56,122,152,501,531,0.2297551789077213,0.8026315789473685,0.2435129740518962,1487,Colon,1487__ch2__id376,connective,normal
143,100,109,148,110,149,0.7315436241610739,0.7364864864864865,0.990909090909091,1487,Colon,1487__ch2__id392,connective,normal
145,56,133,145,501,513,0.25925925925925924,0.9172413793103448,0.2654690618762475,1487,Colon,1487__ch2__id403,connective,normal
146,78,1,145,193,337,0.002967359050445104,0.006896551724137931,0.0051813471502590676,1487,Colon,1487__ch2__id404,connective,normal
147,38,2,137,135,270,0.007407407407407408,0.014598540145985401,0.014814814814814815,1487,Colon,1487__ch2__id430,connective,normal
148,94,35,46,173,184,0.19021739130434784,0.7608695652173914,0.2023121387283237,1487,Colon,1487__ch2__id466,connective,normal
149,39,97,127,97,127,0.7637795275590551,0.7637795275590551,1.0,1487,Colon,1487__ch2__id477,connective,normal
152,89,79,121,189,231,0.341991341991342,0.6528925619834711,0.41798941798941797,1487,Colon,1487__ch2__id497,connective,normal
153,92,78,118,219,259,0.30115830115830117,0.6610169491525424,0.3561643835616438,1487,Colon,1487__ch2__id507,connective,normal
154,80,99,117,211,229,0.43231441048034935,0.8461538461538461,0.46919431279620855,1487,Colon,1487__ch2__id509,connective,normal
155,86,1,114,165,278,0.0035971223021582736,0.008771929824561403,0.006060606060606061,1487,Colon,1487__ch2__id521,connective,normal
157,29,14,108,149,243,0.05761316872427984,0.12962962962962962,0.09395973154362416,1487,Colon,1487__ch2__id541,connective,normal
159,53,100,107,219,226,0.4424778761061947,0.9345794392523364,0.45662100456621,1487,Colon,1487__ch2__id546,connective,normal
160,102,5,107,92,194,0.02577319587628866,0.04672897196261682,0.05434782608695652,1487,Colon,1487__ch2__id548,connective,normal
162,26,97,104,113,120,0.8083333333333333,0.9326923076923077,0.8584070796460177,1487,Colon,1487__ch2__id561,connective,normal
163,80,96,99,211,214,0.4485981308411215,0.9696969696969697,0.4549763033175355,1487,Colon,1487__ch2__id583,connective,normal
164,76,83,96,307,320,0.259375,0.8645833333333334,0.2703583061889251,1487,Colon,1487__ch2__id595,connective,normal
165,56,92,94,501,503,0.18290258449304175,0.9787234042553191,0.18363273453093812,1487,Colon,1487__ch2__id605,connective,normal
168,89,57,90,189,222,0.25675675675675674,0.6333333333333333,0.30158730158730157,1487,Colon,1487__ch2__id624,connective,normal
169,22,68,87,147,166,0.40963855421686746,0.7816091954022989,0.46258503401360546,1487,Colon,1487__ch2__id636,connective,normal
170,44,45,87,321,363,0.12396694214876033,0.5172413793103449,0.14018691588785046,1487,Colon,1487__ch2__id637,connective,normal
174,5,2,3,81,82,0.024390243902439025,0.6666666666666666,0.024691358024691357,1487,Colon,1487__ch2__id656,connective,normal
175,89,51,80,189,218,0.23394495412844038,0.6375,0.2698412698412698,1487,Colon,1487__ch2__id667,connective,normal
178,22,60,74,147,161,0.37267080745341613,0.8108108108108109,0.40816326530612246,1487,Colon,1487__ch2__id682,connective,normal
182,76,42,63,307,328,0.12804878048780488,0.6666666666666666,0.13680781758957655,1487,Colon,1487__ch2__id717,connective,normal
182,86,21,63,165,207,0.10144927536231885,0.3333333333333333,0.12727272727272726,1487,Colon,1487__ch2__id717,connective,normal
183,56,61,61,501,501,0.1217564870259481,1.0,0.1217564870259481,1487,Colon,1487__ch2__id722,connective,normal
187,5,41,46,81,86,0.47674418604651164,0.8913043478260869,0.5061728395061729,1487,Colon,1487__ch2__id733,connective,normal
189,44,28,49,321,342,0.08187134502923976,0.5714285714285714,0.08722741433021806,1487,Colon,1487__ch2__id748,connective,normal
1,1,1070,1268,1070,1268,0.8438485804416404,0.8438485804416404,1.0,1639,Bile-duct,1639__ch0__id3,neoplastic,neoplastic
3,2,945,1073,946,1074,0.8798882681564246,0.880708294501398,0.9989429175475687,1639,Bile-duct,1639__ch0__id9,neoplastic,neoplastic
4,3,625,754,625,754,0.8289124668435013,0.8289124668435013,1.0,1639,Bile-duct,1639__ch0__id22,neoplastic,neoplastic
5,4,1200,1314,1225,1339,0.8961911874533234,0.91324200913242,0.9795918367346939,1639,Bile-duct,1639__ch0__id24,neoplastic,neoplastic
6,5,1323,1380,1420,1477,0.8957345971563981,0.9586956521739131,0.9316901408450704,1639,Bile-duct,1639__ch0__id27,neoplastic,neoplastic
7,6,791,798,879,886,0.8927765237020316,0.9912280701754386,0.8998862343572241,1639,Bile-duct,1639__ch0__id35,neoplastic,neoplastic
8,7,981,1040,1072,1131,0.8673740053050398,0.9432692307692307,0.9151119402985075,1639,Bile-duct,1639__ch0__id38,neoplastic,neoplastic
9,8,190,358,190,358,0.5307262569832403,0.5307262569832403,1.0,1639,Bile-duct,1639__ch0__id40,neoplastic,neoplastic
10,10,633,720,633,720,0.8791666666666667,0.8791666666666667,1.0,1639,Bile-duct,1639__ch0__id43,neoplastic,neoplastic
11,9,384,483,384,483,0.7950310559006211,0.7950310559006211,1.0,1639,Bile-duct,1639__ch0__id44,neoplastic,neoplastic
12,11,773,778,1670,1675,0.4614925373134328,0.993573264781491,0.462874251497006,1639,Bile-duct,1639__ch0__id47,neoplastic,neoplastic
13,11,748,748,1670,1670,0.4479041916167665,1.0,0.4479041916167665,1639,Bile-duct,1639__ch0__id52,neoplastic,neoplastic
14,12,333,403,333,403,0.826302729528536,0.826302729528536,1.0,1639,Bile-duct,1639__ch0__id54,neoplastic,neoplastic
5,1,741,807,741,807,0.9182156133828996,0.9182156133828996,1.0,1662,Bladder,1662__ch0__id310,neoplastic,neoplastic
6,2,237,293,237,293,0.8088737201365188,0.8088737201365188,1.0,1662,Bladder,1662__ch0__id314,neoplastic,neoplastic
8,3,1171,1285,1171,1285,0.911284046692607,0.911284046692607,1.0,1662,Bladder,1662__ch0__id317,neoplastic,neoplastic
9,4,492,607,492,607,0.8105436573311368,0.8105436573311368,1.0,1662,Bladder,1662__ch0__id318,neoplastic,neoplastic
10,5,1012,1174,1012,1174,0.8620102214650767,0.8620102214650767,1.0,1662,Bladder,1662__ch0__id328,neoplastic,neoplastic
12,6,955,1036,955,1036,0.9218146718146718,0.9218146718146718,1.0,1662,Bladder,1662__ch0__id336,neoplastic,neoplastic
13,7,255,396,255,396,0.6439393939393939,0.6439393939393939,1.0,1662,Bladder,1662__ch0__id339,neoplastic,neoplastic
14,8,978,1067,978,1067,0.9165885660731021,0.9165885660731021,1.0,1662,Bladder,1662__ch0__id342,neoplastic,neoplastic
15,9,311,417,311,417,0.7458033573141487,0.7458033573141487,1.0,1662,Bladder,1662__ch0__id347,neoplastic,neoplastic
16,10,1021,1118,1071,1168,0.8741438356164384,0.9132379248658319,0.9533146591970122,1662,Bladder,1662__ch0__id349,neoplastic,neoplastic
17,11,295,500,295,500,0.59,0.59,1.0,1662,Bladder,1662__ch0__id350,neoplastic,neoplastic
18,12,427,540,427,540,0.7907407407407407,0.7907407407407407,1.0,1662,Bladder,1662__ch0__id356,neoplastic,neoplastic
19,13,1021,1194,1021,1194,0.855108877721943,0.855108877721943,1.0,1662,Bladder,1662__ch0__id358,neoplastic,neoplastic
20,14,1224,1323,1236,1335,0.9168539325842696,0.9251700680272109,0.9902912621359223,1662,Bladder,1662__ch0__id365,neoplastic,neoplastic
21,15,887,1004,887,1004,0.8834661354581673,0.8834661354581673,1.0,1662,Bladder,1662__ch0__id366,neoplastic,neoplastic
23,16,312,406,314,408,0.7647058823529411,0.7684729064039408,0.9936305732484076,1662,Bladder,1662__ch0__id377,neoplastic,neoplastic
24,17,688,836,701,849,0.8103651354534747,0.8229665071770335,0.9814550641940085,1662,Bladder,1662__ch0__id379,neoplastic,neoplastic
25,18,1013,1090,1017,1094,0.9259597806215722,0.9293577981651376,0.9960668633235005,1662,Bladder,1662__ch0__id384,neoplastic,neoplastic
26,19,405,461,422,478,0.8472803347280334,0.8785249457700651,0.9597156398104265,1662,Bladder,1662__ch0__id385,neoplastic,neoplastic
27,21,1018,1135,1018,1135,0.8969162995594714,0.8969162995594714,1.0,1662,Bladder,1662__ch0__id391,neoplastic,neoplastic
28,22,1409,1546,1409,1546,0.9113842173350583,0.9113842173350583,1.0,1662,Bladder,1662__ch0__id392,neoplastic,neoplastic
29,23,528,655,528,655,0.8061068702290076,0.8061068702290076,1.0,1662,Bladder,1662__ch0__id402,neoplastic,neoplastic
30,20,2416,2522,2462,2568,0.940809968847352,0.9579698651863601,0.9813160032493907,1662,Bladder,1662__ch0__id404,neoplastic,neoplastic
1,9,105,142,105,142,0.7394366197183099,0.7394366197183099,1.0,1663,Bladder,1663__ch1__id39,inflammatory,normal
2,1,448,457,476,485,0.9237113402061856,0.9803063457330415,0.9411764705882353,1663,Bladder,1663__ch2__id2,connective,normal
3,2,75,128,75,128,0.5859375,0.5859375,1.0,1663,Bladder,1663__ch2__id7,connective,normal
4,3,138,170,138,170,0.8117647058823529,0.8117647058823529,1.0,1663,Bladder,1663__ch2__id15,connective,normal
6,5,277,304,281,308,0.8993506493506493,0.9111842105263158,0.9857651245551602,1663,Bladder,1663__ch2__id23,connective,normal
7,6,525,531,609,615,0.8536585365853658,0.9887005649717514,0.8620689655172413,1663,Bladder,1663__ch2__id25,connective,normal
9,7,139,162,145,168,0.8273809523809523,0.8580246913580247,0.9586206896551724,1663,Bladder,1663__ch2__id28,connective,normal
10,8,150,180,161,191,0.7853403141361257,0.8333333333333334,0.9316770186335404,1663,Bladder,1663__ch2__id30,connective,normal
12,4,223,437,229,443,0.5033860045146726,0.5102974828375286,0.9737991266375546,1663,Bladder,1663__ch2__id196,connective,normal
12,6,2,437,609,1044,0.0019157088122605363,0.004576659038901602,0.003284072249589491,1663,Bladder,1663__ch2__id196,connective,normal
1,1,298,321,317,340,0.8764705882352941,0.9283489096573209,0.9400630914826499,1675,Bladder,1675__ch1__id64,inflammatory,normal
2,2,207,262,222,277,0.7472924187725631,0.7900763358778626,0.9324324324324325,1675,Bladder,1675__ch1__id69,inflammatory,normal
4,3,104,137,104,137,0.7591240875912408,0.7591240875912408,1.0,1675,Bladder,1675__ch2__id73,connective,normal
1,1,94,131,94,131,0.7175572519083969,0.7175572519083969,1.0,1690,Breast,1690__ch1__id60,inflammatory,normal
2,15,202,245,204,247,0.8178137651821862,0.8244897959183674,0.9901960784313726,1690,Breast,1690__ch1__id100,inflammatory,normal
3,22,117,165,117,165,0.7090909090909091,0.7090909090909091,1.0,1690,Breast,1690__ch1__id132,inflammatory,normal
4,24,423,489,424,490,0.863265306122449,0.8650306748466258,0.9976415094339622,1690,Breast,1690__ch1__id135,inflammatory,normal
6,28,245,380,245,380,0.6447368421052632,0.6447368421052632,1.0,1690,Breast,1690__ch1__id143,inflammatory,normal
7,26,337,387,337,387,0.8708010335917312,0.8708010335917312,1.0,1690,Breast,1690__ch1__id144,inflammatory,normal
9,2,35,37,964,966,0.036231884057971016,0.9459459459459459,0.03630705394190872,1690,Breast,1690__ch2__id50,connective,normal
11,3,367,478,367,478,0.7677824267782427,0.7677824267782427,1.0,1690,Breast,1690__ch2__id64,connective,normal
12,4,564,955,564,955,0.5905759162303665,0.5905759162303665,1.0,1690,Breast,1690__ch2__id66,connective,normal
13,2,685,782,964,1061,0.6456173421300659,0.8759590792838875,0.7105809128630706,1690,Breast,1690__ch2__id69,connective,normal
14,6,653,754,654,755,0.8649006622516556,0.8660477453580901,0.9984709480122325,1690,Breast,1690__ch2__id70,connective,normal
14,9,1,754,467,1220,0.000819672131147541,0.001326259946949602,0.0021413276231263384,1690,Breast,1690__ch2__id70,connective,normal
15,5,511,586,511,586,0.8720136518771331,0.8720136518771331,1.0,1690,Breast,1690__ch2__id71,connective,normal
16,7,179,215,181,217,0.8248847926267281,0.8325581395348837,0.988950276243094,1690,Breast,1690__ch2__id74,connective,normal
17,8,378,395,389,406,0.9310344827586207,0.9569620253164557,0.9717223650385605,1690,Breast,1690__ch2__id75,connective,normal
18,6,1,520,654,1173,0.0008525149190110827,0.0019230769230769232,0.0015290519877675841,1690,Breast,1690__ch2__id76,connective,normal
18,9,462,520,467,525,0.88,0.8884615384615384,0.9892933618843683,1690,Breast,1690__ch2__id76,connective,normal
19,10,301,356,302,357,0.8431372549019608,0.8455056179775281,0.9966887417218543,1690,Breast,1690__ch2__id80,connective,normal
20,11,597,608,666,677,0.8818316100443131,0.9819078947368421,0.8963963963963963,1690,Breast,1690__ch2__id87,connective,normal
21,13,701,816,701,816,0.8590686274509803,0.8590686274509803,1.0,1690,Breast,1690__ch2__id94,connective,normal
22,14,804,862,1013,1071,0.7507002801120448,0.9327146171693735,0.7936821322803553,1690,Breast,1690__ch2__id99,connective,normal
23,17,570,662,572,664,0.858433734939759,0.8610271903323263,0.9965034965034965,1690,Breast,1690__ch2__id105,connective,normal
24,16,617,697,617,697,0.8852223816355811,0.8852223816355811,1.0,1690,Breast,1690__ch2__id107,connective,normal
25,18,118,138,565,585,0.20170940170940171,0.855072463768116,0.2088495575221239,1690,Breast,1690__ch2__id114,connective,normal
26,19,436,510,438,512,0.8515625,0.8549019607843137,0.9954337899543378,1690,Breast,1690__ch2__id118,connective,normal
27,20,849,888,1071,1110,0.7648648648648648,0.956081081081081,0.7927170868347339,1690,Breast,1690__ch2__id121,connective,normal
28,18,437,520,565,648,0.6743827160493827,0.8403846153846154,0.7734513274336283,1690,Breast,1690__ch2__id122,connective,normal
29,21,606,665,642,701,0.8644793152639088,0.9112781954887218,0.9439252336448598,1690,Breast,1690__ch2__id127,connective,normal
30,25,384,743,384,743,0.5168236877523553,0.5168236877523553,1.0,1690,Breast,1690__ch2__id133,connective,normal
31,23,249,286,263,300,0.83,0.8706293706293706,0.9467680608365019,1690,Breast,1690__ch2__id134,connective,normal
32,27,552,651,552,651,0.847926267281106,0.847926267281106,1.0,1690,Breast,1690__ch2__id146,connective,normal
1,34,49,100,49,100,0.49,0.49,1.0,1765,Cervix,1765__ch1__id410,inflammatory,normal
3,1,506,571,546,611,0.8281505728314239,0.8861646234676007,0.9267399267399268,1765,Cervix,1765__ch2__id13,connective,normal
4,2,284,324,284,324,0.8765432098765432,0.8765432098765432,1.0,1765,Cervix,1765__ch2__id16,connective,normal
5,3,406,553,406,553,0.7341772151898734,0.7341772151898734,1.0,1765,Cervix,1765__ch2__id18,connective,normal
6,4,510,605,510,605,0.8429752066115702,0.8429752066115702,1.0,1765,Cervix,1765__ch2__id23,connective,normal
7,5,222,290,224,292,0.7602739726027398,0.7655172413793103,0.9910714285714286,1765,Cervix,1765__ch2__id29,connective,normal
9,7,460,544,463,547,0.8409506398537477,0.8455882352941176,0.9935205183585313,1765,Cervix,1765__ch2__id34,connective,normal
10,8,239,358,239,358,0.6675977653631285,0.6675977653631285,1.0,1765,Cervix,1765__ch2__id35,connective,normal
11,9,358,627,358,627,0.5709728867623605,0.5709728867623605,1.0,1765,Cervix,1765__ch2__id36,connective,normal
12,10,244,392,244,392,0.6224489795918368,0.6224489795918368,1.0,1765,Cervix,1765__ch2__id40,connective,normal
13,11,270,400,270,400,0.675,0.675,1.0,1765,Cervix,1765__ch2__id41,connective,normal
14,12,218,345,218,345,0.6318840579710145,0.6318840579710145,1.0,1765,Cervix,1765__ch2__id45,connective,normal
15,13,414,556,414,556,0.7446043165467626,0.7446043165467626,1.0,1765,Cervix,1765__ch2__id49,connective,normal
16,14,189,403,189,403,0.46898263027295284,0.46898263027295284,1.0,1765,Cervix,1765__ch2__id50,connective,normal
17,15,252,389,252,389,0.6478149100257069,0.6478149100257069,1.0,1765,Cervix,1765__ch2__id52,connective,normal
18,16,241,444,241,444,0.5427927927927928,0.5427927927927928,1.0,1765,Cervix,1765__ch2__id53,connective,normal
19,17,102,218,102,218,0.46788990825688076,0.46788990825688076,1.0,1765,Cervix,1765__ch2__id54,connective,normal
20,18,290,373,290,373,0.7774798927613941,0.7774798927613941,1.0,1765,Cervix,1765__ch2__id55,connective,normal
21,19,227,374,227,374,0.606951871657754,0.606951871657754,1.0,1765,Cervix,1765__ch2__id56,connective,normal
22,22,262,374,262,374,0.7005347593582888,0.7005347593582888,1.0,1765,Cervix,1765__ch2__id57,connective,normal
23,20,144,204,144,204,0.7058823529411765,0.7058823529411765,1.0,1765,Cervix,1765__ch2__id58,connective,normal
24,23,158,227,410,479,0.3298538622129436,0.6960352422907489,0.3853658536585366,1765,Cervix,1765__ch2__id60,connective,normal
25,24,260,638,260,638,0.40752351097178685,0.40752351097178685,1.0,1765,Cervix,1765__ch2__id63,connective,normal
25,27,273,638,273,638,0.4278996865203762,0.4278996865203762,1.0,1765,Cervix,1765__ch2__id63,connective,normal
26,25,249,288,262,301,0.8272425249169435,0.8645833333333334,0.950381679389313,1765,Cervix,1765__ch2__id64,connective,normal
27,26,161,278,161,278,0.579136690647482,0.579136690647482,1.0,1765,Cervix,1765__ch2__id67,connective,normal
28,28,183,337,183,337,0.543026706231454,0.543026706231454,1.0,1765,Cervix,1765__ch2__id69,connective,normal
29,23,223,266,410,453,0.4922737306843267,0.8383458646616542,0.5439024390243903,1765,Cervix,1765__ch2__id70,connective,normal
30,30,249,319,250,320,0.778125,0.780564263322884,0.996,1765,Cervix,1765__ch2__id73,connective,normal
30,32,3,319,169,485,0.006185567010309278,0.009404388714733543,0.01775147928994083,1765,Cervix,1765__ch2__id73,connective,normal
31,31,147,380,147,380,0.3868421052631579,0.3868421052631579,1.0,1765,Cervix,1765__ch2__id74,connective,normal
32,32,164,201,169,206,0.7961165048543689,0.8159203980099502,0.9704142011834319,1765,Cervix,1765__ch2__id79,connective,normal
33,33,197,248,197,248,0.7943548387096774,0.7943548387096774,1.0,1765,Cervix,1765__ch2__id80,connective,normal
37,21,136,379,148,391,0.34782608695652173,0.35883905013192613,0.918918918918919,1765,Cervix,1765__ch2__id412,connective,normal
38,29,170,197,194,221,0.7692307692307693,0.8629441624365483,0.8762886597938144,1765,Cervix,1765__ch2__id424,connective,normal
1,1,899,947,954,1002,0.8972055888223552,0.9493136219640972,0.9423480083857443,1786,Cervix,1786__ch2__id120,connective,normal
2,2,416,428,435,447,0.930648769574944,0.9719626168224299,0.9563218390804598,1786,Cervix,1786__ch2__id121,connective,normal
3,3,236,375,277,416,0.5673076923076923,0.6293333333333333,0.851985559566787,1786,Cervix,1786__ch2__id125,connective,normal
4,3,11,503,277,769,0.014304291287386216,0.02186878727634195,0.039711191335740074,1786,Cervix,1786__ch2__id126,connective,normal
4,4,475,503,488,516,0.9205426356589147,0.9443339960238568,0.9733606557377049,1786,Cervix,1786__ch2__id126,connective,normal
4,5,1,503,539,1041,0.0009606147934678194,0.0019880715705765406,0.0018552875695732839,1786,Cervix,1786__ch2__id126,connective,normal
5,6,137,166,158,187,0.732620320855615,0.8253012048192772,0.8670886075949367,1786,Cervix,1786__ch2__id132,connective,normal
6,5,439,440,539,540,0.812962962962963,0.9977272727272727,0.8144712430426716,1786,Cervix,1786__ch2__id137,connective,normal
7,5,40,1012,539,1511,0.026472534745201854,0.039525691699604744,0.07421150278293136,1786,Cervix,1786__ch2__id142,connective,normal
7,8,809,1012,861,1064,0.7603383458646616,0.799407114624506,0.9396051103368177,1786,Cervix,1786__ch2__id142,connective,normal
8,9,280,319,282,321,0.8722741433021807,0.877742946708464,0.9929078014184397,1786,Cervix,1786__ch2__id143,connective,normal
9,10,304,306,346,348,0.8735632183908046,0.9934640522875817,0.8786127167630058,1786,Cervix,1786__ch2__id146,connective,normal
10,11,1035,1130,1043,1138,0.9094903339191565,0.915929203539823,0.9923298178331735,1786,Cervix,1786__ch2__id147,connective,normal
11,12,207,388,207,388,0.5335051546391752,0.5335051546391752,1.0,1786,Cervix,1786__ch2__id150,connective,normal
12,14,296,344,311,359,0.8245125348189415,0.8604651162790697,0.9517684887459807,1786,Cervix,1786__ch2__id151,connective,normal
13,15,98,109,99,110,0.8909090909090909,0.8990825688073395,0.98989898989899,1786,Cervix,1786__ch2__id153,connective,normal
14,16,319,350,355,386,0.8264248704663213,0.9114285714285715,0.8985915492957747,1786,Cervix,1786__ch2__id155,connective,normal
1,1,185,248,185,248,0.7459677419354839,0.7459677419354839,1.0,1788,Cervix,1788__ch0__id7,neoplastic,neoplastic
2,4,695,782,729,816,0.8517156862745098,0.8887468030690537,0.953360768175583,1788,Cervix,1788__ch0__id8,neoplastic,neoplastic
3,6,659,820,659,820,0.8036585365853659,0.8036585365853659,1.0,1788,Cervix,1788__ch0__id13,neoplastic,neoplastic
4,5,858,1014,858,1014,0.8461538461538461,0.8461538461538461,1.0,1788,Cervix,1788__ch0__id14,neoplastic,neoplastic
5,7,49,125,49,125,0.392,0.392,1.0,1788,Cervix,1788__ch0__id15,neoplastic,neoplastic
6,8,405,503,405,503,0.805168986083499,0.805168986083499,1.0,1788,Cervix,1788__ch0__id22,neoplastic,neoplastic
7,9,413,494,413,494,0.8360323886639676,0.8360323886639676,1.0,1788,Cervix,1788__ch0__id27,neoplastic,neoplastic
8,10,524,663,524,663,0.7903469079939668,0.7903469079939668,1.0,1788,Cervix,1788__ch0__id28,neoplastic,neoplastic
9,12,313,463,313,463,0.6760259179265659,0.6760259179265659,1.0,1788,Cervix,1788__ch0__id34,neoplastic,neoplastic
10,11,682,820,682,820,0.8317073170731707,0.8317073170731707,1.0,1788,Cervix,1788__ch0__id36,neoplastic,neoplastic
11,14,15,26,312,323,0.04643962848297214,0.5769230769230769,0.04807692307692308,1788,Cervix,1788__ch0__id39,neoplastic,neoplastic
12,14,279,398,312,431,0.6473317865429234,0.7010050251256281,0.8942307692307693,1788,Cervix,1788__ch0__id40,neoplastic,neoplastic
13,15,343,434,343,434,0.7903225806451613,0.7903225806451613,1.0,1788,Cervix,1788__ch0__id42,neoplastic,neoplastic
14,16,598,686,607,695,0.860431654676259,0.8717201166180758,0.985172981878089,1788,Cervix,1788__ch0__id50,neoplastic,neoplastic
14,18,15,686,289,960,0.015625,0.021865889212827987,0.05190311418685121,1788,Cervix,1788__ch0__id50,neoplastic,neoplastic
15,17,451,519,451,519,0.8689788053949904,0.8689788053949904,1.0,1788,Cervix,1788__ch0__id55,neoplastic,neoplastic
16,22,77,168,77,168,0.4583333333333333,0.4583333333333333,1.0,1788,Cervix,1788__ch0__id57,neoplastic,neoplastic
17,18,272,389,289,406,0.6699507389162561,0.699228791773779,0.9411764705882353,1788,Cervix,1788__ch0__id60,neoplastic,neoplastic
18,19,436,479,453,496,0.8790322580645161,0.9102296450939458,0.9624724061810155,1788,Cervix,1788__ch0__id64,neoplastic,neoplastic
19,20,56,86,64,94,0.5957446808510638,0.6511627906976745,0.875,1788,Cervix,1788__ch0__id65,neoplastic,neoplastic
20,21,519,634,527,642,0.8084112149532711,0.8186119873817035,0.9848197343453511,1788,Cervix,1788__ch0__id68,neoplastic,neoplastic
21,23,332,406,332,406,0.8177339901477833,0.8177339901477833,1.0,1788,Cervix,1788__ch0__id71,neoplastic,neoplastic
22,24,588,667,588,667,0.881559220389805,0.881559220389805,1.0,1788,Cervix,1788__ch0__id73,neoplastic,neoplastic
23,25,589,681,590,682,0.8636363636363636,0.8649045521292217,0.9983050847457627,1788,Cervix,1788__ch0__id76,neoplastic,neoplastic
24,28,178,303,178,303,0.5874587458745875,0.5874587458745875,1.0,1788,Cervix,1788__ch0__id78,neoplastic,neoplastic
25,27,591,650,591,650,0.9092307692307692,0.9092307692307692,1.0,1788,Cervix,1788__ch0__id79,neoplastic,neoplastic
26,29,197,247,197,247,0.7975708502024291,0.7975708502024291,1.0,1788,Cervix,1788__ch0__id82,neoplastic,neoplastic
27,31,534,587,542,595,0.8974789915966387,0.909710391822828,0.985239852398524,1788,Cervix,1788__ch0__id83,neoplastic,neoplastic
28,32,308,376,309,377,0.8169761273209549,0.8191489361702128,0.9967637540453075,1788,Cervix,1788__ch0__id88,neoplastic,neoplastic
29,33,590,686,590,686,0.8600583090379009,0.8600583090379009,1.0,1788,Cervix,1788__ch0__id89,neoplastic,neoplastic
30,35,523,583,524,584,0.8955479452054794,0.8970840480274442,0.9980916030534351,1788,Cervix,1788__ch0__id98,neoplastic,neoplastic
31,36,418,497,422,501,0.8343313373253493,0.8410462776659959,0.990521327014218,1788,Cervix,1788__ch0__id100,neoplastic,neoplastic
32,37,438,562,441,565,0.7752212389380531,0.7793594306049823,0.9931972789115646,1788,Cervix,1788__ch0__id104,neoplastic,neoplastic
33,39,394,500,394,500,0.788,0.788,1.0,1788,Cervix,1788__ch0__id107,neoplastic,neoplastic
34,38,912,953,929,970,0.9402061855670103,0.9569779643231899,0.9817007534983854,1788,Cervix,1788__ch0__id108,neoplastic,neoplastic
35,43,128,283,128,283,0.45229681978798586,0.45229681978798586,1.0,1788,Cervix,1788__ch0__id111,neoplastic,neoplastic
36,40,723,830,777,884,0.8178733031674208,0.8710843373493976,0.9305019305019305,1788,Cervix,1788__ch0__id112,neoplastic,neoplastic
37,41,683,815,684,816,0.8370098039215687,0.838036809815951,0.9985380116959064,1788,Cervix,1788__ch0__id113,neoplastic,neoplastic
38,42,480,597,480,597,0.8040201005025126,0.8040201005025126,1.0,1788,Cervix,1788__ch0__id116,neoplastic,neoplastic
39,44,512,1257,571,1316,0.3890577507598784,0.40731901352426414,0.8966725043782837,1788,Cervix,1788__ch0__id118,neoplastic,neoplastic
39,45,611,1257,611,1257,0.48607796340493237,0.48607796340493237,1.0,1788,Cervix,1788__ch0__id118,neoplastic,neoplastic
40,46,262,358,262,358,0.7318435754189944,0.7318435754189944,1.0,1788,Cervix,1788__ch0__id119,neoplastic,neoplastic
41,47,305,364,305,364,0.8379120879120879,0.8379120879120879,1.0,1788,Cervix,1788__ch0__id122,neoplastic,neoplastic
42,48,345,429,345,429,0.8041958041958042,0.8041958041958042,1.0,1788,Cervix,1788__ch0__id126,neoplastic,neoplastic
44,49,231,334,240,343,0.673469387755102,0.6916167664670658,0.9625,1788,Cervix,1788__ch0__id130,neoplastic,neoplastic
48,34,271,345,271,345,0.7855072463768116,0.7855072463768116,1.0,1788,Cervix,1788__ch1__id92,inflammatory,normal
2,51,918,1144,920,1146,0.8010471204188482,0.8024475524475524,0.9978260869565218,1806,Cervix,1806__ch0__id284,neoplastic,neoplastic
6,5,40,75,40,75,0.5333333333333333,0.5333333333333333,1.0,1806,Cervix,1806__ch1__id136,inflammatory,normal
7,1,85,121,85,121,0.7024793388429752,0.7024793388429752,1.0,1806,Cervix,1806__ch1__id138,inflammatory,normal
8,3,283,319,290,326,0.8680981595092024,0.8871473354231975,0.9758620689655172,1806,Cervix,1806__ch1__id144,inflammatory,normal
11,7,286,376,286,376,0.7606382978723404,0.7606382978723404,1.0,1806,Cervix,1806__ch1__id152,inflammatory,normal
12,6,231,296,231,296,0.7804054054054054,0.7804054054054054,1.0,1806,Cervix,1806__ch1__id153,inflammatory,normal
13,8,437,521,437,521,0.8387715930902111,0.8387715930902111,1.0,1806,Cervix,1806__ch1__id155,inflammatory,normal
14,10,291,503,291,503,0.5785288270377733,0.5785288270377733,1.0,1806,Cervix,1806__ch1__id156,inflammatory,normal
15,11,426,583,426,583,0.7307032590051458,0.7307032590051458,1.0,1806,Cervix,1806__ch1__id157,inflammatory,normal
16,13,92,268,92,268,0.34328358208955223,0.34328358208955223,1.0,1806,Cervix,1806__ch1__id158,inflammatory,normal
16,17,51,268,265,482,0.10580912863070539,0.19029850746268656,0.19245283018867926,1806,Cervix,1806__ch1__id158,inflammatory,normal
17,12,213,246,235,268,0.7947761194029851,0.8658536585365854,0.9063829787234042,1806,Cervix,1806__ch1__id159,inflammatory,normal
18,14,214,246,214,246,0.8699186991869918,0.8699186991869918,1.0,1806,Cervix,1806__ch1__id162,inflammatory,normal
19,15,267,372,267,372,0.717741935483871,0.717741935483871,1.0,1806,Cervix,1806__ch1__id163,inflammatory,normal
21,12,16,81,235,300,0.05333333333333334,0.19753086419753085,0.06808510638297872,1806,Cervix,1806__ch1__id168,inflammatory,normal
21,16,64,81,180,197,0.3248730964467005,0.7901234567901234,0.35555555555555557,1806,Cervix,1806__ch1__id168,inflammatory,normal
22,17,209,248,265,304,0.6875,0.842741935483871,0.7886792452830189,1806,Cervix,1806__ch1__id170,inflammatory,normal
22,20,3,248,350,595,0.005042016806722689,0.012096774193548387,0.008571428571428572,1806,Cervix,1806__ch1__id170,inflammatory,normal
23,16,105,187,180,262,0.40076335877862596,0.5614973262032086,0.5833333333333334,1806,Cervix,1806__ch1__id171,inflammatory,normal
24,18,227,276,227,276,0.822463768115942,0.822463768115942,1.0,1806,Cervix,1806__ch1__id175,inflammatory,normal
25,17,5,406,265,666,0.0075075075075075074,0.012315270935960592,0.018867924528301886,1806,Cervix,1806__ch1__id178,inflammatory,normal
25,20,345,406,350,411,0.8394160583941606,0.8497536945812808,0.9857142857142858,1806,Cervix,1806__ch1__id178,inflammatory,normal
27,21,228,290,228,290,0.7862068965517242,0.7862068965517242,1.0,1806,Cervix,1806__ch1__id180,inflammatory,normal
28,22,290,343,415,468,0.6196581196581197,0.8454810495626822,0.6987951807228916,1806,Cervix,1806__ch1__id185,inflammatory,normal
30,23,319,364,319,364,0.8763736263736264,0.8763736263736264,1.0,1806,Cervix,1806__ch1__id189,inflammatory,normal
31,24,244,283,244,283,0.8621908127208481,0.8621908127208481,1.0,1806,Cervix,1806__ch1__id191,inflammatory,normal
32,26,280,313,280,313,0.8945686900958466,0.8945686900958466,1.0,1806,Cervix,1806__ch1__id195,inflammatory,normal
33,25,339,395,339,395,0.8582278481012658,0.8582278481012658,1.0,1806,Cervix,1806__ch1__id196,inflammatory,normal
34,27,243,287,245,289,0.8408304498269896,0.8466898954703833,0.9918367346938776,1806,Cervix,1806__ch1__id198,inflammatory,normal
35,28,301,375,319,393,0.7659033078880407,0.8026666666666666,0.9435736677115988,1806,Cervix,1806__ch1__id200,inflammatory,normal
36,29,96,133,144,181,0.5303867403314917,0.7218045112781954,0.6666666666666666,1806,Cervix,1806__ch1__id201,inflammatory,normal
37,30,361,463,416,518,0.696911196911197,0.7796976241900648,0.8677884615384616,1806,Cervix,1806__ch1__id204,inflammatory,normal
38,32,241,318,241,318,0.7578616352201258,0.7578616352201258,1.0,1806,Cervix,1806__ch1__id205,inflammatory,normal
39,31,227,351,227,351,0.6467236467236467,0.6467236467236467,1.0,1806,Cervix,1806__ch1__id208,inflammatory,normal
40,33,404,489,434,519,0.7784200385356455,0.8261758691206544,0.9308755760368663,1806,Cervix,1806__ch1__id209,inflammatory,normal
41,34,195,356,195,356,0.547752808988764,0.547752808988764,1.0,1806,Cervix,1806__ch1__id214,inflammatory,normal
43,35,540,805,540,805,0.6708074534161491,0.6708074534161491,1.0,1806,Cervix,1806__ch1__id217,inflammatory,normal
43,36,36,805,222,991,0.03632694248234107,0.04472049689440994,0.16216216216216217,1806,Cervix,1806__ch1__id217,inflammatory,normal
44,28,18,274,319,575,0.03130434782608696,0.06569343065693431,0.05642633228840126,1806,Cervix,1806__ch1__id218,inflammatory,normal
44,36,186,274,222,310,0.6,0.6788321167883211,0.8378378378378378,1806,Cervix,1806__ch1__id218,inflammatory,normal
47,30,46,152,416,522,0.08812260536398467,0.3026315789473684,0.11057692307692307,1806,Cervix,1806__ch1__id227,inflammatory,normal
47,38,30,152,30,152,0.19736842105263158,0.19736842105263158,1.0,1806,Cervix,1806__ch1__id227,inflammatory,normal
48,37,298,373,298,373,0.7989276139410187,0.7989276139410187,1.0,1806,Cervix,1806__ch1__id228,inflammatory,normal
49,39,184,251,185,252,0.7301587301587301,0.7330677290836654,0.9945945945945946,1806,Cervix,1806__ch1__id232,inflammatory,normal
50,40,218,255,251,288,0.7569444444444444,0.8549019607843137,0.8685258964143426,1806,Cervix,1806__ch1__id233,inflammatory,normal
52,40,15,488,251,724,0.020718232044198894,0.030737704918032786,0.05976095617529881,1806,Cervix,1806__ch1__id245,inflammatory,normal
52,41,445,488,476,519,0.8574181117533719,0.9118852459016393,0.9348739495798319,1806,Cervix,1806__ch1__id245,inflammatory,normal
53,42,148,198,148,198,0.7474747474747475,0.7474747474747475,1.0,1806,Cervix,1806__ch1__id246,inflammatory,normal
54,43,232,449,232,449,0.5167037861915368,0.5167037861915368,1.0,1806,Cervix,1806__ch1__id248,inflammatory,normal
55,44,272,343,272,343,0.793002915451895,0.793002915451895,1.0,1806,Cervix,1806__ch1__id251,inflammatory,normal
56,45,223,314,223,314,0.7101910828025477,0.7101910828025477,1.0,1806,Cervix,1806__ch1__id253,inflammatory,normal
57,47,253,313,256,316,0.8006329113924051,0.8083067092651757,0.98828125,1806,Cervix,1806__ch1__id267,inflammatory,normal
58,48,373,454,373,454,0.8215859030837004,0.8215859030837004,1.0,1806,Cervix,1806__ch1__id270,inflammatory,normal
59,49,241,280,241,280,0.8607142857142858,0.8607142857142858,1.0,1806,Cervix,1806__ch1__id274,inflammatory,normal
60,52,188,359,189,360,0.5222222222222223,0.5236768802228412,0.9947089947089947,1806,Cervix,1806__ch1__id285,inflammatory,normal
62,53,319,420,319,420,0.7595238095238095,0.7595238095238095,1.0,1806,Cervix,1806__ch1__id305,inflammatory,normal
64,4,93,150,93,150,0.62,0.62,1.0,1806,Cervix,1806__ch2__id145,connective,normal
65,19,252,329,252,329,0.7659574468085106,0.7659574468085106,1.0,1806,Cervix,1806__ch2__id176,connective,normal
66,46,212,282,212,282,0.75177304964539,0.75177304964539,1.0,1806,Cervix,1806__ch2__id263,connective,normal
67,50,175,268,175,268,0.6529850746268657,0.6529850746268657,1.0,1806,Cervix,1806__ch2__id282,connective,normal
1,1,218,227,218,227,0.960352422907489,0.960352422907489,1.0,1811,Cervix,1811__ch0__id498,neoplastic,neoplastic
2,4,148,169,172,193,0.7668393782383419,0.8757396449704142,0.8604651162790697,1811,Cervix,1811__ch0__id505,neoplastic,neoplastic
3,3,627,658,649,680,0.9220588235294118,0.952887537993921,0.9661016949152542,1811,Cervix,1811__ch0__id515,neoplastic,neoplastic
4,6,588,637,592,641,0.9173166926677067,0.9230769230769231,0.9932432432432432,1811,Cervix,1811__ch0__id524,neoplastic,neoplastic
5,7,618,664,622,668,0.9251497005988024,0.9307228915662651,0.9935691318327974,1811,Cervix,1811__ch0__id526,neoplastic,neoplastic
6,11,411,472,414,475,0.8652631578947368,0.8707627118644068,0.9927536231884058,1811,Cervix,1811__ch0__id546,neoplastic,neoplastic
7,12,532,607,532,607,0.8764415156507414,0.8764415156507414,1.0,1811,Cervix,1811__ch0__id548,neoplastic,neoplastic
8,13,356,407,380,431,0.8259860788863109,0.8746928746928747,0.9368421052631579,1811,Cervix,1811__ch0__id553,neoplastic,neoplastic
9,14,415,485,415,485,0.8556701030927835,0.8556701030927835,1.0,1811,Cervix,1811__ch0__id581,neoplastic,neoplastic
10,15,526,567,539,580,0.906896551724138,0.927689594356261,0.9758812615955473,1811,Cervix,1811__ch0__id582,neoplastic,neoplastic
11,16,186,630,189,633,0.2938388625592417,0.29523809523809524,0.9841269841269841,1811,Cervix,1811__ch0__id583,neoplastic,neoplastic
12,17,590,687,643,740,0.7972972972972973,0.858806404657933,0.9175738724727839,1811,Cervix,1811__ch0__id591,neoplastic,neoplastic
13,26,309,365,312,368,0.8396739130434783,0.8465753424657534,0.9903846153846154,1811,Cervix,1811__ch0__id625,neoplastic,neoplastic
14,27,752,841,754,843,0.8920521945432978,0.8941736028537456,0.9973474801061007,1811,Cervix,1811__ch0__id628,neoplastic,neoplastic
15,28,521,585,522,586,0.8890784982935154,0.8905982905982905,0.9980842911877394,1811,Cervix,1811__ch0__id629,neoplastic,neoplastic
16,31,527,582,555,610,0.8639344262295082,0.9054982817869416,0.9495495495495495,1811,Cervix,1811__ch0__id639,neoplastic,neoplastic
17,33,74,103,75,104,0.7115384615384616,0.7184466019417476,0.9866666666666667,1811,Cervix,1811__ch0__id640,neoplastic,neoplastic
17,34,6,103,391,488,0.012295081967213115,0.05825242718446602,0.015345268542199489,1811,Cervix,1811__ch0__id640,neoplastic,neoplastic
19,2,282,291,311,320,0.88125,0.9690721649484536,0.9067524115755627,1811,Cervix,1811__ch1__id512,inflammatory,normal
21,8,343,381,353,391,0.8772378516624041,0.9002624671916011,0.9716713881019831,1811,Cervix,1811__ch1__id532,inflammatory,normal
23,19,243,286,243,286,0.8496503496503497,0.8496503496503497,1.0,1811,Cervix,1811__ch1__id598,inflammatory,normal
24,22,212,243,216,247,0.8582995951417004,0.8724279835390947,0.9814814814814815,1811,Cervix,1811__ch1__id607,inflammatory,normal
24,24,1,243,362,604,0.0016556291390728477,0.00411522633744856,0.0027624309392265192,1811,Cervix,1811__ch1__id607,inflammatory,normal
25,24,361,412,362,413,0.87409200968523,0.8762135922330098,0.9972375690607734,1811,Cervix,1811__ch1__id613,inflammatory,normal
26,30,295,341,295,341,0.8651026392961877,0.8651026392961877,1.0,1811,Cervix,1811__ch1__id636,inflammatory,normal
27,32,528,608,533,613,0.8613376835236541,0.868421052631579,0.9906191369606003,1811,Cervix,1811__ch1__id641,inflammatory,normal
28,9,315,391,331,407,0.773955773955774,0.8056265984654731,0.9516616314199395,1811,Cervix,1811__ch2__id537,connective,normal
29,25,436,447,450,461,0.9457700650759219,0.9753914988814317,0.9688888888888889,1811,Cervix,1811__ch2__id619,connective,normal
2,1,98,128,102,132,0.7424242424242424,0.765625,0.9607843137254902,1820,Cervix,1820__ch0__id228,neoplastic,neoplastic
4,3,501,556,503,558,0.8978494623655914,0.9010791366906474,0.9960238568588469,1820,Cervix,1820__ch0__id241,neoplastic,neoplastic
5,4,368,401,373,406,0.9064039408866995,0.9177057356608479,0.9865951742627346,1820,Cervix,1820__ch0__id242,neoplastic,neoplastic
6,5,464,483,473,492,0.943089430894309,0.9606625258799172,0.9809725158562368,1820,Cervix,1820__ch0__id246,neoplastic,neoplastic
7,7,379,435,381,437,0.8672768878718535,0.871264367816092,0.994750656167979,1820,Cervix,1820__ch0__id253,neoplastic,neoplastic
8,6,467,500,491,524,0.8912213740458015,0.934,0.9511201629327902,1820,Cervix,1820__ch0__id254,neoplastic,neoplastic
10,8,1283,1362,1285,1364,0.9406158357771262,0.9419970631424376,0.998443579766537,1820,Cervix,1820__ch0__id257,neoplastic,neoplastic
11,9,660,771,660,771,0.8560311284046692,0.8560311284046692,1.0,1820,Cervix,1820__ch0__id262,neoplastic,neoplastic
12,10,3,654,505,1156,0.0025951557093425604,0.0045871559633027525,0.005940594059405941,1820,Cervix,1820__ch0__id265,neoplastic,neoplastic
12,11,586,654,601,669,0.8759342301943199,0.8960244648318043,0.9750415973377704,1820,Cervix,1820__ch0__id265,neoplastic,neoplastic
13,10,400,455,505,560,0.7142857142857143,0.8791208791208791,0.7920792079207921,1820,Cervix,1820__ch0__id266,neoplastic,neoplastic
14,12,1130,1261,1130,1261,0.8961141950832673,0.8961141950832673,1.0,1820,Cervix,1820__ch0__id267,neoplastic,neoplastic
15,13,379,481,393,495,0.7656565656565657,0.7879417879417879,0.9643765903307888,1820,Cervix,1820__ch0__id277,neoplastic,neoplastic
16,15,660,758,726,824,0.8009708737864077,0.8707124010554089,0.9090909090909091,1820,Cervix,1820__ch0__id280,neoplastic,neoplastic
17,14,652,716,652,716,0.9106145251396648,0.9106145251396648,1.0,1820,Cervix,1820__ch0__id281,neoplastic,neoplastic
19,16,484,577,563,656,0.7378048780487805,0.8388214904679376,0.8596802841918295,1820,Cervix,1820__ch0__id284,neoplastic,neoplastic
19,19,77,577,725,1225,0.06285714285714286,0.13344887348353554,0.10620689655172413,1820,Cervix,1820__ch0__id284,neoplastic,neoplastic
20,17,607,675,632,700,0.8671428571428571,0.8992592592592593,0.9604430379746836,1820,Cervix,1820__ch0__id285,neoplastic,neoplastic
21,18,699,792,699,792,0.8825757575757576,0.8825757575757576,1.0,1820,Cervix,1820__ch0__id296,neoplastic,neoplastic
22,20,245,308,251,314,0.7802547770700637,0.7954545454545454,0.9760956175298805,1820,Cervix,1820__ch0__id297,neoplastic,neoplastic
23,19,544,557,725,738,0.7371273712737128,0.9766606822262118,0.7503448275862069,1820,Cervix,1820__ch0__id303,neoplastic,neoplastic
24,21,357,442,358,443,0.8058690744920993,0.8076923076923077,0.9972067039106145,1820,Cervix,1820__ch0__id307,neoplastic,neoplastic
26,24,310,409,312,411,0.754257907542579,0.7579462102689487,0.9935897435897436,1820,Cervix,1820__ch0__id314,neoplastic,neoplastic
27,23,577,674,577,674,0.8560830860534124,0.8560830860534124,1.0,1820,Cervix,1820__ch0__id315,neoplastic,neoplastic
28,26,464,574,464,574,0.8083623693379791,0.8083623693379791,1.0,1820,Cervix,1820__ch0__id329,neoplastic,neoplastic
29,29,568,637,568,637,0.8916797488226059,0.8916797488226059,1.0,1820,Cervix,1820__ch0__id336,neoplastic,neoplastic
30,28,197,223,214,240,0.8208333333333333,0.8834080717488789,0.9205607476635514,1820,Cervix,1820__ch0__id337,neoplastic,neoplastic
31,32,321,348,365,392,0.8188775510204082,0.9224137931034483,0.8794520547945206,1820,Cervix,1820__ch0__id347,neoplastic,neoplastic
32,33,439,553,452,566,0.7756183745583038,0.7938517179023508,0.9712389380530974,1820,Cervix,1820__ch0__id348,neoplastic,neoplastic
33,35,726,859,726,859,0.8451688009313155,0.8451688009313155,1.0,1820,Cervix,1820__ch0__id352,neoplastic,neoplastic
34,36,473,506,477,510,0.9274509803921569,0.9347826086956522,0.9916142557651991,1820,Cervix,1820__ch0__id353,neoplastic,neoplastic
36,37,701,817,702,818,0.8569682151589242,0.8580171358629131,0.9985754985754985,1820,Cervix,1820__ch0__id362,neoplastic,neoplastic
37,38,1063,1225,1063,1225,0.8677551020408163,0.8677551020408163,1.0,1820,Cervix,1820__ch0__id363,neoplastic,neoplastic
38,39,487,540,489,542,0.8985239852398524,0.9018518518518519,0.9959100204498977,1820,Cervix,1820__ch0__id364,neoplastic,neoplastic
39,40,286,332,286,332,0.8614457831325302,0.8614457831325302,1.0,1820,Cervix,1820__ch0__id375,neoplastic,neoplastic
41,41,281,354,283,356,0.7893258426966292,0.7937853107344632,0.9929328621908127,1820,Cervix,1820__ch0__id379,neoplastic,neoplastic
42,42,53,95,56,98,0.5408163265306123,0.5578947368421052,0.9464285714285714,1820,Cervix,1820__ch0__id383,neoplastic,neoplastic
46,2,64,114,64,114,0.5614035087719298,0.5614035087719298,1.0,1820,Cervix,1820__ch1__id236,inflammatory,normal
47,27,91,136,91,136,0.6691176470588235,0.6691176470588235,1.0,1820,Cervix,1820__ch1__id330,inflammatory,normal
48,30,125,170,125,170,0.7352941176470589,0.7352941176470589,1.0,1820,Cervix,1820__ch1__id335,inflammatory,normal
49,31,197,327,197,327,0.6024464831804281,0.6024464831804281,1.0,1820,Cervix,1820__ch1__id338,inflammatory,normal
1,1,1046,1106,1116,1176,0.8894557823129252,0.945750452079566,0.9372759856630825,1844,Colon,1844__ch1__id689,inflammatory,normal
3,16,756,1175,756,1175,0.6434042553191489,0.6434042553191489,1.0,1844,Colon,1844__ch2__id750,connective,normal
4,15,950,1214,950,1214,0.7825370675453048,0.7825370675453048,1.0,1844,Colon,1844__ch2__id751,connective,normal
5,19,605,918,605,918,0.659041394335512,0.659041394335512,1.0,1844,Colon,1844__ch2__id762,connective,normal
7,2,106,1863,2154,3911,0.027103042700076706,0.05689747718733226,0.04921077065923862,1844,Colon,1844__ch4__id694,epithelial,normal
7,3,1583,1863,1583,1863,0.8497047772410091,0.8497047772410091,1.0,1844,Colon,1844__ch4__id694,epithelial,normal
8,4,906,1287,933,1314,0.6894977168949772,0.703962703962704,0.9710610932475884,1844,Colon,1844__ch4__id695,epithelial,normal
8,8,42,1287,1047,2292,0.01832460732984293,0.03263403263403263,0.04011461318051576,1844,Colon,1844__ch4__id695,epithelial,normal
9,5,1096,1125,1625,1654,0.6626360338573156,0.9742222222222222,0.6744615384615384,1844,Colon,1844__ch4__id700,epithelial,normal
10,5,26,1521,1625,3120,0.008333333333333333,0.017094017094017096,0.016,1844,Colon,1844__ch4__id701,epithelial,normal
10,6,1361,1521,1433,1593,0.8543628374136849,0.8948060486522025,0.9497557571528262,1844,Colon,1844__ch4__id701,epithelial,normal
11,2,1072,1138,2154,2220,0.4828828828828829,0.9420035149384886,0.4976787372330548,1844,Colon,1844__ch4__id703,epithelial,normal
12,7,23,920,1392,2289,0.010048055919615552,0.025,0.016522988505747127,1844,Colon,1844__ch4__id717,epithelial,normal
12,9,888,920,1194,1226,0.7243066884176182,0.9652173913043478,0.7437185929648241,1844,Colon,1844__ch4__id717,epithelial,normal
13,12,406,2004,406,2004,0.2025948103792415,0.2025948103792415,1.0,1844,Colon,1844__ch4__id722,epithelial,normal
14,7,125,1178,1392,2445,0.05112474437627812,0.10611205432937182,0.08979885057471264,1844,Colon,1844__ch4__id724,epithelial,normal
14,8,104,1178,1047,2121,0.04903347477604903,0.08828522920203735,0.09933142311365807,1844,Colon,1844__ch4__id724,epithelial,normal
16,11,714,3433,727,3446,0.20719674985490424,0.2079813574133411,0.9821182943603851,1844,Colon,1844__ch4__id727,epithelial,normal
16,14,923,3433,923,3433,0.26886105447130787,0.26886105447130787,1.0,1844,Colon,1844__ch4__id727,epithelial,normal
17,13,972,1245,972,1245,0.7807228915662651,0.7807228915662651,1.0,1844,Colon,1844__ch4__id730,epithelial,normal
18,17,903,997,903,997,0.905717151454363,0.905717151454363,1.0,1844,Colon,1844__ch4__id755,epithelial,normal
19,18,663,2044,2637,4018,0.16500746640119462,0.32436399217221135,0.2514220705346985,1844,Colon,1844__ch4__id758,epithelial,normal
20,18,1602,1636,2637,2671,0.5997753650318233,0.9792176039119804,0.6075085324232082,1844,Colon,1844__ch4__id764,epithelial,normal
21,20,763,956,827,1020,0.7480392156862745,0.7981171548117155,0.9226118500604595,1844,Colon,1844__ch4__id771,epithelial,normal
21,21,1,956,256,1211,0.0008257638315441783,0.0010460251046025104,0.00390625,1844,Colon,1844__ch4__id771,epithelial,normal
22,18,107,673,2637,3203,0.033406181704651886,0.1589895988112927,0.04057641259006447,1844,Colon,1844__ch4__id780,epithelial,normal
23,20,2,269,827,1094,0.0018281535648994515,0.007434944237918215,0.0024183796856106408,1844,Colon,1844__ch4__id784,epithelial,normal
23,21,228,269,256,297,0.7676767676767676,0.8475836431226765,0.890625,1844,Colon,1844__ch4__id784,epithelial,normal
1,3,858,1060,858,1060,0.809433962264151,0.809433962264151,1.0,1850,Colon,1850__ch1__id21,inflammatory,normal
3,4,1037,1163,1037,1163,0.8916595012897678,0.8916595012897678,1.0,1850,Colon,1850__ch1__id40,inflammatory,normal
4,7,1061,1775,1061,1775,0.5977464788732394,0.5977464788732394,1.0,1850,Colon,1850__ch1__id63,inflammatory,normal
5,8,929,1130,929,1130,0.8221238938053097,0.8221238938053097,1.0,1850,Colon,1850__ch1__id67,inflammatory,normal
6,11,1227,1557,1227,1557,0.7880539499036608,0.7880539499036608,1.0,1850,Colon,1850__ch1__id93,inflammatory,normal
7,12,450,568,450,568,0.7922535211267606,0.7922535211267606,1.0,1850,Colon,1850__ch1__id95,inflammatory,normal
8,13,806,926,813,933,0.8638799571275455,0.8704103671706264,0.991389913899139,1850,Colon,1850__ch1__id115,inflammatory,normal
9,14,809,922,810,923,0.8764897074756229,0.8774403470715835,0.9987654320987654,1850,Colon,1850__ch1__id125,inflammatory,normal
10,16,522,669,522,669,0.7802690582959642,0.7802690582959642,1.0,1850,Colon,1850__ch1__id149,inflammatory,normal
11,17,282,420,282,420,0.6714285714285714,0.6714285714285714,1.0,1850,Colon,1850__ch1__id156,inflammatory,normal
13,1,496,505,583,592,0.8378378378378378,0.9821782178217822,0.8507718696397941,1850,Colon,1850__ch1__id849,inflammatory,normal
14,2,917,1094,923,1100,0.8336363636363636,0.8382084095063985,0.9934994582881906,1850,Colon,1850__ch2__id14,connective,normal
15,5,641,743,1207,1309,0.48968678380443087,0.8627187079407806,0.5310687655343828,1850,Colon,1850__ch2__id44,connective,normal
16,6,1085,1228,1085,1228,0.8835504885993485,0.8835504885993485,1.0,1850,Colon,1850__ch2__id57,connective,normal
18,5,468,507,1207,1246,0.3756019261637239,0.9230769230769231,0.3877381938690969,1850,Colon,1850__ch2__id71,connective,normal
19,10,852,1058,879,1085,0.7852534562211981,0.8052930056710775,0.9692832764505119,1850,Colon,1850__ch2__id91,connective,normal
20,9,1179,1347,1199,1367,0.8624725676664228,0.8752783964365256,0.9833194328607172,1850,Colon,1850__ch2__id92,connective,normal
21,15,1237,1456,1287,1506,0.8213811420982736,0.8495879120879121,0.9611499611499611,1850,Colon,1850__ch2__id139,connective,normal
2,7,544,612,578,646,0.8421052631578947,0.8888888888888888,0.9411764705882353,1943,Colon,1943__ch1__id649,inflammatory,normal
4,7,24,804,578,1358,0.017673048600883652,0.029850746268656716,0.04152249134948097,1943,Colon,1943__ch1__id659,inflammatory,normal
4,11,670,804,675,809,0.8281829419035847,0.8333333333333334,0.9925925925925926,1943,Colon,1943__ch1__id659,inflammatory,normal
6,18,702,829,715,842,0.833729216152019,0.8468033775633294,0.9818181818181818,1943,Colon,1943__ch1__id697,inflammatory,normal
7,24,607,738,614,745,0.8147651006711409,0.8224932249322493,0.988599348534202,1943,Colon,1943__ch1__id724,inflammatory,normal
8,2,102,207,102,207,0.4927536231884058,0.4927536231884058,1.0,1943,Colon,1943__ch2__id629,connective,normal
9,1,739,899,773,933,0.7920685959271169,0.8220244716351501,0.9560155239327296,1943,Colon,1943__ch2__id633,connective,normal
10,5,718,879,720,881,0.8149829738933031,0.8168373151308305,0.9972222222222222,1943,Colon,1943__ch2__id637,connective,normal
11,6,729,863,729,863,0.8447276940903824,0.8447276940903824,1.0,1943,Colon,1943__ch2__id646,connective,normal
12,10,548,700,582,734,0.7465940054495913,0.7828571428571428,0.9415807560137457,1943,Colon,1943__ch2__id656,connective,normal
13,13,840,1013,875,1048,0.8015267175572519,0.8292201382033564,0.96,1943,Colon,1943__ch2__id674,connective,normal
14,19,754,905,754,905,0.8331491712707182,0.8331491712707182,1.0,1943,Colon,1943__ch2__id698,connective,normal
15,26,571,726,572,727,0.7854195323246217,0.7865013774104683,0.9982517482517482,1943,Colon,1943__ch2__id731,connective,normal
17,4,746,847,797,898,0.8307349665924276,0.8807556080283353,0.9360100376411543,1943,Colon,1943__ch4__id636,epithelial,normal
18,3,467,495,555,583,0.8010291595197255,0.9434343434343434,0.8414414414414414,1943,Colon,1943__ch4__id639,epithelial,normal
19,8,843,940,905,1002,0.8413173652694611,0.8968085106382979,0.9314917127071823,1943,Colon,1943__ch4__id651,epithelial,normal
20,9,756,822,826,892,0.8475336322869955,0.9197080291970803,0.9152542372881356,1943,Colon,1943__ch4__id654,epithelial,normal
21,12,1159,1282,1266,1389,0.8344132469402448,0.9040561622464899,0.915481832543444,1943,Colon,1943__ch4__id670,epithelial,normal
23,15,1217,1363,1321,1467,0.8295841854124063,0.8928833455612619,0.9212717638152914,1943,Colon,1943__ch4__id680,epithelial,normal
24,16,761,942,899,1080,0.7046296296296296,0.807855626326964,0.8464961067853171,1943,Colon,1943__ch4__id693,epithelial,normal
25,16,68,568,899,1399,0.04860614724803431,0.11971830985915492,0.07563959955506118,1943,Colon,1943__ch4__id695,epithelial,normal
25,17,379,568,379,568,0.6672535211267606,0.6672535211267606,1.0,1943,Colon,1943__ch4__id695,epithelial,normal
26,20,505,567,639,701,0.7203994293865906,0.890652557319224,0.7902973395931142,1943,Colon,1943__ch4__id705,epithelial,normal
27,23,712,915,724,927,0.7680690399137001,0.7781420765027323,0.9834254143646409,1943,Colon,1943__ch4__id716,epithelial,normal
27,25,13,915,858,1760,0.007386363636363636,0.014207650273224045,0.015151515151515152,1943,Colon,1943__ch4__id716,epithelial,normal
28,22,875,943,901,969,0.9029927760577915,0.9278897136797455,0.9711431742508324,1943,Colon,1943__ch4__id718,epithelial,normal
29,25,723,801,858,936,0.7724358974358975,0.9026217228464419,0.8426573426573427,1943,Colon,1943__ch4__id730,epithelial,normal
1,1,529,1490,529,1490,0.35503355704697986,0.35503355704697986,1.0,1949,Colon,1949__ch4__id60,epithelial,normal
3,2,315,422,318,425,0.7411764705882353,0.7464454976303317,0.9905660377358491,1949,Colon,1949__ch4__id72,epithelial,normal
3,1,293,346,295,348,0.8419540229885057,0.846820809248555,0.9932203389830508,1956,Colon,1956__ch4__id308,epithelial,normal
4,3,933,1264,947,1278,0.7300469483568075,0.7381329113924051,0.9852164730728616,1956,Colon,1956__ch4__id314,epithelial,normal
4,4,136,1264,672,1800,0.07555555555555556,0.10759493670886076,0.20238095238095238,1956,Colon,1956__ch4__id314,epithelial,normal
5,2,530,576,629,675,0.7851851851851852,0.9201388888888888,0.8426073131955485,1956,Colon,1956__ch4__id316,epithelial,normal
6,4,444,482,672,710,0.6253521126760564,0.921161825726141,0.6607142857142857,1956,Colon,1956__ch4__id326,epithelial,normal
7,5,237,272,1149,1184,0.20016891891891891,0.8713235294117647,0.206266318537859,1956,Colon,1956__ch4__id339,epithelial,normal
8,6,143,236,1281,1374,0.10407569141193596,0.6059322033898306,0.11163153786104606,1956,Colon,1956__ch4__id368,epithelial,normal
10,7,540,607,540,607,0.8896210873146623,0.8896210873146623,1.0,1956,Colon,1956__ch4__id388,epithelial,normal
11,8,1049,1170,1100,1221,0.8591318591318591,0.8965811965811966,0.9536363636363636,1956,Colon,1956__ch4__id399,epithelial,normal
1,2,674,813,674,813,0.8290282902829028,0.8290282902829028,1.0,1981,Colon,1981__ch1__id6,inflammatory,normal
4,3,276,427,276,427,0.6463700234192038,0.6463700234192038,1.0,1981,Colon,1981__ch1__id28,inflammatory,normal
5,4,533,952,533,952,0.5598739495798319,0.5598739495798319,1.0,1981,Colon,1981__ch1__id34,inflammatory,normal
6,5,677,1056,677,1056,0.6410984848484849,0.6410984848484849,1.0,1981,Colon,1981__ch1__id40,inflammatory,normal
7,6,727,901,727,901,0.806881243063263,0.806881243063263,1.0,1981,Colon,1981__ch1__id50,inflammatory,normal
8,7,530,672,532,674,0.7863501483679525,0.7886904761904762,0.9962406015037594,1981,Colon,1981__ch1__id52,inflammatory,normal
9,9,968,1340,968,1340,0.7223880597014926,0.7223880597014926,1.0,1981,Colon,1981__ch1__id58,inflammatory,normal
10,10,276,305,277,306,0.9019607843137255,0.9049180327868852,0.9963898916967509,1981,Colon,1981__ch1__id73,inflammatory,normal
11,11,856,1099,856,1099,0.7788898999090081,0.7788898999090081,1.0,1981,Colon,1981__ch1__id77,inflammatory,normal
12,12,399,713,399,713,0.5596072931276297,0.5596072931276297,1.0,1981,Colon,1981__ch1__id86,inflammatory,normal
13,13,494,631,503,640,0.771875,0.7828843106180665,0.9821073558648111,1981,Colon,1981__ch1__id92,inflammatory,normal
14,14,829,1014,829,1014,0.8175542406311637,0.8175542406311637,1.0,1981,Colon,1981__ch1__id95,inflammatory,normal
16,16,638,767,638,767,0.8318122555410691,0.8318122555410691,1.0,1981,Colon,1981__ch1__id114,inflammatory,normal
17,17,751,946,751,946,0.7938689217758985,0.7938689217758985,1.0,1981,Colon,1981__ch1__id117,inflammatory,normal
18,18,556,642,664,750,0.7413333333333333,0.8660436137071651,0.8373493975903614,1981,Colon,1981__ch1__id124,inflammatory,normal
19,19,781,881,1052,1152,0.6779513888888888,0.8864926220204313,0.7423954372623575,1981,Colon,1981__ch1__id135,inflammatory,normal
20,21,376,485,424,533,0.7054409005628518,0.7752577319587629,0.8867924528301887,1981,Colon,1981__ch1__id143,inflammatory,normal
22,1,546,550,677,681,0.801762114537445,0.9927272727272727,0.8064992614475628,1981,Colon,1981__ch1__id1137,inflammatory,normal
24,8,988,1221,988,1221,0.8091728091728092,0.8091728091728092,1.0,1981,Colon,1981__ch4__id55,epithelial,normal
25,15,725,878,725,878,0.8257403189066059,0.8257403189066059,1.0,1981,Colon,1981__ch4__id101,epithelial,normal
27,20,758,845,816,903,0.8394241417497231,0.8970414201183432,0.928921568627451,1981,Colon,1981__ch4__id139,epithelial,normal
28,22,393,479,393,479,0.8204592901878914,0.8204592901878914,1.0,1981,Colon,1981__ch4__id148,epithelial,normal
29,23,393,574,824,1005,0.39104477611940297,0.6846689895470384,0.47694174757281554,1981,Colon,1981__ch4__id149,epithelial,normal
30,23,287,376,824,913,0.3143483023001095,0.7632978723404256,0.3483009708737864,1981,Colon,1981__ch4__id153,epithelial,normal
2,3,569,700,569,700,0.8128571428571428,0.8128571428571428,1.0,2017,Colon,2017__ch1__id493,inflammatory,normal
3,6,801,914,825,938,0.8539445628997868,0.8763676148796499,0.9709090909090909,2017,Colon,2017__ch1__id507,inflammatory,normal
4,1,890,1265,891,1266,0.7030015797788309,0.7035573122529645,0.9988776655443322,2017,Colon,2017__ch2__id480,connective,normal
5,2,301,656,301,656,0.45884146341463417,0.45884146341463417,1.0,2017,Colon,2017__ch2__id491,connective,normal
6,5,712,871,722,881,0.8081725312145289,0.817451205510907,0.9861495844875346,2017,Colon,2017__ch2__id500,connective,normal
8,7,614,734,628,748,0.820855614973262,0.8365122615803815,0.9777070063694268,2017,Colon,2017__ch2__id509,connective,normal
10,8,839,1128,839,1128,0.7437943262411347,0.7437943262411347,1.0,2017,Colon,2017__ch4__id534,epithelial,normal
11,9,404,673,404,673,0.600297176820208,0.600297176820208,1.0,2017,Colon,2017__ch4__id535,epithelial,normal
12,11,441,823,441,823,0.5358444714459295,0.5358444714459295,1.0,2017,Colon,2017__ch4__id537,epithelial,normal
13,10,428,563,428,563,0.7602131438721137,0.7602131438721137,1.0,2017,Colon,2017__ch4__id538,epithelial,normal
1,1,600,681,723,804,0.746268656716418,0.8810572687224669,0.8298755186721992,2021,Colon,2021__ch1__id541,inflammatory,normal
2,2,1074,1241,1096,1263,0.850356294536817,0.8654311039484287,0.9799270072992701,2021,Colon,2021__ch2__id545,connective,normal
3,3,1389,1798,1389,1798,0.7725250278086763,0.7725250278086763,1.0,2021,Colon,2021__ch2__id547,connective,normal
4,4,469,708,469,708,0.6624293785310734,0.6624293785310734,1.0,2021,Colon,2021__ch2__id559,connective,normal
5,5,1089,1310,1089,1310,0.8312977099236641,0.8312977099236641,1.0,2021,Colon,2021__ch2__id563,connective,normal
6,6,362,541,362,541,0.6691312384473198,0.6691312384473198,1.0,2021,Colon,2021__ch2__id569,connective,normal
7,7,456,631,456,631,0.722662440570523,0.722662440570523,1.0,2021,Colon,2021__ch2__id571,connective,normal
1,1,998,1820,1001,1823,0.5474492594624246,0.5483516483516484,0.997002997002997,2028,Colon,2028__ch2__id139,connective,normal
2,2,632,1031,632,1031,0.6129970902036858,0.6129970902036858,1.0,2028,Colon,2028__ch2__id141,connective,normal
5,4,354,783,354,783,0.4521072796934866,0.4521072796934866,1.0,2028,Colon,2028__ch2__id166,connective,normal
6,3,772,773,1114,1115,0.6923766816143497,0.9987063389391979,0.6929982046678635,2028,Colon,2028__ch2__id169,connective,normal
7,5,1603,1862,1607,1866,0.8590568060021436,0.8609022556390977,0.9975108898568762,2028,Colon,2028__ch2__id172,connective,normal
8,6,632,921,637,926,0.6825053995680346,0.6862106406080347,0.9921507064364207,2028,Colon,2028__ch2__id176,connective,normal
9,7,287,411,287,411,0.6982968369829684,0.6982968369829684,1.0,2028,Colon,2028__ch2__id179,connective,normal
12,8,558,654,610,706,0.7903682719546742,0.8532110091743119,0.9147540983606557,2028,Colon,2028__ch2__id206,connective,normal
13,9,1185,1235,1261,1311,0.9038901601830663,0.9595141700404858,0.9397303727200634,2028,Colon,2028__ch2__id210,connective,normal
14,10,1026,1175,1194,1343,0.7639612807148176,0.8731914893617021,0.8592964824120602,2028,Colon,2028__ch2__id217,connective,normal
15,11,841,1001,854,1014,0.8293885601577909,0.8401598401598401,0.9847775175644028,2028,Colon,2028__ch2__id219,connective,normal
16,12,254,490,254,490,0.5183673469387755,0.5183673469387755,1.0,2028,Colon,2028__ch2__id226,connective,normal
3,1,548,726,548,726,0.7548209366391184,0.7548209366391184,1.0,2030,Colon,2030__ch2__id150,connective,normal
5,2,610,818,610,818,0.7457212713936431,0.7457212713936431,1.0,2030,Colon,2030__ch2__id157,connective,normal
6,3,654,710,687,743,0.8802153432032301,0.9211267605633803,0.9519650655021834,2030,Colon,2030__ch2__id173,connective,normal
7,5,609,970,609,970,0.6278350515463917,0.6278350515463917,1.0,2030,Colon,2030__ch2__id181,connective,normal
8,4,924,1015,1159,1250,0.7392,0.9103448275862069,0.7972389991371872,2030,Colon,2030__ch2__id183,connective,normal
10,7,191,311,191,311,0.6141479099678456,0.6141479099678456,1.0,2030,Colon,2030__ch2__id202,connective,normal
11,9,559,574,761,776,0.720360824742268,0.9738675958188153,0.7345597897503285,2030,Colon,2030__ch2__id208,connective,normal
12,8,1229,1344,1374,1489,0.8253861652115514,0.9144345238095238,0.8944687045123726,2030,Colon,2030__ch2__id211,connective,normal
13,10,621,707,676,762,0.8149606299212598,0.8783592644978784,0.9186390532544378,2030,Colon,2030__ch2__id212,connective,normal
14,11,682,697,723,738,0.924119241192412,0.9784791965566715,0.9432918395573997,2030,Colon,2030__ch2__id220,connective,normal
16,12,486,602,498,614,0.7915309446254072,0.8073089700996677,0.9759036144578314,2030,Colon,2030__ch2__id227,connective,normal
1,1,332,421,332,421,0.7885985748218527,0.7885985748218527,1.0,2090,Esophagus,2090__ch1__id218,inflammatory,normal
2,4,221,245,225,249,0.8875502008032129,0.9020408163265307,0.9822222222222222,2090,Esophagus,2090__ch1__id231,inflammatory,normal
3,6,292,356,292,356,0.8202247191011236,0.8202247191011236,1.0,2090,Esophagus,2090__ch1__id234,inflammatory,normal
4,15,306,365,306,365,0.8383561643835616,0.8383561643835616,1.0,2090,Esophagus,2090__ch1__id273,inflammatory,normal
5,18,353,397,353,397,0.889168765743073,0.889168765743073,1.0,2090,Esophagus,2090__ch1__id282,inflammatory,normal
7,2,245,305,245,305,0.8032786885245902,0.8032786885245902,1.0,2090,Esophagus,2090__ch2__id226,connective,normal
8,5,363,426,363,426,0.852112676056338,0.852112676056338,1.0,2090,Esophagus,2090__ch2__id233,connective,normal
9,7,464,589,464,589,0.7877758913412564,0.7877758913412564,1.0,2090,Esophagus,2090__ch2__id236,connective,normal
10,8,483,705,483,705,0.6851063829787234,0.6851063829787234,1.0,2090,Esophagus,2090__ch2__id237,connective,normal
10,9,20,705,231,916,0.021834061135371178,0.028368794326241134,0.08658008658008658,2090,Esophagus,2090__ch2__id237,connective,normal
11,9,211,268,231,288,0.7326388888888888,0.7873134328358209,0.9134199134199135,2090,Esophagus,2090__ch2__id240,connective,normal
12,10,361,423,361,423,0.8534278959810875,0.8534278959810875,1.0,2090,Esophagus,2090__ch2__id247,connective,normal
13,11,670,733,727,790,0.8481012658227848,0.9140518417462483,0.921595598349381,2090,Esophagus,2090__ch2__id253,connective,normal
14,12,571,729,571,729,0.7832647462277091,0.7832647462277091,1.0,2090,Esophagus,2090__ch2__id259,connective,normal
15,13,566,774,566,774,0.7312661498708011,0.7312661498708011,1.0,2090,Esophagus,2090__ch2__id265,connective,normal
18,16,1237,1317,1253,1333,0.9279819954988747,0.9392558845861807,0.9872306464485235,2090,Esophagus,2090__ch2__id279,connective,normal
19,17,107,180,107,180,0.5944444444444444,0.5944444444444444,1.0,2090,Esophagus,2090__ch2__id281,connective,normal
20,19,915,1070,951,1106,0.8273056057866185,0.8551401869158879,0.9621451104100947,2090,Esophagus,2090__ch2__id285,connective,normal
1,5,156,172,168,184,0.8478260869565217,0.9069767441860465,0.9285714285714286,2126,HeadNeck,2126__ch1__id65,inflammatory,normal
3,1,182,226,182,226,0.8053097345132744,0.8053097345132744,1.0,2126,HeadNeck,2126__ch2__id48,connective,normal
4,3,205,212,220,227,0.9030837004405287,0.9669811320754716,0.9318181818181818,2126,HeadNeck,2126__ch2__id53,connective,normal
5,4,248,408,248,408,0.6078431372549019,0.6078431372549019,1.0,2126,HeadNeck,2126__ch2__id57,connective,normal
8,6,99,119,105,125,0.792,0.8319327731092437,0.9428571428571428,2126,HeadNeck,2126__ch2__id67,connective,normal
9,7,335,371,344,380,0.881578947368421,0.9029649595687331,0.9738372093023255,2126,HeadNeck,2126__ch2__id69,connective,normal
2,1,132,239,132,239,0.5523012552301255,0.5523012552301255,1.0,2146,HeadNeck,2146__ch2__id17,connective,normal
4,2,357,445,357,445,0.802247191011236,0.802247191011236,1.0,2146,HeadNeck,2146__ch2__id21,connective,normal
5,3,461,555,461,555,0.8306306306306306,0.8306306306306306,1.0,2146,HeadNeck,2146__ch2__id23,connective,normal
7,6,383,468,400,485,0.7896907216494845,0.8183760683760684,0.9575,2146,HeadNeck,2146__ch2__id30,connective,normal
9,4,390,444,412,466,0.8369098712446352,0.8783783783783784,0.9466019417475728,2146,HeadNeck,2146__ch4__id27,epithelial,normal
10,5,689,742,717,770,0.8948051948051948,0.9285714285714286,0.9609483960948396,2146,HeadNeck,2146__ch4__id29,epithelial,normal
11,7,522,720,523,721,0.723994452149792,0.725,0.9980879541108987,2146,HeadNeck,2146__ch4__id31,epithelial,normal
1,3,356,391,383,418,0.8516746411483254,0.9104859335038363,0.9295039164490861,2162,HeadNeck,2162__ch0__id174,neoplastic,neoplastic
2,4,283,298,348,363,0.7796143250688705,0.9496644295302014,0.8132183908045977,2162,HeadNeck,2162__ch0__id177,neoplastic,neoplastic
3,5,270,290,285,305,0.8852459016393442,0.9310344827586207,0.9473684210526315,2162,HeadNeck,2162__ch0__id178,neoplastic,neoplastic
4,6,395,457,397,459,0.8605664488017429,0.8643326039387309,0.9949622166246851,2162,HeadNeck,2162__ch0__id182,neoplastic,neoplastic
6,7,418,491,418,491,0.8513238289205702,0.8513238289205702,1.0,2162,HeadNeck,2162__ch0__id186,neoplastic,neoplastic
7,8,368,429,386,447,0.8232662192393736,0.8578088578088578,0.9533678756476683,2162,HeadNeck,2162__ch0__id188,neoplastic,neoplastic
8,9,111,169,121,179,0.6201117318435754,0.6568047337278107,0.9173553719008265,2162,HeadNeck,2162__ch0__id191,neoplastic,neoplastic
9,10,337,585,341,589,0.5721561969439728,0.576068376068376,0.9882697947214076,2162,HeadNeck,2162__ch0__id195,neoplastic,neoplastic
10,12,449,490,449,490,0.9163265306122449,0.9163265306122449,1.0,2162,HeadNeck,2162__ch0__id202,neoplastic,neoplastic
11,11,484,544,520,580,0.8344827586206897,0.8897058823529411,0.9307692307692308,2162,HeadNeck,2162__ch0__id203,neoplastic,neoplastic
12,13,360,456,360,456,0.7894736842105263,0.7894736842105263,1.0,2162,HeadNeck,2162__ch0__id205,neoplastic,neoplastic
13,14,430,477,430,477,0.9014675052410901,0.9014675052410901,1.0,2162,HeadNeck,2162__ch0__id211,neoplastic,neoplastic
14,16,499,587,506,594,0.8400673400673401,0.8500851788756388,0.9861660079051383,2162,HeadNeck,2162__ch0__id218,neoplastic,neoplastic
15,20,474,517,474,517,0.9168278529980658,0.9168278529980658,1.0,2162,HeadNeck,2162__ch0__id233,neoplastic,neoplastic
16,21,645,727,652,734,0.8787465940054496,0.8872077028885832,0.9892638036809815,2162,HeadNeck,2162__ch0__id236,neoplastic,neoplastic
17,22,723,748,745,770,0.938961038961039,0.9665775401069518,0.9704697986577181,2162,HeadNeck,2162__ch0__id237,neoplastic,neoplastic
18,23,690,716,707,733,0.9413369713506139,0.9636871508379888,0.9759547383309759,2162,HeadNeck,2162__ch0__id245,neoplastic,neoplastic
20,24,139,183,139,183,0.7595628415300546,0.7595628415300546,1.0,2162,HeadNeck,2162__ch0__id249,neoplastic,neoplastic
22,25,324,408,324,408,0.7941176470588235,0.7941176470588235,1.0,2162,HeadNeck,2162__ch0__id254,neoplastic,neoplastic
23,26,596,649,598,651,0.9155145929339478,0.9183359013867488,0.9966555183946488,2162,HeadNeck,2162__ch0__id257,neoplastic,neoplastic
23,27,4,649,511,1156,0.0034602076124567475,0.0061633281972265025,0.007827788649706457,2162,HeadNeck,2162__ch0__id257,neoplastic,neoplastic
24,27,474,479,511,516,0.9186046511627907,0.9895615866388309,0.9275929549902152,2162,HeadNeck,2162__ch0__id258,neoplastic,neoplastic
25,28,464,495,553,584,0.7945205479452054,0.9373737373737374,0.8390596745027125,2162,HeadNeck,2162__ch0__id261,neoplastic,neoplastic
26,27,1,613,511,1123,0.0008904719501335708,0.0016313213703099511,0.0019569471624266144,2162,HeadNeck,2162__ch0__id264,neoplastic,neoplastic
26,29,573,613,581,621,0.9227053140096618,0.9347471451876019,0.9862306368330465,2162,HeadNeck,2162__ch0__id264,neoplastic,neoplastic
27,30,595,617,605,627,0.94896331738437,0.9643435980551054,0.9834710743801653,2162,HeadNeck,2162__ch0__id268,neoplastic,neoplastic
28,31,210,257,210,257,0.8171206225680934,0.8171206225680934,1.0,2162,HeadNeck,2162__ch0__id275,neoplastic,neoplastic
29,32,99,138,100,139,0.7122302158273381,0.717391304347826,0.99,2162,HeadNeck,2162__ch0__id280,neoplastic,neoplastic
30,1,106,134,106,134,0.7910447761194029,0.7910447761194029,1.0,2162,HeadNeck,2162__ch1__id156,inflammatory,normal
31,15,242,274,253,285,0.8491228070175438,0.8832116788321168,0.9565217391304348,2162,HeadNeck,2162__ch1__id215,inflammatory,normal
32,19,116,141,119,144,0.8055555555555556,0.8226950354609929,0.9747899159663865,2162,HeadNeck,2162__ch1__id224,inflammatory,normal
2,1,1358,1451,1381,1474,0.921302578018996,0.9359062715368711,0.9833454018826937,2198,Liver,2198__ch0__id34,neoplastic,neoplastic
3,2,1295,1390,2097,2192,0.5907846715328468,0.9316546762589928,0.6175488793514544,2198,Liver,2198__ch0__id36,neoplastic,neoplastic
4,2,701,756,2097,2152,0.3257434944237918,0.9272486772486772,0.33428707677634717,2198,Liver,2198__ch0__id39,neoplastic,neoplastic
5,3,884,1074,918,1108,0.7978339350180506,0.8230912476722533,0.9629629629629629,2198,Liver,2198__ch0__id48,neoplastic,neoplastic
6,4,1415,1455,1490,1530,0.9248366013071896,0.9725085910652921,0.9496644295302014,2198,Liver,2198__ch0__id49,neoplastic,neoplastic
7,6,803,1023,803,1023,0.7849462365591398,0.7849462365591398,1.0,2198,Liver,2198__ch0__id60,neoplastic,neoplastic
8,5,503,503,831,831,0.605294825511432,1.0,0.605294825511432,2198,Liver,2198__ch0__id61,neoplastic,neoplastic
9,7,619,797,619,797,0.7766624843161857,0.7766624843161857,1.0,2198,Liver,2198__ch0__id67,neoplastic,neoplastic
10,8,233,319,240,326,0.7147239263803681,0.7304075235109718,0.9708333333333333,2198,Liver,2198__ch0__id70,neoplastic,neoplastic
11,10,2,292,483,773,0.00258732212160414,0.00684931506849315,0.004140786749482402,2198,Liver,2198__ch0__id72,neoplastic,neoplastic
12,9,638,949,688,999,0.6386386386386387,0.672286617492097,0.9273255813953488,2198,Liver,2198__ch0__id73,neoplastic,neoplastic
13,10,481,827,483,829,0.5802171290711701,0.5816203143893591,0.9958592132505176,2198,Liver,2198__ch0__id74,neoplastic,neoplastic
1,1,739,809,747,817,0.9045287637698899,0.9134734239802225,0.9892904953145917,2199,Liver,2199__ch0__id77,neoplastic,neoplastic
2,2,153,231,153,231,0.6623376623376623,0.6623376623376623,1.0,2199,Liver,2199__ch0__id79,neoplastic,neoplastic
3,3,638,722,638,722,0.8836565096952909,0.8836565096952909,1.0,2199,Liver,2199__ch0__id80,neoplastic,neoplastic
4,4,1227,1318,1242,1333,0.9204801200300075,0.9309559939301972,0.9879227053140096,2199,Liver,2199__ch0__id88,neoplastic,neoplastic
5,6,1043,1220,1044,1221,0.8542178542178542,0.8549180327868853,0.9990421455938697,2199,Liver,2199__ch0__id93,neoplastic,neoplastic
6,5,1403,1475,1406,1478,0.949255751014885,0.9511864406779661,0.9978662873399715,2199,Liver,2199__ch0__id94,neoplastic,neoplastic
8,8,670,888,670,888,0.7545045045045045,0.7545045045045045,1.0,2199,Liver,2199__ch0__id103,neoplastic,neoplastic
9,9,1043,1131,1098,1186,0.8794266441821248,0.9221927497789567,0.9499089253187614,2199,Liver,2199__ch0__id104,neoplastic,neoplastic
10,10,1168,1242,1233,1307,0.8936495791889824,0.9404186795491143,0.9472830494728305,2199,Liver,2199__ch0__id107,neoplastic,neoplastic
11,11,1144,1174,1688,1718,0.6658905704307334,0.9744463373083475,0.6777251184834123,2199,Liver,2199__ch0__id110,neoplastic,neoplastic
12,12,1295,1372,1295,1372,0.9438775510204082,0.9438775510204082,1.0,2199,Liver,2199__ch0__id114,neoplastic,neoplastic
14,11,11,530,1688,2207,0.004984141368373357,0.020754716981132074,0.006516587677725118,2199,Liver,2199__ch2__id118,connective,normal
2,1,318,377,318,377,0.843501326259947,0.843501326259947,1.0,2225,Liver,2225__ch0__id278,neoplastic,neoplastic
3,2,805,899,805,899,0.8954393770856507,0.8954393770856507,1.0,2225,Liver,2225__ch0__id279,neoplastic,neoplastic
5,3,874,912,883,921,0.9489685124864278,0.9583333333333334,0.9898074745186863,2225,Liver,2225__ch0__id288,neoplastic,neoplastic
8,4,941,1066,941,1066,0.8827392120075047,0.8827392120075047,1.0,2225,Liver,2225__ch0__id295,neoplastic,neoplastic
9,5,830,909,835,914,0.9080962800875274,0.9130913091309131,0.9940119760479041,2225,Liver,2225__ch0__id296,neoplastic,neoplastic
10,6,273,371,286,384,0.7109375,0.7358490566037735,0.9545454545454546,2225,Liver,2225__ch0__id301,neoplastic,neoplastic
11,3,2,416,883,1297,0.0015420200462606013,0.004807692307692308,0.0022650056625141564,2225,Liver,2225__ch0__id303,neoplastic,neoplastic
12,7,231,292,234,295,0.7830508474576271,0.791095890410959,0.9871794871794872,2225,Liver,2225__ch0__id311,neoplastic,neoplastic
13,9,318,368,322,372,0.8548387096774194,0.8641304347826086,0.9875776397515528,2225,Liver,2225__ch0__id315,neoplastic,neoplastic
14,10,728,827,728,827,0.8802902055622733,0.8802902055622733,1.0,2225,Liver,2225__ch0__id318,neoplastic,neoplastic
15,11,195,285,195,285,0.6842105263157895,0.6842105263157895,1.0,2225,Liver,2225__ch0__id321,neoplastic,neoplastic
16,12,625,676,631,682,0.9164222873900293,0.9245562130177515,0.9904912836767037,2225,Liver,2225__ch0__id327,neoplastic,neoplastic
17,13,614,744,614,744,0.8252688172043011,0.8252688172043011,1.0,2225,Liver,2225__ch0__id328,neoplastic,neoplastic
18,14,340,503,340,503,0.6759443339960238,0.6759443339960238,1.0,2225,Liver,2225__ch0__id330,neoplastic,neoplastic
19,15,948,1052,949,1053,0.9002849002849003,0.9011406844106464,0.9989462592202318,2225,Liver,2225__ch0__id333,neoplastic,neoplastic
20,16,525,719,525,719,0.7301808066759388,0.7301808066759388,1.0,2225,Liver,2225__ch0__id342,neoplastic,neoplastic
21,17,1262,1682,1263,1683,0.7498514557338086,0.7502972651605232,0.9992082343626286,2225,Liver,2225__ch0__id348,neoplastic,neoplastic
22,18,1115,1221,1115,1221,0.9131859131859131,0.9131859131859131,1.0,2225,Liver,2225__ch0__id352,neoplastic,neoplastic
23,19,573,640,573,640,0.8953125,0.8953125,1.0,2225,Liver,2225__ch0__id358,neoplastic,neoplastic
24,20,466,610,466,610,0.7639344262295082,0.7639344262295082,1.0,2225,Liver,2225__ch0__id362,neoplastic,neoplastic
1,10,101,104,250,253,0.39920948616600793,0.9711538461538461,0.404,2229,Liver,2229__ch1__id200,inflammatory,normal
2,1,249,270,263,284,0.8767605633802817,0.9222222222222223,0.9467680608365019,2229,Liver,2229__ch2__id164,connective,normal
3,2,497,518,553,574,0.8658536585365854,0.9594594594594594,0.8987341772151899,2229,Liver,2229__ch2__id165,connective,normal
4,3,323,336,356,369,0.8753387533875339,0.9613095238095238,0.9073033707865169,2229,Liver,2229__ch2__id172,connective,normal
5,4,289,299,315,325,0.8892307692307693,0.9665551839464883,0.9174603174603174,2229,Liver,2229__ch2__id174,connective,normal
6,5,208,214,231,237,0.8776371308016878,0.9719626168224299,0.9004329004329005,2229,Liver,2229__ch2__id177,connective,normal
7,6,346,346,363,363,0.953168044077135,1.0,0.953168044077135,2229,Liver,2229__ch2__id180,connective,normal
8,7,439,487,439,487,0.9014373716632443,0.9014373716632443,1.0,2229,Liver,2229__ch2__id185,connective,normal
9,8,522,527,907,912,0.5723684210526315,0.9905123339658444,0.5755237045203969,2229,Liver,2229__ch2__id191,connective,normal
10,9,465,487,469,491,0.9470468431771895,0.9548254620123203,0.9914712153518124,2229,Liver,2229__ch2__id193,connective,normal
11,8,335,360,907,932,0.3594420600858369,0.9305555555555556,0.36934950385887544,2229,Liver,2229__ch2__id196,connective,normal
12,11,206,213,230,237,0.869198312236287,0.9671361502347418,0.8956521739130435,2229,Liver,2229__ch2__id199,connective,normal
13,12,272,280,287,295,0.9220338983050848,0.9714285714285714,0.9477351916376306,2229,Liver,2229__ch2__id201,connective,normal
1,2,1501,1666,1503,1668,0.8998800959232613,0.9009603841536614,0.9986693280106453,2300,Ovarian,2300__ch0__id349,neoplastic,neoplastic
2,5,823,903,823,903,0.9114064230343301,0.9114064230343301,1.0,2300,Ovarian,2300__ch0__id369,neoplastic,neoplastic
3,4,155,166,194,205,0.7560975609756098,0.9337349397590361,0.7989690721649485,2300,Ovarian,2300__ch1__id368,inflammatory,normal
4,9,428,559,429,560,0.7642857142857142,0.7656529516994633,0.9976689976689976,2300,Ovarian,2300__ch1__id386,inflammatory,normal
5,12,258,335,258,335,0.7701492537313432,0.7701492537313432,1.0,2300,Ovarian,2300__ch1__id403,inflammatory,normal
6,13,314,329,349,364,0.8626373626373627,0.9544072948328267,0.8997134670487106,2300,Ovarian,2300__ch1__id408,inflammatory,normal
7,15,246,268,285,307,0.8013029315960912,0.917910447761194,0.8631578947368421,2300,Ovarian,2300__ch1__id413,inflammatory,normal
8,14,2,472,328,798,0.002506265664160401,0.00423728813559322,0.006097560975609756,2300,Ovarian,2300__ch1__id417,inflammatory,normal
8,16,446,472,450,476,0.9369747899159664,0.9449152542372882,0.9911111111111112,2300,Ovarian,2300__ch1__id417,inflammatory,normal
10,1,69,128,69,128,0.5390625,0.5390625,1.0,2300,Ovarian,2300__ch2__id346,connective,normal
11,3,269,382,277,390,0.6897435897435897,0.7041884816753927,0.9711191335740073,2300,Ovarian,2300__ch2__id355,connective,normal
12,4,14,441,194,621,0.02254428341384863,0.031746031746031744,0.07216494845360824,2300,Ovarian,2300__ch2__id371,connective,normal
12,6,350,441,411,502,0.6972111553784861,0.7936507936507936,0.851581508515815,2300,Ovarian,2300__ch2__id371,connective,normal
13,7,507,588,594,675,0.7511111111111111,0.8622448979591837,0.8535353535353535,2300,Ovarian,2300__ch2__id376,connective,normal
14,10,203,328,203,328,0.6189024390243902,0.6189024390243902,1.0,2300,Ovarian,2300__ch2__id400,connective,normal
15,11,436,501,436,501,0.8702594810379242,0.8702594810379242,1.0,2300,Ovarian,2300__ch2__id401,connective,normal
16,14,313,327,328,342,0.9152046783625731,0.9571865443425076,0.9542682926829268,2300,Ovarian,2300__ch2__id410,connective,normal
1,19,1287,1312,1347,1372,0.9380466472303207,0.9809451219512195,0.955456570155902,2325,Pancreatic,2325__ch0__id162,neoplastic,neoplastic
2,20,459,504,465,510,0.9,0.9107142857142857,0.9870967741935484,2325,Pancreatic,2325__ch0__id165,neoplastic,neoplastic
3,21,482,686,482,686,0.7026239067055393,0.7026239067055393,1.0,2325,Pancreatic,2325__ch0__id170,neoplastic,neoplastic
4,24,391,489,391,489,0.7995910020449898,0.7995910020449898,1.0,2325,Pancreatic,2325__ch0__id183,neoplastic,neoplastic
5,25,479,636,479,636,0.7531446540880503,0.7531446540880503,1.0,2325,Pancreatic,2325__ch0__id191,neoplastic,neoplastic
6,27,396,473,396,473,0.8372093023255814,0.8372093023255814,1.0,2325,Pancreatic,2325__ch0__id195,neoplastic,neoplastic
7,28,574,707,574,707,0.8118811881188119,0.8118811881188119,1.0,2325,Pancreatic,2325__ch0__id206,neoplastic,neoplastic
8,29,790,909,790,909,0.8690869086908691,0.8690869086908691,1.0,2325,Pancreatic,2325__ch0__id207,neoplastic,neoplastic
11,2,286,347,286,347,0.8242074927953891,0.8242074927953891,1.0,2325,Pancreatic,2325__ch2__id114,connective,normal
12,3,298,384,312,398,0.7487437185929648,0.7760416666666666,0.9551282051282052,2325,Pancreatic,2325__ch2__id116,connective,normal
13,4,254,355,254,355,0.7154929577464789,0.7154929577464789,1.0,2325,Pancreatic,2325__ch2__id118,connective,normal
14,5,339,387,342,390,0.8692307692307693,0.875968992248062,0.9912280701754386,2325,Pancreatic,2325__ch2__id121,connective,normal
15,7,341,392,345,396,0.8611111111111112,0.8698979591836735,0.9884057971014493,2325,Pancreatic,2325__ch2__id122,connective,normal
16,6,357,418,357,418,0.854066985645933,0.854066985645933,1.0,2325,Pancreatic,2325__ch2__id123,connective,normal
17,8,790,931,792,933,0.8467309753483387,0.8485499462943072,0.9974747474747475,2325,Pancreatic,2325__ch2__id134,connective,normal
18,9,400,498,406,504,0.7936507936507936,0.8032128514056225,0.9852216748768473,2325,Pancreatic,2325__ch2__id138,connective,normal
19,10,362,428,390,456,0.793859649122807,0.8457943925233645,0.9282051282051282,2325,Pancreatic,2325__ch2__id139,connective,normal
20,11,375,466,396,487,0.7700205338809035,0.8047210300429185,0.946969696969697,2325,Pancreatic,2325__ch2__id142,connective,normal
21,12,275,309,288,322,0.8540372670807453,0.889967637540453,0.9548611111111112,2325,Pancreatic,2325__ch2__id144,connective,normal
22,13,328,383,331,386,0.8497409326424871,0.856396866840731,0.9909365558912386,2325,Pancreatic,2325__ch2__id147,connective,normal
23,14,255,307,267,319,0.799373040752351,0.8306188925081434,0.9550561797752809,2325,Pancreatic,2325__ch2__id150,connective,normal
24,16,433,496,439,502,0.8625498007968128,0.8729838709677419,0.9863325740318907,2325,Pancreatic,2325__ch2__id153,connective,normal
25,15,362,408,372,418,0.8660287081339713,0.8872549019607843,0.9731182795698925,2325,Pancreatic,2325__ch2__id154,connective,normal
26,17,654,772,654,772,0.8471502590673575,0.8471502590673575,1.0,2325,Pancreatic,2325__ch2__id155,connective,normal
27,18,391,440,398,447,0.8747203579418344,0.8886363636363637,0.9824120603015075,2325,Pancreatic,2325__ch2__id159,connective,normal
28,23,554,657,578,681,0.8135095447870778,0.8432267884322678,0.9584775086505191,2325,Pancreatic,2325__ch2__id176,connective,normal
29,26,294,339,297,342,0.8596491228070176,0.8672566371681416,0.98989898989899,2325,Pancreatic,2325__ch2__id192,connective,normal
3,7,319,603,319,603,0.5290215588723052,0.5290215588723052,1.0,2375,Prostate,2375__ch2__id227,connective,normal
5,8,238,402,238,402,0.5920398009950248,0.5920398009950248,1.0,2375,Prostate,2375__ch2__id234,connective,normal
10,10,553,712,556,715,0.7734265734265734,0.776685393258427,0.9946043165467626,2375,Prostate,2375__ch2__id262,connective,normal
11,11,157,361,157,361,0.43490304709141275,0.43490304709141275,1.0,2375,Prostate,2375__ch2__id263,connective,normal
12,12,221,386,221,386,0.572538860103627,0.572538860103627,1.0,2375,Prostate,2375__ch2__id264,connective,normal
15,1,569,604,571,606,0.9389438943894389,0.9420529801324503,0.9964973730297724,2375,Prostate,2375__ch4__id202,epithelial,normal
16,2,609,699,609,699,0.871244635193133,0.871244635193133,1.0,2375,Prostate,2375__ch4__id209,epithelial,normal
17,3,711,792,712,793,0.8965952080706179,0.8977272727272727,0.9985955056179775,2375,Prostate,2375__ch4__id214,epithelial,normal
18,5,315,517,315,517,0.6092843326885881,0.6092843326885881,1.0,2375,Prostate,2375__ch4__id220,epithelial,normal
20,6,726,769,744,787,0.9224904701397713,0.9440832249674902,0.9758064516129032,2375,Prostate,2375__ch4__id226,epithelial,normal
1,1,234,248,251,265,0.8830188679245283,0.9435483870967742,0.9322709163346613,2380,Prostate,2380__ch2__id5,connective,normal
2,2,154,156,826,828,0.1859903381642512,0.9871794871794872,0.1864406779661017,2380,Prostate,2380__ch2__id12,connective,normal
3,2,223,223,826,826,0.26997578692493945,1.0,0.26997578692493945,2380,Prostate,2380__ch2__id14,connective,normal
4,3,19,29,24,34,0.5588235294117647,0.6551724137931034,0.7916666666666666,2380,Prostate,2380__ch2__id15,connective,normal
5,4,246,251,255,260,0.9461538461538461,0.9800796812749004,0.9647058823529412,2380,Prostate,2380__ch2__id23,connective,normal
6,7,83,97,88,102,0.8137254901960784,0.8556701030927835,0.9431818181818182,2380,Prostate,2380__ch2__id31,connective,normal
7,6,194,236,242,284,0.6830985915492958,0.8220338983050848,0.8016528925619835,2380,Prostate,2380__ch2__id34,connective,normal
4,1,63,90,689,716,0.08798882681564246,0.7,0.09143686502177069,2391,Prostate,2391__ch0__id418,neoplastic,neoplastic
5,1,569,574,689,694,0.8198847262247838,0.9912891986062717,0.8258345428156749,2391,Prostate,2391__ch0__id419,neoplastic,neoplastic
6,2,798,834,872,908,0.8788546255506607,0.9568345323741008,0.9151376146788991,2391,Prostate,2391__ch0__id421,neoplastic,neoplastic
7,5,394,444,394,444,0.8873873873873874,0.8873873873873874,1.0,2391,Prostate,2391__ch0__id450,neoplastic,neoplastic
8,6,617,628,694,705,0.875177304964539,0.982484076433121,0.8890489913544669,2391,Prostate,2391__ch0__id451,neoplastic,neoplastic
9,6,28,453,694,1119,0.025022341376228777,0.06181015452538632,0.040345821325648415,2391,Prostate,2391__ch0__id452,neoplastic,neoplastic
10,7,719,725,848,854,0.84192037470726,0.9917241379310345,0.847877358490566,2391,Prostate,2391__ch0__id462,neoplastic,neoplastic
11,8,476,512,487,523,0.9101338432122371,0.9296875,0.9774127310061602,2391,Prostate,2391__ch0__id463,neoplastic,neoplastic
12,9,603,610,619,626,0.963258785942492,0.9885245901639345,0.9741518578352181,2391,Prostate,2391__ch0__id468,neoplastic,neoplastic
13,7,17,1140,848,1971,0.008625063419583967,0.014912280701754385,0.020047169811320754,2391,Prostate,2391__ch0__id470,neoplastic,neoplastic
14,10,351,407,362,418,0.8397129186602871,0.8624078624078624,0.9696132596685083,2391,Prostate,2391__ch0__id476,neoplastic,neoplastic
15,11,722,723,756,757,0.9537648612945839,0.9986168741355463,0.955026455026455,2391,Prostate,2391__ch0__id485,neoplastic,neoplastic
16,12,587,589,633,635,0.9244094488188976,0.9966044142614601,0.9273301737756714,2391,Prostate,2391__ch0__id491,neoplastic,neoplastic
17,12,5,598,633,1226,0.004078303425774877,0.008361204013377926,0.007898894154818325,2391,Prostate,2391__ch0__id494,neoplastic,neoplastic
17,13,569,598,630,659,0.8634294385432474,0.9515050167224081,0.9031746031746032,2391,Prostate,2391__ch0__id494,neoplastic,neoplastic
18,13,17,705,630,1318,0.012898330804248861,0.024113475177304965,0.026984126984126985,2391,Prostate,2391__ch0__id495,neoplastic,neoplastic
18,14,536,705,639,808,0.6633663366336634,0.7602836879432624,0.838810641627543,2391,Prostate,2391__ch0__id495,neoplastic,neoplastic
19,3,431,589,437,595,0.7243697478991596,0.7317487266553481,0.9862700228832952,2391,Prostate,2391__ch2__id442,connective,normal
20,4,133,199,133,199,0.6683417085427136,0.6683417085427136,1.0,2391,Prostate,2391__ch2__id444,connective,normal
23,14,53,1082,639,1668,0.03177458033573141,0.048983364140480594,0.08294209702660407,2391,Prostate,2391__ch2__id493,connective,normal
23,15,407,1082,408,1083,0.37580794090489383,0.37615526802218113,0.9975490196078431,2391,Prostate,2391__ch2__id493,connective,normal
1,2,271,320,315,364,0.7445054945054945,0.846875,0.8603174603174604,2414,Skin,2414__ch0__id2,neoplastic,neoplastic
2,4,608,794,627,813,0.7478474784747847,0.7657430730478589,0.9696969696969697,2414,Skin,2414__ch0__id3,neoplastic,neoplastic
3,3,442,529,444,531,0.832391713747646,0.8355387523629489,0.9954954954954955,2414,Skin,2414__ch0__id4,neoplastic,neoplastic
5,6,412,1271,412,1271,0.3241542092840283,0.3241542092840283,1.0,2414,Skin,2414__ch0__id13,neoplastic,neoplastic
6,2,27,287,315,575,0.04695652173913043,0.09407665505226481,0.08571428571428572,2414,Skin,2414__ch0__id19,neoplastic,neoplastic
6,7,209,287,216,294,0.7108843537414966,0.7282229965156795,0.9675925925925926,2414,Skin,2414__ch0__id19,neoplastic,neoplastic
7,13,287,343,288,344,0.8343023255813954,0.8367346938775511,0.9965277777777778,2414,Skin,2414__ch0__id52,neoplastic,neoplastic
8,19,267,355,267,355,0.752112676056338,0.752112676056338,1.0,2414,Skin,2414__ch0__id66,neoplastic,neoplastic
10,34,1,398,463,860,0.0011627906976744186,0.002512562814070352,0.0021598272138228943,2414,Skin,2414__ch0__id94,neoplastic,neoplastic
12,33,250,334,250,334,0.7485029940119761,0.7485029940119761,1.0,2414,Skin,2414__ch0__id98,neoplastic,neoplastic
13,28,150,162,175,187,0.8021390374331551,0.9259259259259259,0.8571428571428571,2414,Skin,2414__ch0__id100,neoplastic,neoplastic
14,30,241,270,241,270,0.8925925925925926,0.8925925925925926,1.0,2414,Skin,2414__ch0__id102,neoplastic,neoplastic
15,38,162,207,172,217,0.7465437788018433,0.782608695652174,0.9418604651162791,2414,Skin,2414__ch0__id114,neoplastic,neoplastic
16,40,229,254,250,275,0.8327272727272728,0.9015748031496063,0.916,2414,Skin,2414__ch0__id117,neoplastic,neoplastic
17,42,196,284,205,293,0.6689419795221843,0.6901408450704225,0.9560975609756097,2414,Skin,2414__ch0__id128,neoplastic,neoplastic
17,43,4,284,144,424,0.009433962264150943,0.014084507042253521,0.027777777777777776,2414,Skin,2414__ch0__id128,neoplastic,neoplastic
19,44,670,702,1104,1136,0.5897887323943662,0.9544159544159544,0.6068840579710145,2414,Skin,2414__ch0__id133,neoplastic,neoplastic
20,49,841,892,876,927,0.9072276159654801,0.9428251121076233,0.9600456621004566,2414,Skin,2414__ch0__id145,neoplastic,neoplastic
21,51,233,290,238,295,0.7898305084745763,0.803448275862069,0.9789915966386554,2414,Skin,2414__ch0__id153,neoplastic,neoplastic
22,44,4,455,1104,1555,0.002572347266881029,0.008791208791208791,0.0036231884057971015,2414,Skin,2414__ch0__id157,neoplastic,neoplastic
22,53,370,455,373,458,0.8078602620087336,0.8131868131868132,0.9919571045576407,2414,Skin,2414__ch0__id157,neoplastic,neoplastic
23,44,392,447,1104,1159,0.3382226056945643,0.8769574944071589,0.35507246376811596,2414,Skin,2414__ch0__id162,neoplastic,neoplastic
23,53,2,447,373,818,0.0024449877750611247,0.0044742729306487695,0.005361930294906166,2414,Skin,2414__ch0__id162,neoplastic,neoplastic
24,61,279,318,282,321,0.8691588785046729,0.8773584905660378,0.9893617021276596,2414,Skin,2414__ch0__id179,neoplastic,neoplastic
25,62,268,306,268,306,0.8758169934640523,0.8758169934640523,1.0,2414,Skin,2414__ch0__id180,neoplastic,neoplastic
26,63,286,339,287,340,0.8411764705882353,0.8436578171091446,0.9965156794425087,2414,Skin,2414__ch0__id192,neoplastic,neoplastic
27,66,336,394,348,406,0.8275862068965517,0.8527918781725888,0.9655172413793104,2414,Skin,2414__ch0__id195,neoplastic,neoplastic
28,71,127,161,127,161,0.7888198757763976,0.7888198757763976,1.0,2414,Skin,2414__ch0__id205,neoplastic,neoplastic
29,74,252,399,252,399,0.631578947368421,0.631578947368421,1.0,2414,Skin,2414__ch0__id214,neoplastic,neoplastic
30,75,143,244,224,325,0.44,0.5860655737704918,0.6383928571428571,2414,Skin,2414__ch0__id224,neoplastic,neoplastic
31,78,225,270,275,320,0.703125,0.8333333333333334,0.8181818181818182,2414,Skin,2414__ch0__id230,neoplastic,neoplastic
32,82,244,277,244,277,0.8808664259927798,0.8808664259927798,1.0,2414,Skin,2414__ch0__id231,neoplastic,neoplastic
34,85,212,283,212,283,0.7491166077738516,0.7491166077738516,1.0,2414,Skin,2414__ch0__id247,neoplastic,neoplastic
35,91,177,205,203,231,0.7662337662337663,0.8634146341463415,0.8719211822660099,2414,Skin,2414__ch0__id264,neoplastic,neoplastic
36,90,10,163,162,315,0.031746031746031744,0.06134969325153374,0.06172839506172839,2414,Skin,2414__ch0__id272,neoplastic,neoplastic
37,93,36,52,211,227,0.15859030837004406,0.6923076923076923,0.17061611374407584,2414,Skin,2414__ch0__id279,neoplastic,neoplastic
38,26,261,571,265,575,0.4539130434782609,0.45709281961471104,0.9849056603773585,2414,Skin,2414__ch0__id958,neoplastic,neoplastic
38,29,18,571,164,717,0.02510460251046025,0.03152364273204904,0.10975609756097561,2414,Skin,2414__ch0__id958,neoplastic,neoplastic
39,5,301,351,302,352,0.8551136363636364,0.8575498575498576,0.9966887417218543,2414,Skin,2414__ch1__id7,inflammatory,normal
40,8,138,198,155,215,0.641860465116279,0.696969696969697,0.8903225806451613,2414,Skin,2414__ch1__id24,inflammatory,normal
40,12,23,198,210,385,0.05974025974025974,0.11616161616161616,0.10952380952380952,2414,Skin,2414__ch1__id24,inflammatory,normal
41,9,166,249,166,249,0.6666666666666666,0.6666666666666666,1.0,2414,Skin,2414__ch1__id32,inflammatory,normal
42,11,149,207,149,207,0.7198067632850241,0.7198067632850241,1.0,2414,Skin,2414__ch1__id33,inflammatory,normal
42,14,15,207,241,433,0.03464203233256351,0.07246376811594203,0.06224066390041494,2414,Skin,2414__ch1__id33,inflammatory,normal
43,10,368,410,370,412,0.8932038834951457,0.8975609756097561,0.9945945945945946,2414,Skin,2414__ch1__id36,inflammatory,normal
44,12,179,185,210,216,0.8287037037037037,0.9675675675675676,0.8523809523809524,2414,Skin,2414__ch1__id42,inflammatory,normal
45,15,215,283,220,288,0.7465277777777778,0.7597173144876325,0.9772727272727273,2414,Skin,2414__ch1__id54,inflammatory,normal
46,16,241,311,242,312,0.7724358974358975,0.77491961414791,0.9958677685950413,2414,Skin,2414__ch1__id55,inflammatory,normal
47,14,221,356,241,376,0.5877659574468085,0.6207865168539326,0.91701244813278,2414,Skin,2414__ch1__id56,inflammatory,normal
48,23,168,394,174,400,0.42,0.4263959390862944,0.9655172413793104,2414,Skin,2414__ch1__id57,inflammatory,normal
49,17,279,327,279,327,0.8532110091743119,0.8532110091743119,1.0,2414,Skin,2414__ch1__id59,inflammatory,normal
50,18,331,418,346,433,0.7644341801385681,0.7918660287081339,0.9566473988439307,2414,Skin,2414__ch1__id63,inflammatory,normal
51,20,256,589,256,589,0.43463497453310695,0.43463497453310695,1.0,2414,Skin,2414__ch1__id64,inflammatory,normal
51,21,235,589,235,589,0.398981324278438,0.398981324278438,1.0,2414,Skin,2414__ch1__id64,inflammatory,normal
53,22,272,312,275,315,0.8634920634920635,0.8717948717948718,0.9890909090909091,2414,Skin,2414__ch1__id72,inflammatory,normal
54,24,100,317,100,317,0.31545741324921134,0.31545741324921134,1.0,2414,Skin,2414__ch1__id81,inflammatory,normal
55,25,217,266,217,266,0.8157894736842105,0.8157894736842105,1.0,2414,Skin,2414__ch1__id84,inflammatory,normal
56,32,205,811,205,811,0.2527743526510481,0.2527743526510481,1.0,2414,Skin,2414__ch1__id95,inflammatory,normal
56,37,154,811,159,816,0.18872549019607843,0.18988902589395806,0.9685534591194969,2414,Skin,2414__ch1__id95,inflammatory,normal
57,27,221,708,225,712,0.3103932584269663,0.3121468926553672,0.9822222222222222,2414,Skin,2414__ch1__id97,inflammatory,normal
57,35,145,708,145,708,0.20480225988700565,0.20480225988700565,1.0,2414,Skin,2414__ch1__id97,inflammatory,normal
58,34,462,807,463,808,0.5717821782178217,0.5724907063197026,0.9978401727861771,2414,Skin,2414__ch1__id107,inflammatory,normal
58,36,165,807,242,884,0.18665158371040724,0.20446096654275092,0.6818181818181818,2414,Skin,2414__ch1__id107,inflammatory,normal
59,31,438,475,537,574,0.7630662020905923,0.9221052631578948,0.8156424581005587,2414,Skin,2414__ch1__id111,inflammatory,normal
60,39,221,278,221,278,0.7949640287769785,0.7949640287769785,1.0,2414,Skin,2414__ch1__id115,inflammatory,normal
61,43,139,181,144,186,0.7473118279569892,0.7679558011049724,0.9652777777777778,2414,Skin,2414__ch1__id130,inflammatory,normal
62,45,231,260,231,260,0.8884615384615384,0.8884615384615384,1.0,2414,Skin,2414__ch1__id135,inflammatory,normal
63,46,507,576,547,616,0.823051948051948,0.8802083333333334,0.926873857404022,2414,Skin,2414__ch1__id137,inflammatory,normal
64,46,5,313,547,855,0.005847953216374269,0.01597444089456869,0.009140767824497258,2414,Skin,2414__ch1__id139,inflammatory,normal
64,48,206,313,207,314,0.6560509554140127,0.65814696485623,0.9951690821256038,2414,Skin,2414__ch1__id139,inflammatory,normal
65,47,816,896,819,899,0.9076751946607341,0.9107142857142857,0.9963369963369964,2414,Skin,2414__ch1__id147,inflammatory,normal
65,49,10,896,876,1762,0.0056753688989784334,0.011160714285714286,0.01141552511415525,2414,Skin,2414__ch1__id147,inflammatory,normal
66,50,231,279,234,282,0.8191489361702128,0.8279569892473119,0.9871794871794872,2414,Skin,2414__ch1__id150,inflammatory,normal
67,52,446,581,446,581,0.7676419965576592,0.7676419965576592,1.0,2414,Skin,2414__ch1__id155,inflammatory,normal
67,58,3,581,226,804,0.0037313432835820895,0.0051635111876075735,0.01327433628318584,2414,Skin,2414__ch1__id155,inflammatory,normal
68,54,252,306,252,306,0.8235294117647058,0.8235294117647058,1.0,2414,Skin,2414__ch1__id165,inflammatory,normal
69,55,138,409,139,410,0.33658536585365856,0.3374083129584352,0.9928057553956835,2414,Skin,2414__ch1__id169,inflammatory,normal
69,57,196,409,197,410,0.47804878048780486,0.4792176039119804,0.9949238578680203,2414,Skin,2414__ch1__id169,inflammatory,normal
70,56,353,388,362,397,0.889168765743073,0.9097938144329897,0.9751381215469613,2414,Skin,2414__ch1__id171,inflammatory,normal
71,58,217,252,226,261,0.8314176245210728,0.8611111111111112,0.9601769911504425,2414,Skin,2414__ch1__id176,inflammatory,normal
72,60,251,299,251,299,0.8394648829431438,0.8394648829431438,1.0,2414,Skin,2414__ch1__id181,inflammatory,normal
73,59,9,113,188,292,0.030821917808219176,0.07964601769911504,0.047872340425531915,2414,Skin,2414__ch1__id188,inflammatory,normal
73,64,77,113,234,270,0.2851851851851852,0.6814159292035398,0.32905982905982906,2414,Skin,2414__ch1__id188,inflammatory,normal
74,65,239,289,239,289,0.8269896193771626,0.8269896193771626,1.0,2414,Skin,2414__ch1__id194,inflammatory,normal
75,67,201,251,207,257,0.7821011673151751,0.8007968127490039,0.9710144927536232,2414,Skin,2414__ch1__id197,inflammatory,normal
77,69,229,334,235,340,0.6735294117647059,0.6856287425149701,0.9744680851063829,2414,Skin,2414__ch1__id200,inflammatory,normal
78,70,406,481,409,484,0.8388429752066116,0.8440748440748441,0.9926650366748166,2414,Skin,2414__ch1__id203,inflammatory,normal
79,72,194,541,228,575,0.3373913043478261,0.3585951940850277,0.8508771929824561,2414,Skin,2414__ch1__id212,inflammatory,normal
79,76,204,541,216,553,0.3688969258589512,0.37707948243992606,0.9444444444444444,2414,Skin,2414__ch1__id212,inflammatory,normal
80,73,167,233,167,233,0.7167381974248928,0.7167381974248928,1.0,2414,Skin,2414__ch1__id213,inflammatory,normal
81,77,55,91,56,92,0.5978260869565217,0.6043956043956044,0.9821428571428571,2414,Skin,2414__ch1__id219,inflammatory,normal
82,80,244,664,244,664,0.3674698795180723,0.3674698795180723,1.0,2414,Skin,2414__ch1__id226,inflammatory,normal
82,81,271,664,278,671,0.4038748137108793,0.40813253012048195,0.9748201438848921,2414,Skin,2414__ch1__id226,inflammatory,normal
83,79,244,295,258,309,0.7896440129449838,0.8271186440677966,0.9457364341085271,2414,Skin,2414__ch1__id227,inflammatory,normal
84,84,585,703,588,706,0.8286118980169972,0.8321479374110953,0.9948979591836735,2414,Skin,2414__ch1__id239,inflammatory,normal
86,86,427,865,427,865,0.4936416184971098,0.4936416184971098,1.0,2414,Skin,2414__ch1__id246,inflammatory,normal
86,89,298,865,298,865,0.3445086705202312,0.3445086705202312,1.0,2414,Skin,2414__ch1__id246,inflammatory,normal
87,87,249,256,277,284,0.8767605633802817,0.97265625,0.8989169675090253,2414,Skin,2414__ch1__id253,inflammatory,normal
88,88,237,253,254,270,0.8777777777777778,0.9367588932806324,0.9330708661417323,2414,Skin,2414__ch1__id254,inflammatory,normal
89,92,198,259,198,259,0.7644787644787645,0.7644787644787645,1.0,2414,Skin,2414__ch1__id261,inflammatory,normal
90,87,1,217,277,493,0.002028397565922921,0.004608294930875576,0.0036101083032490976,2414,Skin,2414__ch1__id266,inflammatory,normal
92,95,109,170,109,170,0.6411764705882353,0.6411764705882353,1.0,2414,Skin,2414__ch1__id275,inflammatory,normal
93,94,99,167,99,167,0.592814371257485,0.592814371257485,1.0,2414,Skin,2414__ch1__id276,inflammatory,normal
95,96,35,57,35,57,0.6140350877192983,0.6140350877192983,1.0,2414,Skin,2414__ch1__id278,inflammatory,normal
1,2,166,266,166,266,0.6240601503759399,0.6240601503759399,1.0,2479,Stomach,2479__ch0__id146,neoplastic,neoplastic
2,1,437,519,442,524,0.833969465648855,0.8420038535645472,0.9886877828054299,2479,Stomach,2479__ch0__id148,neoplastic,neoplastic
3,4,246,280,246,280,0.8785714285714286,0.8785714285714286,1.0,2479,Stomach,2479__ch0__id152,neoplastic,neoplastic
3,5,3,280,266,543,0.0055248618784530384,0.010714285714285714,0.011278195488721804,2479,Stomach,2479__ch0__id152,neoplastic,neoplastic
5,7,705,813,705,813,0.8671586715867159,0.8671586715867159,1.0,2479,Stomach,2479__ch0__id162,neoplastic,neoplastic
6,8,327,376,328,377,0.8673740053050398,0.8696808510638298,0.9969512195121951,2479,Stomach,2479__ch0__id164,neoplastic,neoplastic
7,9,365,409,395,439,0.8314350797266514,0.8924205378973105,0.9240506329113924,2479,Stomach,2479__ch0__id166,neoplastic,neoplastic
8,10,118,165,118,165,0.7151515151515152,0.7151515151515152,1.0,2479,Stomach,2479__ch0__id169,neoplastic,neoplastic
9,11,289,384,289,384,0.7526041666666666,0.7526041666666666,1.0,2479,Stomach,2479__ch0__id170,neoplastic,neoplastic
10,13,447,524,447,524,0.8530534351145038,0.8530534351145038,1.0,2479,Stomach,2479__ch0__id178,neoplastic,neoplastic
11,14,590,651,590,651,0.9062980030721967,0.9062980030721967,1.0,2479,Stomach,2479__ch0__id180,neoplastic,neoplastic
12,16,453,525,454,526,0.8612167300380228,0.8628571428571429,0.9977973568281938,2479,Stomach,2479__ch0__id195,neoplastic,neoplastic
13,17,340,450,340,450,0.7555555555555555,0.7555555555555555,1.0,2479,Stomach,2479__ch0__id203,neoplastic,neoplastic
14,19,647,750,647,750,0.8626666666666667,0.8626666666666667,1.0,2479,Stomach,2479__ch0__id213,neoplastic,neoplastic
15,20,264,326,264,326,0.8098159509202454,0.8098159509202454,1.0,2479,Stomach,2479__ch0__id214,neoplastic,neoplastic
16,21,541,620,541,620,0.8725806451612903,0.8725806451612903,1.0,2479,Stomach,2479__ch0__id218,neoplastic,neoplastic
17,23,764,859,764,859,0.889406286379511,0.889406286379511,1.0,2479,Stomach,2479__ch0__id221,neoplastic,neoplastic
18,24,373,503,373,503,0.7415506958250497,0.7415506958250497,1.0,2479,Stomach,2479__ch0__id223,neoplastic,neoplastic
19,26,340,408,340,408,0.8333333333333334,0.8333333333333334,1.0,2479,Stomach,2479__ch0__id235,neoplastic,neoplastic
20,28,419,490,419,490,0.8551020408163266,0.8551020408163266,1.0,2479,Stomach,2479__ch0__id243,neoplastic,neoplastic
21,27,147,191,147,191,0.7696335078534031,0.7696335078534031,1.0,2479,Stomach,2479__ch0__id244,neoplastic,neoplastic
24,34,54,122,80,148,0.36486486486486486,0.4426229508196721,0.675,2479,Stomach,2479__ch0__id280,neoplastic,neoplastic
25,35,518,627,518,627,0.8261562998405104,0.8261562998405104,1.0,2479,Stomach,2479__ch0__id288,neoplastic,neoplastic
27,3,40,71,40,71,0.5633802816901409,0.5633802816901409,1.0,2479,Stomach,2479__ch1__id149,inflammatory,normal
28,5,251,290,266,305,0.8229508196721311,0.8655172413793103,0.943609022556391,2479,Stomach,2479__ch1__id157,inflammatory,normal
29,6,277,335,277,335,0.826865671641791,0.826865671641791,1.0,2479,Stomach,2479__ch1__id159,inflammatory,normal
30,15,431,467,452,488,0.8831967213114754,0.9229122055674518,0.9535398230088495,2479,Stomach,2479__ch1__id186,inflammatory,normal
31,18,174,191,176,193,0.9015544041450777,0.9109947643979057,0.9886363636363636,2479,Stomach,2479__ch1__id210,inflammatory,normal
32,22,257,302,262,307,0.8371335504885994,0.8509933774834437,0.9809160305343512,2479,Stomach,2479__ch1__id220,inflammatory,normal
33,25,530,592,530,592,0.8952702702702703,0.8952702702702703,1.0,2479,Stomach,2479__ch1__id232,inflammatory,normal
34,29,191,229,191,229,0.834061135371179,0.834061135371179,1.0,2479,Stomach,2479__ch1__id249,inflammatory,normal
35,30,253,279,253,279,0.9068100358422939,0.9068100358422939,1.0,2479,Stomach,2479__ch1__id269,inflammatory,normal
36,31,168,188,168,188,0.8936170212765957,0.8936170212765957,1.0,2479,Stomach,2479__ch1__id274,inflammatory,normal
37,33,204,228,204,228,0.8947368421052632,0.8947368421052632,1.0,2479,Stomach,2479__ch1__id281,inflammatory,normal
38,36,104,159,112,167,0.6227544910179641,0.6540880503144654,0.9285714285714286,2479,Stomach,2479__ch1__id293,inflammatory,normal
1,2,223,290,223,290,0.7689655172413793,0.7689655172413793,1.0,2505,Stomach,2505__ch0__id3,neoplastic,neoplastic
4,5,724,781,731,788,0.9187817258883249,0.9270166453265045,0.9904240766073872,2505,Stomach,2505__ch0__id14,neoplastic,neoplastic
5,6,270,590,318,638,0.4231974921630094,0.4576271186440678,0.8490566037735849,2505,Stomach,2505__ch0__id19,neoplastic,neoplastic
6,7,1121,1355,1164,1398,0.801859799713877,0.8273062730627306,0.9630584192439863,2505,Stomach,2505__ch0__id30,neoplastic,neoplastic
7,9,1034,1076,1051,1093,0.9460201280878316,0.9609665427509294,0.9838249286393911,2505,Stomach,2505__ch0__id39,neoplastic,neoplastic
8,10,274,370,293,389,0.7043701799485861,0.7405405405405405,0.9351535836177475,2505,Stomach,2505__ch0__id40,neoplastic,neoplastic
9,11,1552,1772,1552,1772,0.8758465011286681,0.8758465011286681,1.0,2505,Stomach,2505__ch0__id42,neoplastic,neoplastic
10,16,930,937,1046,1053,0.8831908831908832,0.9925293489861259,0.8891013384321224,2505,Stomach,2505__ch0__id83,neoplastic,neoplastic
11,18,481,560,492,571,0.8423817863397548,0.8589285714285714,0.9776422764227642,2505,Stomach,2505__ch0__id84,neoplastic,neoplastic
12,21,603,758,614,769,0.7841352405721717,0.7955145118733509,0.9820846905537459,2505,Stomach,2505__ch0__id99,neoplastic,neoplastic
14,22,850,1043,886,1079,0.7877664504170528,0.8149568552253116,0.9593679458239278,2505,Stomach,2505__ch0__id109,neoplastic,neoplastic
15,23,605,807,605,807,0.7496902106567535,0.7496902106567535,1.0,2505,Stomach,2505__ch0__id118,neoplastic,neoplastic
16,25,758,878,758,878,0.8633257403189066,0.8633257403189066,1.0,2505,Stomach,2505__ch0__id127,neoplastic,neoplastic
19,1,919,1034,1044,1159,0.7929249352890423,0.8887814313346228,0.8802681992337165,2505,Stomach,2505__ch1__id4,inflammatory,normal
20,8,235,265,235,265,0.8867924528301887,0.8867924528301887,1.0,2505,Stomach,2505__ch1__id34,inflammatory,normal
21,13,89,125,89,125,0.712,0.712,1.0,2505,Stomach,2505__ch1__id70,inflammatory,normal
22,15,123,152,123,152,0.8092105263157895,0.8092105263157895,1.0,2505,Stomach,2505__ch1__id75,inflammatory,normal
23,14,109,144,117,152,0.7171052631578947,0.7569444444444444,0.9316239316239316,2505,Stomach,2505__ch1__id76,inflammatory,normal
24,17,128,142,134,148,0.8648648648648649,0.9014084507042254,0.9552238805970149,2505,Stomach,2505__ch1__id85,inflammatory,normal
25,19,288,333,288,333,0.8648648648648649,0.8648648648648649,1.0,2505,Stomach,2505__ch1__id87,inflammatory,normal
26,20,490,563,491,564,0.8687943262411347,0.8703374777975134,0.9979633401221996,2505,Stomach,2505__ch1__id91,inflammatory,normal
27,4,562,724,562,724,0.7762430939226519,0.7762430939226519,1.0,2505,Stomach,2505__ch2__id8,connective,normal
29,12,129,251,147,269,0.4795539033457249,0.5139442231075697,0.8775510204081632,2505,Stomach,2505__ch2__id69,connective,normal
30,24,303,616,303,616,0.49188311688311687,0.49188311688311687,1.0,2505,Stomach,2505__ch2__id117,connective,normal
31,27,81,146,81,146,0.5547945205479452,0.5547945205479452,1.0,2505,Stomach,2505__ch2__id133,connective,normal
32,26,263,322,271,330,0.796969696969697,0.8167701863354038,0.9704797047970479,2505,Stomach,2505__ch3__id128,dead,normal
1,3,191,265,191,265,0.720754716981132,0.720754716981132,1.0,2525,Testis,2525__ch0__id9,neoplastic,neoplastic
2,4,188,364,188,364,0.5164835164835165,0.5164835164835165,1.0,2525,Testis,2525__ch0__id10,neoplastic,neoplastic
3,6,576,727,576,727,0.7922971114167813,0.7922971114167813,1.0,2525,Testis,2525__ch0__id14,neoplastic,neoplastic
6,25,181,228,181,228,0.793859649122807,0.793859649122807,1.0,2525,Testis,2525__ch0__id78,neoplastic,neoplastic
8,34,344,419,344,419,0.8210023866348448,0.8210023866348448,1.0,2525,Testis,2525__ch0__id114,neoplastic,neoplastic
9,44,248,311,248,311,0.797427652733119,0.797427652733119,1.0,2525,Testis,2525__ch0__id132,neoplastic,neoplastic
10,1,12,342,134,464,0.02586206896551724,0.03508771929824561,0.08955223880597014,2525,Testis,2525__ch1__id5,inflammatory,normal
10,2,255,342,255,342,0.7456140350877193,0.7456140350877193,1.0,2525,Testis,2525__ch1__id5,inflammatory,normal
11,5,194,235,194,235,0.825531914893617,0.825531914893617,1.0,2525,Testis,2525__ch1__id13,inflammatory,normal
12,9,307,466,307,466,0.6587982832618026,0.6587982832618026,1.0,2525,Testis,2525__ch1__id17,inflammatory,normal
13,7,262,343,276,357,0.7338935574229691,0.7638483965014577,0.9492753623188406,2525,Testis,2525__ch1__id18,inflammatory,normal
14,8,178,217,178,217,0.8202764976958525,0.8202764976958525,1.0,2525,Testis,2525__ch1__id21,inflammatory,normal
15,11,233,272,233,272,0.8566176470588235,0.8566176470588235,1.0,2525,Testis,2525__ch1__id32,inflammatory,normal
16,12,155,208,156,209,0.7416267942583732,0.7451923076923077,0.9935897435897436,2525,Testis,2525__ch1__id35,inflammatory,normal
17,13,188,243,188,243,0.7736625514403292,0.7736625514403292,1.0,2525,Testis,2525__ch1__id38,inflammatory,normal
18,14,196,245,196,245,0.8,0.8,1.0,2525,Testis,2525__ch1__id39,inflammatory,normal
20,15,125,208,125,208,0.6009615384615384,0.6009615384615384,1.0,2525,Testis,2525__ch1__id43,inflammatory,normal
21,16,211,321,211,321,0.6573208722741433,0.6573208722741433,1.0,2525,Testis,2525__ch1__id53,inflammatory,normal
22,17,100,163,100,163,0.6134969325153374,0.6134969325153374,1.0,2525,Testis,2525__ch1__id56,inflammatory,normal
23,18,267,344,267,344,0.7761627906976745,0.7761627906976745,1.0,2525,Testis,2525__ch1__id61,inflammatory,normal
24,19,381,521,381,521,0.7312859884836852,0.7312859884836852,1.0,2525,Testis,2525__ch1__id65,inflammatory,normal
25,20,234,284,234,284,0.823943661971831,0.823943661971831,1.0,2525,Testis,2525__ch1__id66,inflammatory,normal
26,21,241,334,241,334,0.7215568862275449,0.7215568862275449,1.0,2525,Testis,2525__ch1__id67,inflammatory,normal
27,22,166,207,166,207,0.8019323671497585,0.8019323671497585,1.0,2525,Testis,2525__ch1__id70,inflammatory,normal
28,24,141,179,142,180,0.7833333333333333,0.7877094972067039,0.9929577464788732,2525,Testis,2525__ch1__id74,inflammatory,normal
29,23,173,210,178,215,0.8046511627906977,0.8238095238095238,0.9719101123595506,2525,Testis,2525__ch1__id76,inflammatory,normal
30,26,217,259,219,261,0.8314176245210728,0.8378378378378378,0.9908675799086758,2525,Testis,2525__ch1__id84,inflammatory,normal
31,27,130,182,130,182,0.7142857142857143,0.7142857142857143,1.0,2525,Testis,2525__ch1__id93,inflammatory,normal
32,28,168,186,168,186,0.9032258064516129,0.9032258064516129,1.0,2525,Testis,2525__ch1__id96,inflammatory,normal
34,29,206,236,206,236,0.8728813559322034,0.8728813559322034,1.0,2525,Testis,2525__ch1__id101,inflammatory,normal
35,30,350,395,351,396,0.8838383838383839,0.8860759493670886,0.9971509971509972,2525,Testis,2525__ch1__id104,inflammatory,normal
36,31,223,268,223,268,0.832089552238806,0.832089552238806,1.0,2525,Testis,2525__ch1__id106,inflammatory,normal
37,32,211,244,211,244,0.8647540983606558,0.8647540983606558,1.0,2525,Testis,2525__ch1__id108,inflammatory,normal
37,33,6,244,249,487,0.012320328542094456,0.02459016393442623,0.024096385542168676,2525,Testis,2525__ch1__id108,inflammatory,normal
38,33,232,290,249,307,0.755700325732899,0.8,0.9317269076305221,2525,Testis,2525__ch1__id110,inflammatory,normal
39,35,160,200,172,212,0.7547169811320755,0.8,0.9302325581395349,2525,Testis,2525__ch1__id116,inflammatory,normal
40,36,206,243,206,243,0.8477366255144033,0.8477366255144033,1.0,2525,Testis,2525__ch1__id120,inflammatory,normal
41,37,182,219,185,222,0.8198198198198198,0.8310502283105022,0.9837837837837838,2525,Testis,2525__ch1__id122,inflammatory,normal
42,38,67,129,67,129,0.5193798449612403,0.5193798449612403,1.0,2525,Testis,2525__ch1__id124,inflammatory,normal
43,40,235,280,281,326,0.7208588957055214,0.8392857142857143,0.8362989323843416,2525,Testis,2525__ch1__id125,inflammatory,normal
44,41,271,308,272,309,0.8770226537216829,0.8798701298701299,0.9963235294117647,2525,Testis,2525__ch1__id126,inflammatory,normal
45,39,214,242,219,247,0.8663967611336032,0.8842975206611571,0.9771689497716894,2525,Testis,2525__ch1__id127,inflammatory,normal
46,42,187,257,187,257,0.7276264591439688,0.7276264591439688,1.0,2525,Testis,2525__ch1__id128,inflammatory,normal
47,45,259,309,259,309,0.8381877022653722,0.8381877022653722,1.0,2525,Testis,2525__ch1__id137,inflammatory,normal
48,46,209,250,209,250,0.836,0.836,1.0,2525,Testis,2525__ch1__id138,inflammatory,normal
49,47,227,252,234,259,0.8764478764478765,0.9007936507936508,0.9700854700854701,2525,Testis,2525__ch1__id140,inflammatory,normal
50,48,214,273,214,273,0.7838827838827839,0.7838827838827839,1.0,2525,Testis,2525__ch1__id141,inflammatory,normal
51,49,244,266,248,270,0.9037037037037037,0.9172932330827067,0.9838709677419355,2525,Testis,2525__ch1__id149,inflammatory,normal
52,52,98,122,98,122,0.8032786885245902,0.8032786885245902,1.0,2525,Testis,2525__ch1__id152,inflammatory,normal
53,50,206,228,207,229,0.8995633187772926,0.9035087719298246,0.9951690821256038,2525,Testis,2525__ch1__id156,inflammatory,normal
54,51,157,178,158,179,0.8770949720670391,0.8820224719101124,0.9936708860759493,2525,Testis,2525__ch1__id157,inflammatory,normal
55,53,144,175,146,177,0.8135593220338984,0.8228571428571428,0.9863013698630136,2525,Testis,2525__ch1__id166,inflammatory,normal
55,55,2,175,230,403,0.004962779156327543,0.011428571428571429,0.008695652173913044,2525,Testis,2525__ch1__id166,inflammatory,normal
57,54,235,276,235,276,0.8514492753623188,0.8514492753623188,1.0,2525,Testis,2525__ch1__id171,inflammatory,normal
58,56,252,280,256,284,0.8873239436619719,0.9,0.984375,2525,Testis,2525__ch1__id178,inflammatory,normal
58,57,2,280,228,506,0.003952569169960474,0.007142857142857143,0.008771929824561403,2525,Testis,2525__ch1__id178,inflammatory,normal
59,55,213,229,230,246,0.8658536585365854,0.9301310043668122,0.9260869565217391,2525,Testis,2525__ch1__id179,inflammatory,normal
60,57,225,242,228,245,0.9183673469387755,0.9297520661157025,0.9868421052631579,2525,Testis,2525__ch1__id180,inflammatory,normal
61,59,249,284,249,284,0.8767605633802817,0.8767605633802817,1.0,2525,Testis,2525__ch1__id183,inflammatory,normal
62,58,253,295,253,295,0.8576271186440678,0.8576271186440678,1.0,2525,Testis,2525__ch1__id184,inflammatory,normal
63,60,200,239,200,239,0.8368200836820083,0.8368200836820083,1.0,2525,Testis,2525__ch1__id187,inflammatory,normal
64,61,238,283,238,283,0.8409893992932862,0.8409893992932862,1.0,2525,Testis,2525__ch1__id189,inflammatory,normal
65,62,233,255,249,271,0.8597785977859779,0.9137254901960784,0.9357429718875502,2525,Testis,2525__ch1__id193,inflammatory,normal
66,63,163,203,163,203,0.8029556650246306,0.8029556650246306,1.0,2525,Testis,2525__ch1__id194,inflammatory,normal
67,64,221,256,226,261,0.8467432950191571,0.86328125,0.9778761061946902,2525,Testis,2525__ch1__id211,inflammatory,normal
68,65,185,222,185,222,0.8333333333333334,0.8333333333333334,1.0,2525,Testis,2525__ch1__id214,inflammatory,normal
69,66,228,252,233,257,0.8871595330739299,0.9047619047619048,0.9785407725321889,2525,Testis,2525__ch1__id215,inflammatory,normal
70,68,233,323,233,323,0.7213622291021672,0.7213622291021672,1.0,2525,Testis,2525__ch1__id217,inflammatory,normal
71,67,192,240,192,240,0.8,0.8,1.0,2525,Testis,2525__ch1__id218,inflammatory,normal
72,69,91,119,103,131,0.6946564885496184,0.7647058823529411,0.883495145631068,2525,Testis,2525__ch1__id221,inflammatory,normal
73,70,284,315,292,323,0.8792569659442725,0.9015873015873016,0.9726027397260274,2525,Testis,2525__ch1__id222,inflammatory,normal
74,71,194,234,194,234,0.8290598290598291,0.8290598290598291,1.0,2525,Testis,2525__ch1__id224,inflammatory,normal
75,72,208,251,208,251,0.8286852589641435,0.8286852589641435,1.0,2525,Testis,2525__ch1__id226,inflammatory,normal
76,73,211,244,211,244,0.8647540983606558,0.8647540983606558,1.0,2525,Testis,2525__ch1__id227,inflammatory,normal
77,74,141,185,141,185,0.7621621621621621,0.7621621621621621,1.0,2525,Testis,2525__ch1__id232,inflammatory,normal
78,75,118,138,119,139,0.8489208633093526,0.855072463768116,0.9915966386554622,2525,Testis,2525__ch1__id239,inflammatory,normal
79,76,211,249,212,250,0.844,0.8473895582329317,0.9952830188679245,2525,Testis,2525__ch1__id245,inflammatory,normal
80,77,214,262,214,262,0.816793893129771,0.816793893129771,1.0,2525,Testis,2525__ch1__id248,inflammatory,normal
81,78,244,297,244,297,0.8215488215488216,0.8215488215488216,1.0,2525,Testis,2525__ch1__id249,inflammatory,normal
82,79,327,387,327,387,0.8449612403100775,0.8449612403100775,1.0,2525,Testis,2525__ch1__id250,inflammatory,normal
83,80,141,151,151,161,0.8757763975155279,0.9337748344370861,0.9337748344370861,2525,Testis,2525__ch1__id254,inflammatory,normal
84,81,211,276,211,276,0.7644927536231884,0.7644927536231884,1.0,2525,Testis,2525__ch1__id256,inflammatory,normal
86,82,113,162,113,162,0.6975308641975309,0.6975308641975309,1.0,2525,Testis,2525__ch1__id271,inflammatory,normal
87,83,78,100,78,100,0.78,0.78,1.0,2525,Testis,2525__ch1__id275,inflammatory,normal
88,84,50,115,50,115,0.43478260869565216,0.43478260869565216,1.0,2525,Testis,2525__ch1__id276,inflammatory,normal
2,1,1167,1236,1167,1236,0.9441747572815534,0.9441747572815534,1.0,2534,Testis,2534__ch0__id142,neoplastic,neoplastic
3,4,1233,1255,1264,1286,0.9587869362363919,0.9824701195219123,0.9754746835443038,2534,Testis,2534__ch0__id153,neoplastic,neoplastic
4,5,1106,1188,1156,1238,0.8933764135702746,0.930976430976431,0.9567474048442907,2534,Testis,2534__ch0__id156,neoplastic,neoplastic
5,7,287,390,287,390,0.735897435897436,0.735897435897436,1.0,2534,Testis,2534__ch0__id164,neoplastic,neoplastic
6,9,281,295,288,302,0.9304635761589404,0.9525423728813559,0.9756944444444444,2534,Testis,2534__ch0__id175,neoplastic,neoplastic
7,10,803,971,805,973,0.8252826310380267,0.8269824922760041,0.9975155279503105,2534,Testis,2534__ch0__id183,neoplastic,neoplastic
8,12,437,458,566,587,0.7444633730834753,0.9541484716157205,0.7720848056537103,2534,Testis,2534__ch0__id187,neoplastic,neoplastic
9,13,1253,1258,1341,1346,0.9309063893016345,0.9960254372019078,0.9343773303504848,2534,Testis,2534__ch0__id191,neoplastic,neoplastic
10,14,416,416,1753,1753,0.23730747290359383,1.0,0.23730747290359383,2534,Testis,2534__ch0__id195,neoplastic,neoplastic
11,18,1003,1037,1142,1176,0.8528911564625851,0.9672131147540983,0.8782837127845884,2534,Testis,2534__ch0__id205,neoplastic,neoplastic
12,20,771,904,779,912,0.8453947368421053,0.8528761061946902,0.9897304236200257,2534,Testis,2534__ch0__id207,neoplastic,neoplastic
13,21,1039,1152,1101,1214,0.8558484349258649,0.9019097222222222,0.9436875567665758,2534,Testis,2534__ch0__id208,neoplastic,neoplastic
14,21,36,566,1101,1631,0.022072348252605765,0.0636042402826855,0.0326975476839237,2534,Testis,2534__ch0__id210,neoplastic,neoplastic
15,22,494,664,495,665,0.7428571428571429,0.7439759036144579,0.997979797979798,2534,Testis,2534__ch0__id211,neoplastic,neoplastic
16,20,8,258,779,1029,0.007774538386783284,0.031007751937984496,0.010269576379974325,2534,Testis,2534__ch0__id215,neoplastic,neoplastic
19,19,695,808,695,808,0.8601485148514851,0.8601485148514851,1.0,2534,Testis,2534__ch0__id294,neoplastic,neoplastic
20,8,597,601,655,659,0.9059180576631259,0.9933444259567388,0.9114503816793893,2534,Testis,2534__ch1__id170,inflammatory,normal
21,11,315,334,318,337,0.9347181008902077,0.9431137724550899,0.9905660377358491,2534,Testis,2534__ch1__id186,inflammatory,normal
23,2,208,264,208,264,0.7878787878787878,0.7878787878787878,1.0,2534,Testis,2534__ch2__id144,connective,normal
24,15,276,308,427,459,0.6013071895424836,0.8961038961038961,0.6463700234192038,2534,Testis,2534__ch2__id192,connective,normal
25,16,369,425,370,426,0.8661971830985915,0.8682352941176471,0.9972972972972973,2534,Testis,2534__ch2__id194,connective,normal
26,17,234,312,254,332,0.7048192771084337,0.75,0.9212598425196851,2534,Testis,2534__ch2__id197,connective,normal
1,13,247,1130,1114,1997,0.12368552829243866,0.21858407079646017,0.22172351885098743,2602,Colon,2602__ch0__id6,neoplastic,neoplastic
1,15,148,1130,1131,2113,0.07004259346900142,0.13097345132743363,0.13085764809902742,2602,Colon,2602__ch0__id6,neoplastic,neoplastic
2,14,691,1041,764,1114,0.6202872531418312,0.6637848222862632,0.9044502617801047,2602,Colon,2602__ch0__id12,neoplastic,neoplastic
3,13,70,961,1114,2005,0.034912718204488775,0.07284079084287201,0.06283662477558348,2602,Colon,2602__ch0__id19,neoplastic,neoplastic
3,17,843,961,910,1028,0.8200389105058365,0.8772112382934444,0.9263736263736264,2602,Colon,2602__ch0__id19,neoplastic,neoplastic
4,9,29,938,588,1497,0.019372077488309953,0.03091684434968017,0.04931972789115646,2602,Colon,2602__ch0__id22,neoplastic,neoplastic
4,11,579,938,690,1049,0.551954242135367,0.6172707889125799,0.8391304347826087,2602,Colon,2602__ch0__id22,neoplastic,neoplastic
6,1,359,690,368,699,0.5135908440629471,0.5202898550724637,0.9755434782608695,2602,Colon,2602__ch0__id25,neoplastic,neoplastic
6,4,19,690,328,999,0.01901901901901902,0.02753623188405797,0.057926829268292686,2602,Colon,2602__ch0__id25,neoplastic,neoplastic
7,15,897,901,1131,1135,0.7903083700440529,0.9955604883462819,0.7931034482758621,2602,Colon,2602__ch0__id29,neoplastic,neoplastic
9,22,797,814,963,980,0.813265306122449,0.9791154791154791,0.8276220145379024,2602,Colon,2602__ch0__id36,neoplastic,neoplastic
10,7,173,771,351,949,0.18229715489989462,0.2243839169909209,0.4928774928774929,2602,Colon,2602__ch0__id45,neoplastic,neoplastic
11,18,744,767,992,1015,0.7330049261083744,0.970013037809648,0.75,2602,Colon,2602__ch0__id47,neoplastic,neoplastic
12,21,733,741,1077,1085,0.6755760368663595,0.9892037786774629,0.680594243268338,2602,Colon,2602__ch0__id52,neoplastic,neoplastic
14,13,708,708,1114,1114,0.6355475763016158,1.0,0.6355475763016158,2602,Colon,2602__ch0__id59,neoplastic,neoplastic
16,3,7,629,520,1142,0.006129597197898424,0.011128775834658187,0.013461538461538462,2602,Colon,2602__ch0__id73,neoplastic,neoplastic
16,5,50,629,457,1036,0.04826254826254826,0.0794912559618442,0.10940919037199125,2602,Colon,2602__ch0__id73,neoplastic,neoplastic
16,7,83,629,351,897,0.09253065774804906,0.13195548489666137,0.23646723646723647,2602,Colon,2602__ch0__id73,neoplastic,neoplastic
18,12,406,533,413,540,0.7518518518518519,0.7617260787992496,0.9830508474576272,2602,Colon,2602__ch0__id101,neoplastic,neoplastic
18,13,62,533,1114,1585,0.039116719242902206,0.11632270168855535,0.05565529622980251,2602,Colon,2602__ch0__id101,neoplastic,neoplastic
19,20,531,531,782,782,0.6790281329923273,1.0,0.6790281329923273,2602,Colon,2602__ch0__id102,neoplastic,neoplastic
20,9,492,514,588,610,0.8065573770491803,0.9571984435797666,0.8367346938775511,2602,Colon,2602__ch0__id107,neoplastic,neoplastic
21,6,132,454,585,907,0.14553472987872107,0.2907488986784141,0.22564102564102564,2602,Colon,2602__ch0__id123,neoplastic,neoplastic
22,3,413,425,520,532,0.7763157894736842,0.971764705882353,0.7942307692307692,2602,Colon,2602__ch0__id131,neoplastic,neoplastic
22,5,9,425,457,873,0.010309278350515464,0.021176470588235293,0.019693654266958426,2602,Colon,2602__ch0__id131,neoplastic,neoplastic
23,1,7,342,368,703,0.00995732574679943,0.02046783625730994,0.019021739130434784,2602,Colon,2602__ch0__id135,neoplastic,neoplastic
23,4,19,342,328,651,0.029185867895545316,0.05555555555555555,0.057926829268292686,2602,Colon,2602__ch0__id135,neoplastic,neoplastic
26,3,7,391,520,904,0.007743362831858407,0.017902813299232736,0.013461538461538462,2602,Colon,2602__ch0__id151,neoplastic,neoplastic
26,4,61,391,328,658,0.09270516717325228,0.15601023017902813,0.18597560975609756,2602,Colon,2602__ch0__id151,neoplastic,neoplastic
26,7,20,391,351,722,0.027700831024930747,0.05115089514066496,0.05698005698005698,2602,Colon,2602__ch0__id151,neoplastic,neoplastic
27,20,49,386,782,1119,0.043789097408400354,0.12694300518134716,0.06265984654731457,2602,Colon,2602__ch0__id152,neoplastic,neoplastic
28,6,363,379,585,601,0.6039933444259568,0.9577836411609498,0.6205128205128205,2602,Colon,2602__ch0__id156,neoplastic,neoplastic
28,9,2,379,588,965,0.002072538860103627,0.005277044854881266,0.003401360544217687,2602,Colon,2602__ch0__id156,neoplastic,neoplastic
29,18,12,359,992,1339,0.008961911874533234,0.033426183844011144,0.012096774193548387,2602,Colon,2602__ch0__id165,neoplastic,neoplastic
31,21,1,326,1077,1402,0.0007132667617689016,0.003067484662576687,0.0009285051067780873,2602,Colon,2602__ch0__id177,neoplastic,neoplastic
35,22,70,154,963,1047,0.06685768863419293,0.45454545454545453,0.07268951194184839,2602,Colon,2602__ch0__id193,neoplastic,neoplastic
37,17,26,249,910,1133,0.02294792586054722,0.10441767068273092,0.02857142857142857,2602,Colon,2602__ch0__id201,neoplastic,neoplastic
39,18,101,207,992,1098,0.09198542805100182,0.48792270531400966,0.10181451612903226,2602,Colon,2602__ch0__id215,neoplastic,neoplastic
40,3,1,206,520,725,0.001379310344827586,0.0048543689320388345,0.0019230769230769232,2602,Colon,2602__ch0__id216,neoplastic,neoplastic
40,5,100,206,457,563,0.17761989342806395,0.4854368932038835,0.2188183807439825,2602,Colon,2602__ch0__id216,neoplastic,neoplastic
41,5,184,184,457,457,0.4026258205689278,1.0,0.4026258205689278,2602,Colon,2602__ch0__id224,neoplastic,neoplastic
42,1,1,166,368,533,0.001876172607879925,0.006024096385542169,0.002717391304347826,2602,Colon,2602__ch0__id233,neoplastic,neoplastic
42,4,158,166,328,336,0.47023809523809523,0.9518072289156626,0.4817073170731707,2602,Colon,2602__ch0__id233,neoplastic,neoplastic
47,16,281,287,403,409,0.687041564792176,0.9790940766550522,0.6972704714640199,2602,Colon,2602__ch1__id5,inflammatory,normal
48,2,251,274,260,283,0.8869257950530035,0.916058394160584,0.9653846153846154,2602,Colon,2602__ch1__id7,inflammatory,normal
50,19,235,539,235,539,0.4359925788497217,0.4359925788497217,1.0,2602,Colon,2602__ch2__id35,connective,normal
52,10,300,329,405,434,0.6912442396313364,0.9118541033434651,0.7407407407407407,2602,Colon,2602__ch2__id90,connective,normal
53,8,265,298,345,378,0.701058201058201,0.889261744966443,0.7681159420289855,2602,Colon,2602__ch2__id100,connective,normal
1,4,695,1477,1346,2128,0.3265977443609023,0.47054840893703453,0.5163447251114414,2635,Colon,2635__ch0__id2,neoplastic,neoplastic
7,5,16,708,572,1264,0.012658227848101266,0.022598870056497175,0.027972027972027972,2635,Colon,2635__ch0__id80,neoplastic,neoplastic
8,20,362,550,367,555,0.6522522522522523,0.6581818181818182,0.9863760217983651,2635,Colon,2635__ch0__id87,neoplastic,neoplastic
9,5,554,651,572,669,0.828101644245142,0.8509984639016898,0.9685314685314685,2635,Colon,2635__ch0__id99,neoplastic,neoplastic
10,16,452,628,458,634,0.7129337539432177,0.7197452229299363,0.9868995633187773,2635,Colon,2635__ch0__id114,neoplastic,neoplastic
12,3,570,584,792,806,0.707196029776675,0.976027397260274,0.7196969696969697,2635,Colon,2635__ch0__id130,neoplastic,neoplastic
13,10,9,583,213,787,0.011435832274459974,0.015437392795883362,0.04225352112676056,2635,Colon,2635__ch0__id133,neoplastic,neoplastic
14,17,561,578,585,602,0.9318936877076412,0.9705882352941176,0.958974358974359,2635,Colon,2635__ch0__id135,neoplastic,neoplastic
15,6,551,575,586,610,0.9032786885245901,0.9582608695652174,0.9402730375426621,2635,Colon,2635__ch0__id137,neoplastic,neoplastic
17,12,536,559,574,597,0.897822445561139,0.9588550983899821,0.9337979094076655,2635,Colon,2635__ch0__id142,neoplastic,neoplastic
18,8,509,542,540,573,0.8883071553228621,0.9391143911439115,0.9425925925925925,2635,Colon,2635__ch0__id153,neoplastic,neoplastic
20,13,485,497,589,601,0.8069883527454242,0.9758551307847082,0.8234295415959253,2635,Colon,2635__ch0__id172,neoplastic,neoplastic
22,3,187,465,792,1070,0.17476635514018693,0.4021505376344086,0.2361111111111111,2635,Colon,2635__ch0__id188,neoplastic,neoplastic
23,4,434,443,1346,1355,0.3202952029520295,0.9796839729119639,0.3224368499257058,2635,Colon,2635__ch0__id194,neoplastic,neoplastic
24,19,354,426,371,443,0.7990970654627539,0.8309859154929577,0.954177897574124,2635,Colon,2635__ch0__id203,neoplastic,neoplastic
26,15,417,422,441,446,0.9349775784753364,0.9881516587677726,0.9455782312925171,2635,Colon,2635__ch0__id207,neoplastic,neoplastic
27,9,384,398,399,413,0.9297820823244553,0.964824120603015,0.9624060150375939,2635,Colon,2635__ch0__id213,neoplastic,neoplastic
28,17,6,386,585,965,0.0062176165803108805,0.015544041450777202,0.010256410256410256,2635,Colon,2635__ch0__id219,neoplastic,neoplastic
29,18,333,356,354,377,0.883289124668435,0.9353932584269663,0.940677966101695,2635,Colon,2635__ch0__id239,neoplastic,neoplastic
32,11,200,230,203,233,0.8583690987124464,0.8695652173913043,0.9852216748768473,2635,Colon,2635__ch0__id325,neoplastic,neoplastic
34,10,175,202,213,240,0.7291666666666666,0.8663366336633663,0.8215962441314554,2635,Colon,2635__ch0__id343,neoplastic,neoplastic
35,14,120,136,127,143,0.8391608391608392,0.8823529411764706,0.9448818897637795,2635,Colon,2635__ch1__id27,inflammatory,normal
37,2,128,166,151,189,0.6772486772486772,0.7710843373493976,0.847682119205298,2635,Colon,2635__ch2__id7,connective,normal
39,7,386,426,405,445,0.8674157303370786,0.9061032863849765,0.9530864197530864,2635,Colon,2635__ch2__id18,connective,normal
44,1,85,111,85,111,0.7657657657657657,0.7657657657657657,1.0,2635,Colon,2635__ch2__id92,connective,normal
