image_index,tissue_type,pred_id,pred_uid,pred_assigned_class,pred_area,pred_bbox_min_row,pred_bbox_min_col,pred_bbox_max_row,pred_bbox_max_col,pred_centroid_row,pred_centroid_col,pred_eccentricity,pred_solidity,pred_major_axis_length,pred_minor_axis_length,pred_cancer_overlap_px,pred_normal_overlap_px,pred_any_gt_overlap_px,pred_cancer_overlap_fraction,pred_normal_overlap_fraction,pred_any_gt_overlap_fraction
114,Breast,1,114__pred1,neoplastic_like,237.0,0,6,14,32,4.974683544303797,18.303797468354432,0.8135583475262638,0.9753086419753086,23.751830365286786,13.81129243616714,213,0,213,0.8987341772151899,0.0,0.8987341772151899
114,Breast,2,114__pred2,neoplastic_like,805.0,9,146,46,175,25.121739130434783,160.37639751552794,0.6275627674529374,0.9745762711864406,36.628211312491,28.517478946671275,628,0,628,0.7801242236024845,0.0,0.7801242236024845
114,Breast,3,114__pred3,neoplastic_like,511.0,13,9,41,38,27.31311154598826,22.142857142857142,0.8456116255815562,0.9641509433962264,35.130356521344005,18.75253622500116,502,0,502,0.9823874755381604,0.0,0.9823874755381604
114,Breast,4,114__pred4,neoplastic_like,692.0,19,179,53,206,35.793352601156066,191.78612716763007,0.6162367831825949,0.9624478442280946,33.455905240659135,26.348564027785137,653,0,653,0.9436416184971098,0.0,0.9436416184971098
114,Breast,5,114__pred5,neoplastic_like,953.0,22,207,60,241,41.02623294858342,223.60860440713537,0.6990546522090425,0.9665314401622718,41.250248020272856,29.496742406257987,823,0,823,0.863588667366212,0.0,0.863588667366212
114,Breast,6,114__pred6,neoplastic_like,426.0,42,1,67,23,53.96244131455399,11.093896713615024,0.5337539651362723,0.9638009049773756,25.34588305856525,21.43348798036774,400,0,400,0.9389671361502347,0.0,0.9389671361502347
114,Breast,7,114__pred7,neoplastic_like,493.0,48,233,77,255,63.022312373225155,244.3265720081136,0.7038255148017579,0.9723865877712031,29.92870505276433,21.260540741620925,493,0,493,1.0,0.0,1.0
114,Breast,8,114__pred8,neoplastic_like,415.0,57,173,81,195,68.58554216867469,183.70361445783132,0.4852507504668083,0.9651162790697675,24.616236401877767,21.523822668783556,281,0,281,0.6771084337349398,0.0,0.6771084337349398
114,Breast,9,114__pred9,neoplastic_like,710.0,65,123,95,157,80.2,140.1380281690141,0.7318879932223297,0.9607577807848444,36.54389722117597,24.901923414358723,638,0,638,0.8985915492957747,0.0,0.8985915492957747
114,Breast,10,114__pred10,neoplastic_like,603.0,69,195,99,221,82.42620232172472,207.44610281923715,0.5529795202924807,0.958664546899841,30.484430025784363,25.3994699576104,512,0,512,0.8490878938640133,0.0,0.8490878938640133
114,Breast,11,114__pred11,neoplastic_like,829.0,84,168,117,201,100.73462002412545,184.02050663449938,0.6982606314193806,0.9550691244239631,38.577628398104686,27.615549225895847,433,0,433,0.5223160434258143,0.0,0.5223160434258143
114,Breast,12,114__pred12,neoplastic_like,499.0,94,124,116,151,104.18436873747495,137.26052104208418,0.5493730790045837,0.9842209072978304,27.62346405767093,23.08153613844793,491,0,491,0.9839679358717435,0.0,0.9839679358717435
114,Breast,13,114__pred13,neoplastic_like,853.0,98,216,144,244,120.70808909730363,229.81828839390386,0.8628477920357095,0.9488320355951056,46.6584772647988,23.58417282058041,723,0,723,0.8475967174677609,0.0,0.8475967174677609
114,Breast,14,114__pred14,neoplastic_like,438.0,122,120,148,142,133.16666666666666,130.91095890410958,0.5366792683902913,0.9668874172185431,25.86398573335729,21.823677481351027,422,0,422,0.9634703196347032,0.0,0.9634703196347032
114,Breast,15,114__pred15,neoplastic_like,962.0,126,179,175,209,148.7993762993763,192.86902286902287,0.8960545255916105,0.9403714565004888,53.23887024056038,23.63507773145671,962,0,962,1.0,0.0,1.0
114,Breast,16,114__pred16,neoplastic_like,1023.0,127,4,173,40,148.51612903225808,23.81329423264907,0.8560548261017022,0.9359560841720037,51.67708845889948,26.711113441879895,996,0,996,0.9736070381231672,0.0,0.9736070381231672
114,Breast,17,114__pred17,neoplastic_like,225.0,127,245,158,255,143.7111111111111,250.32444444444445,0.9491409828934887,0.9375,30.94548864579723,9.743229957447316,224,0,224,0.9955555555555555,0.0,0.9955555555555555
114,Breast,18,114__pred18,neoplastic_like,1229.0,129,145,184,177,155.10089503661513,160.93002441008952,0.8786718065883737,0.9677165354330709,57.32320303918116,27.367603793122598,1000,0,1000,0.8136696501220505,0.0,0.8136696501220505
114,Breast,19,114__pred19,neoplastic_like,599.0,139,202,170,229,154.43405676126878,215.6260434056761,0.49557480214301836,0.9584,29.70031106213798,25.796658478449405,587,0,587,0.9799666110183639,0.0,0.9799666110183639
114,Breast,20,114__pred20,neoplastic_like,622.0,162,231,194,255,177.71543408360128,244.00321543408361,0.6530936808545706,0.9795275590551181,32.81868694987001,24.852840899229726,603,0,603,0.9694533762057878,0.0,0.9694533762057878
114,Breast,21,114__pred21,neoplastic_like,628.0,171,194,202,222,185.828025477707,207.01433121019107,0.6816129797078905,0.9676425269645609,33.16005371631352,24.263638567410794,608,0,608,0.9681528662420382,0.0,0.9681528662420382
114,Breast,22,114__pred22,neoplastic_like,478.0,185,0,218,19,200.5418410041841,8.57531380753138,0.8147533650416089,0.952191235059761,32.8037278800108,19.019853594132694,478,0,478,1.0,0.0,1.0
114,Breast,23,114__pred23,neoplastic_like,409.0,188,174,216,192,200.96088019559903,182.6161369193154,0.7692469307753041,0.9761336515513126,28.575062217404128,18.258082000071788,376,0,376,0.9193154034229829,0.0,0.9193154034229829
114,Breast,24,114__pred24,unmatched,810.0,201,186,238,217,219.01234567901236,200.8283950617284,0.7863687385201938,0.967741935483871,40.91027353999505,25.272624275732397,1,0,1,0.0012345679012345679,0.0,0.0012345679012345679
114,Breast,25,114__pred25,normal_like,546.0,207,147,249,182,229.05494505494505,164.3846153846154,0.9666066025670136,0.9333333333333333,52.84863711049808,13.543248322531019,0,522,522,0.0,0.9560439560439561,0.9560439560439561
165,Breast,1,165__pred1,normal_like,300.0,3,173,22,195,11.703333333333333,183.67333333333335,0.6756205372206817,0.9646302250803859,22.78615143748801,16.79907974996372,0,290,290,0.0,0.9666666666666667,0.9666666666666667
165,Breast,2,165__pred2,normal_like,432.0,9,152,38,172,23.555555555555557,161.38657407407408,0.7773504900712214,0.9642857142857143,29.640924521615535,18.646149260788548,0,410,410,0.0,0.9490740740740741,0.9490740740740741
165,Breast,3,165__pred3,normal_like,916.0,14,104,62,131,37.0032751091703,116.78602620087337,0.8807787406457481,0.9713679745493107,49.756179997214325,23.560946673583405,0,915,915,0.0,0.9989082969432315,0.9989082969432315
165,Breast,4,165__pred4,normal_like,197.0,27,176,41,193,33.7258883248731,183.71573604060913,0.6070509913974458,0.9704433497536946,17.81494126702077,14.156872545417652,0,179,179,0.0,0.9086294416243654,0.9086294416243654
165,Breast,5,165__pred5,normal_like,352.0,41,186,62,207,51.01704545454545,195.6221590909091,0.27633227118540343,0.9723756906077348,21.608631486113854,20.767238056508052,0,339,339,0.0,0.9630681818181818,0.9630681818181818
165,Breast,6,165__pred6,normal_like,203.0,47,167,67,181,56.330049261083744,173.02463054187191,0.744863114723705,0.9441860465116279,19.70810808582486,13.14959088525963,0,182,182,0.0,0.896551724137931,0.896551724137931
165,Breast,7,165__pred7,normal_like,549.0,73,225,101,252,86.4608378870674,238.39890710382514,0.7880328521449701,0.9665492957746479,33.78909349521182,20.801687396749017,0,460,460,0.0,0.8378870673952641,0.8378870673952641
165,Breast,8,165__pred8,normal_like,195.0,74,49,93,63,83.13846153846154,55.687179487179485,0.7829837629293285,0.9466019417475728,20.032311403711944,12.46094190387497,0,195,195,0.0,1.0,1.0
165,Breast,9,165__pred9,normal_like,421.0,80,106,113,133,98.02137767220903,117.95486935866984,0.9242914720932177,0.8825995807127882,39.110892952168484,14.92813521151027,0,416,416,0.0,0.9881235154394299,0.9881235154394299
165,Breast,10,165__pred10,normal_like,166.0,99,74,118,89,109.87349397590361,79.73493975903614,0.8568512950346986,0.9325842696629213,20.893022600465518,10.771682606364276,0,164,164,0.0,0.9879518072289156,0.9879518072289156
165,Breast,11,165__pred11,normal_like,238.0,100,239,120,255,110.78151260504201,247.7731092436975,0.6268965674140409,0.9754098360655737,20.410703355047335,15.90202985687218,0,143,143,0.0,0.6008403361344538,0.6008403361344538
165,Breast,12,165__pred12,normal_like,295.0,122,77,148,91,133.90169491525424,83.46101694915254,0.856983718342189,0.9577922077922078,27.217280252781542,14.026248030344432,0,261,261,0.0,0.8847457627118644,0.8847457627118644
165,Breast,13,165__pred13,normal_like,490.0,129,220,154,246,140.08775510204083,232.36530612244897,0.2531066345535229,0.9722222222222222,25.488345415299573,24.658403761436265,0,464,464,0.0,0.9469387755102041,0.9469387755102041
165,Breast,14,165__pred14,normal_like,362.0,150,191,177,213,161.38397790055248,202.49171270718233,0.8479539277742503,0.9679144385026738,29.971386088629387,15.88693068663997,0,345,345,0.0,0.9530386740331491,0.9530386740331491
165,Breast,15,165__pred15,normal_like,347.0,155,93,175,116,164.62247838616716,104.57636887608069,0.6118660885509424,0.961218836565097,23.78215902478578,18.810769096567444,0,328,328,0.0,0.9452449567723343,0.9452449567723343
165,Breast,16,165__pred16,normal_like,257.0,173,157,197,174,184.57198443579767,164.704280155642,0.9039125086424933,0.9589552238805971,27.740970377963517,11.865295803213769,0,244,244,0.0,0.9494163424124513,0.9494163424124513
165,Breast,17,165__pred17,normal_like,196.0,190,114,207,130,198.08673469387756,121.40306122448979,0.8144531945263094,0.9514563106796117,20.824308496344898,12.082873104642177,0,189,189,0.0,0.9642857142857143,0.9642857142857143
165,Breast,18,165__pred18,normal_like,326.0,205,48,235,63,217.66257668711657,55.24539877300614,0.8659292886997878,0.9504373177842566,29.12102957854168,14.565361672171143,0,326,326,0.0,1.0,1.0
165,Breast,19,165__pred19,normal_like,248.0,212,136,232,152,221.3266129032258,143.7258064516129,0.5812547712011729,0.9575289575289575,19.732928961233902,16.057111116899875,0,245,245,0.0,0.9879032258064516,0.9879032258064516
165,Breast,20,165__pred20,normal_like,515.0,228,196,255,220,241.1864077669903,207.52815533980583,0.42739110210974374,0.9662288930581614,26.982647556159986,24.394116831091125,0,467,467,0.0,0.9067961165048544,0.9067961165048544
176,Breast,1,176__pred1,normal_like,231.0,0,172,17,192,7.008658008658009,182.63203463203465,0.6458178190275795,0.9390243902439024,20.347418806996632,15.535082292872355,0,220,220,0.0,0.9523809523809523,0.9523809523809523
176,Breast,2,176__pred2,unmatched,107.0,1,80,11,97,4.934579439252336,86.44859813084112,0.8672323352181774,0.9067796610169492,17.325328582207092,8.62634489647033,0,0,0,0.0,0.0,0.0
176,Breast,3,176__pred3,normal_like,225.0,1,132,14,154,6.413333333333333,142.16,0.7823748949625947,0.9698275862068966,21.65077019298965,13.48426799584183,0,225,225,0.0,1.0,1.0
176,Breast,4,176__pred4,normal_like,251.0,5,94,23,112,13.450199203187251,102.62151394422311,0.3343541581744778,0.9580152671755725,18.448191251400853,17.38645178954147,0,251,251,0.0,1.0,1.0
176,Breast,5,176__pred5,unmatched,29.0,10,237,17,244,12.620689655172415,240.17241379310346,0.6785282503640204,0.8055555555555556,7.355225694527813,5.402959822159571,0,0,0,0.0,0.0,0.0
176,Breast,6,176__pred6,normal_like,634.0,21,218,43,255,30.675078864353313,235.91167192429023,0.8191067825274735,0.9562594268476622,37.71487288155371,21.63480008816483,0,598,598,0.0,0.943217665615142,0.943217665615142
176,Breast,7,176__pred7,unmatched,128.0,23,172,39,184,30.5625,177.171875,0.8083311807645038,0.9343065693430657,16.775676515145694,9.876311113426372,0,0,0,0.0,0.0,0.0
176,Breast,8,176__pred8,normal_like,400.0,39,189,62,215,49.2925,199.8,0.7470205106244436,0.9216589861751152,28.43274601753588,18.902117709460438,0,391,391,0.0,0.9775,0.9775
176,Breast,9,176__pred9,normal_like,639.0,42,218,69,248,54.757433489827854,231.9186228482003,0.4069569664504664,0.9711246200607903,29.867864447259123,27.28272107749148,0,639,639,0.0,1.0,1.0
176,Breast,10,176__pred10,normal_like,384.0,63,171,77,206,69.41927083333333,188.06510416666666,0.9208059982974826,0.9458128078817734,35.61084928973056,13.888975994778757,0,363,363,0.0,0.9453125,0.9453125
176,Breast,11,176__pred11,normal_like,279.0,63,238,87,256,75.06451612903226,248.3978494623656,0.5419696015188298,0.9554794520547946,21.738112096319075,18.268667903462386,0,266,266,0.0,0.953405017921147,0.953405017921147
176,Breast,12,176__pred12,normal_like,336.0,68,201,90,223,78.95833333333333,212.04464285714286,0.6547186045870598,0.96,23.86500158418253,18.03890334399754,0,327,327,0.0,0.9732142857142857,0.9732142857142857
176,Breast,13,176__pred13,normal_like,524.0,80,174,103,204,91.38740458015268,188.0114503816794,0.7569363072873705,0.9721706864564007,31.978872194878484,20.89783028906633,0,511,511,0.0,0.9751908396946565,0.9751908396946565
176,Breast,14,176__pred14,normal_like,255.0,90,1,100,35,94.73333333333333,16.48235294117647,0.9674103612835766,0.9272727272727272,36.39599322976997,9.215965189876469,0,251,251,0.0,0.984313725490196,0.984313725490196
176,Breast,15,176__pred15,normal_like,790.0,100,199,130,232,114.66835443037975,215.63797468354431,0.5112029081596016,0.971709717097171,34.23159176782475,29.42068575443662,0,786,786,0.0,0.9949367088607595,0.9949367088607595
176,Breast,16,176__pred16,normal_like,116.0,103,249,131,255,117.66379310344827,252.26724137931035,0.9823483125956856,0.8923076923076924,29.242543452399143,5.4701374681879384,0,116,116,0.0,1.0,1.0
176,Breast,17,176__pred17,normal_like,293.0,109,169,127,192,116.91126279863481,181.0273037542662,0.6296202898295242,0.9543973941368078,22.321590833651054,17.34171115963174,0,293,293,0.0,1.0,1.0
176,Breast,18,176__pred18,normal_like,349.0,117,146,135,173,126.11461318051576,158.97707736389685,0.7767843596015876,0.9614325068870524,26.83375399433881,16.89900389736946,0,349,349,0.0,1.0,1.0
176,Breast,19,176__pred19,normal_like,145.0,126,127,138,144,131.00689655172414,135.3793103448276,0.7748074721915891,0.9477124183006536,17.159931886677043,10.848461994978603,0,143,143,0.0,0.9862068965517241,0.9862068965517241
176,Breast,20,176__pred20,normal_like,237.0,137,127,156,143,145.57383966244726,134.25316455696202,0.5584240168206603,0.9713114754098361,19.09200268023436,15.837879164901528,0,224,224,0.0,0.9451476793248945,0.9451476793248945
176,Breast,21,176__pred21,normal_like,128.0,148,117,160,134,154.078125,124.390625,0.7326854072395672,0.9142857142857143,15.695725657748586,10.682000448263084,0,102,102,0.0,0.796875,0.796875
176,Breast,22,176__pred22,normal_like,497.0,149,75,171,106,160.1851106639839,90.71830985915493,0.7052330577757877,0.9307116104868914,30.43925922915377,21.580690633491116,0,497,497,0.0,1.0,1.0
176,Breast,23,176__pred23,normal_like,391.0,157,44,178,73,167.8312020460358,56.68286445012788,0.8586876844493905,0.9243498817966903,31.860361384131046,16.328410671429143,0,384,384,0.0,0.9820971867007673,0.9820971867007673
176,Breast,24,176__pred24,normal_like,628.0,162,162,185,199,172.6544585987261,179.4140127388535,0.8343798252439251,0.9573170731707317,38.12534841707177,21.014307028641106,0,577,577,0.0,0.9187898089171974,0.9187898089171974
176,Breast,25,176__pred25,normal_like,406.0,165,123,181,155,173.11576354679804,138.07881773399015,0.8568882655275434,0.9689737470167065,31.881069007441855,16.434760661157817,0,406,406,0.0,1.0,1.0
176,Breast,26,176__pred26,normal_like,357.0,178,6,196,34,187.18487394957984,18.717086834733895,0.8036542011447081,0.9545454545454546,27.80324127776632,16.54561345753284,0,313,313,0.0,0.876750700280112,0.876750700280112
176,Breast,27,176__pred27,normal_like,521.0,178,69,200,101,188.3435700575816,85.00575815738964,0.7367517085847555,0.9594843462246777,31.36128524321481,21.205352711074436,0,521,521,0.0,1.0,1.0
176,Breast,28,176__pred28,normal_like,561.0,180,121,201,157,189.63101604278074,138.8698752228164,0.8436776878771922,0.949238578680203,36.66139345714369,19.681670323012355,0,523,523,0.0,0.9322638146167558,0.9322638146167558
176,Breast,29,176__pred29,normal_like,649.0,197,24,224,55,209.21571648690292,38.78736517719569,0.5238397534486133,0.9730134932533733,31.174617497650917,26.555063868602957,0,592,592,0.0,0.9121725731895224,0.9121725731895224
176,Breast,30,176__pred30,normal_like,409.0,215,11,237,39,227.11735941320293,24.198044009779952,0.7207089984425626,0.9211711711711712,27.592711157693305,19.128308233931133,0,406,406,0.0,0.9926650366748166,0.9926650366748166
176,Breast,31,176__pred31,normal_like,143.0,231,249,256,256,242.97202797202797,252.51048951048952,0.9605277327185048,0.9662162162162162,26.060488283340643,7.249617281434794,0,143,143,0.0,1.0,1.0
176,Breast,32,176__pred32,normal_like,342.0,237,217,256,240,246.33918128654972,228.17251461988303,0.6802128536141994,0.9661016949152542,24.407444903690664,17.891014627923212,0,339,339,0.0,0.9912280701754386,0.9912280701754386
176,Breast,33,176__pred33,normal_like,344.0,243,4,256,35,249.59011627906978,18.575581395348838,0.9019248788269649,0.98005698005698,32.237114563636155,13.922982235684033,0,334,334,0.0,0.9709302325581395,0.9709302325581395
200,Breast,1,200__pred1,normal_like,279.0,15,86,29,113,21.08243727598566,98.85663082437276,0.8964816966223947,0.9457627118644067,28.371164383603418,12.570717324937519,0,278,278,0.0,0.996415770609319,0.996415770609319
200,Breast,2,200__pred2,normal_like,508.0,52,39,81,62,65.66732283464567,51.175196850393704,0.6274757695769616,0.9603024574669187,29.080300499798447,22.642971438781778,0,485,485,0.0,0.9547244094488189,0.9547244094488189
200,Breast,3,200__pred3,normal_like,185.0,54,27,72,41,62.05945945945946,33.913513513513514,0.7579351225511124,0.9487179487179487,19.058492277588943,12.4324251149173,0,168,168,0.0,0.9081081081081082,0.9081081081081082
200,Breast,4,200__pred4,normal_like,257.0,57,2,79,18,67.94941634241245,8.75875486381323,0.7508883113739303,0.9448529411764706,22.32883535745286,14.746615136265497,0,257,257,0.0,1.0,1.0
200,Breast,5,200__pred5,normal_like,363.0,63,65,83,89,72.41046831955923,76.36363636363636,0.7269226169890536,0.9628647214854111,25.992241135444672,17.84937575599159,0,350,350,0.0,0.9641873278236914,0.9641873278236914
200,Breast,6,200__pred6,normal_like,477.0,68,15,98,38,81.77358490566037,26.259958071278827,0.825414157756071,0.950199203187251,33.04580120715297,18.65526851427006,0,468,468,0.0,0.9811320754716981,0.9811320754716981
200,Breast,7,200__pred7,normal_like,387.0,70,96,89,125,78.60206718346254,109.92764857881137,0.8403175501357069,0.9485294117647058,30.26132746633607,16.40449828913464,0,387,387,0.0,1.0,1.0
200,Breast,8,200__pred8,normal_like,211.0,81,75,100,90,89.9478672985782,82.55450236966824,0.5133913902736907,0.9547511312217195,17.806352503056228,15.280602924728148,0,211,211,0.0,1.0,1.0
200,Breast,9,200__pred9,normal_like,308.0,90,95,109,117,98.4512987012987,105.37662337662337,0.6747455609320191,0.9535603715170279,23.09362630954366,17.044260683760765,0,296,296,0.0,0.961038961038961,0.961038961038961
200,Breast,10,200__pred10,normal_like,258.0,97,128,116,148,105.6124031007752,138.2093023255814,0.646370653437768,0.9555555555555556,20.90335696577262,15.949754193970096,0,252,252,0.0,0.9767441860465116,0.9767441860465116
200,Breast,11,200__pred11,normal_like,660.0,112,101,138,135,124.5909090909091,117.57727272727273,0.6528421107647201,0.9620991253644315,33.32044570425795,25.240038102466308,0,593,593,0.0,0.8984848484848484,0.8984848484848484
200,Breast,12,200__pred12,normal_like,302.0,119,140,136,164,126.36754966887418,150.4503311258278,0.8006393511955098,0.9587301587301588,25.531779801453265,15.297278655707423,0,249,249,0.0,0.8245033112582781,0.8245033112582781
200,Breast,13,200__pred13,normal_like,591.0,138,136,162,170,148.922165820643,152.16920473773266,0.7924411397282828,0.9688524590163935,35.1650666488114,21.448875832880677,0,525,525,0.0,0.8883248730964467,0.8883248730964467
200,Breast,14,200__pred14,normal_like,350.0,158,164,177,193,166.7942857142857,178.32285714285715,0.8988749242049533,0.9358288770053476,32.07683037099118,14.056236551926636,0,332,332,0.0,0.9485714285714286,0.9485714285714286
200,Breast,15,200__pred15,normal_like,414.0,175,173,198,196,185.7246376811594,184.22946859903382,0.5273214758930622,0.9627906976744186,24.949197223960468,21.198480930798073,0,356,356,0.0,0.8599033816425121,0.8599033816425121
200,Breast,16,200__pred16,normal_like,719.0,188,140,218,170,202.44645340751043,154.5146036161335,0.2998242777433474,0.9809004092769441,30.977349484122172,29.55221935115959,0,683,683,0.0,0.9499304589707928,0.9499304589707928
200,Breast,17,200__pred17,normal_like,223.0,207,66,224,83,215.30044843049328,73.84304932735427,0.21334881213613757,0.9570815450643777,17.04727299874069,16.654778153745713,0,222,222,0.0,0.9955156950672646,0.9955156950672646
200,Breast,18,200__pred18,normal_like,352.0,211,130,238,154,225.30397727272728,140.35227272727272,0.9127633690645941,0.9119170984455959,33.907719911557976,13.850921010436496,0,338,338,0.0,0.9602272727272727,0.9602272727272727
200,Breast,19,200__pred19,normal_like,495.0,214,113,250,132,232.46060606060607,121.4949494949495,0.863149051997414,0.9519230769230769,35.50165729919505,17.926534135829215,0,425,425,0.0,0.8585858585858586,0.8585858585858586
200,Breast,20,200__pred20,normal_like,519.0,220,86,252,106,235.98265895953756,95.44315992292871,0.7872736672418674,0.9719101123595506,32.766375813553125,20.203869891097593,0,514,514,0.0,0.9903660886319846,0.9903660886319846
200,Breast,21,200__pred21,normal_like,267.0,228,194,243,218,235.67790262172284,205.76029962546818,0.7920739352888574,0.9638989169675091,23.910102868705142,14.595328468638574,0,248,248,0.0,0.9288389513108615,0.9288389513108615
200,Breast,22,200__pred22,normal_like,294.0,236,1,255,20,245.20068027210885,8.976190476190476,0.38861939946714913,0.9735099337748344,20.340029578665458,18.74127016707463,0,268,268,0.0,0.9115646258503401,0.9115646258503401
200,Breast,23,200__pred23,normal_like,315.0,237,66,256,86,246.42539682539683,74.95238095238095,0.5290761166133806,0.9603658536585366,22.00475438664401,18.672670608912195,0,315,315,0.0,1.0,1.0
200,Breast,24,200__pred24,normal_like,37.0,252,21,255,36,253.02702702702703,28.18918918918919,0.9812275409294365,0.9024390243902439,16.34328672308569,3.151861760403996,0,37,37,0.0,1.0,1.0
220,Breast,1,220__pred1,normal_like,378.0,0,11,14,48,6.007936507936508,28.54232804232804,0.9231390577554777,0.9402985074626866,36.11711004531627,13.885809045363944,0,378,378,0.0,1.0,1.0
220,Breast,2,220__pred2,normal_like,275.0,0,116,13,143,5.447272727272727,127.98181818181818,0.8759084664074995,0.9649122807017544,27.249240534984157,13.147140380475589,0,272,272,0.0,0.9890909090909091,0.9890909090909091
220,Breast,3,220__pred3,unmatched,152.0,1,222,12,240,5.506578947368421,230.73026315789474,0.7740960619023871,0.9681528662420382,17.5996685803611,11.141789689982453,0,0,0,0.0,0.0,0.0
220,Breast,4,220__pred4,normal_like,448.0,7,136,29,163,17.337053571428573,149.59151785714286,0.6317889099148913,0.9760348583877996,27.138440188566364,21.03610372181291,0,398,398,0.0,0.8883928571428571,0.8883928571428571
220,Breast,5,220__pred5,normal_like,345.0,13,168,33,191,22.31304347826087,178.63768115942028,0.5528718244210656,0.9556786703601108,23.026992372087257,19.18761699717672,0,345,345,0.0,1.0,1.0
220,Breast,6,220__pred6,unmatched,160.0,14,238,27,253,20.0125,244.95625,0.5493670592821742,0.9815950920245399,15.59611033470981,13.03181558446704,0,0,0,0.0,0.0,0.0
220,Breast,7,220__pred7,normal_like,383.0,24,0,44,25,32.87728459530026,11.5822454308094,0.6805508527655298,0.9623115577889447,25.906502026628072,18.981716076817598,0,370,370,0.0,0.9660574412532638,0.9660574412532638
220,Breast,8,220__pred8,normal_like,502.0,37,196,60,229,48.657370517928285,211.40637450199202,0.854732508784309,0.9598470363288719,35.312212815145585,18.329465186084974,0,488,488,0.0,0.9721115537848606,0.9721115537848606
220,Breast,9,220__pred9,normal_like,446.0,51,26,75,61,61.65919282511211,44.87668161434978,0.9160766746937425,0.9429175475687104,37.99769494519392,15.237195354965868,0,424,424,0.0,0.9506726457399103,0.9506726457399103
220,Breast,10,220__pred10,normal_like,613.0,64,171,97,198,79.99184339314846,184.15171288743883,0.7793481060980286,0.9638364779874213,35.35655140213012,22.15410390332238,0,593,593,0.0,0.967373572593801,0.967373572593801
220,Breast,11,220__pred11,normal_like,257.0,64,211,78,235,70.51750972762646,222.36186770428014,0.8504840093286178,0.9661654135338346,24.959861533983197,13.128909703720279,0,257,257,0.0,1.0,1.0
220,Breast,12,220__pred12,normal_like,212.0,87,195,105,210,95.7122641509434,202.54245283018867,0.527854265040035,0.9680365296803652,17.973461121022456,15.265488888642624,0,212,212,0.0,1.0,1.0
220,Breast,13,220__pred13,normal_like,300.0,88,222,104,245,95.04333333333334,233.48666666666668,0.7658047942236529,0.9836065573770492,24.45714901500271,15.727734733130822,0,300,300,0.0,1.0,1.0
220,Breast,14,220__pred14,normal_like,323.0,90,1,111,19,100.3405572755418,8.622291021671826,0.5411453003797047,0.9787878787878788,22.388428485535172,18.82708118515072,0,323,323,0.0,1.0,1.0
220,Breast,15,220__pred15,normal_like,371.0,90,89,106,119,97.28571428571429,103.56603773584905,0.8940240932749285,0.948849104859335,32.723045688305625,14.660542418511884,0,328,328,0.0,0.8840970350404312,0.8840970350404312
220,Breast,16,220__pred16,normal_like,406.0,96,131,115,160,104.66995073891626,145.66995073891624,0.8337025921319159,0.9666666666666667,30.636492565247508,16.917891397282816,0,405,405,0.0,0.9975369458128078,0.9975369458128078
220,Breast,17,220__pred17,normal_like,443.0,107,183,128,212,117.20090293453724,197.1783295711061,0.8026971467215099,0.9547413793103449,30.80368911663717,18.37091552848879,0,388,388,0.0,0.8758465011286681,0.8758465011286681
220,Breast,18,220__pred18,normal_like,355.0,109,35,131,57,119.35774647887324,45.19718309859155,0.6469515771262286,0.9646739130434783,24.454527167380636,18.647337154350783,0,352,352,0.0,0.9915492957746479,0.9915492957746479
220,Breast,19,220__pred19,normal_like,114.0,111,217,123,231,116.5,223.4298245614035,0.48944926902601943,0.926829268292683,13.001991401079406,11.33814961348004,0,114,114,0.0,1.0,1.0
220,Breast,20,220__pred20,normal_like,316.0,155,112,174,135,163.26898734177215,123.61075949367088,0.6239235959784961,0.9518072289156626,22.85801310727839,17.863202287403528,0,278,278,0.0,0.879746835443038,0.879746835443038
220,Breast,21,220__pred21,normal_like,418.0,158,141,181,164,169.05980861244018,152.57894736842104,0.48098738677880504,0.9675925925925926,24.658597296813113,21.61887070613032,0,413,413,0.0,0.9880382775119617,0.9880382775119617
220,Breast,22,220__pred22,normal_like,540.0,167,100,194,126,180.23888888888888,112.33518518518518,0.4267580218766794,0.9660107334525939,27.5970390535194,24.95781968291481,0,495,495,0.0,0.9166666666666666,0.9166666666666666
220,Breast,23,220__pred23,normal_like,356.0,169,232,191,256,178.36797752808988,244.6573033707865,0.7890853257362483,0.9493333333333334,27.574070121433778,16.938299228700696,0,356,356,0.0,1.0,1.0
220,Breast,24,220__pred24,normal_like,311.0,170,176,187,199,178.56270096463024,186.94212218649517,0.7262708523593808,0.9658385093167702,24.085033759030207,16.55626048751293,0,310,310,0.0,0.9967845659163987,0.9967845659163987
220,Breast,25,220__pred25,normal_like,410.0,171,55,192,85,182.06585365853658,70.94878048780488,0.8758514583737005,0.9447004608294931,33.44718096722709,16.140967152626963,0,385,385,0.0,0.9390243902439024,0.9390243902439024
220,Breast,26,220__pred26,normal_like,281.0,184,161,206,180,194.66548042704628,170.22775800711744,0.8141438347852691,0.95578231292517,24.933868190359973,14.478181075477998,0,277,277,0.0,0.9857651245551602,0.9857651245551602
220,Breast,27,220__pred27,normal_like,641.0,194,130,220,162,205.99687987519502,145.606864274571,0.5610356003754704,0.9741641337386018,31.46407310126567,26.045697735137644,0,636,636,0.0,0.9921996879875195,0.9921996879875195
220,Breast,28,220__pred28,normal_like,527.0,198,42,225,69,211.07210626185957,55.05882352941177,0.7307041586067581,0.9634369287020109,31.380763432351472,21.423466609054756,0,523,523,0.0,0.9924098671726755,0.9924098671726755
220,Breast,29,220__pred29,normal_like,227.0,199,19,218,35,207.34801762114537,26.73568281938326,0.48972091261781775,0.9458333333333333,18.302866625557385,15.957889638560795,0,220,220,0.0,0.9691629955947136,0.9691629955947136
220,Breast,30,220__pred30,normal_like,116.0,205,0,223,9,212.68103448275863,3.7155172413793105,0.8820443172861888,0.90625,18.40411993889732,8.671403832328116,0,112,112,0.0,0.9655172413793104,0.9655172413793104
220,Breast,31,220__pred31,normal_like,447.0,212,6,238,29,224.58389261744966,17.257270693512304,0.4251679515212289,0.9654427645788337,25.11092716052969,22.728263655673533,0,424,424,0.0,0.9485458612975392,0.9485458612975392
220,Breast,32,220__pred32,normal_like,170.0,233,144,249,158,240.31764705882352,150.3294117647059,0.6684610509188055,0.9659090909090909,17.076871709342154,12.700874667854649,0,170,170,0.0,1.0,1.0
220,Breast,33,220__pred33,normal_like,310.0,239,88,256,111,247.45806451612904,99.20967741935483,0.6932435147023608,0.9717868338557993,23.4586512321104,16.906730329816206,0,309,309,0.0,0.9967741935483871,0.9967741935483871
220,Breast,34,220__pred34,normal_like,262.0,241,229,256,252,248.95801526717557,240.34351145038167,0.7124269047488259,0.9703703703703703,22.164201533265846,15.553646984199116,0,262,262,0.0,1.0,1.0
220,Breast,35,220__pred35,normal_like,252.0,243,119,256,144,249.68253968253967,131.44444444444446,0.8169976600559923,0.9581749049429658,23.972438413462346,13.82349045555011,0,222,222,0.0,0.8809523809523809,0.8809523809523809
228,Breast,1,228__pred1,normal_like,76.0,0,1,6,23,2.6315789473684212,9.828947368421053,0.9771170931678242,0.7676767676767676,23.399482135454342,4.977119148355774,0,76,76,0.0,1.0,1.0
228,Breast,2,228__pred2,normal_like,88.0,0,245,12,256,5.090909090909091,250.92045454545453,0.5379468967894862,0.9072164948453608,11.950786378491143,10.074258702591715,0,88,88,0.0,1.0,1.0
228,Breast,3,228__pred3,normal_like,301.0,10,180,27,202,17.611295681063122,190.43189368770763,0.734221278660319,0.9647435897435898,23.847039409522296,16.189999248554432,0,193,193,0.0,0.6411960132890365,0.6411960132890365
228,Breast,4,228__pred4,normal_like,443.0,24,155,43,187,33.534988713318285,170.5237020316027,0.8115271156774753,0.9568034557235421,31.14320595341661,18.197434959373,0,422,422,0.0,0.9525959367945824,0.9525959367945824
228,Breast,5,228__pred5,normal_like,238.0,25,244,53,256,39.64705882352941,250.01260504201682,0.9099429815734218,0.9224806201550387,27.99529516843635,11.610583180015189,0,237,237,0.0,0.9957983193277311,0.9957983193277311
228,Breast,6,228__pred6,normal_like,450.0,28,201,48,233,38.102222222222224,215.66,0.8202855652905621,0.9533898305084746,31.77183237212612,18.172032535821387,0,434,434,0.0,0.9644444444444444,0.9644444444444444
228,Breast,7,228__pred7,normal_like,350.0,29,139,53,163,40.808571428571426,150.77142857142857,0.8504899805513451,0.9562841530054644,29.228275413419926,15.373817061847388,0,335,335,0.0,0.9571428571428572,0.9571428571428572
228,Breast,8,228__pred8,normal_like,307.0,41,53,61,84,50.534201954397396,66.9543973941368,0.9125176300729775,0.9136904761904762,32.28504124921369,13.20578855035648,0,295,295,0.0,0.9609120521172638,0.9609120521172638
228,Breast,9,228__pred9,normal_like,151.0,46,132,60,149,52.36423841059602,139.66887417218544,0.8535943953859039,0.94375,19.25903178073581,10.032765348610974,0,151,151,0.0,1.0,1.0
228,Breast,10,228__pred10,normal_like,457.0,46,179,67,206,56.0437636761488,192.1487964989059,0.7165426584815051,0.9723404255319149,28.88937974530012,20.15159252046564,0,410,410,0.0,0.8971553610503282,0.8971553610503282
228,Breast,11,228__pred11,normal_like,294.0,69,32,87,53,77.47278911564626,42.24829931972789,0.48463930605684097,0.9671052631578947,20.69138930217445,18.099049808997815,0,293,293,0.0,0.9965986394557823,0.9965986394557823
228,Breast,12,228__pred12,normal_like,445.0,71,168,90,200,80.6,183.6,0.8443658953330155,0.956989247311828,32.54213603997143,17.435001278934347,0,417,417,0.0,0.9370786516853933,0.9370786516853933
228,Breast,13,228__pred13,normal_like,196.0,79,60,89,84,83.91836734693878,71.00510204081633,0.9155677896130756,0.9468599033816425,25.228242651293815,10.145882813989688,0,196,196,0.0,1.0,1.0
228,Breast,14,228__pred14,normal_like,652.0,83,197,105,239,93.3036809815951,217.88650306748465,0.8706698106030786,0.9394812680115274,41.59189680740412,20.457721047478177,0,567,567,0.0,0.8696319018404908,0.8696319018404908
228,Breast,15,228__pred15,normal_like,76.0,99,248,115,255,106.84210526315789,251.64473684210526,0.9143306758668505,0.8735632183908046,16.191530234207015,6.557058295814122,0,76,76,0.0,1.0,1.0
228,Breast,16,228__pred16,normal_like,390.0,102,39,122,69,111.25128205128205,52.90512820512821,0.8605807442933262,0.9535452322738386,31.33351728510985,15.958600005517273,0,387,387,0.0,0.9923076923076923,0.9923076923076923
228,Breast,17,228__pred17,normal_like,136.0,112,0,128,12,118.96323529411765,4.801470588235294,0.49062629073689307,0.9444444444444444,14.431564835773393,12.57523402507216,0,136,136,0.0,1.0,1.0
228,Breast,18,228__pred18,normal_like,385.0,116,88,140,109,127.28571428571429,98.11168831168831,0.7001278486472907,0.9600997506234414,26.24427490464177,18.73887165306687,0,374,374,0.0,0.9714285714285714,0.9714285714285714
228,Breast,19,228__pred19,normal_like,606.0,130,121,152,162,139.6848184818482,142.3036303630363,0.885770397667539,0.8820960698689956,42.41829078153687,19.687333777959424,0,355,355,0.0,0.5858085808580858,0.5858085808580858
228,Breast,20,228__pred20,normal_like,427.0,135,83,159,107,147.05620608899298,94.65105386416862,0.6320590999233108,0.9552572706935123,26.51598070644032,20.54776869303202,0,366,366,0.0,0.8571428571428571,0.8571428571428571
228,Breast,21,228__pred21,normal_like,376.0,154,162,182,183,167.42021276595744,172.02925531914894,0.8629173467490125,0.9543147208121827,30.907769306027706,15.619089238185323,0,347,347,0.0,0.9228723404255319,0.9228723404255319
228,Breast,22,228__pred22,normal_like,227.0,161,69,176,89,168.5066079295154,78.42731277533039,0.6752430175162887,0.9578059071729957,19.82096663125137,14.61985237570161,0,204,204,0.0,0.8986784140969163,0.8986784140969163
228,Breast,23,228__pred23,normal_like,285.0,170,115,185,139,176.87719298245614,126.25614035087719,0.796612583238461,0.9661016949152542,24.51016867075334,14.816156565775593,0,247,247,0.0,0.8666666666666667,0.8666666666666667
228,Breast,24,228__pred24,normal_like,414.0,176,143,200,166,187.9830917874396,154.1014492753623,0.5330140326166508,0.9672897196261683,25.02312707798177,21.172227982191092,0,382,382,0.0,0.9227053140096618,0.9227053140096618
228,Breast,25,228__pred25,normal_like,330.0,177,91,198,113,187.27272727272728,101.4969696969697,0.22461403645791395,0.9620991253644315,20.833296485672665,20.30096013781373,0,311,311,0.0,0.9424242424242424,0.9424242424242424
228,Breast,26,228__pred26,normal_like,85.0,188,0,208,7,198.14117647058825,2.8117647058823527,0.9530967380572672,0.85,19.685543419904924,5.958141444040268,0,84,84,0.0,0.9882352941176471,0.9882352941176471
228,Breast,27,228__pred27,normal_like,537.0,190,168,218,194,203.17877094972067,180.6536312849162,0.58265732348762,0.9623655913978495,29.031149626035194,23.594136001816388,0,527,527,0.0,0.9813780260707635,0.9813780260707635
228,Breast,28,228__pred28,normal_like,294.0,199,52,222,72,210.08843537414967,61.642857142857146,0.8234445090023392,0.9483870967741935,25.88473788035316,14.68691771458698,0,294,294,0.0,1.0,1.0
228,Breast,29,228__pred29,normal_like,388.0,199,120,219,148,208.14690721649484,133.52319587628867,0.8149994176005699,0.9675810473815462,29.226534809755236,16.935659753711178,0,387,387,0.0,0.9974226804123711,0.9974226804123711
228,Breast,30,228__pred30,normal_like,694.0,201,17,231,46,215.86743515850145,31.04178674351585,0.49308558092546434,0.9679218967921897,31.88756375797554,27.74156854920035,0,671,671,0.0,0.9668587896253602,0.9668587896253602
228,Breast,31,228__pred31,normal_like,312.0,207,151,228,170,217.2948717948718,159.91346153846155,0.5156760791000429,0.968944099378882,21.59796722526618,18.504784669236294,0,281,281,0.0,0.9006410256410257,0.9006410256410257
228,Breast,32,228__pred32,normal_like,464.0,217,57,242,88,230.95474137931035,73.02370689655173,0.8701888579780421,0.8923076923076924,35.993243947591694,17.73453100285828,0,464,464,0.0,1.0,1.0
228,Breast,33,228__pred33,normal_like,175.0,224,232,236,255,229.09142857142857,243.6457142857143,0.9214230716669063,0.9408602150537635,24.435265534551544,9.494587195400307,0,175,175,0.0,1.0,1.0
228,Breast,34,228__pred34,normal_like,328.0,235,89,255,110,244.8689024390244,98.6219512195122,0.4165814170009816,0.9618768328445748,21.49175147335471,19.538117139172392,0,312,312,0.0,0.9512195121951219,0.9512195121951219
238,Breast,1,238__pred1,neoplastic_like,398.0,0,0,22,34,7.922110552763819,12.306532663316583,0.8614458228874675,0.8864142538975501,34.61634829342857,17.579894476685684,338,0,338,0.8492462311557789,0.0,0.8492462311557789
238,Breast,2,238__pred2,neoplastic_like,451.0,2,148,22,177,10.235033259423503,162.22172949002217,0.7422652456049933,0.9636752136752137,29.612513183646158,19.843528370144377,439,0,439,0.9733924611973392,0.0,0.9733924611973392
238,Breast,3,238__pred3,neoplastic_like,490.0,23,100,49,124,34.83673469387755,112.68163265306123,0.41981003257640087,0.9683794466403162,26.54615953120608,24.093612856753378,489,0,489,0.9979591836734694,0.0,0.9979591836734694
238,Breast,4,238__pred4,neoplastic_like,879.0,32,3,61,43,45.926052332195674,22.35608646188851,0.6839212146311053,0.9627601314348302,39.26484927996033,28.645901404039005,879,0,879,1.0,0.0,1.0
238,Breast,5,238__pred5,neoplastic_like,611.0,40,70,62,106,50.86906710310966,86.79214402618658,0.8164274568010884,0.9729299363057324,36.77835516347208,21.237588112582497,611,0,611,1.0,0.0,1.0
238,Breast,6,238__pred6,neoplastic_like,630.0,66,227,96,255,80.22222222222223,241.64285714285714,0.5718976538829427,0.9722222222222222,31.396768115215266,25.755553189022933,571,0,571,0.9063492063492063,0.0,0.9063492063492063
238,Breast,7,238__pred7,neoplastic_like,480.0,95,183,116,211,106.03125,196.45416666666668,0.6628556697303291,0.9815950920245399,28.777833205240437,21.54732187303679,397,0,397,0.8270833333333333,0.0,0.8270833333333333
238,Breast,8,238__pred8,neoplastic_like,590.0,119,152,151,179,136.7915254237288,165.5,0.6559967690662111,0.9656301145662848,32.02865158174069,24.174063491881647,548,0,548,0.9288135593220339,0.0,0.9288135593220339
238,Breast,9,238__pred9,neoplastic_like,752.0,122,187,154,218,136.875,202.30718085106383,0.4374343339470213,0.9715762273901809,32.68229139855558,29.389562188097933,713,0,713,0.9481382978723404,0.0,0.9481382978723404
238,Breast,10,238__pred10,neoplastic_like,780.0,125,220,164,247,144.03974358974358,232.27307692307693,0.8068420492657576,0.9713574097135741,41.116891693416186,24.290511776752492,780,0,780,1.0,0.0,1.0
238,Breast,11,238__pred11,neoplastic_like,372.0,141,242,179,256,160.2768817204301,249.55645161290323,0.9323894872450738,0.9346733668341709,37.33496902457446,13.494917790315995,370,0,370,0.9946236559139785,0.0,0.9946236559139785
238,Breast,12,238__pred12,neoplastic_like,992.0,146,169,183,205,164.6391129032258,185.81048387096774,0.7063210900100033,0.9725490196078431,42.343161013540104,29.974368012586126,992,0,992,1.0,0.0,1.0
238,Breast,13,238__pred13,normal_like,456.0,150,121,174,148,161.37719298245614,133.65131578947367,0.549492854809272,0.9480249480249481,26.556683886769175,22.18806731167617,0,445,445,0.0,0.9758771929824561,0.9758771929824561
238,Breast,14,238__pred14,normal_like,324.0,198,7,219,29,208.39814814814815,18.503086419753085,0.6480570699540577,0.9642857142857143,23.416829467911533,17.834064755235058,0,278,278,0.0,0.8580246913580247,0.8580246913580247
238,Breast,15,238__pred15,neoplastic_like,663.0,221,14,254,49,237.05279034690798,30.368024132730014,0.8876223436419741,0.9539568345323741,43.08712337139864,19.844722954169132,661,0,661,0.9969834087481146,0.0,0.9969834087481146
241,Breast,1,241__pred1,normal_like,302.0,0,144,14,172,5.576158940397351,156.89403973509934,0.8490358416431635,0.9805194805194806,27.52533652163727,14.542605636181952,0,285,285,0.0,0.9437086092715232,0.9437086092715232
241,Breast,2,241__pred2,normal_like,336.0,2,121,22,145,11.619047619047619,132.55654761904762,0.5134720058135923,0.9333333333333333,22.538136962382588,19.340118330803055,0,286,286,0.0,0.8511904761904762,0.8511904761904762
241,Breast,3,241__pred3,unmatched,43.0,2,237,11,246,4.976744186046512,240.37209302325581,0.7571728112732472,0.7818181818181819,10.303165318100234,6.730178171425703,0,0,0,0.0,0.0,0.0
241,Breast,4,241__pred4,normal_like,250.0,3,215,23,233,12.736,223.856,0.7559732893537067,0.946969696969697,22.07149346021847,14.448054001682488,0,242,242,0.0,0.968,0.968
241,Breast,5,241__pred5,normal_like,220.0,16,177,40,198,28.045454545454547,187.64545454545456,0.9525577174305462,0.9482758620689655,30.41266893821608,9.256339232566576,0,220,220,0.0,1.0,1.0
241,Breast,6,241__pred6,normal_like,320.0,23,54,37,85,30.203125,70.36875,0.9092853280996389,0.9384164222873901,31.789641977212472,13.229999308792541,0,261,261,0.0,0.815625,0.815625
241,Breast,7,241__pred7,normal_like,401.0,28,223,51,248,38.00249376558604,236.74812967581047,0.4686619039884974,0.9570405727923628,24.621952847929144,21.750482109803183,0,315,315,0.0,0.7855361596009975,0.7855361596009975
241,Breast,8,241__pred8,normal_like,358.0,54,144,73,171,62.70949720670391,156.77932960893855,0.8091541465418776,0.9546666666666667,28.02765327150811,16.468949065274835,0,343,343,0.0,0.9581005586592178,0.9581005586592178
241,Breast,9,241__pred9,normal_like,252.0,57,186,81,208,68.04761904761905,196.03174603174602,0.9365550671121827,0.9333333333333333,30.46623431214649,10.679039047379588,0,231,231,0.0,0.9166666666666666,0.9166666666666666
241,Breast,10,241__pred10,normal_like,182.0,77,243,95,256,85.62087912087912,249.3186813186813,0.7042523925171005,0.9680851063829787,18.12500818630762,12.86784401080733,0,176,176,0.0,0.967032967032967,0.967032967032967
241,Breast,11,241__pred11,normal_like,185.0,86,60,102,76,93.8972972972973,67.44324324324324,0.7040748999321444,0.9685863874345549,18.240031465004016,12.95271543940789,0,185,185,0.0,1.0,1.0
241,Breast,12,241__pred12,normal_like,421.0,89,166,105,201,96.39904988123516,182.36342042755345,0.9104880611338443,0.9212253829321663,36.5864801865498,15.129803103011469,0,363,363,0.0,0.8622327790973872,0.8622327790973872
241,Breast,13,241__pred13,normal_like,147.0,95,111,111,124,102.80272108843538,117.4625850340136,0.8190992609652055,0.9545454545454546,18.16641968784308,10.421199560009875,0,134,134,0.0,0.9115646258503401,0.9115646258503401
241,Breast,14,241__pred14,normal_like,391.0,97,210,120,232,108.03580562659846,220.55498721227622,0.5114094330010585,0.9630541871921182,24.112279749010053,20.72057852367197,0,361,361,0.0,0.9232736572890026,0.9232736572890026
241,Breast,15,241__pred15,normal_like,299.0,99,239,124,254,110.21739130434783,246.35451505016724,0.8217668591422087,0.9522292993630573,26.082753980304005,14.862575501913344,0,274,274,0.0,0.9163879598662207,0.9163879598662207
241,Breast,16,241__pred16,normal_like,284.0,106,66,125,86,114.84859154929578,75.09859154929578,0.3201973970163828,0.9594594594594594,19.599363606120544,18.567473709115834,0,221,221,0.0,0.778169014084507,0.778169014084507
241,Breast,17,241__pred17,normal_like,194.0,122,110,137,128,129.88144329896906,119.96907216494846,0.6298512342330507,0.9603960396039604,18.311061907102488,14.222490965597622,0,192,192,0.0,0.9896907216494846,0.9896907216494846
241,Breast,18,241__pred18,unmatched,140.0,131,190,139,212,134.82857142857142,200.97142857142856,0.9375709231971533,0.9271523178807947,22.797695419149324,7.928904877427263,0,0,0,0.0,0.0,0.0
241,Breast,19,241__pred19,normal_like,223.0,141,154,164,168,152.37668161434976,159.99103139013454,0.8735037662197097,0.9409282700421941,24.518568050071984,11.936065284365517,0,216,216,0.0,0.968609865470852,0.968609865470852
241,Breast,20,241__pred20,normal_like,381.0,144,27,186,42,164.74540682414698,33.871391076115486,0.9615938149128352,0.8819444444444444,43.72170249847636,12.000578766290191,0,381,381,0.0,1.0,1.0
241,Breast,21,241__pred21,unmatched,220.0,157,215,183,226,169.7,219.8318181818182,0.9033457510338117,0.9606986899563319,25.6695131814488,11.009990675759862,0,0,0,0.0,0.0,0.0
241,Breast,22,241__pred22,unmatched,219.0,160,1,180,15,169.53424657534248,6.447488584474886,0.6894266202614215,0.9647577092511013,20.09436220310821,14.555462403525473,0,0,0,0.0,0.0,0.0
241,Breast,23,241__pred23,unmatched,114.0,168,47,178,63,172.71929824561403,54.1140350877193,0.8371178112213548,0.9193548387096774,16.53370167605002,9.044309161920838,0,0,0,0.0,0.0,0.0
241,Breast,24,241__pred24,normal_like,355.0,190,202,220,217,205.1943661971831,208.90704225352113,0.8661463582170118,0.9646739130434783,30.12521615292171,15.056295103431955,0,323,323,0.0,0.9098591549295775,0.9098591549295775
241,Breast,25,241__pred25,normal_like,283.0,200,49,216,70,207.2756183745583,59.67844522968198,0.6645413534483595,0.9725085910652921,22.093219787704648,16.509191408952606,0,276,276,0.0,0.9752650176678446,0.9752650176678446
241,Breast,26,241__pred26,normal_like,610.0,202,78,231,109,216.327868852459,93.52622950819672,0.7395441943800447,0.9472049689440993,34.21325880730717,23.029218333666524,0,525,525,0.0,0.860655737704918,0.860655737704918
241,Breast,27,241__pred27,normal_like,416.0,222,53,243,80,231.90144230769232,65.58173076923077,0.637231955937104,0.9476082004555809,26.444995056420524,20.380418992989306,0,388,388,0.0,0.9326923076923077,0.9326923076923077
241,Breast,28,241__pred28,normal_like,238.0,238,23,256,42,247.4453781512605,31.600840336134453,0.7887769864821256,0.9482071713147411,22.489325579583245,13.823726997867857,0,230,230,0.0,0.9663865546218487,0.9663865546218487
241,Breast,29,241__pred29,normal_like,262.0,242,49,255,77,249.27862595419847,62.38549618320611,0.8855696385296207,0.9424460431654677,27.502892956895042,12.77527630030111,0,262,262,0.0,1.0,1.0
241,Breast,30,241__pred30,normal_like,220.0,245,93,256,117,249.78181818181818,104.5909090909091,0.9035605463032285,0.944206008583691,25.7665745057026,11.03995756493046,0,217,217,0.0,0.9863636363636363,0.9863636363636363
256,Breast,1,256__pred1,normal_like,272.0,66,219,100,237,81.98161764705883,227.34926470588235,0.9682333111828136,0.9220338983050848,37.374122371440365,9.34534344433787,0,254,254,0.0,0.9338235294117647,0.9338235294117647
256,Breast,2,256__pred2,normal_like,200.0,71,195,87,211,78.185,202.66,0.22228134829631557,0.9523809523809523,16.18495637869243,15.780050285719096,0,188,188,0.0,0.94,0.94
256,Breast,3,256__pred3,normal_like,190.0,102,235,134,254,117.87894736842105,244.55263157894737,0.983005255016173,0.8796296296296297,36.57531695640298,6.714402270411712,0,190,190,0.0,1.0,1.0
256,Breast,4,256__pred4,normal_like,589.0,141,223,202,240,170.9202037351443,230.81663837011885,0.9817080436198463,0.8661764705882353,65.32518836728393,12.437428162569041,0,545,545,0.0,0.9252971137521222,0.9252971137521222
256,Breast,5,256__pred5,normal_like,244.0,156,82,173,102,164.4262295081967,91.56147540983606,0.6471200131492976,0.9420849420849421,20.239314051388128,15.43021316134981,0,244,244,0.0,1.0,1.0
256,Breast,6,256__pred6,normal_like,248.0,158,142,191,155,174.52822580645162,147.65725806451613,0.9622148662994113,0.9219330855018587,34.631147226569375,9.429760036284884,0,242,242,0.0,0.9758064516129032,0.9758064516129032
256,Breast,7,256__pred7,normal_like,198.0,176,204,207,215,190.7979797979798,208.76767676767676,0.969602422651752,0.9209302325581395,32.256939145935874,7.892815043937111,0,191,191,0.0,0.9646464646464646,0.9646464646464646
256,Breast,8,256__pred8,unmatched,109.0,222,1,240,10,229.1834862385321,4.348623853211009,0.9082688679634243,0.9396551724137931,18.60560231745727,7.784341730327201,0,0,0,0.0,0.0,0.0
256,Breast,9,256__pred9,unmatched,191.0,225,167,248,180,236.87958115183247,172.89528795811518,0.9122504041825249,0.9362745098039216,24.509205269190566,10.039779442977318,0,0,0,0.0,0.0,0.0
329,Breast,1,329__pred1,neoplastic_like,548.0,1,5,27,32,12.08941605839416,16.684306569343065,0.5686083560830104,0.9750889679715302,29.56416552949028,24.319730142385968,548,0,548,1.0,0.0,1.0
329,Breast,2,329__pred2,neoplastic_like,162.0,1,101,11,121,4.87037037037037,110.35802469135803,0.8550160054018575,0.9585798816568047,20.297969689061105,10.526559772456217,148,0,148,0.9135802469135802,0.0,0.9135802469135802
329,Breast,3,329__pred3,neoplastic_like,589.0,3,119,33,145,17.33786078098472,131.4397283531409,0.5324695272121875,0.9655737704918033,29.796707119716896,25.2213981016853,589,0,589,1.0,0.0,1.0
329,Breast,4,329__pred4,neoplastic_like,805.0,9,31,47,60,27.668322981366458,44.42732919254659,0.7707871984410465,0.9274193548387096,40.717673892819455,25.940932361135204,805,0,805,1.0,0.0,1.0
329,Breast,5,329__pred5,neoplastic_like,700.0,11,75,39,109,24.834285714285713,90.57285714285715,0.6884359737238348,0.9668508287292817,35.10746261139145,25.463341469368657,617,0,617,0.8814285714285715,0.0,0.8814285714285715
329,Breast,6,329__pred6,neoplastic_like,594.0,33,229,68,256,47.425925925925924,244.46632996632997,0.5739988619795073,0.939873417721519,32.12280708230994,26.30395640958998,594,0,594,1.0,0.0,1.0
329,Breast,7,329__pred7,neoplastic_like,961.0,34,163,66,201,49.227887617065555,181.57336108220605,0.6510572809435474,0.9736575481256332,40.15558949947822,30.479240914680123,931,0,931,0.9687825182101977,0.0,0.9687825182101977
329,Breast,8,329__pred8,neoplastic_like,899.0,44,120,79,154,59.99888765294772,135.85094549499445,0.6034477979668387,0.9761129207383279,37.994371279137354,30.296806837426747,899,0,899,1.0,0.0,1.0
329,Breast,9,329__pred9,neoplastic_like,870.0,49,200,89,228,68.86436781609196,213.34712643678162,0.7042286759923675,0.9731543624161074,39.51990875384838,28.058076838479074,858,0,858,0.9862068965517241,0.0,0.9862068965517241
329,Breast,10,329__pred10,neoplastic_like,1322.0,52,61,93,118,70.34417549167928,91.31013615733737,0.908706180353177,0.8801597869507324,66.30199803866658,27.676861794557833,521,0,521,0.3940998487140696,0.0,0.3940998487140696
329,Breast,11,329__pred11,neoplastic_like,897.0,76,158,113,192,94.10813823857302,174.27201783723524,0.7811845832167411,0.9552715654952076,42.882115142625416,26.77130987366668,538,0,538,0.5997770345596433,0.0,0.5997770345596433
329,Breast,12,329__pred12,neoplastic_like,910.0,78,64,121,92,97.68681318681318,77.83626373626373,0.7697349701213858,0.9680851063829787,42.90433897471371,27.388567946369257,864,0,864,0.9494505494505494,0.0,0.9494505494505494
329,Breast,13,329__pred13,neoplastic_like,605.0,94,183,121,213,106.83471074380165,198.27272727272728,0.5424857240068075,0.9633757961783439,30.379542097077998,25.5207906650705,572,0,572,0.9454545454545454,0.0,0.9454545454545454
329,Breast,14,329__pred14,neoplastic_like,964.0,97,1,140,33,117.22302904564316,16.33609958506224,0.7973525647134565,0.9688442211055276,45.232948189960645,27.2987077261052,963,0,963,0.9989626556016598,0.0,0.9989626556016598
329,Breast,15,329__pred15,neoplastic_like,723.0,103,95,142,129,120.24896265560166,112.79944674965422,0.9040406557874521,0.9257362355953905,47.28654475139275,20.21246707320873,723,0,723,1.0,0.0,1.0
329,Breast,16,329__pred16,neoplastic_like,1208.0,112,27,165,61,138.80380794701986,43.61754966887417,0.8113745907302332,0.944487881157154,51.816944103229304,30.288378941572436,1208,0,1208,1.0,0.0,1.0
329,Breast,17,329__pred17,neoplastic_like,749.0,124,180,155,211,139.03871829105475,195.03337783711615,0.4371137742944809,0.9778067885117493,32.56971695613566,29.293406009413253,744,0,744,0.9933244325767691,0.0,0.9933244325767691
329,Breast,18,329__pred18,neoplastic_like,579.0,156,56,180,87,168.75129533678756,71.27288428324698,0.6292836642551356,0.9682274247491639,31.10596435903488,24.174799649545776,568,0,568,0.9810017271157168,0.0,0.9810017271157168
329,Breast,19,329__pred19,neoplastic_like,595.0,157,201,177,240,166.81176470588235,219.89747899159664,0.8645737140466657,0.9596774193548387,38.871750999871615,19.533288608570942,595,0,595,1.0,0.0,1.0
329,Breast,20,329__pred20,neoplastic_like,493.0,167,167,192,197,179.34888438133873,181.27180527383368,0.8381461566992819,0.9666666666666667,34.028385229525256,18.560636662217203,491,0,491,0.9959432048681541,0.0,0.9959432048681541
329,Breast,21,329__pred21,neoplastic_like,173.0,169,244,189,255,178.21387283236993,249.52023121387282,0.817439298504466,0.9611111111111111,19.780499134618232,11.39385928181017,173,0,173,1.0,0.0,1.0
329,Breast,22,329__pred22,unmatched,165.0,178,1,199,12,187.8969696969697,5.163636363636364,0.8323356190715618,0.9482758620689655,20.054741417549174,11.115781042338261,0,0,0,0.0,0.0,0.0
329,Breast,23,329__pred23,neoplastic_like,857.0,189,81,223,115,205.10035005834305,97.65227537922988,0.7084408256091932,0.9650900900900901,39.52700182957052,27.896980585974525,856,0,856,0.9988331388564761,0.0,0.9988331388564761
329,Breast,24,329__pred24,neoplastic_like,710.0,193,148,226,177,208.99577464788732,161.8661971830986,0.6304589954258294,0.9726027397260274,34.16132014950263,26.516787212931234,698,0,698,0.9830985915492958,0.0,0.9830985915492958
329,Breast,25,329__pred25,neoplastic_like,277.0,197,244,229,256,212.30324909747293,249.8808664259928,0.9261954233126463,0.9358108108108109,31.393184774347446,11.836606127547697,277,0,277,1.0,0.0,1.0
329,Breast,26,329__pred26,neoplastic_like,769.0,198,114,235,141,216.08322496749025,127.6996098829649,0.7357737682907702,0.9648682559598495,38.11386698748024,25.811755341719376,769,0,769,1.0,0.0,1.0
329,Breast,27,329__pred27,neoplastic_like,284.0,200,181,217,203,207.90140845070422,191.53169014084506,0.7122742477974284,0.9498327759197325,22.712835041839526,15.942167811275514,226,0,226,0.795774647887324,0.0,0.795774647887324
329,Breast,28,329__pred28,neoplastic_like,887.0,230,47,255,110,243.22435174746337,78.22322435174746,0.9578840722608527,0.9466382070437567,63.58730098723098,18.25942360342297,887,0,887,1.0,0.0,1.0
329,Breast,29,329__pred29,neoplastic_like,427.0,236,230,256,256,245.71428571428572,243.2271662763466,0.6478298448217502,0.9488888888888889,26.925583124076656,20.51150721229993,427,0,427,1.0,0.0,1.0
329,Breast,30,329__pred30,neoplastic_like,241.0,239,1,256,19,247.7344398340249,9.095435684647303,0.48182739056185875,0.9488188976377953,19.09370972027129,16.7311715065463,241,0,241,1.0,0.0,1.0
329,Breast,31,329__pred31,neoplastic_like,66.0,249,47,255,64,251.6060606060606,54.34848484848485,0.9616390343551279,0.868421052631579,18.234392994530914,5.002022299916537,66,0,66,1.0,0.0,1.0
341,Breast,1,341__pred1,neoplastic_like,1479.0,12,205,55,250,32.21568627450981,226.6707234617985,0.5242324777958663,0.9692005242463958,47.05257895596325,40.06880900256135,1153,0,1153,0.7795807978363759,0.0,0.7795807978363759
341,Breast,2,341__pred2,neoplastic_like,1817.0,77,127,128,174,101.66813428728673,150.28068244358832,0.5062253710393754,0.9800431499460626,51.859457840994075,44.723659995001356,1799,0,1799,0.9900935608145295,0.0,0.9900935608145295
341,Breast,3,341__pred3,neoplastic_like,678.0,148,21,176,53,161.40117994100294,36.39380530973451,0.6290128468709094,0.9671897289586305,33.40847022886693,25.971574543018423,676,0,676,0.9970501474926253,0.0,0.9970501474926253
341,Breast,4,341__pred4,neoplastic_like,471.0,154,150,179,176,165.32908704883226,161.71337579617835,0.6529688108694442,0.9534412955465587,28.38836255233057,21.50091423331659,457,0,457,0.970276008492569,0.0,0.970276008492569
341,Breast,5,341__pred5,neoplastic_like,475.0,168,163,195,186,180.60842105263157,173.97052631578947,0.6748742756623171,0.9733606557377049,28.679302308234337,21.163395808801493,473,0,473,0.9957894736842106,0.0,0.9957894736842106
341,Breast,6,341__pred6,neoplastic_like,265.0,185,1,207,18,194.35094339622643,7.550943396226415,0.6520309662376853,0.9464285714285714,21.720699426135315,16.46846784745374,254,0,254,0.9584905660377359,0.0,0.9584905660377359
371,Breast,1,371__pred1,neoplastic_like,807.0,1,72,21,122,9.075588599752168,96.81536555142503,0.917157852736019,0.9769975786924939,51.62990213024589,20.575761243665983,760,0,760,0.9417596034696406,0.0,0.9417596034696406
371,Breast,2,371__pred2,neoplastic_like,2102.0,8,163,64,218,38.88772597526165,191.40818268315888,0.6831626093310254,0.9763121226196005,61.23711985891808,44.71940411589457,2099,0,2099,0.9985727878211227,0.0,0.9985727878211227
371,Breast,3,371__pred3,neoplastic_like,466.0,37,1,96,12,64.96351931330472,4.993562231759657,0.9806781260069517,0.9433198380566802,57.05706404581382,11.16197373137621,423,0,423,0.907725321888412,0.0,0.907725321888412
371,Breast,4,371__pred4,neoplastic_like,1911.0,68,2,127,60,95.55363683935113,30.199895342752484,0.8995800271191005,0.9730142566191446,75.01890575799933,32.76495473605849,1905,0,1905,0.9968602825745683,0.0,0.9968602825745683
371,Breast,5,371__pred5,neoplastic_like,1315.0,78,154,121,193,100.20988593155893,172.7399239543726,0.37596982395959716,0.9697640117994101,42.91652658369952,39.76782287936345,1287,0,1287,0.9787072243346008,0.0,0.9787072243346008
371,Breast,6,371__pred6,neoplastic_like,1976.0,109,19,162,76,135.03542510121457,46.89625506072875,0.8316013906420678,0.9762845849802372,67.42380025747575,37.44535566809548,1971,0,1971,0.9974696356275303,0.0,0.9974696356275303
371,Breast,7,371__pred7,neoplastic_like,1155.0,117,104,158,145,135.52987012987012,123.38095238095238,0.4470501194497502,0.9521846661170651,40.99431469840556,36.66977977151702,1103,0,1103,0.9549783549783549,0.0,0.9549783549783549
371,Breast,8,371__pred8,neoplastic_like,1343.0,117,159,159,201,136.4043186895011,179.19359642591215,0.17284884068842257,0.9717800289435601,42.029889564187975,41.39727093390659,1338,0,1338,0.996276991809382,0.0,0.996276991809382
371,Breast,9,371__pred9,neoplastic_like,2040.0,138,74,209,117,178.11911764705883,97.06960784313725,0.8081337667823444,0.9285389167045972,68.48773214658225,40.3392053387695,1578,0,1578,0.7735294117647059,0.0,0.7735294117647059
371,Breast,10,371__pred10,neoplastic_like,1618.0,147,112,203,152,173.30037082818293,131.1186650185414,0.7798229792544142,0.9677033492822966,58.027343513730784,36.32512264890968,1502,0,1502,0.9283065512978986,0.0,0.9283065512978986
371,Breast,11,371__pred11,neoplastic_like,303.0,168,26,190,46,178.14851485148515,35.06930693069307,0.8050051101069589,0.9588607594936709,25.6005828184431,15.188003393235281,303,0,303,1.0,0.0,1.0
371,Breast,12,371__pred12,neoplastic_like,593.0,200,0,237,25,215.95109612141653,9.608768971332209,0.6844099880931476,0.9533762057877814,34.09812146035618,24.860850521019188,593,0,593,1.0,0.0,1.0
371,Breast,13,371__pred13,neoplastic_like,1143.0,216,18,252,64,234.87926509186352,41.90813648293963,0.7679973233333811,0.9719387755102041,47.95762048795764,30.7146043908221,1125,0,1125,0.984251968503937,0.0,0.984251968503937
403,Breast,1,403__pred1,normal_like,261.0,0,79,17,98,7.475095785440613,89.0919540229885,0.5531342890435643,0.9630996309963099,20.208128201163024,16.835232096036638,0,246,246,0.0,0.9425287356321839,0.9425287356321839
403,Breast,2,403__pred2,normal_like,274.0,14,228,35,249,23.71167883211679,238.34671532846716,0.8277062711091961,0.9513888888888888,25.023721792094445,14.042351479030744,0,274,274,0.0,1.0,1.0
403,Breast,3,403__pred3,normal_like,470.0,16,22,38,48,26.472340425531915,34.11914893617021,0.527546245154454,0.9771309771309772,26.550808985500726,22.555610907500707,0,468,468,0.0,0.9957446808510638,0.9957446808510638
403,Breast,4,403__pred4,normal_like,694.0,54,179,84,211,67.76368876080691,194.11959654178673,0.7610669304850074,0.961218836565097,37.12129211322984,24.07959326398704,0,694,694,0.0,1.0,1.0
403,Breast,5,403__pred5,normal_like,408.0,84,194,106,220,94.76225490196079,205.79166666666666,0.578864619924709,0.9645390070921985,25.32325687972778,20.649182909098187,0,408,408,0.0,1.0,1.0
403,Breast,6,403__pred6,normal_like,265.0,90,18,113,33,101.06037735849057,25.245283018867923,0.7586031282657664,0.9636363636363636,22.799234006591654,14.85490899935452,0,250,250,0.0,0.9433962264150944,0.9433962264150944
403,Breast,7,403__pred7,normal_like,293.0,105,176,122,199,113.26962457337883,186.21160409556313,0.7313183497576987,0.948220064724919,23.670008977885352,16.143804594443854,0,293,293,0.0,1.0,1.0
403,Breast,8,403__pred8,normal_like,236.0,106,58,125,76,115.26694915254237,66.04237288135593,0.46260763827060924,0.9365079365079365,18.54480542427324,16.441140632767556,0,235,235,0.0,0.9957627118644068,0.9957627118644068
403,Breast,9,403__pred9,normal_like,354.0,108,141,127,165,116.909604519774,152.2909604519774,0.5990517956583928,0.9619565217391305,23.743587502570072,19.01173450280533,0,321,321,0.0,0.9067796610169492,0.9067796610169492
403,Breast,10,403__pred10,normal_like,361.0,117,115,137,137,126.62603878116343,125.40720221606648,0.4692651950848959,0.9756756756756757,22.815664283549406,20.147538662218484,0,353,353,0.0,0.9778393351800554,0.9778393351800554
403,Breast,11,403__pred11,normal_like,324.0,130,146,149,167,138.820987654321,156.06172839506172,0.42389377894598307,0.9671641791044776,21.38437272745394,19.368081070145106,0,301,301,0.0,0.9290123456790124,0.9290123456790124
403,Breast,12,403__pred12,normal_like,284.0,170,141,194,156,181.47535211267606,148.18309859154928,0.7907252867581862,0.9498327759197325,24.364204892835428,14.915063407460364,0,272,272,0.0,0.9577464788732394,0.9577464788732394
403,Breast,13,403__pred13,normal_like,494.0,173,1,199,23,185.87044534412956,11.105263157894736,0.5592235283468359,0.9762845849802372,27.69746985705312,22.96167101398582,0,494,494,0.0,1.0,1.0
403,Breast,14,403__pred14,normal_like,333.0,177,164,198,185,187.11111111111111,174.0810810810811,0.5345025905252923,0.9596541786743515,22.508219231557046,19.023200432561936,0,294,294,0.0,0.8828828828828829,0.8828828828828829
403,Breast,15,403__pred15,normal_like,528.0,228,28,253,57,240.0056818181818,42.34848484848485,0.691391295103488,0.9652650822669104,30.53875092078997,22.063652122862262,0,528,528,0.0,1.0,1.0
424,Breast,1,424__pred1,neoplastic_like,626.0,1,29,21,65,10.017571884984026,46.66932907348243,0.8260449391073859,0.9796557120500783,37.812391437299574,21.311224783644924,610,0,610,0.9744408945686901,0.0,0.9744408945686901
424,Breast,2,424__pred2,neoplastic_like,863.0,21,207,62,234,40.88760139049826,220.00579374275782,0.7551317703929588,0.9696629213483146,41.02731606983956,26.896402274147675,856,0,856,0.9918887601390498,0.0,0.9918887601390498
424,Breast,3,424__pred3,unmatched,531.0,36,167,70,188,52.70244821092279,176.69114877589453,0.8292365365264647,0.9550359712230215,34.85751412338946,19.48178844489974,6,0,6,0.011299435028248588,0.0,0.011299435028248588
424,Breast,4,424__pred4,neoplastic_like,461.0,41,144,66,167,53.399132321041215,155.117136659436,0.33879738684204674,0.9746300211416491,24.99322858311454,23.51511298753851,432,0,432,0.9370932754880694,0.0,0.9370932754880694
424,Breast,5,424__pred5,neoplastic_like,760.0,56,98,97,122,77.1328947368421,109.97894736842105,0.8189790729196192,0.9681528662420382,41.158859718196894,23.617916240193885,753,0,753,0.9907894736842106,0.0,0.9907894736842106
424,Breast,6,424__pred6,neoplastic_like,347.0,67,0,96,15,79.7579250720461,6.3198847262247835,0.8449304688788198,0.9747191011235955,29.27186917170642,15.656824875257687,347,0,347,1.0,0.0,1.0
424,Breast,7,424__pred7,neoplastic_like,734.0,79,130,113,157,95.36648501362397,143.2942779291553,0.6794115780007732,0.9786666666666667,35.72040940372762,26.210114381085774,687,0,687,0.9359673024523161,0.0,0.9359673024523161
424,Breast,8,424__pred8,neoplastic_like,200.0,90,178,108,194,98.27,185.635,0.6859004560070777,0.9302325581395349,18.886414509422174,13.743556562196249,162,0,162,0.81,0.0,0.81
424,Breast,9,424__pred9,neoplastic_like,878.0,99,77,136,106,117.27107061503416,91.02961275626424,0.6402225359698078,0.9788182831661093,38.17643968804709,29.326740029421412,878,0,878,1.0,0.0,1.0
424,Breast,10,424__pred10,neoplastic_like,895.0,104,14,134,53,119.068156424581,33.26368715083799,0.6702560875048574,0.9749455337690632,39.25760829529549,29.134244619250264,880,0,880,0.9832402234636871,0.0,0.9832402234636871
424,Breast,11,424__pred11,neoplastic_like,703.0,123,214,158,240,139.60170697012802,226.49786628733997,0.6791324142421865,0.9696551724137931,34.973332921981935,25.670978211446887,702,0,702,0.9985775248933144,0.0,0.9985775248933144
424,Breast,12,424__pred12,neoplastic_like,539.0,127,140,156,164,140.93320964749537,151.28756957328386,0.6597386483207411,0.9590747330960854,30.28163275277044,22.75649924997924,529,0,529,0.9814471243042672,0.0,0.9814471243042672
424,Breast,13,424__pred13,neoplastic_like,455.0,142,25,161,58,150.47472527472527,41.45274725274725,0.8329309311559896,0.9439834024896265,32.468896919954226,17.96753959136613,455,0,455,1.0,0.0,1.0
424,Breast,14,424__pred14,neoplastic_like,503.0,142,171,169,195,155.66003976143142,182.19085487077535,0.6150443277787679,0.9766990291262136,28.569335316284512,22.526707574562344,503,0,503,1.0,0.0,1.0
424,Breast,15,424__pred15,neoplastic_like,662.0,173,24,205,51,188.62688821752266,37.858006042296076,0.6554754010999272,0.9650145772594753,33.593866302160535,25.370642946007628,662,0,662,1.0,0.0,1.0
424,Breast,16,424__pred16,neoplastic_like,554.0,183,53,213,77,197.49458483754512,64.51985559566786,0.616950882304538,0.9685314685314685,29.956302378638576,23.57565962295926,502,0,502,0.9061371841155235,0.0,0.9061371841155235
424,Breast,17,424__pred17,neoplastic_like,263.0,185,92,209,106,196.0722433460076,98.1787072243346,0.8221363111306645,0.9704797047970479,24.34000874496888,13.856540291790363,259,0,259,0.9847908745247148,0.0,0.9847908745247148
424,Breast,18,424__pred18,neoplastic_like,570.0,195,6,225,31,209.61052631578949,18.13684210526316,0.5913765336140301,0.9693877551020408,30.11119407854843,24.281533142214762,479,0,479,0.8403508771929824,0.0,0.8403508771929824
424,Breast,19,424__pred19,neoplastic_like,385.0,204,109,235,124,219.1818181818182,116.31948051948052,0.8686444015210165,0.9771573604060914,31.523522631823123,15.61789030044861,385,0,385,1.0,0.0,1.0
424,Breast,20,424__pred20,neoplastic_like,477.0,213,182,239,206,225.24109014675054,192.9979035639413,0.5420994565149444,0.9655870445344129,26.92360111662003,22.624287930306064,431,0,431,0.9035639412997903,0.0,0.9035639412997903
424,Breast,21,424__pred21,neoplastic_like,639.0,228,29,255,59,242.17057902973397,43.70266040688576,0.4949625137221478,0.9667170953101362,30.9628501534456,26.904064144845837,639,0,639,1.0,0.0,1.0
424,Breast,22,424__pred22,neoplastic_like,332.0,237,59,255,83,246.81024096385542,71.70180722891567,0.6235055809501957,0.9736070381231672,23.87816386784306,18.668399780570567,299,0,299,0.9006024096385542,0.0,0.9006024096385542
424,Breast,23,424__pred23,neoplastic_like,359.0,238,141,255,167,246.949860724234,153.50139275766017,0.730492044878261,0.967654986522911,26.261205083844455,17.934333823128483,359,0,359,1.0,0.0,1.0
424,Breast,24,424__pred24,neoplastic_like,62.0,249,195,255,215,251.90322580645162,205.16129032258064,0.9765633846290378,0.7126436781609196,20.135221085914004,4.333703770059677,62,0,62,1.0,0.0,1.0
429,Breast,1,429__pred1,normal_like,293.0,0,89,18,110,8.784982935153584,98.69283276450511,0.5151145094615035,0.9543973941368078,20.95726613393043,17.962920650774553,0,281,281,0.0,0.9590443686006825,0.9590443686006825
429,Breast,2,429__pred2,neoplastic_like,335.0,0,233,18,256,7.597014925373134,245.15820895522387,0.6505684705467373,0.9766763848396501,24.06017675958475,18.27244362212497,322,0,322,0.9611940298507463,0.0,0.9611940298507463
429,Breast,3,429__pred3,neoplastic_like,71.0,1,70,7,86,3.23943661971831,77.32394366197182,0.9337181053842721,0.8875,16.289988340242974,5.8319637005696245,60,0,60,0.8450704225352113,0.0,0.8450704225352113
429,Breast,4,429__pred4,neoplastic_like,466.0,5,123,27,154,16.474248927038627,138.84978540772534,0.807761815500142,0.9568788501026694,31.986944496851965,18.85659134702761,435,0,435,0.9334763948497854,0.0,0.9334763948497854
429,Breast,5,429__pred5,neoplastic_like,918.0,9,162,51,196,29.684095860566448,178.59259259259258,0.8453407112614845,0.9663157894736842,46.85969210300575,25.03373880000387,875,0,875,0.9531590413943355,0.0,0.9531590413943355
429,Breast,6,429__pred6,neoplastic_like,888.0,22,191,67,218,43.252252252252255,205.82319819819818,0.8195995407478847,0.9357218124341412,45.988341309023546,26.348413749507873,534,0,534,0.6013513513513513,0.0,0.6013513513513513
429,Breast,7,429__pred7,normal_like,381.0,23,97,55,114,39.25984251968504,104.45406824146981,0.8989664413566222,0.9548872180451128,33.413102593603355,14.63552393260155,0,372,372,0.0,0.9763779527559056,0.9763779527559056
429,Breast,8,429__pred8,neoplastic_like,334.0,49,240,77,256,63.31437125748503,248.125748502994,0.8415594235856484,0.9226519337016574,28.459432274052276,15.372776308957922,334,0,334,1.0,0.0,1.0
429,Breast,9,429__pred9,unmatched,282.0,52,219,74,236,62.54964539007092,227.2340425531915,0.6838457177445147,0.9559322033898305,22.198211118900936,16.196406200677604,0,0,0,0.0,0.0,0.0
429,Breast,10,429__pred10,neoplastic_like,401.0,59,11,78,45,67.81047381546135,28.895261845386532,0.8405896122874829,0.8495762711864406,33.0738152860082,17.91517640767275,316,0,316,0.7880299251870324,0.0,0.7880299251870324
429,Breast,11,429__pred11,normal_like,722.0,63,96,117,122,87.58725761772853,109.71191135734072,0.9490232820360509,0.8223234624145785,57.0977764398388,17.997560608045248,0,384,384,0.0,0.5318559556786704,0.5318559556786704
429,Breast,12,429__pred12,neoplastic_like,542.0,88,205,109,240,97.87084870848709,222.82841328413284,0.7974001234636673,0.9626998223801065,33.891132593417396,20.451635992828994,472,0,472,0.8708487084870848,0.0,0.8708487084870848
429,Breast,13,429__pred13,normal_like,220.0,108,45,131,66,119.92272727272727,57.43181818181818,0.9151410669804431,0.9322033898305084,27.827126683639474,11.218054178017873,0,195,195,0.0,0.8863636363636364,0.8863636363636364
429,Breast,14,429__pred14,neoplastic_like,448.0,111,225,139,246,123.81473214285714,234.984375,0.664217419456639,0.9655172413793104,27.755667079943503,20.7484559248072,448,0,448,1.0,0.0,1.0
429,Breast,15,429__pred15,neoplastic_like,636.0,141,201,170,229,155.41194968553458,214.5503144654088,0.5577843303333953,0.9784615384615385,31.292879826303206,25.972649905377086,561,0,561,0.8820754716981132,0.0,0.8820754716981132
429,Breast,16,429__pred16,neoplastic_like,641.0,147,111,172,144,158.7269890795632,126.91575663026521,0.6403107528442595,0.9697428139183056,32.60467919894911,25.04417471352159,615,0,615,0.9594383775351014,0.0,0.9594383775351014
429,Breast,17,429__pred17,neoplastic_like,421.0,154,150,176,175,165.0522565320665,161.77672209026127,0.6114846232246869,0.958997722095672,26.114921963885013,20.66359691193952,420,0,420,0.997624703087886,0.0,0.997624703087886
429,Breast,18,429__pred18,normal_like,529.0,158,1,204,64,181.7750472589792,27.17202268431002,0.993518424128151,0.829153605015674,81.04783927406916,9.212804865511131,0,411,411,0.0,0.776937618147448,0.776937618147448
429,Breast,19,429__pred19,unmatched,334.0,192,81,212,110,202.9431137724551,93.2065868263473,0.9101909818934252,0.915068493150685,33.03090724487384,13.681032410227663,0,0,0,0.0,0.0,0.0
429,Breast,20,429__pred20,normal_like,426.0,198,179,214,218,205.75352112676057,197.94131455399062,0.9334417968172835,0.9281045751633987,39.43471983750618,14.146373023795494,0,426,426,0.0,1.0,1.0
429,Breast,21,429__pred21,normal_like,473.0,203,112,224,153,211.47780126849895,128.26638477801268,0.9165549866924914,0.9292730844793713,39.98100595713043,15.9887515188277,0,458,458,0.0,0.9682875264270613,0.9682875264270613
429,Breast,22,429__pred22,neoplastic_like,767.0,204,234,245,256,223.65189048239895,245.01564537157756,0.8444484560156716,0.9696586599241467,43.008110242011206,23.03672749228349,766,0,766,0.9986962190352021,0.0,0.9986962190352021
429,Breast,23,429__pred23,neoplastic_like,743.0,208,15,244,45,224.72274562584118,28.794078061911172,0.7895069867944422,0.9712418300653595,39.6289564982258,24.321938077367378,701,0,701,0.9434724091520862,0.0,0.9434724091520862
429,Breast,24,429__pred24,unmatched,345.0,214,45,235,73,225.8376811594203,55.93333333333333,0.8720797976916783,0.9299191374663073,31.1411852335809,15.239365487665966,0,25,25,0.0,0.07246376811594203,0.07246376811594203
429,Breast,25,429__pred25,normal_like,156.0,218,74,229,91,222.71153846153845,82.01923076923077,0.7748422742743368,0.975,17.732502041086516,11.209682898826852,0,93,93,0.0,0.5961538461538461,0.5961538461538461
470,Breast,1,470__pred1,neoplastic_like,1706.0,6,156,50,205,27.74443141852286,179.14361078546307,0.4613701315453602,0.9798966111430213,49.531294940424914,43.944549019434405,1678,0,1678,0.9835873388042204,0.0,0.9835873388042204
470,Breast,2,470__pred2,normal_like,397.0,11,56,33,84,21.84382871536524,69.43073047858942,0.870163350208603,0.9612590799031477,32.03656218956456,15.786444514830078,0,375,375,0.0,0.9445843828715366,0.9445843828715366
470,Breast,3,470__pred3,neoplastic_like,964.0,27,106,58,148,42.051867219917014,126.85165975103735,0.7481822551629274,0.974721941354904,43.03015035307218,28.550214962840617,940,0,940,0.975103734439834,0.0,0.975103734439834
470,Breast,4,470__pred4,neoplastic_like,1181.0,53,211,100,247,77.35901778154107,228.87552921253175,0.79223737954288,0.9744224422442245,49.7362356296759,30.349698737639528,1124,0,1124,0.951735817104149,0.0,0.951735817104149
470,Breast,5,470__pred5,neoplastic_like,871.0,65,152,92,193,78.09873708381171,171.3122847301952,0.7572062130518495,0.9699331848552338,41.37353883203795,27.024198290981655,865,0,865,0.9931113662456946,0.0,0.9931113662456946
470,Breast,6,470__pred6,normal_like,278.0,120,223,139,251,129.33453237410072,237.15107913669064,0.9276149480962658,0.9328859060402684,30.957916396016632,11.563952813565699,0,243,243,0.0,0.8741007194244604,0.8741007194244604
470,Breast,7,470__pred7,normal_like,252.0,151,222,168,248,158.03174603174602,233.01190476190476,0.9033874614044649,0.896797153024911,28.265002638086457,12.120746807356115,0,198,198,0.0,0.7857142857142857,0.7857142857142857
470,Breast,8,470__pred8,neoplastic_like,702.0,155,0,183,29,168.84045584045583,13.420227920227921,0.3183049905313103,0.9736477115117892,30.90253125942355,29.295239966077546,692,0,692,0.9857549857549858,0.0,0.9857549857549858
470,Breast,9,470__pred9,neoplastic_like,540.0,182,0,205,28,192.47037037037038,12.801851851851852,0.6314897136420007,0.9540636042402827,30.471015541000927,23.626745658070718,491,0,491,0.9092592592592592,0.0,0.9092592592592592
470,Breast,10,470__pred10,neoplastic_like,1105.0,186,32,235,63,208.3809954751131,47.42714932126697,0.7903368181322278,0.9710017574692443,48.215607793355545,29.540381752467276,939,0,939,0.8497737556561086,0.0,0.8497737556561086
470,Breast,11,470__pred11,neoplastic_like,1003.0,191,95,224,142,206.03788634097708,119.80458624127617,0.8452860772376616,0.9356343283582089,50.085012154127995,26.761123045022764,827,0,827,0.8245264207377866,0.0,0.8245264207377866
470,Breast,12,470__pred12,neoplastic_like,828.0,211,2,245,38,226.2524154589372,19.948067632850243,0.8034455092919988,0.9639115250291036,42.40986554077067,25.249913416948743,716,0,716,0.8647342995169082,0.0,0.8647342995169082
470,Breast,13,470__pred13,neoplastic_like,1020.0,220,134,255,171,238.50686274509803,151.54117647058823,0.40828474817492755,0.9798270893371758,37.98124617141695,34.67135618973046,1015,0,1015,0.9950980392156863,0.0,0.9950980392156863
470,Breast,14,470__pred14,normal_like,298.0,234,79,255,97,244.86241610738256,87.28859060402685,0.6392323013082194,0.9675324675324676,22.370330360530403,17.203090436072177,0,298,298,0.0,1.0,1.0
470,Breast,15,470__pred15,normal_like,139.0,245,1,255,21,250.26618705035972,8.870503597122303,0.8741567142194956,0.9455782312925171,19.643448972405935,9.539722005239398,0,132,132,0.0,0.9496402877697842,0.9496402877697842
497,Breast,1,497__pred1,neoplastic_like,706.0,6,1,38,29,21.64872521246459,13.844192634560907,0.44599252413050255,0.9764868603042877,31.73332425391376,28.40248936063165,706,0,706,1.0,0.0,1.0
497,Breast,2,497__pred2,neoplastic_like,512.0,6,81,37,112,20.962890625,95.962890625,0.9208974120945514,0.9808429118773946,41.02546768548078,15.991933397959116,503,0,503,0.982421875,0.0,0.982421875
497,Breast,3,497__pred3,neoplastic_like,454.0,15,219,40,248,27.185022026431717,233.3986784140969,0.8364684212735307,0.9497907949790795,32.570502206645976,17.849127926744988,454,0,454,1.0,0.0,1.0
497,Breast,4,497__pred4,neoplastic_like,901.0,23,52,55,90,39.05882352941177,70.18312985571588,0.6987333966814371,0.9636363636363636,40.21264006932498,28.76740546712047,865,0,865,0.9600443951165372,0.0,0.9600443951165372
497,Breast,5,497__pred5,neoplastic_like,943.0,48,134,86,167,66.39978791092258,149.83775185577943,0.5019911215923923,0.9651995905834186,37.288487121681975,32.24979726578741,939,0,939,0.9957582184517497,0.0,0.9957582184517497
497,Breast,6,497__pred6,neoplastic_like,809.0,49,208,77,246,62.60568603213844,226.83065512978987,0.751444464262474,0.9711884753901561,39.52398083460802,26.077778102129873,735,0,735,0.9085290482076638,0.0,0.9085290482076638
497,Breast,7,497__pred7,neoplastic_like,1341.0,57,46,100,89,76.1006711409396,66.331096196868,0.44444442358636904,0.9795471146822499,44.14958314985133,39.54948032733098,1319,0,1319,0.9835943325876212,0.0,0.9835943325876212
497,Breast,8,497__pred8,neoplastic_like,544.0,71,102,95,132,82.76838235294117,115.79227941176471,0.6357081703916313,0.9594356261022927,30.072576569241054,23.213908393437297,519,0,519,0.9540441176470589,0.0,0.9540441176470589
497,Breast,9,497__pred9,neoplastic_like,530.0,87,238,130,255,107.69245283018869,247.23962264150944,0.9030384338221803,0.9584086799276673,41.21191027646023,17.702978269687804,530,0,530,1.0,0.0,1.0
497,Breast,10,497__pred10,neoplastic_like,337.0,94,70,116,94,104.62611275964392,81.10682492581603,0.8327976212466218,0.9492957746478873,27.975112603150794,15.486394755240319,332,0,332,0.9851632047477745,0.0,0.9851632047477745
497,Breast,11,497__pred11,neoplastic_like,572.0,106,25,132,54,118.5506993006993,38.54020979020979,0.5535208568628653,0.9694915254237289,29.588555619291316,24.64239402371826,569,0,569,0.9947552447552448,0.0,0.9947552447552448
497,Breast,12,497__pred12,neoplastic_like,990.0,142,181,172,223,156.3979797979798,201.5060606060606,0.7362251367659577,0.9705882352941176,43.206327320206526,29.239306950559325,970,0,970,0.9797979797979798,0.0,0.9797979797979798
497,Breast,13,497__pred13,neoplastic_like,328.0,147,243,183,256,164.34146341463415,249.46341463414635,0.9383179446987868,0.9213483146067416,35.524145627689215,12.283314402039455,328,0,328,1.0,0.0,1.0
497,Breast,14,497__pred14,neoplastic_like,974.0,182,194,216,233,198.51437371663243,213.51848049281315,0.6114277400248663,0.9586614173228346,39.72057548891947,31.430902144727824,960,0,960,0.9856262833675564,0.0,0.9856262833675564
497,Breast,15,497__pred15,neoplastic_like,984.0,183,93,215,135,198.1737804878049,114.58333333333333,0.6881487637523558,0.9666011787819253,41.671776258333644,30.235775021826974,984,0,984,1.0,0.0,1.0
497,Breast,16,497__pred16,neoplastic_like,575.0,195,156,225,181,209.8104347826087,168.24,0.625885533466822,0.9712837837837838,30.671250415050448,23.920966139344134,514,0,514,0.8939130434782608,0.0,0.8939130434782608
497,Breast,17,497__pred17,neoplastic_like,336.0,244,185,255,223,249.69642857142858,202.86904761904762,0.9495933434284569,0.968299711815562,37.90017887348303,11.881115624307833,321,0,321,0.9553571428571429,0.0,0.9553571428571429
497,Breast,18,497__pred18,neoplastic_like,212.0,246,135,255,166,250.68867924528303,149.9056603773585,0.9498949854559496,0.9592760180995475,30.236840030458197,9.451105470415744,212,0,212,1.0,0.0,1.0
507,Breast,1,507__pred1,unmatched,648.0,2,185,21,235,9.728395061728396,206.97222222222223,0.9355024294032007,0.935064935064935,49.34288582344796,17.433841140354648,0,0,0,0.0,0.0,0.0
507,Breast,2,507__pred2,neoplastic_like,1143.0,4,125,37,168,19.9326334208224,146.62904636920385,0.6171866618997317,0.9819587628865979,43.08732522264914,33.90182991778728,1143,0,1143,1.0,0.0,1.0
507,Breast,3,507__pred3,neoplastic_like,635.0,19,93,46,124,32.54645669291339,107.87716535433071,0.49870161247069106,0.9739263803680982,30.60011344188492,26.5233745141234,635,0,635,1.0,0.0,1.0
507,Breast,4,507__pred4,neoplastic_like,502.0,29,202,51,232,39.42629482071713,216.25697211155378,0.7176264079095175,0.9598470363288719,30.39079168205186,21.165006549588842,502,0,502,1.0,0.0,1.0
507,Breast,5,507__pred5,neoplastic_like,847.0,47,33,93,67,67.04014167650531,47.97520661157025,0.9152434719348695,0.927710843373494,52.7992390729093,21.272877444608266,847,0,847,1.0,0.0,1.0
507,Breast,6,507__pred6,normal_like,310.0,57,129,78,147,66.52903225806452,137.47096774193548,0.5396786292620711,0.9748427672955975,21.697727574586185,18.266690142864448,0,277,277,0.0,0.8935483870967742,0.8935483870967742
507,Breast,7,507__pred7,unmatched,451.0,74,1,101,22,86.19955654101996,10.259423503325943,0.6693920384283263,0.9698924731182795,28.009360112843172,20.80841545071428,0,0,0,0.0,0.0,0.0
507,Breast,8,507__pred8,unmatched,226.0,74,229,91,246,82.18141592920354,237.33185840707964,0.30338696153702055,0.9535864978902954,17.38114451014637,16.56192661306778,12,0,12,0.05309734513274336,0.0,0.05309734513274336
507,Breast,9,507__pred9,neoplastic_like,336.0,82,50,107,67,93.88690476190476,58.270833333333336,0.7229201785285182,0.9627507163323782,24.928575006388197,17.223939125237287,336,0,336,1.0,0.0,1.0
507,Breast,10,507__pred10,neoplastic_like,632.0,92,76,127,99,108.40189873417721,86.31962025316456,0.7374415415367261,0.9768160741885626,34.59039592425812,23.36273272099024,595,0,595,0.9414556962025317,0.0,0.9414556962025317
507,Breast,11,507__pred11,neoplastic_like,606.0,95,179,125,205,109.49009900990099,191.27392739273927,0.6184848655398275,0.9680511182108626,31.350618031449823,24.63521253852172,606,0,606,1.0,0.0,1.0
507,Breast,12,507__pred12,neoplastic_like,927.0,97,212,137,241,115.67853290183388,225.29989212513485,0.677807493189343,0.9768177028451,40.15952125102156,29.5268630425583,887,0,887,0.9568500539374326,0.0,0.9568500539374326
507,Breast,13,507__pred13,unmatched,274.0,103,16,121,36,111.45620437956204,25.047445255474454,0.5169281697751515,0.9513888888888888,20.37789131833113,17.444061385936013,0,0,0,0.0,0.0,0.0
507,Breast,14,507__pred14,neoplastic_like,255.0,115,38,137,55,125.7764705882353,46.498039215686276,0.8148310682022928,0.9514925373134329,23.751240392593186,13.768558006513414,255,0,255,1.0,0.0,1.0
507,Breast,15,507__pred15,neoplastic_like,461.0,123,164,150,186,135.74837310195227,174.32754880694142,0.5793651868923893,0.9664570230607966,26.84047027131979,21.876810655668507,418,0,418,0.9067245119305857,0.0,0.9067245119305857
507,Breast,16,507__pred16,neoplastic_like,133.0,127,61,143,73,134.50375939849624,66.57894736842105,0.702402678730326,0.9236111111111112,15.502087241919318,11.034072482852114,133,0,133,1.0,0.0,1.0
507,Breast,17,507__pred17,neoplastic_like,327.0,146,6,167,30,155.65443425076452,17.755351681957187,0.5592992282843321,0.9505813953488372,22.636183124679903,18.764622686051908,327,0,327,1.0,0.0,1.0
507,Breast,18,507__pred18,neoplastic_like,335.0,153,115,176,134,163.84179104477613,124.45373134328358,0.6968389464319709,0.9626436781609196,24.397368736562534,17.498467118740646,332,0,332,0.991044776119403,0.0,0.991044776119403
507,Breast,19,507__pred19,neoplastic_like,232.0,165,42,180,64,171.94396551724137,52.50431034482759,0.8102269428450569,0.9469387755102041,22.474776902300764,13.172832773816449,232,0,232,1.0,0.0,1.0
507,Breast,20,507__pred20,neoplastic_like,695.0,166,180,194,212,179.0273381294964,195.26762589928057,0.5865171016830203,0.9788732394366197,33.09429714961678,26.804290550262685,672,0,672,0.9669064748201439,0.0,0.9669064748201439
507,Breast,21,507__pred21,neoplastic_like,369.0,174,125,202,146,188.20054200542006,135.96747967479675,0.8545353238838879,0.9534883720930233,30.277096430127237,15.725720450695265,314,0,314,0.8509485094850948,0.0,0.8509485094850948
507,Breast,22,507__pred22,neoplastic_like,552.0,179,151,208,176,193.55434782608697,162.7481884057971,0.5632956440444109,0.968421052631579,29.257751420152463,24.17437565819075,546,0,546,0.9891304347826086,0.0,0.9891304347826086
507,Breast,23,507__pred23,neoplastic_like,629.0,180,233,213,256,196.46422893481716,245.1287758346582,0.70387714123345,0.9736842105263158,33.926337621347926,24.098615069108867,629,0,629,1.0,0.0,1.0
507,Breast,24,507__pred24,neoplastic_like,724.0,200,37,238,65,218.41160220994476,49.81353591160221,0.8428855456797391,0.9653333333333334,41.42325915711223,22.289561179783444,724,0,724,1.0,0.0,1.0
507,Breast,25,507__pred25,neoplastic_like,826.0,207,177,240,209,223.38619854721549,192.69370460048427,0.3956647506772338,0.9752066115702479,33.84558983543498,31.083621012139712,822,0,822,0.9951573849878934,0.0,0.9951573849878934
516,Breast,1,516__pred1,neoplastic_like,941.0,0,3,31,41,14.166843783209352,21.85759829968119,0.5849490855138066,0.9681069958847737,38.60883963052657,31.31447209362375,911,0,911,0.9681190223166843,0.0,0.9681190223166843
516,Breast,2,516__pred2,normal_like,275.0,14,190,24,227,18.30181818181818,208.76363636363635,0.9691851371994421,0.8986928104575164,38.76234163104546,9.54846144183552,0,275,275,0.0,1.0,1.0
516,Breast,3,516__pred3,neoplastic_like,620.0,21,55,49,83,35.156451612903226,68.86129032258064,0.3151523748346441,0.9779179810725552,28.870759333675757,27.39953675699673,620,0,620,1.0,0.0,1.0
516,Breast,4,516__pred4,neoplastic_like,873.0,49,91,83,126,65.32531500572738,108.46277205040091,0.33770660800351904,0.9743303571428571,34.40538003063411,32.384113015243294,822,0,822,0.9415807560137457,0.0,0.9415807560137457
516,Breast,5,516__pred5,neoplastic_like,865.0,78,61,111,97,92.50635838150289,80.05202312138728,0.677973074462542,0.9664804469273743,38.95272786168715,28.633633604947732,746,0,746,0.8624277456647399,0.0,0.8624277456647399
516,Breast,6,516__pred6,neoplastic_like,1215.0,90,40,130,82,110.76213991769548,59.40905349794239,0.7722444848034924,0.9790491539081386,49.54402425656818,31.476580608004838,1087,0,1087,0.8946502057613168,0.0,0.8946502057613168
516,Breast,7,516__pred7,normal_like,331.0,93,170,114,190,102.96374622356495,179.7583081570997,0.41801476844836005,0.9622093023255814,21.555114929315778,19.581533586327804,0,331,331,0.0,1.0,1.0
516,Breast,8,516__pred8,neoplastic_like,943.0,137,113,166,156,151.38388123011666,133.59384941675503,0.7679590841644656,0.9711637487126673,43.34848909059746,27.76465971955866,905,0,905,0.9597030752916225,0.0,0.9597030752916225
516,Breast,9,516__pred9,neoplastic_like,751.0,139,61,169,92,153.66577896138483,75.94806924101198,0.4855086208180766,0.9740596627756161,33.108311918258586,28.944341754940222,751,0,751,1.0,0.0,1.0
516,Breast,10,516__pred10,neoplastic_like,784.0,169,99,196,137,182.52933673469389,116.7563775510204,0.7271703299110343,0.966707768187423,38.16208241355245,26.196631343863103,737,0,737,0.9400510204081632,0.0,0.9400510204081632
516,Breast,11,516__pred11,neoplastic_like,745.0,171,145,204,174,186.61879194630873,159.16912751677853,0.6098287647140435,0.9713168187744459,34.63451221490502,27.449000897178653,692,0,692,0.9288590604026845,0.0,0.9288590604026845
516,Breast,12,516__pred12,neoplastic_like,377.0,204,136,227,159,215.6445623342175,146.53315649867375,0.6787906888772399,0.9378109452736318,25.801334328813464,18.94674042417695,375,0,375,0.9946949602122016,0.0,0.9946949602122016
516,Breast,13,516__pred13,neoplastic_like,780.0,212,91,240,128,226.12564102564102,109.28846153846153,0.7015718262922078,0.9701492537313433,37.358105653447375,26.621339235087778,754,0,754,0.9666666666666667,0.0,0.9666666666666667
516,Breast,14,516__pred14,neoplastic_like,655.0,229,173,256,204,243.08549618320612,187.12519083969465,0.7028844788592964,0.9732540861812778,34.522577462523344,24.556048142243462,653,0,653,0.9969465648854962,0.0,0.9969465648854962
588,Breast,1,588__pred1,normal_like,307.0,1,216,27,240,13.680781758957655,227.08469055374593,0.9348080146590638,0.9504643962848297,33.25129206929661,11.809311220932612,0,290,290,0.0,0.9446254071661238,0.9446254071661238
588,Breast,2,588__pred2,normal_like,347.0,93,169,136,184,113.98847262247838,176.0028818443804,0.9685146749477733,0.9278074866310161,42.40282829471198,10.556458489096674,0,331,331,0.0,0.9538904899135446,0.9538904899135446
588,Breast,3,588__pred3,normal_like,101.0,115,11,129,22,121.85148514851485,15.603960396039604,0.8383651022086359,0.9528301886792453,15.443603103499076,8.418448935504793,0,96,96,0.0,0.9504950495049505,0.9504950495049505
588,Breast,4,588__pred4,normal_like,291.0,149,166,171,184,160.63573883161513,173.97938144329896,0.6330986633656617,0.9572368421052632,22.21773837052262,17.198109389358464,0,238,238,0.0,0.8178694158075601,0.8178694158075601
588,Breast,5,588__pred5,normal_like,378.0,187,186,214,207,199.85978835978835,196.34126984126985,0.8244136406378467,0.9593908629441624,29.296495750714847,16.58145812641263,0,340,340,0.0,0.8994708994708994,0.8994708994708994
588,Breast,6,588__pred6,normal_like,130.0,196,110,204,134,199.42307692307693,121.6,0.9582780705373602,0.9090909090909091,24.27941198973958,6.939969105404542,0,128,128,0.0,0.9846153846153847,0.9846153846153847
588,Breast,7,588__pred7,neoplastic_like,572.0,202,0,236,23,218.13636363636363,8.977272727272727,0.6883371284029773,0.9727891156462585,32.82758387606844,23.8128315145998,559,0,559,0.9772727272727273,0.0,0.9772727272727273
588,Breast,8,588__pred8,neoplastic_like,236.0,204,242,226,256,214.40254237288136,249.61016949152543,0.749807153651237,0.9672131147540983,21.830577940369345,14.44434228091444,194,0,194,0.8220338983050848,0.0,0.8220338983050848
588,Breast,9,588__pred9,neoplastic_like,507.0,229,0,251,36,240.45562130177515,18.50887573964497,0.9052078906913229,0.949438202247191,39.438086911096555,16.759965454797893,427,0,427,0.8422090729783037,0.0,0.8422090729783037
588,Breast,10,588__pred10,neoplastic_like,219.0,230,231,248,248,238.10502283105023,239.26940639269407,0.28266963797735417,0.9605263157894737,17.071899002088106,16.375661286205847,191,0,191,0.8721461187214612,0.0,0.8721461187214612
588,Breast,11,588__pred11,normal_like,121.0,241,197,255,210,248.47107438016528,201.9917355371901,0.8065319858652108,0.952755905511811,16.418605049397286,9.706522613130518,0,107,107,0.0,0.8842975206611571,0.8842975206611571
597,Breast,1,597__pred1,neoplastic_like,362.0,122,213,146,234,133.90055248618785,221.90331491712706,0.5735335609966739,0.9551451187335093,23.85452239493906,19.541196897498285,325,0,325,0.8977900552486188,0.0,0.8977900552486188
597,Breast,2,597__pred2,neoplastic_like,305.0,123,238,150,255,133.6590163934426,247.5049180327869,0.8333087225595125,0.9186746987951807,27.47169844285998,15.186571890939312,233,0,233,0.7639344262295082,0.0,0.7639344262295082
597,Breast,3,597__pred3,neoplastic_like,457.0,129,189,156,212,140.7636761487965,200.10065645514223,0.5570689509138146,0.9682203389830508,26.612487045480492,22.100772184261896,423,0,423,0.925601750547046,0.0,0.925601750547046
597,Breast,4,597__pred4,neoplastic_like,457.0,138,226,164,250,151.3741794310722,236.77899343544857,0.39167573105478637,0.9520833333333333,25.20813658932945,23.194090197371406,407,0,407,0.8905908096280087,0.0,0.8905908096280087
597,Breast,5,597__pred5,neoplastic_like,330.0,140,159,161,182,149.88787878787878,168.9848484848485,0.5647833753638256,0.9510086455331412,22.670846278000337,18.70887106907616,308,0,308,0.9333333333333333,0.0,0.9333333333333333
597,Breast,6,597__pred6,neoplastic_like,456.0,147,203,180,226,164.1578947368421,215.03508771929825,0.856099517015328,0.8941176470588236,34.10912641843163,17.627971972522296,413,0,413,0.9057017543859649,0.0,0.9057017543859649
597,Breast,7,597__pred7,neoplastic_like,415.0,155,170,179,193,166.79036144578313,180.53975903614457,0.5443023770306802,0.9410430839002267,25.1896895598485,21.131356008043387,373,0,373,0.8987951807228916,0.0,0.8987951807228916
597,Breast,8,597__pred8,neoplastic_like,483.0,167,145,196,170,179.57971014492753,155.8198757763975,0.5816744263054084,0.9378640776699029,27.863901516909017,22.66510213625852,466,0,466,0.9648033126293996,0.0,0.9648033126293996
597,Breast,9,597__pred9,neoplastic_like,512.0,198,153,219,190,206.984375,169.673828125,0.864762717644249,0.9552238805970149,36.38125882125499,18.269965540695466,485,0,485,0.947265625,0.0,0.947265625
597,Breast,10,597__pred10,neoplastic_like,793.0,203,181,237,212,220.07692307692307,195.71626733921815,0.4240065293210087,0.9706242350061199,33.441076626790526,30.286216425761168,726,0,726,0.9155107187894073,0.0,0.9155107187894073
597,Breast,11,597__pred11,neoplastic_like,241.0,224,226,242,244,232.12033195020746,234.3941908713693,0.5592013053112216,0.9601593625498008,19.269680392632722,15.975179851970637,241,0,241,1.0,0.0,1.0
597,Breast,12,597__pred12,neoplastic_like,412.0,225,155,246,182,235.45631067961165,168.7135922330097,0.6586415550928147,0.9626168224299065,26.58737949007876,20.00585565819871,347,0,347,0.8422330097087378,0.0,0.8422330097087378
597,Breast,13,597__pred13,neoplastic_like,224.0,244,208,255,236,249.91517857142858,222.29017857142858,0.9053860116913282,0.9372384937238494,26.749624048191272,11.357607178954881,219,0,219,0.9776785714285714,0.0,0.9776785714285714
635,Breast,1,635__pred1,normal_like,458.0,10,24,44,42,25.397379912663755,33.03493449781659,0.8727176652112738,0.9215291750503019,35.25902457780592,17.214345442558788,0,456,456,0.0,0.9956331877729258,0.9956331877729258
635,Breast,2,635__pred2,normal_like,247.0,62,126,79,145,70.10121457489879,135.13765182186233,0.4746513378556919,0.9610894941634242,18.907045740914985,16.64148832936293,0,222,222,0.0,0.8987854251012146,0.8987854251012146
635,Breast,3,635__pred3,normal_like,226.0,236,204,252,222,243.73451327433628,212.81415929203538,0.610890680108779,0.9495798319327731,19.081074714251187,15.106772292924557,0,190,190,0.0,0.8407079646017699,0.8407079646017699
718,Breast,1,718__pred1,neoplastic_like,363.0,7,1,42,15,26.482093663911847,6.440771349862259,0.920218240502618,0.9552631578947368,35.255807758062254,13.799322666826631,332,0,332,0.9146005509641874,0.0,0.9146005509641874
718,Breast,2,718__pred2,neoplastic_like,815.0,16,124,50,155,32.206134969325156,139.00613496932516,0.4917797660570689,0.9760479041916168,34.537593016624,30.072559967184297,814,0,814,0.9987730061349693,0.0,0.9987730061349693
718,Breast,3,718__pred3,neoplastic_like,1108.0,20,26,58,64,38.33393501805054,44.61281588447653,0.558233674095231,0.9719298245614035,41.296903983168235,34.2633711579219,1055,0,1055,0.9521660649819494,0.0,0.9521660649819494
718,Breast,4,718__pred4,neoplastic_like,1708.0,38,61,79,116,57.62529274004684,86.18559718969556,0.7083932078938815,0.9765580331618068,55.758523562642125,39.35537013241586,1600,0,1600,0.936768149882904,0.0,0.936768149882904
718,Breast,5,718__pred5,neoplastic_like,158.0,48,1,77,9,61.69620253164557,3.670886075949367,0.9542403799845242,0.9294117647058824,27.14021467090871,8.116026839804082,158,0,158,1.0,0.0,1.0
718,Breast,6,718__pred6,neoplastic_like,1036.0,109,0,147,33,127.6023166023166,15.26061776061776,0.523078330620932,0.9773584905660377,39.45187630356341,33.624227092286056,1022,0,1022,0.9864864864864865,0.0,0.9864864864864865
718,Breast,7,718__pred7,normal_like,1394.0,136,163,187,198,161.69368723098995,179.80344332855094,0.7351720459899834,0.9789325842696629,51.251104969047795,34.7421280836472,0,1369,1369,0.0,0.9820659971305595,0.9820659971305595
718,Breast,8,718__pred8,neoplastic_like,280.0,150,1,182,13,164.75,5.525,0.9236410205872028,0.9491525423728814,31.226235407095288,11.967727771592834,280,0,280,1.0,0.0,1.0
718,Breast,9,718__pred9,normal_like,509.0,160,108,190,134,173.67583497053045,119.54616895874263,0.835950001586126,0.9549718574108818,34.736023399294574,19.06332442456613,0,490,490,0.0,0.962671905697446,0.962671905697446
718,Breast,10,718__pred10,normal_like,559.0,172,79,205,102,186.8586762075134,90.1216457960644,0.7686277700032175,0.9285714285714286,33.99303611393484,21.74521929357247,0,503,503,0.0,0.8998211091234347,0.8998211091234347
718,Breast,11,718__pred11,normal_like,994.0,219,142,255,186,237.841046277666,164.7877263581489,0.8681529319741924,0.9745098039215686,50.76665588302922,25.19532748125626,0,993,993,0.0,0.9989939637826962,0.9989939637826962
718,Breast,12,718__pred12,normal_like,371.0,226,23,251,44,238.7088948787062,32.935309973045825,0.7565172784672171,0.9661458333333334,26.936110711651168,17.61550813169755,0,368,368,0.0,0.9919137466307277,0.9919137466307277
718,Breast,13,718__pred13,normal_like,165.0,238,89,255,106,246.74545454545455,98.72727272727273,0.8479088323827483,0.8870967741935484,20.614484820775175,10.928605607885554,0,160,160,0.0,0.9696969696969697,0.9696969696969697
764,Colon,1,764__pred1,normal_like,186.0,1,0,16,16,6.854838709677419,6.419354838709677,0.6765259128714783,0.9637305699481865,18.403331576960845,13.55255985846233,0,183,183,0.0,0.9838709677419355,0.9838709677419355
764,Colon,2,764__pred2,normal_like,290.0,28,21,45,44,35.48965517241379,32.46896551724138,0.7121791914013285,0.9570957095709571,23.046175681839525,16.178362790753333,0,208,208,0.0,0.7172413793103448,0.7172413793103448
764,Colon,3,764__pred3,normal_like,267.0,38,1,56,22,46.666666666666664,11.067415730337078,0.7501333713589021,0.9535714285714286,22.73938009697236,15.03724662546526,0,267,267,0.0,1.0,1.0
764,Colon,4,764__pred4,normal_like,205.0,57,7,70,29,63.25853658536585,18.01951219512195,0.8305718887413216,0.9360730593607306,21.826897185036362,12.155648460446635,0,205,205,0.0,1.0,1.0
764,Colon,5,764__pred5,normal_like,85.0,72,1,85,10,77.74117647058823,4.235294117647059,0.7423911421007949,0.9340659340659341,12.983997589647101,8.69884614412148,0,81,81,0.0,0.9529411764705882,0.9529411764705882
764,Colon,6,764__pred6,normal_like,265.0,100,92,119,110,109.2566037735849,100.98490566037736,0.4771136374302365,0.9636363636363636,19.677683298188043,17.2935668877623,0,264,264,0.0,0.9962264150943396,0.9962264150943396
764,Colon,7,764__pred7,normal_like,227.0,111,238,128,256,119.20704845814979,247.11453744493392,0.6210957087146212,0.9578059071729957,19.39649089347188,15.201703474246848,0,227,227,0.0,1.0,1.0
764,Colon,8,764__pred8,normal_like,255.0,121,76,138,98,129.04313725490195,86.49411764705883,0.7842078933696951,0.9479553903345725,23.034705884434402,14.29299286640279,0,239,239,0.0,0.9372549019607843,0.9372549019607843
764,Colon,9,764__pred9,normal_like,265.0,131,226,153,248,141.4566037735849,236.12830188679246,0.8709879426330551,0.9106529209621993,27.105076288067945,13.316842975876353,0,238,238,0.0,0.8981132075471698,0.8981132075471698
764,Colon,10,764__pred10,normal_like,238.0,210,156,229,172,218.02100840336135,162.86974789915968,0.5625598256412396,0.9635627530364372,19.427643085992752,16.061931755250136,0,231,231,0.0,0.9705882352941176,0.9705882352941176
764,Colon,11,764__pred11,normal_like,318.0,224,119,239,148,230.36163522012578,133.53773584905662,0.8557058462370251,0.9492537313432836,28.213291418629865,14.599322104758937,0,318,318,0.0,1.0,1.0
825,Colon,1,825__pred1,normal_like,163.0,0,11,12,29,5.171779141104294,19.25153374233129,0.7177767807060779,0.9588235294117647,17.438368317096703,12.14187006424495,0,134,134,0.0,0.8220858895705522,0.8220858895705522
825,Colon,2,825__pred2,normal_like,349.0,0,86,21,108,9.74785100286533,96.87679083094555,0.5978413863553893,0.9561643835616438,23.62260650087809,18.936221985643215,0,341,341,0.0,0.9770773638968482,0.9770773638968482
825,Colon,3,825__pred3,normal_like,184.0,0,235,12,255,4.853260869565218,245.41304347826087,0.7954793459783173,0.9583333333333334,20.019815878391398,12.13162206214914,0,163,163,0.0,0.8858695652173914,0.8858695652173914
825,Colon,4,825__pred4,normal_like,271.0,1,142,21,160,10.523985239852399,150.26568265682656,0.6629518189992247,0.9475524475524476,21.66547412033679,16.220118566868493,0,271,271,0.0,1.0,1.0
825,Colon,5,825__pred5,normal_like,76.0,1,219,9,233,4.0,225.43421052631578,0.803674734821417,0.926829268292683,13.16436992839297,7.833706301369973,0,73,73,0.0,0.9605263157894737,0.9605263157894737
825,Colon,6,825__pred6,normal_like,250.0,4,159,22,179,12.612,168.812,0.6906351070081406,0.9652509652509652,21.022945925968862,15.203865843718475,0,250,250,0.0,1.0,1.0
825,Colon,7,825__pred7,normal_like,323.0,10,188,30,209,19.597523219814242,197.8544891640867,0.6645700390387306,0.96996996996997,23.47735802719354,17.542891828655513,0,323,323,0.0,1.0,1.0
825,Colon,8,825__pred8,normal_like,347.0,11,27,30,52,20.144092219020173,38.45244956772334,0.7219626939116671,0.9638888888888889,25.368031391543507,17.552952256418724,0,347,347,0.0,1.0,1.0
825,Colon,9,825__pred9,normal_like,309.0,17,102,41,121,28.003236245954692,110.7378640776699,0.7291632478373995,0.9478527607361963,24.081529786229897,16.47994920967249,0,309,309,0.0,1.0,1.0
825,Colon,10,825__pred10,normal_like,285.0,20,79,43,97,30.25964912280702,88.29122807017544,0.7864733978469193,0.9437086092715232,24.57214129495614,15.176347956884843,0,283,283,0.0,0.9929824561403509,0.9929824561403509
825,Colon,11,825__pred11,normal_like,246.0,21,1,40,18,29.788617886178862,8.682926829268293,0.5950316450463701,0.9213483146067416,20.131709147456284,16.179900373231696,0,196,196,0.0,0.7967479674796748,0.7967479674796748
825,Colon,12,825__pred12,normal_like,212.0,24,168,39,188,31.193396226415093,177.30188679245282,0.7004884931126983,0.9506726457399103,19.545265086530595,13.948746121340998,0,206,206,0.0,0.9716981132075472,0.9716981132075472
825,Colon,13,825__pred13,normal_like,410.0,30,192,57,212,41.08780487804878,201.34634146341463,0.6761111876973175,0.9579439252336449,26.983982817725263,19.881787953617867,0,336,336,0.0,0.8195121951219512,0.8195121951219512
825,Colon,14,825__pred14,normal_like,263.0,32,62,49,82,40.09885931558935,71.1444866920152,0.49285156985031287,0.9704797047970479,19.644570670319933,17.093004191450852,0,260,260,0.0,0.9885931558935361,0.9885931558935361
825,Colon,15,825__pred15,normal_like,434.0,32,217,57,242,43.785714285714285,227.91013824884791,0.5632699715413165,0.9234042553191489,26.449143741282608,21.854211243965842,0,357,357,0.0,0.8225806451612904,0.8225806451612904
825,Colon,16,825__pred16,normal_like,381.0,35,20,56,46,45.08398950131234,32.00787401574803,0.7766545393537825,0.9621212121212122,27.78836282534216,17.504633438288668,0,381,381,0.0,1.0,1.0
825,Colon,17,825__pred17,normal_like,196.0,36,178,52,194,44.5969387755102,185.3469387755102,0.37230505776485673,0.9423076923076923,16.526183530524108,15.33812306851368,0,193,193,0.0,0.9846938775510204,0.9846938775510204
825,Colon,18,825__pred18,normal_like,481.0,39,141,64,167,50.99376299376299,152.9189189189189,0.10800679256454504,0.9678068410462777,24.870470916139798,24.724982542138246,0,481,481,0.0,1.0,1.0
825,Colon,19,825__pred19,normal_like,90.0,39,247,53,255,44.84444444444444,250.88888888888889,0.792290163966497,0.9782608695652174,13.915428598188054,8.490422055576296,0,89,89,0.0,0.9888888888888889,0.9888888888888889
825,Colon,20,825__pred20,normal_like,166.0,42,112,55,128,47.86746987951807,119.57831325301204,0.5739491906961705,0.9485714285714286,16.09079283014287,13.176604022778733,0,166,166,0.0,1.0,1.0
825,Colon,21,825__pred21,normal_like,221.0,45,95,63,112,52.95475113122172,103.4524886877828,0.44002675199889474,0.9484978540772532,17.812333058513566,15.995201924005283,0,212,212,0.0,0.9592760180995475,0.9592760180995475
825,Colon,22,825__pred22,normal_like,285.0,47,64,63,89,54.36140350877193,77.28070175438596,0.8288028074505499,0.9375,25.825207230903885,14.45025710254825,0,285,285,0.0,1.0,1.0
825,Colon,23,825__pred23,normal_like,291.0,53,186,74,206,63.34020618556701,195.4914089347079,0.650488998205884,0.9478827361563518,22.122733774169813,16.80256311381703,0,268,268,0.0,0.9209621993127147,0.9209621993127147
825,Colon,24,825__pred24,normal_like,182.0,57,213,70,231,62.824175824175825,221.55494505494505,0.745832836936613,0.9381443298969072,18.736681077277506,12.481124468377512,0,176,176,0.0,0.967032967032967,0.967032967032967
825,Colon,25,825__pred25,normal_like,107.0,59,1,72,11,64.53271028037383,5.074766355140187,0.6425048709133223,0.9553571428571429,13.505505867482485,10.34902064806428,0,88,88,0.0,0.822429906542056,0.822429906542056
825,Colon,26,825__pred26,normal_like,238.0,59,19,72,43,65.21848739495799,30.352941176470587,0.8509725994279157,0.9558232931726908,24.043372666001222,12.627821839071268,0,238,238,0.0,1.0,1.0
825,Colon,27,825__pred27,normal_like,306.0,62,108,82,130,71.12745098039215,118.49019607843137,0.7608320358564545,0.8947368421052632,25.24130055177539,16.380313029721858,0,232,232,0.0,0.7581699346405228,0.7581699346405228
825,Colon,28,825__pred28,normal_like,313.0,65,232,83,254,74.03514376996804,243.19488817891374,0.5952090121140517,0.9660493827160493,22.349887718654642,17.959719953188788,0,306,306,0.0,0.9776357827476039,0.9776357827476039
825,Colon,29,825__pred29,unmatched,234.0,70,212,86,232,76.94871794871794,221.10683760683762,0.6432276715916662,0.9551020408163265,19.8182434814792,15.174333019555574,0,0,0,0.0,0.0,0.0
825,Colon,30,825__pred30,normal_like,269.0,73,86,91,106,81.85130111524164,96.04089219330855,0.5314307449607006,0.9572953736654805,20.251106750488685,17.15474782980571,0,264,264,0.0,0.9814126394052045,0.9814126394052045
825,Colon,31,825__pred31,normal_like,135.0,74,128,87,142,79.9037037037037,134.37777777777777,0.6251928790976994,0.9574468085106383,14.84363200930719,11.585013687218465,0,130,130,0.0,0.9629629629629629,0.9629629629629629
825,Colon,32,825__pred32,unmatched,194.0,78,167,92,185,84.00515463917526,175.7319587628866,0.6126959553011203,0.9556650246305419,17.754082137925472,14.03138332596913,0,1,1,0.0,0.005154639175257732,0.005154639175257732
825,Colon,33,825__pred33,normal_like,297.0,78,190,96,211,86.43097643097643,200.14478114478115,0.5141179024225068,0.9705882352941176,20.997931950175108,18.010336204117532,0,297,297,0.0,1.0,1.0
825,Colon,34,825__pred34,normal_like,199.0,80,114,97,132,87.73869346733669,123.24120603015075,0.4542031482473842,0.9299065420560748,16.986142765931753,15.13292303661822,0,194,194,0.0,0.9748743718592965,0.9748743718592965
825,Colon,35,825__pred35,normal_like,144.0,90,144,104,158,96.29861111111111,150.38888888888889,0.6585624629548666,0.9795918367346939,15.613224768302793,11.749358637127346,0,140,140,0.0,0.9722222222222222,0.9722222222222222
825,Colon,36,825__pred36,normal_like,300.0,91,51,110,72,99.95333333333333,60.803333333333335,0.5329239041565229,0.967741935483871,21.418834475567895,18.123828904309065,0,300,300,0.0,1.0,1.0
825,Colon,37,825__pred37,normal_like,265.0,92,173,112,191,101.75849056603774,180.46037735849058,0.3971705894074234,0.9671532846715328,19.404008981320263,17.807928394435148,0,265,265,0.0,1.0,1.0
825,Colon,38,825__pred38,normal_like,193.0,94,83,108,101,99.94300518134715,91.96373056994818,0.5973597680556868,0.946078431372549,17.724942111083717,14.214931793476666,0,190,190,0.0,0.9844559585492227,0.9844559585492227
825,Colon,39,825__pred39,normal_like,238.0,98,37,116,56,106.47058823529412,45.31512605042017,0.33121059583591317,0.9407114624505929,17.986521105789244,16.97130531164149,0,235,235,0.0,0.9873949579831933,0.9873949579831933
825,Colon,40,825__pred40,normal_like,224.0,98,242,119,256,107.50892857142857,248.83928571428572,0.7209097750022557,0.9411764705882353,20.76069291829402,14.387760776595552,0,224,224,0.0,1.0,1.0
825,Colon,41,825__pred41,normal_like,259.0,100,212,114,236,107.13513513513513,223.22393822393823,0.8211373734680434,0.9628252788104089,24.183883897866256,13.802482485104917,0,212,212,0.0,0.8185328185328186,0.8185328185328186
825,Colon,42,825__pred42,normal_like,270.0,102,145,120,164,110.85185185185185,153.72222222222223,0.4580476905900473,0.9540636042402827,19.681707778068144,17.49561364767048,0,270,270,0.0,1.0,1.0
825,Colon,43,825__pred43,normal_like,254.0,108,120,124,140,115.73622047244095,129.69291338582678,0.621085931719905,0.9731800766283525,20.327902763673464,15.931840801520737,0,254,254,0.0,1.0,1.0
825,Colon,44,825__pred44,normal_like,219.0,110,95,127,118,118.08219178082192,105.96347031963471,0.8832784674293714,0.9201680672268907,24.808875681238806,11.631610314989182,0,183,183,0.0,0.8356164383561644,0.8356164383561644
825,Colon,45,825__pred45,normal_like,227.0,118,235,135,254,126.08370044052863,242.99118942731278,0.5166186906065003,0.926530612244898,18.620519330223363,15.943178856975917,0,208,208,0.0,0.9162995594713657,0.9162995594713657
825,Colon,46,825__pred46,normal_like,312.0,122,160,140,182,130.99679487179486,171.10576923076923,0.6467895980081388,0.9629629629629629,22.864878696014365,17.438322363263108,0,312,312,0.0,1.0,1.0
825,Colon,47,825__pred47,normal_like,257.0,124,194,141,215,131.5875486381323,204.06225680933852,0.6947942136862344,0.9379562043795621,21.348492897125826,15.354019544898016,0,210,210,0.0,0.8171206225680934,0.8171206225680934
825,Colon,48,825__pred48,normal_like,213.0,127,0,141,20,133.56807511737088,9.286384976525822,0.7427489589871594,0.9424778761061947,20.16460123672973,13.501612035372975,0,213,213,0.0,1.0,1.0
825,Colon,49,825__pred49,normal_like,238.0,128,24,146,42,136.52100840336135,32.747899159663866,0.6100385206227422,0.9482071713147411,19.853416503990584,15.731286543591679,0,238,238,0.0,1.0,1.0
825,Colon,50,825__pred50,normal_like,188.0,132,239,147,255,139.15425531914894,247.10106382978722,0.6234926382975405,0.9543147208121827,17.700471270405014,13.838745655383446,0,157,157,0.0,0.8351063829787234,0.8351063829787234
825,Colon,51,825__pred51,normal_like,183.0,136,215,148,234,141.7704918032787,224.28961748633878,0.7856569475438513,0.9631578947368421,19.438796732113197,12.026052570312219,0,182,182,0.0,0.994535519125683,0.994535519125683
825,Colon,52,825__pred52,normal_like,231.0,137,84,156,100,146.21212121212122,91.24242424242425,0.4632291933103156,0.9705882352941176,18.273032474853345,16.19426525780003,0,231,231,0.0,1.0,1.0
825,Colon,53,825__pred53,normal_like,173.0,138,201,154,216,145.39306358381504,207.757225433526,0.513083514296729,0.9402173913043478,16.049455015672958,13.775868199032255,0,150,150,0.0,0.8670520231213873,0.8670520231213873
825,Colon,54,825__pred54,normal_like,187.0,144,180,158,198,150.46524064171123,188.5614973262032,0.6988435925820315,0.9540816326530612,18.287708473543024,13.080731825475205,0,185,185,0.0,0.9893048128342246,0.9893048128342246
825,Colon,55,825__pred55,normal_like,243.0,146,14,165,31,154.90946502057614,22.181069958847736,0.5950888333081575,0.9604743083003953,19.67876260536782,15.815032945892323,0,243,243,0.0,1.0,1.0
825,Colon,56,825__pred56,normal_like,284.0,146,95,170,114,158.28521126760563,104.00352112676056,0.8523464239934364,0.9403973509933775,26.545640734832986,13.882775568352391,0,239,239,0.0,0.8415492957746479,0.8415492957746479
825,Colon,57,825__pred57,normal_like,194.0,151,34,169,48,158.77319587628867,40.324742268041234,0.6313712839287619,0.9651741293532339,17.87017327093384,13.85797431316482,0,186,186,0.0,0.9587628865979382,0.9587628865979382
825,Colon,58,825__pred58,normal_like,238.0,151,58,170,77,160.4453781512605,67.52100840336135,0.31694306209723794,0.9444444444444444,17.98556022813546,17.058306870657745,0,238,238,0.0,1.0,1.0
825,Colon,59,825__pred59,normal_like,225.0,152,120,170,136,160.8488888888889,127.24,0.46479770606960674,0.9615384615384616,17.997475696511945,15.935269196217897,0,225,225,0.0,1.0,1.0
825,Colon,60,825__pred60,normal_like,234.0,160,161,179,177,168.93162393162393,168.26923076923077,0.565738877270701,0.9629629629629629,19.03797911375435,15.69842162393012,0,234,234,0.0,1.0,1.0
825,Colon,61,825__pred61,normal_like,287.0,163,39,181,61,171.9965156794425,48.91637630662021,0.6194428029773117,0.9503311258278145,21.802159833338283,17.11560660633044,0,285,285,0.0,0.9930313588850174,0.9930313588850174
825,Colon,62,825__pred62,normal_like,264.0,172,87,193,103,182.45075757575756,94.25757575757575,0.6710492843025261,0.9565217391304348,21.343124505890348,15.824064520867891,0,264,264,0.0,1.0,1.0
825,Colon,63,825__pred63,normal_like,205.0,173,22,189,41,180.28780487804877,30.834146341463416,0.5406349830114583,0.9276018099547512,17.74328705955527,14.926669452070668,0,204,204,0.0,0.9951219512195122,0.9951219512195122
825,Colon,64,825__pred64,normal_like,134.0,175,0,191,13,182.47014925373134,5.2835820895522385,0.5221323184552024,0.8993288590604027,14.625694401199892,12.473735428286188,0,134,134,0.0,1.0,1.0
825,Colon,65,825__pred65,normal_like,288.0,175,137,193,160,183.32291666666666,147.98958333333334,0.8015788354995035,0.9664429530201343,24.869009163407497,14.868909393889222,0,288,288,0.0,1.0,1.0
825,Colon,66,825__pred66,normal_like,304.0,177,241,204,255,190.39802631578948,248.3684210526316,0.870150584802226,0.9559748427672956,28.254639631162,13.923488493690995,0,301,301,0.0,0.9901315789473685,0.9901315789473685
825,Colon,67,825__pred67,normal_like,204.0,181,11,198,27,188.72549019607843,17.897058823529413,0.5382529377259827,0.9444444444444444,17.637484130527042,14.864577961015035,0,201,201,0.0,0.9852941176470589,0.9852941176470589
825,Colon,68,825__pred68,normal_like,220.0,181,66,198,83,189.48636363636365,73.31818181818181,0.40885600728872773,0.9606986899563319,17.55741405704862,16.022876880578522,0,220,220,0.0,1.0,1.0
825,Colon,69,825__pred69,normal_like,420.0,193,109,219,130,205.56428571428572,119.08095238095238,0.6657885419036607,0.9655172413793104,26.805623473067026,20.000760793187993,0,420,420,0.0,1.0,1.0
825,Colon,70,825__pred70,normal_like,240.0,195,159,215,176,204.22083333333333,166.94166666666666,0.6787482536498631,0.9523809523809523,20.448292396662332,15.016633527693408,0,237,237,0.0,0.9875,0.9875
825,Colon,71,825__pred71,normal_like,207.0,196,51,210,69,202.41062801932367,59.227053140096615,0.6462413605076307,0.9583333333333334,18.655007274636617,14.236253234439074,0,206,206,0.0,0.9951690821256038,0.9951690821256038
825,Colon,72,825__pred72,unmatched,120.0,196,207,211,218,203.375,211.91666666666666,0.7561460932169882,0.9375,15.348008458634189,10.043780425844762,0,0,0,0.0,0.0,0.0
825,Colon,73,825__pred73,normal_like,353.0,200,1,219,24,208.5042492917847,12.841359773371105,0.6148744715784484,0.9751381215469613,23.983623627424326,18.914085085496207,0,353,353,0.0,1.0,1.0
825,Colon,74,825__pred74,normal_like,218.0,210,46,226,63,217.36697247706422,53.481651376146786,0.4655410055677904,0.960352422907489,17.83324561564501,15.782891590170776,0,217,217,0.0,0.9954128440366973,0.9954128440366973
825,Colon,75,825__pred75,normal_like,306.0,210,228,230,249,219.6078431372549,237.77124183006535,0.682477321964403,0.9776357827476039,23.117489765567065,16.89672975248326,0,306,306,0.0,1.0,1.0
825,Colon,76,825__pred76,normal_like,167.0,211,169,225,185,218.06586826347305,176.49700598802394,0.5991198694240615,0.9277777777777778,16.344975779129722,13.086757553644983,0,165,165,0.0,0.9880239520958084,0.9880239520958084
825,Colon,77,825__pred77,unmatched,131.0,212,196,225,210,218.31297709923663,202.6259541984733,0.4862222663322307,0.9492753623188406,13.872589465761942,12.122356601093632,0,0,0,0.0,0.0,0.0
825,Colon,78,825__pred78,normal_like,90.0,215,0,235,7,223.9777777777778,2.8,0.9451522607075397,0.8823529411764706,19.231470316000483,6.28157653824101,0,86,86,0.0,0.9555555555555556,0.9555555555555556
825,Colon,79,825__pred79,normal_like,220.0,216,154,233,170,223.80454545454546,161.36363636363637,0.36960845692161715,0.9734513274336283,17.3599225925481,16.13062474062573,0,220,220,0.0,1.0,1.0
825,Colon,80,825__pred80,normal_like,240.0,220,59,238,76,228.12916666666666,67.425,0.6034526009247093,0.967741935483871,19.5971437555774,15.626740292805447,0,240,240,0.0,1.0,1.0
825,Colon,81,825__pred81,normal_like,238.0,220,93,239,112,229.1764705882353,102.13865546218487,0.8234394171983123,0.9444444444444444,23.20994701889026,13.169421420837072,0,238,238,0.0,1.0,1.0
825,Colon,82,825__pred82,normal_like,294.0,222,13,241,35,231.81632653061226,23.241496598639454,0.6142954426081385,0.9483870967741935,21.84162639159497,17.23470561431614,0,294,294,0.0,1.0,1.0
825,Colon,83,825__pred83,normal_like,175.0,226,180,240,197,232.44571428571427,187.84,0.6814975333264113,0.9408602150537635,17.522482443619822,12.823310281048942,0,175,175,0.0,1.0,1.0
825,Colon,84,825__pred84,normal_like,174.0,226,197,242,212,233.83333333333334,204.7471264367816,0.386952321847262,0.9456521739130435,15.657607010750063,14.437875099854026,0,161,161,0.0,0.9252873563218391,0.9252873563218391
825,Colon,85,825__pred85,normal_like,300.0,228,139,250,156,238.72333333333333,146.65333333333334,0.6764376633007537,0.970873786407767,22.81356743272646,16.802189900036456,0,300,300,0.0,1.0,1.0
825,Colon,86,825__pred86,normal_like,240.0,230,31,248,49,238.79166666666666,39.420833333333334,0.5096132330391332,0.9486166007905138,18.86076074537471,16.227866420148302,0,239,239,0.0,0.9958333333333333,0.9958333333333333
825,Colon,87,825__pred87,normal_like,205.0,232,168,251,182,241.2048780487805,174.3658536585366,0.6512373209416039,0.9715639810426541,18.570215605666053,14.092456292777207,0,202,202,0.0,0.9853658536585366,0.9853658536585366
825,Colon,88,825__pred88,unmatched,194.0,239,238,254,255,245.32474226804123,246.69072164948454,0.5529944753667859,0.9463414634146341,17.29708380698156,14.411669380670622,0,2,2,0.0,0.010309278350515464,0.010309278350515464
825,Colon,89,825__pred89,normal_like,172.0,242,92,255,108,248.25581395348837,100.00581395348837,0.6121412921970182,0.9608938547486033,16.698337899450514,13.20418404300838,0,172,172,0.0,1.0,1.0
825,Colon,90,825__pred90,normal_like,191.0,242,186,255,206,249.03141361256544,194.89005235602093,0.759770999341167,0.9597989949748744,19.668833672881966,12.78849397716907,0,191,191,0.0,1.0,1.0
825,Colon,91,825__pred91,normal_like,88.0,248,17,255,33,251.51136363636363,24.670454545454547,0.8932323961475742,0.9565217391304348,16.14503264837562,7.258729947608387,0,88,88,0.0,1.0,1.0
825,Colon,92,825__pred92,normal_like,47.0,250,81,255,94,252.17021276595744,86.87234042553192,0.942757731546418,0.8392857142857143,14.153371080872436,4.719843889465191,0,43,43,0.0,0.9148936170212766,0.9148936170212766
854,Colon,1,854__pred1,unmatched,99.0,0,10,8,28,3.4444444444444446,17.636363636363637,0.9086488978905762,0.9166666666666666,17.726739794729337,7.401995017999553,0,0,0,0.0,0.0,0.0
854,Colon,2,854__pred2,normal_like,582.0,6,30,38,54,22.5979381443299,41.38831615120275,0.6731523074297907,0.9683860232945092,31.80012979748015,23.51631899276106,0,550,550,0.0,0.9450171821305842,0.9450171821305842
854,Colon,3,854__pred3,normal_like,257.0,13,94,32,114,21.560311284046694,103.19844357976653,0.7650264716982768,0.9625468164794008,22.636573293586242,14.577926796412347,0,256,256,0.0,0.9961089494163424,0.9961089494163424
854,Colon,4,854__pred4,normal_like,335.0,36,165,55,193,44.95223880597015,178.5820895522388,0.8752207094735607,0.9544159544159544,29.739387417345924,14.385649338171616,0,332,332,0.0,0.991044776119403,0.991044776119403
854,Colon,5,854__pred5,normal_like,710.0,84,8,124,36,103.0507042253521,20.791549295774647,0.8614895666864357,0.9568733153638814,42.32275709937221,21.49044948274336,0,684,684,0.0,0.9633802816901409,0.9633802816901409
854,Colon,6,854__pred6,normal_like,408.0,110,185,130,213,119.3970588235294,198.16176470588235,0.7790397128252602,0.9645390070921985,28.843947307772595,18.08442179196159,0,407,407,0.0,0.9975490196078431,0.9975490196078431
854,Colon,7,854__pred7,normal_like,302.0,114,26,137,45,124.83443708609272,35.711920529801326,0.719336754851429,0.940809968847352,23.880078826787237,16.58857195438746,0,263,263,0.0,0.8708609271523179,0.8708609271523179
854,Colon,8,854__pred8,unmatched,346.0,125,1,151,19,136.90751445086704,7.985549132947977,0.7066968289556459,0.9505494505494505,25.483881934700342,18.030266847889806,0,0,0,0.0,0.0,0.0
854,Colon,9,854__pred9,normal_like,269.0,182,6,205,23,194.8624535315985,14.1635687732342,0.6983257425245891,0.9405594405594405,22.084232315300042,15.807454104103382,0,240,240,0.0,0.8921933085501859,0.8921933085501859
854,Colon,10,854__pred10,normal_like,723.0,189,133,217,173,201.49100968188105,152.7040110650069,0.8427315323005767,0.9601593625498008,41.495752877787055,22.338577285576235,0,680,680,0.0,0.9405255878284924,0.9405255878284924
854,Colon,11,854__pred11,normal_like,581.0,202,70,236,94,217.64888123924268,80.91222030981068,0.7970308176077117,0.9683333333333334,35.11435273220422,21.20691428526231,0,565,565,0.0,0.9724612736660929,0.9724612736660929
854,Colon,12,854__pred12,normal_like,624.0,216,202,246,232,229.40384615384616,217.53365384615384,0.6089764176935333,0.96,32.00685567649663,25.387464318759026,0,609,609,0.0,0.9759615384615384,0.9759615384615384
854,Colon,13,854__pred13,normal_like,276.0,232,11,251,32,240.41666666666666,21.307971014492754,0.6546417959668783,0.9452054794520548,21.62788206943268,16.349364511235024,0,276,276,0.0,1.0,1.0
854,Colon,14,854__pred14,normal_like,266.0,236,163,255,185,245.15413533834587,173.54135338345864,0.8086401875870052,0.95,24.11558765353507,14.187285418564441,0,266,266,0.0,1.0,1.0
854,Colon,15,854__pred15,normal_like,268.0,239,198,255,221,247.294776119403,208.61194029850745,0.762658881337304,0.950354609929078,23.12019494695601,14.954163373074307,0,265,265,0.0,0.9888059701492538,0.9888059701492538
869,Lung,1,869__pred1,neoplastic_like,529.0,0,225,23,256,9.158790170132326,242.4234404536862,0.729057444008183,0.9724264705882353,32.30081474218573,22.10837384074147,529,0,529,1.0,0.0,1.0
869,Lung,2,869__pred2,neoplastic_like,1070.0,2,184,37,232,18.267289719626167,207.97383177570094,0.8785577519444794,0.970081595648232,53.48789265781855,25.547750264652084,1068,0,1068,0.9981308411214953,0.0,0.9981308411214953
869,Lung,3,869__pred3,neoplastic_like,1527.0,12,96,65,135,38.50687622789784,114.5448592010478,0.7585587489032459,0.9652338811630847,54.81499738532895,35.71770737784911,1486,0,1486,0.9731499672560576,0.0,0.9731499672560576
869,Lung,4,869__pred4,neoplastic_like,1712.0,16,130,61,185,38.69100467289719,156.38668224299064,0.7766551195586208,0.9743881616391576,58.97737783123418,37.15138650654124,1696,0,1696,0.9906542056074766,0.0,0.9906542056074766
869,Lung,5,869__pred5,neoplastic_like,1409.0,23,49,74,90,48.056068133427964,69.15046132008517,0.8139047691402113,0.9750865051903114,55.61016186410455,32.30940960952108,1399,0,1399,0.992902767920511,0.0,0.992902767920511
869,Lung,6,869__pred6,neoplastic_like,675.0,41,23,74,50,56.75111111111111,36.33481481481481,0.6014160350662501,0.9656652360515021,32.82139866651437,26.222197389589837,647,0,647,0.9585185185185185,0.0,0.9585185185185185
869,Lung,7,869__pred7,neoplastic_like,893.0,61,163,93,200,76.0447928331467,180.81298992161254,0.680192224950059,0.9738276990185387,39.46019243944671,28.92565441359537,854,0,854,0.9563269876819709,0.0,0.9563269876819709
869,Lung,8,869__pred8,neoplastic_like,1309.0,63,117,107,156,82.9992360580596,136.47975553857907,0.4729345440005601,0.9768656716417911,43.760553318986005,38.557316923789585,1291,0,1291,0.9862490450725745,0.0,0.9862490450725745
869,Lung,9,869__pred9,neoplastic_like,1461.0,69,57,115,105,90.01574264202601,80.6290212183436,0.43451956806677755,0.9746497665110073,45.754717613888054,41.20955342674835,1457,0,1457,0.9972621492128679,0.0,0.9972621492128679
869,Lung,10,869__pred10,neoplastic_like,1818.0,82,26,137,79,109.55445544554455,51.205170517051705,0.8463547191920147,0.9493472584856397,66.7277929503155,35.54053358460512,1722,0,1722,0.9471947194719472,0.0,0.9471947194719472
869,Lung,11,869__pred11,neoplastic_like,425.0,85,187,113,211,97.77882352941177,198.28941176470587,0.8023057242924625,0.963718820861678,30.254485828997733,18.059305914944513,423,0,423,0.9952941176470588,0.0,0.9952941176470588
869,Lung,12,869__pred12,unmatched,517.0,86,0,125,18,105.40232108317214,6.794970986460348,0.8976184977134355,0.9591836734693877,39.34560110914151,17.34248734251779,97,0,97,0.18762088974854932,0.0,0.18762088974854932
869,Lung,13,869__pred13,unmatched,474.0,101,167,133,188,116.44092827004219,176.93881856540085,0.8482861809284399,0.9537223340040242,33.97226568730224,17.989607609956863,0,0,0,0.0,0.0,0.0
869,Lung,14,869__pred14,neoplastic_like,692.0,106,12,139,46,124.03179190751445,27.810693641618496,0.8240143654864353,0.9597780859916782,40.03986034872404,22.68533988215341,210,0,210,0.30346820809248554,0.0,0.30346820809248554
869,Lung,15,869__pred15,neoplastic_like,1492.0,109,178,162,242,135.23123324396784,211.2278820375335,0.9527903942010566,0.9455006337135615,80.29527177044864,24.379959198867045,1462,0,1462,0.9798927613941019,0.0,0.9798927613941019
869,Lung,16,869__pred16,neoplastic_like,743.0,112,88,144,122,127.1978465679677,103.6864064602961,0.6300136520390006,0.9636835278858625,35.01975665306867,27.19578471162672,683,0,683,0.9192462987886945,0.0,0.9192462987886945
869,Lung,17,869__pred17,neoplastic_like,1019.0,119,107,160,143,140.2630029440628,125.56526005888125,0.7639300046844462,0.9658767772511848,45.192892279912556,29.16293339682636,1018,0,1018,0.9990186457311089,0.0,0.9990186457311089
869,Lung,18,869__pred18,neoplastic_like,887.0,138,197,172,241,155.49154453213077,220.16910935738443,0.8994115588693058,0.9609967497291441,51.31765203493444,22.431088807136074,846,0,846,0.9537767756482526,0.0,0.9537767756482526
869,Lung,19,869__pred19,neoplastic_like,520.0,139,236,182,256,162.88653846153846,246.6153846153846,0.9251432719885692,0.9386281588447654,42.77580999350921,16.23847309303681,381,0,381,0.7326923076923076,0.0,0.7326923076923076
869,Lung,20,869__pred20,neoplastic_like,941.0,143,13,176,51,157.82359192348565,32.23485653560043,0.564292163825976,0.974120082815735,38.414135045907,31.713755896999544,921,0,921,0.9787460148777896,0.0,0.9787460148777896
869,Lung,21,869__pred21,unmatched,1157.0,149,0,208,25,179.21089023336214,10.127917026793432,0.9068125364195422,0.9625623960066556,60.459246888629586,25.485636112056255,5,0,5,0.00432152117545376,0.0,0.00432152117545376
869,Lung,22,869__pred22,neoplastic_like,896.0,150,121,176,170,163.02901785714286,144.98325892857142,0.8834355365127368,0.9593147751605996,49.4993796965849,23.19306906947046,883,0,883,0.9854910714285714,0.0,0.9854910714285714
869,Lung,23,869__pred23,neoplastic_like,1053.0,157,46,194,83,175.15669515669515,64.43969610636277,0.5476511231946742,0.9777158774373259,40.04581563405897,33.5066057284201,1038,0,1038,0.9857549857549858,0.0,0.9857549857549858
869,Lung,24,869__pred24,unmatched,418.0,168,96,187,124,176.54784688995215,109.22488038277513,0.7546204013861351,0.9457013574660633,28.570387877092656,18.746791519963065,0,0,0,0.0,0.0,0.0
869,Lung,25,869__pred25,neoplastic_like,602.0,178,135,198,173,187.74252491694352,153.91362126245846,0.861978143835529,0.9741100323624595,38.92343632789262,19.732058571413045,560,0,560,0.9302325581395349,0.0,0.9302325581395349
869,Lung,26,869__pred26,neoplastic_like,1434.0,197,36,228,95,211.0794979079498,65.40655509065552,0.855009854266321,0.9682646860229575,59.73339613525746,30.978441210808565,1434,0,1434,1.0,0.0,1.0
869,Lung,27,869__pred27,neoplastic_like,1521.0,204,119,236,181,219.82182774490468,150.32149901380672,0.8798545739756509,0.9762516046213093,63.910479322726566,30.373009243015055,1506,0,1506,0.9901380670611439,0.0,0.9901380670611439
869,Lung,28,869__pred28,neoplastic_like,1022.0,205,0,246,32,223.77397260273972,14.020547945205479,0.6895333123241039,0.9659735349716446,42.843207035204074,31.02936272760433,978,0,978,0.9569471624266145,0.0,0.9569471624266145
869,Lung,29,869__pred29,neoplastic_like,250.0,209,242,235,256,223.068,249.192,0.875811205975943,0.9363295880149812,26.41154988868392,12.747636034871737,250,0,250,1.0,0.0,1.0
869,Lung,30,869__pred30,neoplastic_like,765.0,230,177,255,219,242.59084967320263,198.12156862745098,0.8703623220668523,0.9720457433290979,44.65044298328966,21.986407155916574,744,0,744,0.9725490196078431,0.0,0.9725490196078431
869,Lung,31,869__pred31,neoplastic_like,769.0,240,120,256,180,248.07542262678803,147.8036410923277,0.9640420802283086,0.9576587795765878,61.52092325315558,16.349162789014994,681,0,681,0.8855656697009102,0.0,0.8855656697009102
869,Lung,32,869__pred32,neoplastic_like,441.0,242,57,256,99,249.3968253968254,75.46031746031746,0.9421181021540331,0.9545454545454546,41.9538827525726,14.066348061360515,435,0,435,0.9863945578231292,0.0,0.9863945578231292
921,Prostate,1,921__pred1,neoplastic_like,473.0,1,139,23,169,10.090909090909092,154.27906976744185,0.6362649768062674,0.9517102615694165,28.707167967329017,22.14673595884735,451,0,451,0.9534883720930233,0.0,0.9534883720930233
921,Prostate,2,921__pred2,neoplastic_like,307.0,1,189,19,210,8.586319218241043,199.80781758957656,0.5373835374476227,0.956386292834891,21.871195521892375,18.444809659313947,304,0,304,0.990228013029316,0.0,0.990228013029316
921,Prostate,3,921__pred3,neoplastic_like,377.0,1,210,23,231,11.145888594164456,219.86472148541114,0.5281129041759915,0.9741602067183462,23.82280457054462,20.229710150245623,348,0,348,0.9230769230769231,0.0,0.9230769230769231
921,Prostate,4,921__pred4,neoplastic_like,234.0,3,119,22,138,12.294871794871796,127.14102564102564,0.4253958208895552,0.8540145985401459,18.60734974493752,16.839789229130496,234,0,234,1.0,0.0,1.0
921,Prostate,5,921__pred5,unmatched,626.0,16,173,44,202,29.544728434504794,187.03993610223642,0.38162687312275734,0.9601226993865031,29.406167508510357,27.180604836302955,29,0,29,0.0463258785942492,0.0,0.0463258785942492
921,Prostate,6,921__pred6,neoplastic_like,308.0,22,148,43,168,31.691558441558442,158.26623376623377,0.2841588236434302,0.9595015576323987,20.277948037695992,19.44203470351155,308,0,308,1.0,0.0,1.0
921,Prostate,7,921__pred7,neoplastic_like,667.0,28,197,59,226,42.69565217391305,210.80209895052474,0.37287088456833556,0.9666666666666667,30.266058820727764,28.08336866137783,623,0,623,0.9340329835082459,0.0,0.9340329835082459
921,Prostate,8,921__pred8,unmatched,187.0,28,242,49,254,37.36898395721925,248.1657754010695,0.7969880980563013,0.9396984924623115,20.092123192333666,12.13554213935509,0,0,0,0.0,0.0,0.0
921,Prostate,9,921__pred9,neoplastic_like,232.0,35,117,53,135,43.07327586206897,125.25,0.7450518609380303,0.9830508474576272,21.099606423555286,14.073575477677316,232,0,232,1.0,0.0,1.0
921,Prostate,10,921__pred10,neoplastic_like,448.0,55,126,77,152,65.37276785714286,138.77008928571428,0.5284651461119148,0.9676025917926566,25.918524013520358,22.003660512986755,445,0,445,0.9933035714285714,0.0,0.9933035714285714
921,Prostate,11,921__pred11,neoplastic_like,543.0,92,106,118,134,103.99079189686924,119.78453038674033,0.5742541222413742,0.9661921708185054,29.103208334075006,23.82613036004049,542,0,542,0.998158379373849,0.0,0.998158379373849
921,Prostate,12,921__pred12,neoplastic_like,697.0,112,88,141,119,125.91104734576757,102.89526542324246,0.3317522851158755,0.9680555555555556,30.75497220001661,29.013211590340834,657,0,657,0.9426111908177905,0.0,0.9426111908177905
921,Prostate,13,921__pred13,neoplastic_like,698.0,121,64,152,93,136.23065902578796,77.62607449856733,0.4157110844747016,0.9707927677329624,31.340312133996754,28.503911271488064,682,0,682,0.9770773638968482,0.0,0.9770773638968482
921,Prostate,14,921__pred14,neoplastic_like,538.0,131,137,153,168,141.55204460966542,152.23048327137548,0.7123952362486132,0.9711191335740073,31.27281838956652,21.946590784945474,538,0,538,1.0,0.0,1.0
921,Prostate,15,921__pred15,neoplastic_like,681.0,135,36,164,67,148.63876651982378,50.59911894273128,0.41146295938369665,0.9659574468085106,30.85277496193784,28.12003615981823,669,0,669,0.9823788546255506,0.0,0.9823788546255506
921,Prostate,16,921__pred16,neoplastic_like,640.0,138,190,170,218,154.1640625,202.9046875,0.6500147726798374,0.9566517189835575,32.933153384633705,25.026613684619615,610,0,610,0.953125,0.0,0.953125
921,Prostate,17,921__pred17,neoplastic_like,779.0,152,120,181,154,166.3966623876765,136.82798459563543,0.5484409708775755,0.9713216957605985,34.468718263010054,28.822372489962166,770,0,770,0.9884467265725289,0.0,0.9884467265725289
921,Prostate,18,921__pred18,neoplastic_like,176.0,153,1,176,12,165.0340909090909,4.863636363636363,0.8725300387514288,0.9513513513513514,22.33066138344011,10.909878389590657,176,0,176,1.0,0.0,1.0
921,Prostate,19,921__pred19,neoplastic_like,697.0,167,51,194,84,180.1449067431851,67.10329985652798,0.5794005366318947,0.9680555555555556,33.02914024969275,26.920168063239505,697,0,697,1.0,0.0,1.0
921,Prostate,20,921__pred20,unmatched,381.0,185,174,210,195,197.23359580052494,183.6771653543307,0.541275804031122,0.9501246882793017,24.05836102958808,20.229355297295328,60,0,60,0.15748031496062992,0.0,0.15748031496062992
921,Prostate,21,921__pred21,neoplastic_like,766.0,197,189,228,222,211.677545691906,205.18537859007833,0.3867516580019947,0.9696202531645569,32.532786584941526,30.001212180341465,764,0,764,0.9973890339425587,0.0,0.9973890339425587
949,Prostate,1,949__pred1,unmatched,552.0,1,182,21,221,9.235507246376812,204.2554347826087,0.8621005957079112,0.9435897435897436,38.07820535603455,19.295642149308975,0,0,0,0.0,0.0,0.0
949,Prostate,2,949__pred2,unmatched,322.0,21,235,41,255,30.41304347826087,245.19254658385094,0.5204060782605221,0.9498525073746312,22.16595969905504,18.927932260235625,0,0,0,0.0,0.0,0.0
949,Prostate,3,949__pred3,neoplastic_like,766.0,33,84,68,112,50.5822454308094,97.87728459530027,0.5852205204725375,0.9745547073791349,34.714864534367365,28.149387454976484,762,0,762,0.9947780678851175,0.0,0.9947780678851175
949,Prostate,4,949__pred4,neoplastic_like,669.0,49,146,79,175,63.597907324364726,160.11061285500747,0.5224102430084002,0.9695652173913043,31.654028431789133,26.99120903573959,669,0,669,1.0,0.0,1.0
949,Prostate,5,949__pred5,neoplastic_like,799.0,50,57,85,88,67.81727158948686,72.54192740926158,0.47785454043284964,0.9673123486682809,34.20582444531644,30.047729469689106,799,0,799,1.0,0.0,1.0
949,Prostate,6,949__pred6,neoplastic_like,675.0,75,13,109,42,91.84,27.42962962962963,0.7693900131891526,0.9629101283880172,36.79589242062784,23.50445479204085,671,0,671,0.9940740740740741,0.0,0.9940740740740741
949,Prostate,7,949__pred7,neoplastic_like,1009.0,83,85,121,120,100.92666005946482,102.00594648166502,0.482581348295658,0.9758220502901354,38.34498366044782,33.5844981522079,1002,0,1002,0.9930624380574826,0.0,0.9930624380574826
949,Prostate,8,949__pred8,neoplastic_like,1143.0,87,160,123,200,104.46281714785651,179.84076990376204,0.5460909552562099,0.9819587628865979,41.691139483002885,34.925746973578484,1143,0,1143,1.0,0.0,1.0
949,Prostate,9,949__pred9,neoplastic_like,385.0,93,0,126,16,107.7116883116883,6.332467532467533,0.8705927267631104,0.9553349875930521,32.12308009968162,15.804695917747482,364,0,364,0.9454545454545454,0.0,0.9454545454545454
949,Prostate,10,949__pred10,neoplastic_like,650.0,96,27,126,57,111.16461538461539,41.652307692307694,0.702943694993892,0.975975975975976,34.22124833216727,24.339708890213295,649,0,649,0.9984615384615385,0.0,0.9984615384615385
949,Prostate,11,949__pred11,neoplastic_like,713.0,111,132,146,159,128.03646563814866,145.57784011220195,0.6329481283872793,0.9674355495251018,34.50756735278496,26.71555866683197,703,0,703,0.9859747545582047,0.0,0.9859747545582047
949,Prostate,12,949__pred12,neoplastic_like,293.0,114,204,134,224,123.82935153583618,213.35153583617748,0.7251381323059847,0.9606557377049181,23.295624804912777,16.04144723376529,293,0,293,1.0,0.0,1.0
949,Prostate,13,949__pred13,neoplastic_like,1177.0,124,73,160,115,142.56839422259984,93.37723024638912,0.5131329576346503,0.9783873649210307,41.90226554554183,35.96509721107863,1168,0,1168,0.9923534409515717,0.0,0.9923534409515717
949,Prostate,14,949__pred14,neoplastic_like,944.0,127,222,162,256,144.58262711864407,239.41101694915255,0.5982626824902715,0.972193614830072,39.10826844834383,31.337457282721907,944,0,944,1.0,0.0,1.0
949,Prostate,15,949__pred15,neoplastic_like,1034.0,128,15,163,55,146.0357833655706,34.61798839458414,0.488478006946875,0.9681647940074907,38.914385498461435,33.95576688944316,1004,0,1004,0.9709864603481625,0.0,0.9709864603481625
949,Prostate,16,949__pred16,neoplastic_like,318.0,141,117,164,134,152.50314465408806,124.92138364779875,0.7121034116014885,0.9578313253012049,24.11187824239863,16.928337052830326,318,0,318,1.0,0.0,1.0
949,Prostate,17,949__pred17,normal_like,108.0,142,1,160,9,150.66666666666666,3.8703703703703702,0.9007329979621558,0.9391304347826087,18.03645920574957,7.834554283955662,0,108,108,0.0,1.0,1.0
949,Prostate,18,949__pred18,normal_like,310.0,187,148,206,175,196.0032258064516,161.11612903225807,0.8786113889800293,0.9538461538461539,28.891565497086365,13.796804846805887,0,310,310,0.0,1.0,1.0
949,Prostate,19,949__pred19,neoplastic_like,1040.0,188,212,218,255,202.10192307692307,234.45096153846154,0.7417136398435827,0.9629629629629629,44.65211539095301,29.948918977448113,1004,0,1004,0.9653846153846154,0.0,0.9653846153846154
949,Prostate,20,949__pred20,normal_like,835.0,227,12,255,49,241.65868263473052,30.293413173652695,0.6221106426665357,0.981198589894242,37.105179059570176,29.05073327700472,0,832,832,0.0,0.9964071856287425,0.9964071856287425
949,Prostate,21,949__pred21,normal_like,692.0,230,174,256,208,243.28323699421966,189.91907514450867,0.6777678469634206,0.9719101123595506,34.74207661682513,25.54501393217807,0,692,692,0.0,1.0,1.0
955,Kidney,1,955__pred1,normal_like,67.0,1,220,9,230,4.164179104477612,224.44776119402985,0.6741649698978168,0.9571428571428572,10.76339654094469,7.949637993200775,0,67,67,0.0,1.0,1.0
955,Kidney,2,955__pred2,normal_like,44.0,7,183,14,191,10.113636363636363,186.75,0.46729148053780395,0.9166666666666666,7.963092428638686,7.040196416615625,0,44,44,0.0,1.0,1.0
955,Kidney,3,955__pred3,unmatched,92.0,8,3,20,13,13.826086956521738,7.728260869565218,0.5595524327967281,0.9484536082474226,11.916674567357793,9.8764797439581,0,0,0,0.0,0.0,0.0
955,Kidney,4,955__pred4,normal_like,90.0,9,50,20,60,14.11111111111111,54.27777777777778,0.33966576019481515,0.9782608695652174,11.035189335704873,10.37910549580486,0,90,90,0.0,1.0,1.0
955,Kidney,5,955__pred5,normal_like,61.0,9,237,17,247,12.40983606557377,241.70491803278688,0.709748393760447,0.953125,10.47094026112474,7.376308975404363,0,61,61,0.0,1.0,1.0
955,Kidney,6,955__pred6,unmatched,51.0,10,76,18,85,13.705882352941176,80.11764705882354,0.41394029389930925,0.9107142857142857,8.467129773548015,7.707662383541328,0,0,0,0.0,0.0,0.0
955,Kidney,7,955__pred7,normal_like,47.0,11,117,18,125,14.02127659574468,120.68085106382979,0.49030996426189716,0.94,8.289643192506398,7.2248230039588535,0,47,47,0.0,1.0,1.0
955,Kidney,8,955__pred8,normal_like,52.0,14,109,22,118,17.346153846153847,112.75,0.3256861543909721,0.9122807017543859,8.37291348856057,7.916404969560018,0,50,50,0.0,0.9615384615384616,0.9615384615384616
955,Kidney,9,955__pred9,normal_like,54.0,20,151,29,158,24.037037037037038,153.94444444444446,0.6801360802761244,0.9818181818181818,9.645680511276634,7.0711122177236145,0,54,54,0.0,1.0,1.0
955,Kidney,10,955__pred10,normal_like,73.0,23,60,32,71,27.123287671232877,65.02739726027397,0.46668624487515487,0.948051948051948,10.27121682677769,9.084099853264593,0,73,73,0.0,1.0,1.0
955,Kidney,11,955__pred11,normal_like,76.0,28,127,39,136,33.31578947368421,131.17105263157896,0.5582921485176577,0.95,10.81042193158477,8.968806319816771,0,76,76,0.0,1.0,1.0
955,Kidney,12,955__pred12,neoplastic_like,152.0,36,0,55,12,44.546052631578945,5.434210526315789,0.8977985926595392,0.9559748427672956,20.9977622290619,9.247546245663624,152,0,152,1.0,0.0,1.0
955,Kidney,13,955__pred13,neoplastic_like,33.0,66,1,80,4,72.3030303030303,1.7575757575757576,0.9787299885474738,0.9166666666666666,14.421797300828471,2.9586699240398615,33,0,33,1.0,0.0,1.0
955,Kidney,14,955__pred14,normal_like,68.0,69,124,78,133,73.23529411764706,127.97058823529412,0.4857651615851584,1.0,9.9361906856666,8.685118548888399,0,68,68,0.0,1.0,1.0
955,Kidney,15,955__pred15,normal_like,54.0,73,102,81,110,76.62962962962963,105.70370370370371,0.25224672301032114,0.9642857142857143,8.424776874593425,8.15234446936572,0,54,54,0.0,1.0,1.0
955,Kidney,16,955__pred16,normal_like,82.0,82,119,89,133,84.7560975609756,125.78048780487805,0.8782100812021296,0.9647058823529412,14.798947739515413,7.077967931452199,0,79,79,0.0,0.9634146341463414,0.9634146341463414
955,Kidney,17,955__pred17,neoplastic_like,193.0,86,30,103,44,93.98963730569949,36.689119170984455,0.5909485434110752,0.965,17.45562654269703,14.08161545068594,186,0,186,0.9637305699481865,0.0,0.9637305699481865
955,Kidney,18,955__pred18,neoplastic_like,148.0,86,44,102,56,93.37162162162163,49.4527027027027,0.7232806174049107,0.9548387096774194,16.53550151539589,11.41866056350662,148,0,148,1.0,0.0,1.0
955,Kidney,19,955__pred19,neoplastic_like,254.0,91,13,111,29,100.42913385826772,20.37007874015748,0.6103531782426388,0.9584905660377359,20.212725591063965,16.011094341086856,254,0,254,1.0,0.0,1.0
955,Kidney,20,955__pred20,neoplastic_like,98.0,92,238,103,250,96.56122448979592,243.39795918367346,0.6130456367473762,0.9333333333333333,12.624931545548192,9.974295565351518,95,0,95,0.9693877551020408,0.0,0.9693877551020408
955,Kidney,21,955__pred21,neoplastic_like,65.0,96,67,105,76,99.95384615384616,70.8923076923077,0.30215890086325864,0.9154929577464789,9.385967894394556,8.947244966145233,65,0,65,1.0,0.0,1.0
955,Kidney,22,955__pred22,neoplastic_like,125.0,103,239,116,252,108.608,245.192,0.5420260809191098,0.946969696969697,13.785496130203093,11.584802477563251,101,0,101,0.808,0.0,0.808
955,Kidney,23,955__pred23,neoplastic_like,52.0,105,26,114,35,109.42307692307692,30.23076923076923,0.814584347158444,0.9122807017543859,10.728355936577183,6.222930507824244,52,0,52,1.0,0.0,1.0
955,Kidney,24,955__pred24,neoplastic_like,236.0,115,123,133,139,123.61016949152543,130.6228813559322,0.4412665459437738,0.963265306122449,18.29604131792122,16.418429903398334,236,0,236,1.0,0.0,1.0
955,Kidney,25,955__pred25,neoplastic_like,184.0,115,170,130,185,122.02173913043478,177.3641304347826,0.2703536141396792,0.9633507853403142,15.602591598704883,15.021568150334339,184,0,184,1.0,0.0,1.0
955,Kidney,26,955__pred26,neoplastic_like,124.0,116,83,131,94,123.2741935483871,87.87903225806451,0.6873981034898251,0.9323308270676691,14.745297551697947,10.70922697787322,124,0,124,1.0,0.0,1.0
955,Kidney,27,955__pred27,neoplastic_like,231.0,119,148,137,165,127.60606060606061,156.12554112554113,0.36451792182587706,0.9585062240663901,17.7724360162908,16.549627953730756,231,0,231,1.0,0.0,1.0
955,Kidney,28,955__pred28,neoplastic_like,125.0,119,212,134,224,127.0,217.376,0.5181607862105706,0.9615384615384616,13.754839657151946,11.764283658856588,125,0,125,1.0,0.0,1.0
955,Kidney,29,955__pred29,neoplastic_like,134.0,122,97,136,109,128.1417910447761,102.52985074626865,0.4247227607809023,0.9710144927536232,13.727355607637392,12.42769714547217,134,0,134,1.0,0.0,1.0
955,Kidney,30,955__pred30,neoplastic_like,105.0,123,112,136,122,129.2095238095238,116.32380952380953,0.6608036881091028,0.9722222222222222,13.335109824309676,10.00878379240345,105,0,105,1.0,0.0,1.0
955,Kidney,31,955__pred31,neoplastic_like,62.0,134,222,145,230,138.80645161290323,225.3709677419355,0.7917895224372442,0.9253731343283582,11.389066624944371,6.956373949102957,62,0,62,1.0,0.0,1.0
955,Kidney,32,955__pred32,neoplastic_like,238.0,144,54,164,72,153.7436974789916,62.483193277310924,0.8333531176132829,0.9333333333333333,23.528794471847323,13.005328710111598,120,0,120,0.5042016806722689,0.0,0.5042016806722689
955,Kidney,33,955__pred33,neoplastic_like,62.0,167,226,175,237,170.6290322580645,231.0483870967742,0.7788780990729463,0.9253731343283582,11.299141791914261,7.086543092173075,62,0,62,1.0,0.0,1.0
955,Kidney,34,955__pred34,neoplastic_like,216.0,179,111,195,130,186.28703703703704,119.35648148148148,0.7680804690495245,0.96,20.905990552395536,13.387220762221506,216,0,216,1.0,0.0,1.0
955,Kidney,35,955__pred35,neoplastic_like,250.0,187,2,205,20,195.624,10.388,0.34480215058912334,0.9541984732824428,18.41565502160425,17.28632205315122,250,0,250,1.0,0.0,1.0
955,Kidney,36,955__pred36,neoplastic_like,153.0,199,135,212,150,205.0,142.26143790849673,0.5121841270263819,0.9935064935064936,15.069733376332572,12.943027381061794,153,0,153,1.0,0.0,1.0
955,Kidney,37,955__pred37,neoplastic_like,55.0,205,78,215,87,209.47272727272727,81.89090909090909,0.8813892788735211,0.9016393442622951,12.212116119383484,5.7688896379883285,55,0,55,1.0,0.0,1.0
955,Kidney,38,955__pred38,neoplastic_like,145.0,213,61,227,76,219.89655172413794,68.37931034482759,0.732485055330154,0.9415584415584416,16.51559289436798,11.24353670451349,145,0,145,1.0,0.0,1.0
955,Kidney,39,955__pred39,neoplastic_like,170.0,214,95,230,109,221.53529411764706,101.70588235294117,0.6835530502115283,0.9659090909090909,17.235080384977135,12.579899547909239,170,0,170,1.0,0.0,1.0
955,Kidney,40,955__pred40,neoplastic_like,91.0,222,184,233,195,226.62637362637363,188.56043956043956,0.20812239184135412,0.9578947368421052,10.8815172955386,10.6432424384842,91,0,91,1.0,0.0,1.0
955,Kidney,41,955__pred41,neoplastic_like,143.0,225,199,239,211,231.53146853146853,204.1888111888112,0.5061684752975086,0.9662162162162162,14.567836668793422,12.56380668877117,143,0,143,1.0,0.0,1.0
955,Kidney,42,955__pred42,neoplastic_like,185.0,227,0,246,12,236.13513513513513,4.978378378378379,0.7488194109881862,0.9685863874345549,18.99356974658984,12.58844583804684,185,0,185,1.0,0.0,1.0
955,Kidney,43,955__pred43,neoplastic_like,174.0,232,76,247,91,239.22413793103448,82.97126436781609,0.3831738682508732,0.9456521739130435,15.505253337372666,14.321834021909826,174,0,174,1.0,0.0,1.0
955,Kidney,44,955__pred44,neoplastic_like,163.0,235,57,250,71,241.98159509202455,63.36196319018405,0.543274658824327,0.9588235294117647,15.721081431669491,13.198712961922862,163,0,163,1.0,0.0,1.0
955,Kidney,45,955__pred45,neoplastic_like,90.0,237,190,248,201,241.67777777777778,195.3,0.5812116140644676,0.9375,11.902360321258014,9.685574943844037,88,0,88,0.9777777777777777,0.0,0.9777777777777777
955,Kidney,46,955__pred46,neoplastic_like,132.0,240,22,254,34,246.12121212121212,27.393939393939394,0.4954294077650226,0.9635036496350365,13.907091121040175,12.080369722027319,132,0,132,1.0,0.0,1.0
955,Kidney,47,955__pred47,neoplastic_like,117.0,245,244,256,256,250.2991452991453,249.67521367521368,0.4090817830563554,0.9669421487603306,12.848075087986384,11.723839264771005,117,0,117,1.0,0.0,1.0
960,Kidney,1,960__pred1,unmatched,94.0,0,103,9,119,3.8191489361702127,109.65957446808511,0.8610212683936809,0.912621359223301,15.649769370189409,7.958986752793055,0,0,0,0.0,0.0,0.0
960,Kidney,2,960__pred2,unmatched,137.0,0,168,9,191,3.4963503649635035,178.73722627737226,0.9380816375220776,0.8726114649681529,22.88561477866427,7.927903368068458,0,0,0,0.0,0.0,0.0
960,Kidney,3,960__pred3,unmatched,93.0,1,19,12,33,5.193548387096774,24.473118279569892,0.8707810936673614,0.9207920792079208,15.764416668740573,7.750905139978584,0,0,0,0.0,0.0,0.0
960,Kidney,4,960__pred4,neoplastic_like,184.0,2,233,17,249,8.521739130434783,241.0054347826087,0.5492710438506123,0.9633507853403142,16.873941766546295,14.10061249109569,176,0,176,0.9565217391304348,0.0,0.9565217391304348
960,Kidney,5,960__pred5,neoplastic_like,206.0,6,142,19,161,12.072815533980583,150.90291262135923,0.7184754263867934,0.976303317535545,19.40815558722423,13.499388089568159,206,0,206,1.0,0.0,1.0
960,Kidney,6,960__pred6,unmatched,151.0,8,31,22,45,14.66225165562914,37.21854304635762,0.6145446896478255,0.94375,15.736581875924575,12.414306328082331,9,0,9,0.059602649006622516,0.0,0.059602649006622516
960,Kidney,7,960__pred7,neoplastic_like,249.0,8,41,26,61,15.843373493975903,50.441767068273094,0.703249837153587,0.9360902255639098,21.47468989339077,15.267276187185253,248,0,248,0.9959839357429718,0.0,0.9959839357429718
960,Kidney,8,960__pred8,unmatched,180.0,9,198,21,216,14.4,206.5888888888889,0.7556321976376194,0.9574468085106383,18.701655293798996,12.249512578373173,0,0,0,0.0,0.0,0.0
960,Kidney,9,960__pred9,neoplastic_like,373.0,12,78,33,103,22.450402144772116,90.27613941018767,0.7884468384528638,0.9638242894056848,27.800761489699333,17.100329135317356,373,0,373,1.0,0.0,1.0
960,Kidney,10,960__pred10,neoplastic_like,137.0,17,219,30,232,23.18978102189781,225.13138686131387,0.5501852223200974,0.9513888888888888,14.46939940868606,12.08256557260847,137,0,137,1.0,0.0,1.0
960,Kidney,11,960__pred11,neoplastic_like,171.0,17,232,28,250,22.169590643274855,240.47368421052633,0.8009084826127052,0.9771428571428571,19.103372430367795,11.43884677820243,157,0,157,0.9181286549707602,0.0,0.9181286549707602
960,Kidney,12,960__pred12,neoplastic_like,193.0,18,120,28,144,22.202072538860104,130.77720207253887,0.925231659455553,0.9507389162561576,25.59337841983798,9.710195780921802,193,0,193,1.0,0.0,1.0
960,Kidney,13,960__pred13,neoplastic_like,114.0,23,195,33,210,27.44736842105263,202.49122807017545,0.8047578482508744,0.9344262295081968,15.678821436059634,9.306999192470526,114,0,114,1.0,0.0,1.0
960,Kidney,14,960__pred14,neoplastic_like,66.0,24,64,35,74,28.651515151515152,68.45454545454545,0.855452828227243,0.9428571428571428,12.726972309675482,6.591053810846728,66,0,66,1.0,0.0,1.0
960,Kidney,15,960__pred15,neoplastic_like,368.0,26,139,42,168,33.73913043478261,152.58152173913044,0.8376555319578977,0.9658792650918635,29.339159697523936,16.025015986098698,366,0,366,0.9945652173913043,0.0,0.9945652173913043
960,Kidney,16,960__pred16,neoplastic_like,217.0,34,162,49,185,40.935483870967744,173.46082949308754,0.8072929168839728,0.9156118143459916,21.810990434238725,12.871776772570179,179,0,179,0.8248847926267281,0.0,0.8248847926267281
960,Kidney,17,960__pred17,neoplastic_like,375.0,34,211,55,234,43.74933333333333,222.12266666666667,0.5702840203507508,0.9689922480620154,24.135129214006636,19.825743624581854,371,0,371,0.9893333333333333,0.0,0.9893333333333333
960,Kidney,18,960__pred18,neoplastic_like,179.0,36,93,49,112,41.46368715083799,101.64245810055866,0.822750044597557,0.9572192513368984,20.065488221483044,11.405290650758076,179,0,179,1.0,0.0,1.0
960,Kidney,19,960__pred19,neoplastic_like,365.0,36,183,58,205,46.54794520547945,193.7178082191781,0.5212398850042063,0.9530026109660574,23.359682301877022,19.935391320592572,365,0,365,1.0,0.0,1.0
960,Kidney,20,960__pred20,neoplastic_like,192.0,44,33,61,52,52.229166666666664,42.192708333333336,0.884847133486597,0.9458128078817734,22.93736914137677,10.68609540789625,192,0,192,1.0,0.0,1.0
960,Kidney,21,960__pred21,neoplastic_like,262.0,45,133,61,154,51.587786259541986,142.9770992366412,0.7095807055294737,0.9424460431654677,21.887370211526488,15.422370090400694,195,0,195,0.7442748091603053,0.0,0.7442748091603053
960,Kidney,22,960__pred22,neoplastic_like,118.0,46,7,61,20,52.97457627118644,12.64406779661017,0.858853281144453,0.9147286821705426,17.31113721907098,8.867139653969327,118,0,118,1.0,0.0,1.0
960,Kidney,23,960__pred23,neoplastic_like,258.0,46,153,61,175,52.69767441860465,163.57364341085272,0.740135586152757,0.9416058394160584,22.185400712960362,14.918742808249927,258,0,258,1.0,0.0,1.0
960,Kidney,24,960__pred24,neoplastic_like,245.0,47,114,65,134,55.17142857142857,123.87755102040816,0.76682917724633,0.9351145038167938,22.178648688643598,14.23539313873285,231,0,231,0.9428571428571428,0.0,0.9428571428571428
960,Kidney,25,960__pred25,neoplastic_like,256.0,58,123,73,145,65.34375,133.48046875,0.7803614858223953,0.9696969696969697,22.856874859565135,14.293059264501574,256,0,256,1.0,0.0,1.0
960,Kidney,26,960__pred26,neoplastic_like,175.0,63,62,81,75,71.93142857142857,67.66857142857143,0.6683563800106983,0.9562841530054644,17.366646094963397,12.918027086999624,175,0,175,1.0,0.0,1.0
960,Kidney,27,960__pred27,neoplastic_like,67.0,67,146,76,157,71.4776119402985,150.955223880597,0.748229791950444,0.8701298701298701,11.614996594462244,7.705849356314324,61,0,61,0.9104477611940298,0.0,0.9104477611940298
960,Kidney,28,960__pred28,unmatched,125.0,68,19,81,32,73.968,25.096,0.6788980148568624,0.946969696969697,14.712471859260098,10.802376210375185,0,0,0,0.0,0.0,0.0
960,Kidney,29,960__pred29,neoplastic_like,246.0,70,195,89,212,78.91056910569105,203.0487804878049,0.4327368241471548,0.968503937007874,18.643587734315773,16.807572700968358,246,0,246,1.0,0.0,1.0
960,Kidney,30,960__pred30,neoplastic_like,217.0,70,237,87,253,78.19354838709677,244.38248847926266,0.5898370659205467,0.96875,18.512660278118823,14.949385670694154,217,0,217,1.0,0.0,1.0
960,Kidney,31,960__pred31,neoplastic_like,269.0,74,0,94,17,82.96282527881041,7.75092936802974,0.6387012016194791,0.9711191335740073,21.124082070176,16.25402752233112,269,0,269,1.0,0.0,1.0
960,Kidney,32,960__pred32,neoplastic_like,160.0,77,163,90,179,82.46875,170.425,0.6513555400688934,0.9580838323353293,16.397763786031742,12.442174963305492,160,0,160,1.0,0.0,1.0
960,Kidney,33,960__pred33,neoplastic_like,101.0,80,33,93,43,85.7128712871287,37.396039603960396,0.7813991694261596,0.9711538461538461,14.416390721932602,8.996282215890767,101,0,101,1.0,0.0,1.0
960,Kidney,34,960__pred34,neoplastic_like,84.0,89,234,100,244,94.29761904761905,238.41666666666666,0.4972547299754491,0.9545454545454546,11.101044615290872,9.631317319138091,75,0,75,0.8928571428571429,0.0,0.8928571428571429
960,Kidney,35,960__pred35,neoplastic_like,257.0,91,174,109,193,99.715953307393,183.02334630350194,0.4946394277319411,0.9553903345724907,19.415211757835127,16.873727325900585,251,0,251,0.9766536964980544,0.0,0.9766536964980544
960,Kidney,36,960__pred36,neoplastic_like,86.0,93,150,104,162,97.5,155.13953488372093,0.5750838454902872,0.9247311827956989,11.679012414656954,9.554535534388288,85,0,85,0.9883720930232558,0.0,0.9883720930232558
960,Kidney,37,960__pred37,neoplastic_like,178.0,98,155,113,172,105.43820224719101,163.3988764044944,0.5465896929671056,0.9417989417989417,16.51251123040325,13.827586246526627,178,0,178,1.0,0.0,1.0
960,Kidney,38,960__pred38,neoplastic_like,182.0,99,234,114,252,105.77472527472527,242.03846153846155,0.7271214304724293,0.9238578680203046,18.54936218056854,12.734301626017881,112,0,112,0.6153846153846154,0.0,0.6153846153846154
960,Kidney,39,960__pred39,neoplastic_like,441.0,107,72,133,100,118.4421768707483,86.42630385487529,0.8369042949194165,0.9423076923076923,32.39321190891361,17.73040023366611,441,0,441,1.0,0.0,1.0
960,Kidney,40,960__pred40,neoplastic_like,136.0,109,120,126,133,116.41911764705883,125.53676470588235,0.8584381745897844,0.8717948717948718,19.05177935012693,9.771982465720049,30,0,30,0.22058823529411764,0.0,0.22058823529411764
960,Kidney,41,960__pred41,neoplastic_like,152.0,109,198,125,211,115.90131578947368,203.44736842105263,0.7723828920592262,0.9681528662420382,17.611104076889884,11.185819545269077,149,0,149,0.9802631578947368,0.0,0.9802631578947368
960,Kidney,42,960__pred42,neoplastic_like,280.0,110,128,129,148,119.5,137.2107142857143,0.46068671518182813,0.9459459459459459,20.14823445435975,17.88282368827776,267,0,267,0.9535714285714286,0.0,0.9535714285714286
960,Kidney,43,960__pred43,neoplastic_like,215.0,111,160,126,177,117.88837209302325,168.29767441860466,0.5037375057771454,0.9555555555555556,18.086846364850693,15.624444745117069,211,0,211,0.9813953488372092,0.0,0.9813953488372092
960,Kidney,44,960__pred44,neoplastic_like,356.0,119,101,141,122,130.46629213483146,110.49157303370787,0.3779796851385828,0.967391304347826,22.33738975191192,20.680265683048592,356,0,356,1.0,0.0,1.0
960,Kidney,45,960__pred45,neoplastic_like,115.0,121,208,132,225,126.22608695652174,216.16521739130434,0.9060104626569679,0.92,18.606137420198607,7.875146112493647,115,0,115,1.0,0.0,1.0
960,Kidney,46,960__pred46,neoplastic_like,354.0,121,226,137,255,128.88983050847457,240.58474576271186,0.868166311322304,0.9490616621983914,30.280334901631665,15.027323788819768,354,0,354,1.0,0.0,1.0
960,Kidney,47,960__pred47,neoplastic_like,291.0,124,60,142,81,133.213058419244,69.35051546391753,0.5442929745292554,0.9667774086378738,21.13772543803631,17.732336425202377,283,0,283,0.9725085910652921,0.0,0.9725085910652921
960,Kidney,48,960__pred48,neoplastic_like,292.0,125,22,146,44,135.10616438356163,31.506849315068493,0.8495213120889175,0.9573770491803278,26.770165813656806,14.122716108482722,236,0,236,0.8082191780821918,0.0,0.8082191780821918
960,Kidney,49,960__pred49,neoplastic_like,212.0,128,166,139,190,132.8490566037736,177.12735849056602,0.8839625672721861,0.9592760180995475,24.036484428145048,11.238442779799225,212,0,212,1.0,0.0,1.0
960,Kidney,50,960__pred50,neoplastic_like,217.0,133,126,147,147,139.6221198156682,136.64055299539172,0.7954316170013067,0.9601769911504425,21.418431581447287,12.980498037888385,217,0,217,1.0,0.0,1.0
960,Kidney,51,960__pred51,neoplastic_like,236.0,140,145,157,164,147.70762711864407,153.84322033898306,0.7697285151626679,0.9672131147540983,21.69992187337701,13.852608972641745,220,0,220,0.9322033898305084,0.0,0.9322033898305084
960,Kidney,52,960__pred52,neoplastic_like,180.0,143,60,156,79,148.90555555555557,68.2611111111111,0.7774708686874178,0.9473684210526315,19.171021248147344,12.057018594557396,114,0,114,0.6333333333333333,0.0,0.6333333333333333
960,Kidney,53,960__pred53,neoplastic_like,217.0,143,237,158,255,150.36866359447004,245.38709677419354,0.6237314692867059,0.96875,18.928361697255944,14.795139992441065,210,0,210,0.967741935483871,0.0,0.967741935483871
960,Kidney,54,960__pred54,neoplastic_like,340.0,146,195,166,221,155.25882352941176,207.76764705882354,0.79319279093418,0.9523809523809523,26.79692932956192,16.318542236394677,338,0,338,0.9941176470588236,0.0,0.9941176470588236
960,Kidney,55,960__pred55,neoplastic_like,219.0,150,83,166,101,157.40182648401827,91.8310502283105,0.69495865428015,0.948051948051948,19.77191122742342,14.216986805860177,219,0,219,1.0,0.0,1.0
960,Kidney,56,960__pred56,neoplastic_like,187.0,157,240,171,256,163.22994652406416,248.14438502673798,0.47733935929367205,0.9540816326530612,16.644764932584195,14.626071718726504,186,0,186,0.9946524064171123,0.0,0.9946524064171123
960,Kidney,57,960__pred57,neoplastic_like,221.0,163,7,179,24,170.55203619909503,15.226244343891402,0.4760488269943336,0.9567099567099567,17.8942606483355,15.736550126880642,221,0,221,1.0,0.0,1.0
960,Kidney,58,960__pred58,neoplastic_like,483.0,164,65,184,95,173.60041407867496,79.5320910973085,0.7515169484893819,0.966,30.56136110134564,20.1617511609238,474,0,474,0.9813664596273292,0.0,0.9813664596273292
960,Kidney,59,960__pred59,neoplastic_like,284.0,170,201,190,224,180.41197183098592,212.07042253521126,0.8353722952921614,0.9498327759197325,25.887312195710326,14.229856114250552,273,0,273,0.9612676056338029,0.0,0.9612676056338029
960,Kidney,60,960__pred60,neoplastic_like,107.0,173,0,191,8,180.78504672897196,2.9813084112149535,0.8995416450492655,0.9304347826086956,18.048067745252066,7.884027913066525,96,0,96,0.897196261682243,0.0,0.897196261682243
960,Kidney,61,960__pred61,neoplastic_like,170.0,183,229,199,246,190.7764705882353,236.92352941176472,0.781424087293165,0.9444444444444444,18.889842183504992,11.787267513341,158,0,158,0.9294117647058824,0.0,0.9294117647058824
960,Kidney,62,960__pred62,neoplastic_like,366.0,190,29,218,49,203.79781420765028,38.65573770491803,0.8358183887529208,0.9408740359897172,29.234964973312724,16.050172058415185,362,0,362,0.9890710382513661,0.0,0.9890710382513661
960,Kidney,63,960__pred63,neoplastic_like,275.0,190,85,207,107,198.13454545454545,95.92,0.7327454863128153,0.9482758620689655,22.719602692224928,15.460753104726075,258,0,258,0.9381818181818182,0.0,0.9381818181818182
960,Kidney,64,960__pred64,neoplastic_like,126.0,191,0,205,12,196.6904761904762,4.936507936507937,0.6820541667703082,0.9333333333333333,15.074122880000917,11.023731040587911,115,0,115,0.9126984126984127,0.0,0.9126984126984127
960,Kidney,65,960__pred65,neoplastic_like,260.0,191,111,210,128,200.13076923076923,119.03846153846153,0.5415232397207511,0.9811320754716981,19.8418805907241,16.680786862827876,260,0,260,1.0,0.0,1.0
960,Kidney,66,960__pred66,neoplastic_like,123.0,191,154,202,169,196.34146341463415,160.73170731707316,0.7534173924966623,0.9461538461538461,15.635176666327718,10.28079426329053,123,0,123,1.0,0.0,1.0
960,Kidney,67,960__pred67,neoplastic_like,220.0,196,50,214,66,204.77727272727273,57.54545454545455,0.4838802448455345,0.9649122807017544,17.940097056255418,15.699992901790361,219,0,219,0.9954545454545455,0.0,0.9954545454545455
960,Kidney,68,960__pred68,neoplastic_like,230.0,197,200,215,218,205.28695652173914,209.01304347826087,0.793823348653565,0.9663865546218487,21.980750124726683,13.367558284987288,230,0,230,1.0,0.0,1.0
960,Kidney,69,960__pred69,neoplastic_like,280.0,201,153,221,173,209.82857142857142,162.5,0.6078647666278508,0.9395973154362416,21.442906498371183,17.02653768068854,225,0,225,0.8035714285714286,0.0,0.8035714285714286
960,Kidney,70,960__pred70,neoplastic_like,410.0,204,224,233,244,218.39512195121952,233.1829268292683,0.8280225612859431,0.9557109557109557,30.532867821280536,17.119619651624916,398,0,398,0.9707317073170731,0.0,0.9707317073170731
960,Kidney,71,960__pred71,unmatched,182.0,205,143,223,160,213.52747252747253,150.34065934065933,0.8019844762816266,0.9285714285714286,19.96223338970191,11.924337810805834,4,0,4,0.02197802197802198,0.0,0.02197802197802198
960,Kidney,72,960__pred72,neoplastic_like,54.0,206,251,223,256,213.11111111111111,252.7962962962963,0.9741623913564419,0.84375,17.75411632358606,4.009744090348392,54,0,54,1.0,0.0,1.0
960,Kidney,73,960__pred73,neoplastic_like,329.0,207,175,232,194,218.82370820668692,184.3920972644377,0.8336396995936527,0.9591836734693877,27.648817270704463,15.27068110098734,329,0,329,1.0,0.0,1.0
960,Kidney,74,960__pred74,unmatched,264.0,211,192,236,207,223.0568181818182,199.11363636363637,0.8568458922698852,0.9295774647887324,25.656908005093097,13.227999042581285,47,0,47,0.17803030303030304,0.0,0.17803030303030304
960,Kidney,75,960__pred75,neoplastic_like,141.0,212,71,227,84,219.89361702127658,76.19148936170212,0.8090991281386919,0.9657534246575342,17.839730004733816,10.483913169711558,102,0,102,0.723404255319149,0.0,0.723404255319149
960,Kidney,76,960__pred76,neoplastic_like,386.0,214,124,238,146,226.11139896373058,133.99481865284974,0.5676159567750274,0.9698492462311558,24.540175950977385,20.20376643230526,386,0,386,1.0,0.0,1.0
960,Kidney,77,960__pred77,neoplastic_like,199.0,217,94,238,108,226.72361809045225,100.56281407035176,0.8799443353989479,0.961352657004831,23.176662307744166,11.010694580944444,199,0,199,1.0,0.0,1.0
960,Kidney,78,960__pred78,neoplastic_like,295.0,219,0,242,18,230.08813559322033,8.613559322033899,0.7645497341576272,0.9640522875816994,24.204629917042332,15.601450988302656,295,0,295,1.0,0.0,1.0
960,Kidney,79,960__pred79,neoplastic_like,296.0,220,36,243,55,230.83445945945945,44.7027027027027,0.8013449757319516,0.9548387096774194,25.132315686099496,15.034214050327575,274,0,274,0.9256756756756757,0.0,0.9256756756756757
960,Kidney,80,960__pred80,neoplastic_like,381.0,222,52,255,77,239.50393700787401,62.973753280839894,0.9491375808317918,0.9338235294117647,39.85159113611049,12.54773736129806,373,0,373,0.979002624671916,0.0,0.979002624671916
960,Kidney,81,960__pred81,neoplastic_like,374.0,227,73,250,95,238.00267379679144,83.17914438502673,0.8085138898647164,0.9689119170984456,28.498093143120887,16.77047503094352,373,0,373,0.9973262032085561,0.0,0.9973262032085561
960,Kidney,82,960__pred82,neoplastic_like,191.0,227,242,248,254,236.9109947643979,247.6282722513089,0.8699126226506951,0.9455445544554455,22.299476780666858,10.998232817907303,181,0,181,0.9476439790575916,0.0,0.9476439790575916
960,Kidney,83,960__pred83,neoplastic_like,393.0,232,15,256,35,243.8447837150127,24.541984732824428,0.584913340785664,0.9703703703703703,24.86017242854498,20.163981244740473,384,0,384,0.9770992366412213,0.0,0.9770992366412213
960,Kidney,84,960__pred84,neoplastic_like,301.0,233,210,256,228,244.72093023255815,218.0598006644518,0.7913920310430517,0.9555555555555556,25.132599234348262,15.363783277350603,283,0,283,0.9401993355481728,0.0,0.9401993355481728
960,Kidney,85,960__pred85,neoplastic_like,279.0,238,117,256,139,247.12186379928315,126.12903225806451,0.7223436551939507,0.9522184300341296,22.982676319111114,15.89330824473074,279,0,279,1.0,0.0,1.0
960,Kidney,86,960__pred86,neoplastic_like,203.0,240,143,256,161,248.58128078817734,150.52216748768473,0.7510479260411064,0.9575471698113207,20.04212406718676,13.232766127752287,203,0,203,1.0,0.0,1.0
960,Kidney,87,960__pred87,neoplastic_like,65.0,247,169,255,180,250.8923076923077,173.87692307692308,0.6581942299383257,0.9154929577464789,10.747814902387134,8.091472699411822,58,0,58,0.8923076923076924,0.0,0.8923076923076924
960,Kidney,88,960__pred88,neoplastic_like,98.0,248,35,256,51,251.8673469387755,42.88775510204081,0.8586989429606943,0.9607843137254902,15.801691359583167,8.09805656864469,98,0,98,1.0,0.0,1.0
972,Ovarian,1,972__pred1,unmatched,277.0,36,2,53,23,43.25270758122743,11.765342960288809,0.5819149207050899,0.9685314685314685,21.093968881412497,17.15466322279439,0,0,0,0.0,0.0,0.0
972,Ovarian,2,972__pred2,normal_like,780.0,53,63,80,103,65.46410256410256,83.45384615384616,0.8313156226554507,0.9713574097135741,42.445259800055965,23.591101954888064,0,748,748,0.0,0.958974358974359,0.958974358974359
972,Ovarian,3,972__pred3,normal_like,308.0,101,229,124,254,111.2987012987013,242.30194805194805,0.891709446607717,0.9447852760736196,29.911726119202523,13.538295165278285,0,274,274,0.0,0.8896103896103896,0.8896103896103896
972,Ovarian,4,972__pred4,normal_like,957.0,113,48,141,93,125.65517241379311,71.91013584117033,0.8121232009564632,0.9696048632218845,46.28544396294289,27.006908328981904,0,938,938,0.0,0.9801462904911181,0.9801462904911181
972,Ovarian,5,972__pred5,normal_like,362.0,128,228,148,255,136.51381215469613,242.6988950276243,0.8308260709345031,0.9653333333333334,29.213098768431927,16.25802881986997,0,328,328,0.0,0.9060773480662984,0.9060773480662984
972,Ovarian,6,972__pred6,unmatched,356.0,139,22,160,51,148.78932584269663,36.23876404494382,0.903204282388583,0.9468085106382979,32.598431219708225,13.991603050357094,0,0,0,0.0,0.0,0.0
972,Ovarian,7,972__pred7,normal_like,518.0,184,93,214,116,197.31853281853282,104.03667953667954,0.681972291369856,0.9628252788104089,30.194966270032563,22.083934348625032,0,488,488,0.0,0.9420849420849421,0.9420849420849421
972,Ovarian,8,972__pred8,normal_like,478.0,222,146,249,175,236.32635983263597,158.092050209205,0.7822370837629666,0.956,32.33737217447924,20.145563742078846,0,289,289,0.0,0.604602510460251,0.604602510460251
1026,Lung,1,1026__pred1,normal_like,43.0,3,174,11,182,6.4186046511627906,177.97674418604652,0.7369595687009535,0.9148936170212766,9.116937988206459,6.1624741357396235,0,43,43,0.0,1.0,1.0
1026,Lung,2,1026__pred2,normal_like,124.0,4,0,20,10,10.991935483870968,4.354838709677419,0.7885963491669603,0.9465648854961832,16.050239036241727,9.869471931320513,0,121,121,0.0,0.9758064516129032,0.9758064516129032
1026,Lung,3,1026__pred3,normal_like,135.0,13,241,27,255,19.022222222222222,248.14074074074074,0.7194330992840423,0.9507042253521126,15.89783975426986,11.042031298991754,0,114,114,0.0,0.8444444444444444,0.8444444444444444
1026,Lung,4,1026__pred4,neoplastic_like,47.0,15,74,24,80,19.085106382978722,76.36170212765957,0.7450219106808741,0.9791666666666666,9.443323053104503,6.299074145674436,47,0,47,1.0,0.0,1.0
1026,Lung,5,1026__pred5,normal_like,91.0,42,220,52,232,46.824175824175825,225.1868131868132,0.6994955879729492,0.9381443298969072,12.769388496153017,9.125476420318316,0,91,91,0.0,1.0,1.0
1026,Lung,6,1026__pred6,normal_like,121.0,48,142,61,153,54.32231404958678,147.3305785123967,0.6056326108917427,0.983739837398374,13.960568020661194,11.109043739865454,0,117,117,0.0,0.9669421487603306,0.9669421487603306
1026,Lung,7,1026__pred7,neoplastic_like,328.0,56,174,81,191,68.22865853658537,181.1189024390244,0.7419091524148255,0.9590643274853801,25.05216451034372,16.797486757774468,302,0,302,0.9207317073170732,0.0,0.9207317073170732
1026,Lung,8,1026__pred8,unmatched,54.0,62,209,69,220,64.96296296296296,215.03703703703704,0.7865912479348324,0.9310344827586207,10.860404627061952,6.706018084665062,0,0,0,0.0,0.0,0.0
1026,Lung,9,1026__pred9,normal_like,303.0,63,115,81,138,71.4950495049505,125.79537953795379,0.6250033441224568,0.9528301886792453,22.343304015411274,17.44167628359542,0,288,288,0.0,0.9504950495049505,0.9504950495049505
1026,Lung,10,1026__pred10,normal_like,49.0,65,223,75,230,69.65306122448979,226.42857142857142,0.8572226417296688,0.9074074074074074,11.09668501798796,5.714193127870892,0,43,43,0.0,0.8775510204081632,0.8775510204081632
1026,Lung,11,1026__pred11,neoplastic_like,168.0,67,89,85,103,74.20833333333333,94.95238095238095,0.7927509578965287,0.9385474860335196,19.055620284725542,11.615270754600534,164,0,164,0.9761904761904762,0.0,0.9761904761904762
1026,Lung,12,1026__pred12,unmatched,37.0,73,209,81,218,76.75675675675676,213.32432432432432,0.9310527030486649,0.9487179487179487,11.506180182612958,4.198429417077619,0,0,0,0.0,0.0,0.0
1026,Lung,13,1026__pred13,neoplastic_like,143.0,76,40,90,55,82.44055944055944,46.97902097902098,0.8067965272868983,0.9470198675496688,17.565289259094627,10.378089070786674,141,0,141,0.986013986013986,0.0,0.986013986013986
1026,Lung,14,1026__pred14,neoplastic_like,169.0,82,153,99,166,90.88757396449704,158.52662721893492,0.6819206246219401,0.9602272727272727,17.229486709534847,12.602097705332312,161,0,161,0.9526627218934911,0.0,0.9526627218934911
1026,Lung,15,1026__pred15,normal_like,162.0,83,52,100,67,91.12962962962963,59.160493827160494,0.8704857877343699,0.9642857142857143,20.488891982798524,10.084500536587546,0,162,162,0.0,1.0,1.0
1026,Lung,16,1026__pred16,unmatched,39.0,86,106,97,113,91.23076923076923,108.48717948717949,0.951822536797352,0.7647058823529411,13.509152581168633,4.142573619964354,0,0,0,0.0,0.0,0.0
1026,Lung,17,1026__pred17,neoplastic_like,152.0,90,233,106,250,97.53289473684211,240.73026315789474,0.9063092074663417,0.9559748427672956,21.429443927114402,9.056409065574794,148,0,148,0.9736842105263158,0.0,0.9736842105263158
1026,Lung,18,1026__pred18,neoplastic_like,241.0,93,198,119,212,106.38589211618257,205.2240663900415,0.9103193904044184,0.9198473282442748,27.574616987741923,11.41331376289947,235,0,235,0.975103734439834,0.0,0.975103734439834
1026,Lung,19,1026__pred19,neoplastic_like,84.0,94,20,105,32,98.98809523809524,25.571428571428573,0.878359491559058,0.9545454545454546,14.929608090906259,7.136362093528531,84,0,84,1.0,0.0,1.0
1026,Lung,20,1026__pred20,normal_like,122.0,95,134,109,145,101.1311475409836,138.88524590163934,0.6378562820887078,0.953125,14.225587063995881,10.95591291024014,0,117,117,0.0,0.9590163934426229,0.9590163934426229
1026,Lung,21,1026__pred21,normal_like,144.0,100,88,112,104,105.65277777777777,95.75,0.6473424821851786,0.9473684210526315,15.516393409710682,11.826583562676225,0,144,144,0.0,1.0,1.0
1026,Lung,22,1026__pred22,neoplastic_like,163.0,101,65,116,82,108.15337423312883,73.09815950920246,0.8555315005609262,0.9532163742690059,20.06998431822163,10.391249674017315,163,0,163,1.0,0.0,1.0
1026,Lung,23,1026__pred23,neoplastic_like,127.0,103,236,118,248,110.34645669291339,241.71653543307087,0.8117209715427874,0.9548872180451128,16.659878919150856,9.730126147849983,127,0,127,1.0,0.0,1.0
1026,Lung,24,1026__pred24,neoplastic_like,214.0,111,157,130,172,119.50467289719626,164.0,0.734941925127425,0.9596412556053812,20.139384754519195,13.6571220199081,214,0,214,1.0,0.0,1.0
1026,Lung,25,1026__pred25,neoplastic_like,137.0,112,22,129,37,120.13868613138686,28.83941605839416,0.8928425710750847,0.9448275862068966,20.01730451692717,9.01517135378007,137,0,137,1.0,0.0,1.0
1026,Lung,26,1026__pred26,unmatched,69.0,114,46,126,58,119.3623188405797,51.91304347826087,0.9415344966801851,0.92,16.181846333957644,5.451932557439145,0,0,0,0.0,0.0,0.0
1026,Lung,27,1026__pred27,neoplastic_like,155.0,123,132,139,145,130.69677419354838,137.83870967741936,0.6859466544796294,0.9451219512195121,16.479206934508934,11.991125099895742,155,0,155,1.0,0.0,1.0
1026,Lung,28,1026__pred28,normal_like,168.0,124,47,139,69,130.6845238095238,58.43452380952381,0.9399526377688269,0.9385474860335196,25.387002997768338,8.664708667749315,0,166,166,0.0,0.9880952380952381,0.9880952380952381
1026,Lung,29,1026__pred29,unmatched,76.0,125,115,138,122,130.5,117.97368421052632,0.8524352681600134,0.95,13.662036621913614,7.142960558157739,0,0,0,0.0,0.0,0.0
1026,Lung,30,1026__pred30,neoplastic_like,164.0,128,0,148,14,136.5670731707317,6.237804878048781,0.8855851069856446,0.9265536723163842,21.458417960965143,9.966944712062658,164,0,164,1.0,0.0,1.0
1026,Lung,31,1026__pred31,normal_like,77.0,128,101,139,110,133.1818181818182,104.84415584415585,0.5898573416320702,0.927710843373494,11.031766475335148,8.908233852638263,0,77,77,0.0,1.0,1.0
1026,Lung,32,1026__pred32,unmatched,89.0,130,169,144,179,135.69662921348313,174.0,0.8117499321658921,0.9081632653061225,14.146293772092429,8.261508808751753,2,0,2,0.02247191011235955,0.0,0.02247191011235955
1026,Lung,33,1026__pred33,neoplastic_like,128.0,131,183,148,193,138.7421875,186.9765625,0.8726118344492827,0.9481481481481482,18.314337769242425,8.9449855477301,128,0,128,1.0,0.0,1.0
1026,Lung,34,1026__pred34,normal_like,103.0,131,242,144,252,136.74757281553397,246.60194174757282,0.629570827103441,0.944954128440367,12.975595632817205,10.081299437043931,0,103,103,0.0,1.0,1.0
1026,Lung,35,1026__pred35,normal_like,175.0,133,65,145,84,138.81714285714287,74.13142857142857,0.7985232036638864,0.9510869565217391,19.296034240591425,11.615518531223154,0,175,175,0.0,1.0,1.0
1026,Lung,36,1026__pred36,neoplastic_like,240.0,135,157,158,173,146.12083333333334,164.025,0.8591764993870775,0.9486166007905138,24.562751389188396,12.568252321430608,239,0,239,0.9958333333333333,0.0,0.9958333333333333
1026,Lung,37,1026__pred37,normal_like,100.0,142,106,154,116,147.62,110.67,0.6556420205795621,0.970873786407767,12.981238217646462,9.801767918937628,0,100,100,0.0,1.0,1.0
1026,Lung,38,1026__pred38,neoplastic_like,135.0,143,192,159,203,150.85185185185185,196.9185185185185,0.8064817936336196,0.9507042253521126,17.1036632107227,10.112693525636177,135,0,135,1.0,0.0,1.0
1026,Lung,39,1026__pred39,neoplastic_like,159.0,145,125,164,137,154.20754716981133,130.47798742138366,0.8114669972577575,0.9244186046511628,18.64371276982051,10.895353080429796,143,0,143,0.89937106918239,0.0,0.89937106918239
1026,Lung,40,1026__pred40,normal_like,98.0,145,213,160,224,152.1734693877551,218.5408163265306,0.8945165402615687,0.9074074074074074,16.833175728339224,7.5250162259775335,0,98,98,0.0,1.0,1.0
1026,Lung,41,1026__pred41,neoplastic_like,164.0,155,33,174,52,163.01829268292684,42.109756097560975,0.9407301227141033,0.9162011173184358,25.2053489265012,8.548546951135958,163,0,163,0.9939024390243902,0.0,0.9939024390243902
1026,Lung,42,1026__pred42,normal_like,38.0,155,252,169,256,161.55263157894737,253.18421052631578,0.9772742069783387,0.8260869565217391,15.354671569608072,3.2548689363465435,0,38,38,0.0,1.0,1.0
1026,Lung,43,1026__pred43,neoplastic_like,38.0,156,145,164,151,159.6578947368421,147.60526315789474,0.6431751179654631,1.0,7.908402238052039,6.05561478630085,38,0,38,1.0,0.0,1.0
1026,Lung,44,1026__pred44,normal_like,33.0,163,102,172,108,167.87878787878788,105.06060606060606,0.8629390796215091,0.8918918918918919,9.494405840109746,4.797598944395056,0,33,33,0.0,1.0,1.0
1026,Lung,45,1026__pred45,normal_like,203.0,167,238,187,250,176.23152709359607,243.82758620689654,0.7867885871080385,0.9575471698113207,20.53601307820586,12.675291073772259,0,168,168,0.0,0.8275862068965517,0.8275862068965517
1026,Lung,46,1026__pred46,neoplastic_like,109.0,176,63,189,74,182.0183486238532,67.66055045871559,0.5951044494895968,0.9732142857142857,13.189057983559852,10.599364881346139,109,0,109,1.0,0.0,1.0
1026,Lung,47,1026__pred47,neoplastic_like,128.0,179,164,195,174,186.1640625,168.3671875,0.8025023790081338,0.9481481481481482,16.555637602448513,9.877903266958675,128,0,128,1.0,0.0,1.0
1026,Lung,48,1026__pred48,normal_like,45.0,180,108,189,116,183.93333333333334,111.5111111111111,0.8496759009241475,0.9183673469387755,10.416857271605602,5.492863890430921,0,43,43,0.0,0.9555555555555556,0.9555555555555556
1026,Lung,49,1026__pred49,normal_like,122.0,182,137,196,149,189.61475409836066,141.60655737704917,0.6926760184984065,0.9384615384615385,15.125758162692843,10.909435992392064,0,122,122,0.0,1.0,1.0
1026,Lung,50,1026__pred50,neoplastic_like,143.0,185,188,204,200,193.25874125874125,193.1818181818182,0.9003356703000217,0.9470198675496688,20.603784171534205,8.966687353024206,143,0,143,1.0,0.0,1.0
1026,Lung,51,1026__pred51,neoplastic_like,164.0,185,206,204,219,194.10365853658536,212.0548780487805,0.8715634856925628,0.9371428571428572,20.699961647231824,10.148832336637684,164,0,164,1.0,0.0,1.0
1026,Lung,52,1026__pred52,neoplastic_like,179.0,186,32,204,45,194.4022346368715,37.815642458100555,0.7370538992169581,0.9521276595744681,18.3671314446241,12.413131288940173,179,0,179,1.0,0.0,1.0
1026,Lung,53,1026__pred53,unmatched,48.0,189,102,203,110,195.27083333333334,105.66666666666667,0.9698723818442782,0.8571428571428571,16.005573460746866,3.899174609719354,0,0,0,0.0,0.0,0.0
1026,Lung,54,1026__pred54,unmatched,177.0,191,231,208,244,198.9774011299435,237.37853107344634,0.7059902567723665,0.9619565217391305,17.844678467039742,12.637985760761955,0,0,0,0.0,0.0,0.0
1026,Lung,55,1026__pred55,normal_like,55.0,195,71,205,80,199.4181818181818,74.98181818181818,0.8736130955841879,0.9482758620689655,11.962184703566125,5.821052268659233,0,55,55,0.0,1.0,1.0
1026,Lung,56,1026__pred56,neoplastic_like,247.0,195,144,226,157,210.78542510121457,150.06072874493927,0.9587137871935947,0.8853046594982079,33.986617568726935,9.664868696127996,243,0,243,0.9838056680161943,0.0,0.9838056680161943
1026,Lung,57,1026__pred57,neoplastic_like,143.0,198,215,217,228,206.65034965034965,220.67132867132867,0.9152507487618526,0.910828025477707,21.311402858522836,8.586037761001599,138,0,138,0.965034965034965,0.0,0.965034965034965
1026,Lung,58,1026__pred58,neoplastic_like,100.0,201,124,216,135,207.34,128.63,0.8893137781520778,0.9345794392523364,17.10775911463329,7.82333548275169,92,0,92,0.92,0.0,0.92
1026,Lung,59,1026__pred59,neoplastic_like,93.0,203,165,218,172,210.1290322580645,168.01075268817203,0.8801015047240015,0.9789473684210527,15.779169903353818,7.491722241536196,93,0,93,1.0,0.0,1.0
1026,Lung,60,1026__pred60,normal_like,114.0,204,86,219,97,211.53508771929825,90.60526315789474,0.8336910343305339,0.926829268292683,16.337088897375605,9.021849629767377,0,113,113,0.0,0.9912280701754386,0.9912280701754386
1026,Lung,61,1026__pred61,neoplastic_like,155.0,205,173,224,187,213.8774193548387,179.83870967741936,0.8868347036547815,0.9011627906976745,20.941662586809525,9.676865798378465,155,0,155,1.0,0.0,1.0
1026,Lung,62,1026__pred62,normal_like,111.0,208,19,223,30,214.76576576576576,23.81981981981982,0.8809931447144566,0.9487179487179487,17.324472855667647,8.196711036317106,0,111,111,0.0,1.0,1.0
1026,Lung,63,1026__pred63,unmatched,24.0,212,99,217,108,214.25,102.875,0.9574051903314468,0.8275862068965517,10.498880848474583,3.031528920561418,0,0,0,0.0,0.0,0.0
1026,Lung,64,1026__pred64,neoplastic_like,58.0,213,233,222,241,217.0,236.9655172413793,0.47696607981044603,1.0,9.217674177436482,8.101613878945331,58,0,58,1.0,0.0,1.0
1026,Lung,65,1026__pred65,unmatched,107.0,221,242,236,253,227.83177570093457,246.97196261682242,0.8545469841333099,0.9067796610169492,16.306481752279044,8.469164223941567,0,0,0,0.0,0.0,0.0
1026,Lung,66,1026__pred66,normal_like,156.0,226,51,243,63,233.69871794871796,56.35897435897436,0.7223627895845245,0.9570552147239264,17.023577901896896,11.772047225451962,0,139,139,0.0,0.8910256410256411,0.8910256410256411
1026,Lung,67,1026__pred67,neoplastic_like,132.0,227,15,243,27,234.50757575757575,20.856060606060606,0.8337199721949119,0.9635036496350365,17.458331677644118,9.640272093374037,130,0,130,0.9848484848484849,0.0,0.9848484848484849
1026,Lung,68,1026__pred68,unmatched,27.0,228,167,235,175,230.59259259259258,170.37037037037038,0.9434908259818872,0.9,10.354967020072312,3.4316220297881292,0,0,0,0.0,0.0,0.0
1026,Lung,69,1026__pred69,normal_like,130.0,236,80,249,94,241.6769230769231,86.6,0.21895562752600237,0.9420289855072463,13.051334038820201,12.734641030433368,0,130,130,0.0,1.0,1.0
1026,Lung,70,1026__pred70,neoplastic_like,125.0,239,102,254,113,245.96,106.872,0.6801452713081355,0.946969696969697,14.726325519655727,10.79553577591851,125,0,125,1.0,0.0,1.0
1026,Lung,71,1026__pred71,normal_like,37.0,239,154,248,162,242.8918918918919,157.8108108108108,0.9154311814393242,0.8809523809523809,11.302115112610371,4.54881353464582,0,36,36,0.0,0.972972972972973,0.972972972972973
1026,Lung,72,1026__pred72,normal_like,130.0,242,129,256,141,248.1153846153846,134.7,0.7140169357274391,0.9558823529411765,15.451144873946248,10.817785769196481,0,130,130,0.0,1.0,1.0
1026,Lung,73,1026__pred73,normal_like,44.0,243,27,251,34,246.3181818181818,30.0,0.6549592577849481,0.9361702127659575,8.627060158262262,6.519160441378528,0,44,44,0.0,1.0,1.0
1026,Lung,74,1026__pred74,normal_like,19.0,252,78,255,85,253.10526315789474,80.73684210526316,0.9162543056384097,0.95,7.6890627267539955,3.080216334381546,0,19,19,0.0,1.0,1.0
1039,Lung,1,1039__pred1,normal_like,56.0,0,34,7,47,2.767857142857143,40.125,0.9077907222755567,0.8615384615384616,13.337214909309834,5.593940279502328,0,56,56,0.0,1.0,1.0
1039,Lung,2,1039__pred2,normal_like,167.0,1,83,14,98,6.880239520958084,90.41317365269461,0.4935181334586559,0.9940476190476191,15.674327785858505,13.632519422014195,0,166,166,0.0,0.9940119760479041,0.9940119760479041
1039,Lung,3,1039__pred3,unmatched,16.0,12,231,16,236,13.3125,233.1875,0.6487019053158465,0.9411764705882353,5.149449337222181,3.918950308868696,0,0,0,0.0,0.0,0.0
1039,Lung,4,1039__pred4,normal_like,121.0,29,93,41,106,35.02479338842975,98.90082644628099,0.5124563094802068,0.968,13.401410105610086,11.507969090800362,0,121,121,0.0,1.0,1.0
1039,Lung,5,1039__pred5,normal_like,24.0,32,179,37,185,34.0,181.5,0.6488168209163164,0.9230769230769231,6.299733543896475,4.7937484229538185,0,24,24,0.0,1.0,1.0
1039,Lung,6,1039__pred6,normal_like,53.0,40,162,49,171,43.81132075471698,165.9056603773585,0.5951049654543005,0.8688524590163934,9.19196697559076,7.387105716943399,0,51,51,0.0,0.9622641509433962,0.9622641509433962
1039,Lung,7,1039__pred7,unmatched,20.0,43,18,48,23,45.1,19.9,0.6372634731293312,0.9090909090909091,5.738085601753286,4.422032748290272,0,0,0,0.0,0.0,0.0
1039,Lung,8,1039__pred8,normal_like,75.0,43,120,53,133,47.74666666666667,125.33333333333333,0.8963354431493908,0.9036144578313253,14.813617942519013,6.5680109544308145,0,75,75,0.0,1.0,1.0
1039,Lung,9,1039__pred9,normal_like,24.0,47,8,53,14,49.375,10.791666666666666,0.8087037345436657,0.96,7.231523537220311,4.253699121884095,0,21,21,0.0,0.875,0.875
1039,Lung,10,1039__pred10,normal_like,137.0,57,199,75,212,64.8029197080292,204.35036496350364,0.8854946677916,0.9133333333333333,19.64239052642177,9.126827686467475,0,137,137,0.0,1.0,1.0
1039,Lung,11,1039__pred11,normal_like,48.0,62,17,70,25,65.4375,20.5,0.6980639777661091,0.96,9.220408385343955,6.602138734845365,0,48,48,0.0,1.0,1.0
1039,Lung,12,1039__pred12,normal_like,123.0,76,48,90,59,82.35772357723577,52.94308943089431,0.6731053412224657,0.9609375,14.530602445769366,10.7460578905984,0,121,121,0.0,0.983739837398374,0.983739837398374
1039,Lung,13,1039__pred13,normal_like,25.0,87,66,92,74,88.76,70.04,0.8728206946750112,0.8620689655172413,8.245049875788037,4.023922532277137,0,25,25,0.0,1.0,1.0
1039,Lung,14,1039__pred14,normal_like,42.0,107,31,115,38,110.52380952380952,34.095238095238095,0.5599944255164971,0.9130434782608695,8.039139411243804,6.660397860346323,0,38,38,0.0,0.9047619047619048,0.9047619047619048
1039,Lung,15,1039__pred15,normal_like,26.0,116,33,122,39,118.65384615384616,35.65384615384615,0.4760065949973939,1.0,6.115263665954398,5.378017936291856,0,26,26,0.0,1.0,1.0
1039,Lung,16,1039__pred16,normal_like,49.0,130,51,138,61,133.48979591836735,55.06122448979592,0.8538713439950381,0.8909090909090909,11.024637041288528,5.738148601232203,0,47,47,0.0,0.9591836734693877,0.9591836734693877
1039,Lung,17,1039__pred17,normal_like,23.0,131,20,139,26,134.65217391304347,22.52173913043478,0.9308317793498622,0.8214285714285714,9.300748455425582,3.398939385153243,0,23,23,0.0,1.0,1.0
1039,Lung,18,1039__pred18,normal_like,44.0,142,149,151,155,146.02272727272728,151.52272727272728,0.7255620536319085,0.9565217391304348,8.996148415109484,6.190760215064911,0,44,44,0.0,1.0,1.0
1039,Lung,19,1039__pred19,normal_like,152.0,147,0,162,12,153.875,5.1381578947368425,0.5888270684662511,0.9620253164556962,15.564178388536847,12.579887956842066,0,148,148,0.0,0.9736842105263158,0.9736842105263158
1039,Lung,20,1039__pred20,normal_like,41.0,166,64,173,72,168.70731707317074,67.1219512195122,0.7436526750195002,1.0,8.857112643929746,5.921565713786032,0,41,41,0.0,1.0,1.0
1039,Lung,21,1039__pred21,normal_like,38.0,175,92,184,98,178.52631578947367,93.84210526315789,0.8645813048007972,0.9047619047619048,10.051265011649708,5.050689832831753,0,38,38,0.0,1.0,1.0
1039,Lung,22,1039__pred22,normal_like,172.0,189,1,203,18,195.63372093023256,8.598837209302326,0.7375903502000066,0.9347826086956522,18.194411189776407,12.285748036261484,0,172,172,0.0,1.0,1.0
1039,Lung,23,1039__pred23,normal_like,91.0,193,175,204,185,197.7032967032967,179.6043956043956,0.4174422207070701,0.9578947368421052,11.286467283462438,10.256051959565657,0,91,91,0.0,1.0,1.0
1039,Lung,24,1039__pred24,normal_like,118.0,195,70,210,81,202.15254237288136,74.88135593220339,0.7707279036704348,0.921875,15.401438704418906,9.813248763978208,0,112,112,0.0,0.9491525423728814,0.9491525423728814
1039,Lung,25,1039__pred25,normal_like,74.0,218,98,230,107,223.67567567567568,102.20270270270271,0.690006760229234,0.9024390243902439,11.51281440840977,8.333008716744159,0,70,70,0.0,0.9459459459459459,0.9459459459459459
1039,Lung,26,1039__pred26,normal_like,39.0,231,89,237,97,233.17948717948718,92.56410256410257,0.766188609336452,0.9285714285714286,8.875955072822931,5.7038286143140935,0,39,39,0.0,1.0,1.0
1039,Lung,27,1039__pred27,normal_like,95.0,237,142,253,149,244.43157894736842,145.3578947368421,0.907962912807272,0.95,17.108680220401638,7.169401560365159,0,95,95,0.0,1.0,1.0
1039,Lung,28,1039__pred28,normal_like,161.0,241,0,256,15,247.98136645962734,7.043478260869565,0.6551133588303819,0.936046511627907,16.519803677203107,12.48121717915187,0,147,147,0.0,0.9130434782608695,0.9130434782608695
1076,Thyroid,1,1076__pred1,normal_like,598.0,0,0,30,29,11.846153846153847,11.29598662207358,0.7232845023004089,0.943217665615142,34.72597716611565,23.98002922037342,0,351,351,0.0,0.5869565217391305,0.5869565217391305
1076,Thyroid,2,1076__pred2,unmatched,495.0,13,73,38,98,24.35757575757576,85.9919191919192,0.28038098440785597,0.9611650485436893,26.144623763300956,25.095931465469388,0,0,0,0.0,0.0,0.0
1076,Thyroid,3,1076__pred3,neoplastic_like,301.0,15,243,49,256,29.219269102990033,249.9235880398671,0.9321074909957949,0.9121212121212121,33.97567410380984,12.305369348083275,300,0,300,0.9966777408637874,0.0,0.9966777408637874
1076,Thyroid,4,1076__pred4,normal_like,902.0,17,112,38,169,27.55210643015521,138.8957871396896,0.9362049761860859,0.9565217391304348,57.43138234010446,20.18451588495141,0,596,596,0.0,0.6607538802660754,0.6607538802660754
1076,Thyroid,5,1076__pred5,normal_like,552.0,53,38,77,92,64.6286231884058,64.91847826086956,0.9780906186014132,0.92,58.476647478407656,12.17364451226641,0,358,358,0.0,0.6485507246376812,0.6485507246376812
1076,Thyroid,6,1076__pred6,normal_like,815.0,59,133,84,176,71.32392638036809,153.1447852760736,0.8450188683753888,0.9454756380510441,44.72100865910965,23.913955130721643,0,741,741,0.0,0.90920245398773,0.90920245398773
1076,Thyroid,7,1076__pred7,unmatched,263.0,64,236,81,255,71.74904942965779,245.30038022813687,0.5041847418340417,0.9563636363636364,19.731693558408296,17.04020814459697,0,0,0,0.0,0.0,0.0
1076,Thyroid,8,1076__pred8,normal_like,437.0,98,228,119,255,107.4279176201373,241.41647597254004,0.6542653757650242,0.9689578713968958,27.184257249095463,20.558503527936185,0,422,422,0.0,0.965675057208238,0.965675057208238
1076,Thyroid,9,1076__pred9,normal_like,413.0,103,0,140,15,122.2542372881356,6.237288135593221,0.8997645384228443,0.9494252873563218,35.535882555049575,15.50699659602645,0,205,205,0.0,0.4963680387409201,0.4963680387409201
1076,Thyroid,10,1076__pred10,normal_like,402.0,105,24,117,75,110.58208955223881,49.98009950248756,0.9734059373483632,0.8204081632653061,49.88440414249697,11.427871493077808,0,389,389,0.0,0.9676616915422885,0.9676616915422885
1076,Thyroid,11,1076__pred11,normal_like,604.0,125,41,153,72,139.36258278145695,56.70364238410596,0.5522962770933879,0.9664,30.714315674277323,25.60492478269539,0,355,355,0.0,0.5877483443708609,0.5877483443708609
1076,Thyroid,12,1076__pred12,normal_like,673.0,131,96,159,129,143.9034175334324,111.41901931649332,0.6008656258638542,0.9655667144906743,32.86526916734508,26.270854495035774,0,565,565,0.0,0.8395245170876672,0.8395245170876672
1076,Thyroid,13,1076__pred13,normal_like,682.0,146,213,169,249,157.2624633431085,231.07038123167155,0.793490489615342,0.9551820728291317,38.22538121065062,23.26330382612531,0,579,579,0.0,0.8489736070381232,0.8489736070381232
1076,Thyroid,14,1076__pred14,normal_like,248.0,159,150,176,169,167.00806451612902,158.73790322580646,0.4820142911038147,0.9538461538461539,19.020153120560295,16.664761154733714,0,238,238,0.0,0.9596774193548387,0.9596774193548387
1076,Thyroid,15,1076__pred15,normal_like,563.0,168,217,195,246,178.93250444049733,230.12433392539964,0.5182729487578274,0.9478114478114478,29.955012262450186,25.61798376931881,0,469,469,0.0,0.8330373001776199,0.8330373001776199
1076,Thyroid,16,1076__pred16,normal_like,356.0,176,105,194,130,184.46629213483146,116.26404494382022,0.7149643484190547,0.9700272479564033,25.520914233973873,17.843225663982604,0,356,356,0.0,1.0,1.0
1076,Thyroid,17,1076__pred17,normal_like,713.0,188,132,212,185,199.68863955119215,156.55960729312764,0.9427637126917888,0.9381578947368421,53.663679389923175,17.894771833499114,0,502,502,0.0,0.7040673211781207,0.7040673211781207
1076,Thyroid,18,1076__pred18,normal_like,248.0,188,240,210,256,197.56854838709677,248.5766129032258,0.7387903186735917,0.9253731343283582,22.25469152354659,14.998223470563074,0,241,241,0.0,0.9717741935483871,0.9717741935483871
1076,Thyroid,19,1076__pred19,normal_like,399.0,214,214,231,244,222.01503759398497,228.94486215538848,0.826411825342928,0.9684466019417476,30.053388197593744,16.922045737858998,0,369,369,0.0,0.924812030075188,0.924812030075188
1076,Thyroid,20,1076__pred20,normal_like,456.0,215,83,236,113,224.23684210526315,98.4342105263158,0.8078395804169425,0.9681528662420382,31.527802048467777,18.58256281421501,0,425,425,0.0,0.9320175438596491,0.9320175438596491
1076,Thyroid,21,1076__pred21,normal_like,290.0,222,128,241,147,230.85172413793103,137.1,0.45994793576557175,0.9539473684210527,20.415600543229566,18.127948511668016,0,290,290,0.0,1.0,1.0
1076,Thyroid,22,1076__pred22,normal_like,380.0,228,7,244,37,235.38684210526316,21.892105263157895,0.8462172771410127,0.9595959595959596,30.26392665495106,16.125769742710997,0,370,370,0.0,0.9736842105263158,0.9736842105263158
1076,Thyroid,23,1076__pred23,normal_like,170.0,231,153,245,168,237.61764705882354,159.71176470588236,0.4648267332474994,0.96045197740113,15.67473108166131,13.878432995241718,0,163,163,0.0,0.9588235294117647,0.9588235294117647
1076,Thyroid,24,1076__pred24,normal_like,116.0,249,181,255,209,252.02586206896552,194.81034482758622,0.9825541563831507,0.8721804511278195,29.597490569134177,5.504443372185766,0,116,116,0.0,1.0,1.0
1108,Thyroid,1,1108__pred1,neoplastic_like,194.0,0,0,12,20,4.711340206185567,9.5,0.7837657168456574,0.9603960396039604,20.324176857832487,12.622464188477348,194,0,194,1.0,0.0,1.0
1108,Thyroid,2,1108__pred2,neoplastic_like,311.0,0,43,17,68,7.234726688102894,54.28938906752411,0.7149983661315393,0.9510703363914373,24.36260150527195,17.03253114647515,286,0,286,0.9196141479099679,0.0,0.9196141479099679
1108,Thyroid,3,1108__pred3,neoplastic_like,462.0,0,125,24,149,10.525974025974026,135.32034632034632,0.6068505272572137,0.9746835443037974,27.554008479399297,21.900366174555174,462,0,462,1.0,0.0,1.0
1108,Thyroid,4,1108__pred4,neoplastic_like,234.0,1,231,14,256,5.641025641025641,244.23931623931625,0.8892396101794836,0.9435483870967742,26.411221936994913,12.081594457922385,233,0,233,0.9957264957264957,0.0,0.9957264957264957
1108,Thyroid,5,1108__pred5,neoplastic_like,1030.0,5,195,36,238,19.645631067961165,215.88932038834952,0.785373491547896,0.9196428571428571,46.757509383885626,28.943936124450634,960,0,960,0.9320388349514563,0.0,0.9320388349514563
1108,Thyroid,6,1108__pred6,normal_like,621.0,57,107,88,132,71.09500805152979,118.9597423510467,0.6008321763048092,0.9794952681388013,31.644560640199813,25.29587670449597,0,621,621,0.0,1.0,1.0
1108,Thyroid,7,1108__pred7,normal_like,132.0,78,241,91,255,84.03787878787878,247.16666666666666,0.777446721304954,0.9496402877697842,16.42241623449111,10.328859016562502,0,132,132,0.0,1.0,1.0
1108,Thyroid,8,1108__pred8,neoplastic_like,462.0,143,182,169,209,153.82034632034632,196.36363636363637,0.7253524030187615,0.9314516129032258,29.824414520738653,20.53046259901881,461,0,461,0.9978354978354979,0.0,0.9978354978354979
1108,Thyroid,9,1108__pred9,neoplastic_like,318.0,147,133,166,154,156.47169811320754,143.12893081761007,0.41743374580995274,0.9724770642201835,21.125928985359245,19.19728717606981,318,0,318,1.0,0.0,1.0
1108,Thyroid,10,1108__pred10,neoplastic_like,108.0,157,1,183,7,169.41666666666666,2.759259259259259,0.9775841260786975,0.907563025210084,26.072781923847757,5.4894987872565695,107,0,107,0.9907407407407407,0.0,0.9907407407407407
1108,Thyroid,11,1108__pred11,neoplastic_like,699.0,163,58,194,93,179.4892703862661,76.09871244635193,0.7960341174617457,0.8938618925831202,39.452714330203825,23.878824487040326,698,0,698,0.9985693848354793,0.0,0.9985693848354793
1108,Thyroid,12,1108__pred12,neoplastic_like,664.0,206,139,242,164,222.1972891566265,150.84939759036143,0.8016358955190968,0.9009497964721845,38.8701112354942,23.237041814476527,626,0,626,0.9427710843373494,0.0,0.9427710843373494
1108,Thyroid,13,1108__pred13,neoplastic_like,1311.0,211,25,251,66,230.64759725400458,45.154843630816174,0.32809606418323356,0.9783582089552239,42.06063496650217,39.732341727973946,1307,0,1307,0.9969488939740656,0.0,0.9969488939740656
1108,Thyroid,14,1108__pred14,neoplastic_like,598.0,215,231,244,256,228.58361204013377,244.30769230769232,0.5119209832701036,0.9692058346839546,30.097562604486967,25.854785688886103,585,0,585,0.9782608695652174,0.0,0.9782608695652174
1108,Thyroid,15,1108__pred15,neoplastic_like,920.0,216,74,254,105,235.9195652173913,88.07717391304348,0.6433750888899283,0.9714889123548046,39.436438341206625,30.190608965580196,792,0,792,0.8608695652173913,0.0,0.8608695652173913
1108,Thyroid,16,1108__pred16,neoplastic_like,772.0,216,176,245,212,230.38730569948186,193.7603626943005,0.6750754919674701,0.9637952559300874,36.78647597131904,27.13917322464479,752,0,752,0.9740932642487047,0.0,0.9740932642487047
1108,Thyroid,17,1108__pred17,neoplastic_like,198.0,242,171,256,192,249.44444444444446,180.7020202020202,0.749650354477654,0.8839285714285714,20.53523155889254,13.590916033341422,196,0,196,0.98989898989899,0.0,0.98989898989899
1108,Thyroid,18,1108__pred18,neoplastic_like,80.0,249,149,255,167,251.925,157.4625,0.9390914746770228,0.9411764705882353,17.80066358047136,6.11750570861037,80,0,80,1.0,0.0,1.0
1123,Esophagus,1,1123__pred1,normal_like,581.0,46,73,64,119,54.34251290877797,96.15490533562823,0.9436350170235209,0.9493464052287581,47.389394530921635,15.685313651055132,0,561,561,0.0,0.9655765920826161,0.9655765920826161
1123,Esophagus,2,1123__pred2,normal_like,873.0,97,22,119,79,107.22565864833906,50.310423825887746,0.9458730124862018,0.961453744493392,58.625439870703985,19.026122562162204,0,708,708,0.0,0.8109965635738832,0.8109965635738832
1123,Esophagus,3,1123__pred3,normal_like,550.0,153,216,173,256,162.14909090909092,236.64909090909092,0.9247521794575503,0.927487352445194,43.487762633807826,16.55013106581545,0,492,492,0.0,0.8945454545454545,0.8945454545454545
1123,Esophagus,4,1123__pred4,normal_like,287.0,184,157,198,184,190.86759581881532,169.74564459930315,0.8518779133985108,0.959866220735786,26.56882778012602,13.915168846014417,0,282,282,0.0,0.9825783972125436,0.9825783972125436
1123,Esophagus,5,1123__pred5,normal_like,64.0,251,135,255,159,252.25,146.734375,0.9904979542877344,0.8205128205128205,25.00588728582685,3.438996190536274,0,61,61,0.0,0.953125,0.953125
1146,Esophagus,1,1146__pred1,neoplastic_like,551.0,0,0,19,33,9.092558983666061,15.869328493647913,0.8441834906877331,0.9565972222222222,36.55554036411491,19.59575533415074,513,0,513,0.9310344827586207,0.0,0.9310344827586207
1146,Esophagus,2,1146__pred2,neoplastic_like,944.0,2,32,29,83,13.417372881355933,55.03389830508475,0.8756354707994596,0.9042145593869731,50.987769237701905,24.6256949452285,931,0,931,0.986228813559322,0.0,0.986228813559322
1146,Esophagus,3,1146__pred3,neoplastic_like,1489.0,24,48,58,104,40.45533915379449,76.00537273337811,0.8064279990416596,0.9662556781310837,56.74113445278678,33.552865220968414,1207,0,1207,0.8106111484217595,0.0,0.8106111484217595
1146,Esophagus,4,1146__pred4,neoplastic_like,2113.0,31,0,79,71,54.61287269285376,34.01987695220066,0.9128314788026474,0.9666056724611162,81.44234512434882,33.25588156897299,1935,0,1935,0.9157595835305253,0.0,0.9157595835305253
1146,Esophagus,5,1146__pred5,normal_like,725.0,61,1,94,49,80.29241379310345,21.426206896551726,0.9449978814470008,0.9379042690815006,54.43294593709345,17.80373471316316,0,692,692,0.0,0.9544827586206897,0.9544827586206897
1146,Esophagus,6,1146__pred6,neoplastic_like,1232.0,64,101,103,143,83.04951298701299,121.36931818181819,0.6495035720104405,0.9762282091917591,45.436473608336456,34.548010753353275,1229,0,1229,0.997564935064935,0.0,0.997564935064935
1146,Esophagus,7,1146__pred7,neoplastic_like,724.0,80,65,106,106,92.53453038674033,84.74723756906077,0.8710881823429779,0.9653333333333334,43.364210234111354,21.297318959685217,693,0,693,0.9571823204419889,0.0,0.9571823204419889
1146,Esophagus,8,1146__pred8,neoplastic_like,503.0,93,5,117,35,104.23061630218687,19.178926441351887,0.7778344475434634,0.9673076923076923,32.12167607039932,20.187485004754596,487,0,487,0.9681908548707754,0.0,0.9681908548707754
1146,Esophagus,9,1146__pred9,neoplastic_like,1262.0,100,47,132,114,115.57210776545166,80.4445324881141,0.9520397873539383,0.958966565349544,72.80876461287252,22.277607340023888,1138,0,1138,0.901743264659271,0.0,0.901743264659271
1146,Esophagus,10,1146__pred10,neoplastic_like,674.0,117,14,146,51,130.5845697329377,30.295252225519288,0.8198773874294825,0.9546742209631728,38.89738276434888,22.270274169561883,656,0,656,0.973293768545994,0.0,0.973293768545994
1146,Esophagus,11,1146__pred11,neoplastic_like,1091.0,117,41,155,95,135.73418881759852,68.06324472960587,0.922060419200788,0.9536713286713286,60.439836518932715,23.392995187249046,845,0,845,0.7745187901008249,0.0,0.7745187901008249
1146,Esophagus,12,1146__pred12,neoplastic_like,1312.0,141,31,182,85,160.82393292682926,57.202743902439025,0.8810469100698722,0.95836376917458,59.719445378997136,28.249023683819352,1013,0,1013,0.7721036585365854,0.0,0.7721036585365854
1146,Esophagus,13,1146__pred13,normal_like,358.0,145,169,169,193,155.96648044692736,180.85195530726256,0.835793649640677,0.9421052631578948,28.889007875382283,15.86132752883977,0,358,358,0.0,1.0,1.0
1146,Esophagus,14,1146__pred14,normal_like,584.0,150,104,168,146,158.0445205479452,123.95547945205479,0.9081838046738921,0.9605263157894737,42.2184384447239,17.67143895619137,0,569,569,0.0,0.9743150684931506,0.9743150684931506
1146,Esophagus,15,1146__pred15,normal_like,475.0,153,203,170,237,160.75578947368422,220.41894736842104,0.8656487005216114,0.9713701431492843,34.832842599616285,17.439128910314828,0,469,469,0.0,0.9873684210526316,0.9873684210526316
1146,Esophagus,16,1146__pred16,normal_like,689.0,162,142,188,181,174.27866473149493,161.34687953555877,0.8214366711379304,0.9622905027932961,39.30117923796967,22.413452365395525,0,681,681,0.0,0.988388969521045,0.988388969521045
1146,Esophagus,17,1146__pred17,neoplastic_like,805.0,172,39,211,78,189.25714285714287,58.54037267080745,0.8956682123341003,0.9085778781038375,48.59938101694955,21.61325742527619,685,3,687,0.8509316770186336,0.0037267080745341614,0.853416149068323
1146,Esophagus,18,1146__pred18,normal_like,571.0,175,190,207,228,190.1786339754816,208.27495621716287,0.9484580033780468,0.945364238410596,48.22019868150965,15.281118350936136,0,569,569,0.0,0.9964973730297724,0.9964973730297724
1146,Esophagus,19,1146__pred19,normal_like,443.0,176,218,195,254,184.22799097065462,235.8510158013544,0.8828664751819717,0.9425531914893617,35.04082285388064,16.456014586323327,0,443,443,0.0,1.0,1.0
1146,Esophagus,20,1146__pred20,neoplastic_like,1154.0,177,72,210,120,192.44887348353552,96.08492201039861,0.7858203823898257,0.9648829431438127,48.88433322873086,30.232750015447998,997,0,997,0.8639514731369151,0.0,0.8639514731369151
1146,Esophagus,21,1146__pred21,normal_like,289.0,189,241,217,255,202.64359861591694,248.79584775086505,0.8585774606996298,0.956953642384106,27.535911499264245,14.117217494727278,0,286,286,0.0,0.9896193771626297,0.9896193771626297
1146,Esophagus,22,1146__pred22,normal_like,1294.0,199,115,236,167,216.45904173106646,141.77975270479135,0.8340829261658016,0.975867269984917,55.05575283448648,30.370904727321808,0,1081,1081,0.0,0.8353941267387944,0.8353941267387944
1146,Esophagus,23,1146__pred23,neoplastic_like,269.0,201,5,218,26,209.04089219330854,15.237918215613384,0.6365095627152147,0.950530035335689,21.09087843753107,16.266736704706236,236,0,236,0.8773234200743495,0.0,0.8773234200743495
1146,Esophagus,24,1146__pred24,normal_like,854.0,211,71,247,133,228.7423887587822,98.77517564402811,0.97382196579077,0.8980021030494216,71.5628350317544,16.267096445653742,0,677,677,0.0,0.7927400468384075,0.7927400468384075
1146,Esophagus,25,1146__pred25,neoplastic_like,506.0,234,228,256,256,245.5316205533597,241.84387351778656,0.6219621939257468,0.9712092130518234,29.12274623822461,22.804486979005667,503,0,503,0.9940711462450593,0.0,0.9940711462450593
1146,Esophagus,26,1146__pred26,neoplastic_like,396.0,238,193,256,224,247.63131313131314,207.42424242424244,0.7953520354062746,0.9361702127659575,29.832948005372085,18.08317541535956,396,0,396,1.0,0.0,1.0
1146,Esophagus,27,1146__pred27,normal_like,203.0,242,89,255,123,248.192118226601,103.83251231527093,0.9784308587595185,0.8675213675213675,36.12277437703313,7.462046728968559,0,203,203,0.0,1.0,1.0
1153,Cervix,1,1153__pred1,normal_like,191.0,35,156,51,172,42.675392670157066,162.9895287958115,0.33061888753994995,0.9646464646464646,16.06342793002199,15.16009064358146,0,191,191,0.0,1.0,1.0
1153,Cervix,2,1153__pred2,unmatched,374.0,68,205,95,225,82.08823529411765,214.76470588235293,0.7973016220506004,0.9565217391304348,28.235883783634,17.042645307039333,0,0,0,0.0,0.0,0.0
1153,Cervix,3,1153__pred3,unmatched,79.0,165,170,175,182,168.64556962025316,174.8227848101266,0.6105120607465384,0.9186046511627907,11.613134337286125,9.197683215174354,0,0,0,0.0,0.0,0.0
1217,Adrenal_gland,1,1217__pred1,neoplastic_like,310.0,0,192,15,221,6.096774193548387,207.35806451612902,0.8435882936959542,0.9309309309309309,27.960040414820945,15.014275917030213,310,0,310,1.0,0.0,1.0
1217,Adrenal_gland,2,1217__pred2,neoplastic_like,537.0,59,236,93,256,74.16945996275605,246.78398510242084,0.7980092052097079,0.9693140794223827,34.28152113912441,20.65959619164351,534,0,534,0.994413407821229,0.0,0.994413407821229
1217,Adrenal_gland,3,1217__pred3,neoplastic_like,851.0,78,47,118,74,98.31022326674501,60.490011750881315,0.752379543116908,0.9759174311926605,40.629294098554965,26.76372904825246,831,0,831,0.9764982373678026,0.0,0.9764982373678026
1217,Adrenal_gland,4,1217__pred4,neoplastic_like,1032.0,106,113,152,139,128.72286821705427,125.82073643410853,0.8226319818068938,0.9772727272727273,48.27710586295752,27.44911691239346,983,0,983,0.9525193798449613,0.0,0.9525193798449613
1217,Adrenal_gland,5,1217__pred5,neoplastic_like,542.0,114,146,150,166,131.1881918819188,155.32472324723247,0.8470162809256102,0.954225352112676,36.10806518409187,19.19385399589682,542,0,542,1.0,0.0,1.0
1217,Adrenal_gland,6,1217__pred6,normal_like,278.0,149,77,169,96,158.37410071942446,86.2410071942446,0.5049277939424125,0.9586206896551724,20.258765339376097,17.486588013208546,0,262,262,0.0,0.9424460431654677,0.9424460431654677
1217,Adrenal_gland,7,1217__pred7,neoplastic_like,90.0,173,249,193,255,182.4777777777778,252.0888888888889,0.9559434333438424,0.9375,20.27575943367773,5.95196816747543,89,0,89,0.9888888888888889,0.0,0.9888888888888889
1217,Adrenal_gland,8,1217__pred8,normal_like,174.0,197,208,213,223,205.2471264367816,214.79310344827587,0.5296756072707737,0.9560439560439561,16.268474441055048,13.798924921989366,0,170,170,0.0,0.9770114942528736,0.9770114942528736
1217,Adrenal_gland,9,1217__pred9,neoplastic_like,315.0,236,98,255,120,246.16507936507938,109.17777777777778,0.4696936297878094,0.9402985074626866,21.635039524196493,19.100050734337884,315,0,315,1.0,0.0,1.0
1218,Adrenal_gland,1,1218__pred1,neoplastic_like,461.0,18,3,41,28,29.683297180043382,15.260303687635576,0.4340458709310149,0.9624217118997912,25.597305836274362,23.060376599666,461,0,461,1.0,0.0,1.0
1218,Adrenal_gland,2,1218__pred2,neoplastic_like,349.0,22,123,42,145,31.498567335243553,133.95702005730658,0.3530094868200845,0.9640883977900553,21.819641653272967,20.414887501104253,339,0,339,0.9713467048710601,0.0,0.9713467048710601
1218,Adrenal_gland,3,1218__pred3,neoplastic_like,437.0,51,222,70,255,59.89702517162471,238.2517162471396,0.8773541373047024,0.9397849462365592,34.29618508529458,16.456799102972404,337,0,337,0.7711670480549199,0.0,0.7711670480549199
1218,Adrenal_gland,4,1218__pred4,neoplastic_like,717.0,58,77,90,107,72.0376569037657,92.18549511854951,0.39148934469229535,0.9384816753926701,32.17460102378768,29.606509346593477,717,0,717,1.0,0.0,1.0
1218,Adrenal_gland,5,1218__pred5,normal_like,156.0,72,49,89,62,79.42307692307692,55.34615384615385,0.704543847490874,0.9285714285714286,16.88841908373095,11.985043237491494,0,156,156,0.0,1.0,1.0
1218,Adrenal_gland,6,1218__pred6,normal_like,214.0,88,100,110,116,98.42990654205607,107.55140186915888,0.8920560198969534,0.9304347826086956,24.663365449699917,11.145987385299103,0,214,214,0.0,1.0,1.0
1218,Adrenal_gland,7,1218__pred7,neoplastic_like,271.0,123,49,145,66,134.59409594095942,56.867158671586715,0.7134586584161877,0.9644128113879004,22.39064018750288,15.689061707888653,271,0,271,1.0,0.0,1.0
1218,Adrenal_gland,8,1218__pred8,neoplastic_like,360.0,137,227,164,245,150.12777777777777,236.03055555555557,0.7622016388205044,0.9574468085106383,26.644346323270724,17.247942632528453,358,0,358,0.9944444444444445,0.0,0.9944444444444445
1218,Adrenal_gland,9,1218__pred9,neoplastic_like,442.0,151,193,179,216,164.74886877828055,203.55429864253395,0.671449048479909,0.9587852494577006,27.641651275006158,20.483865685320197,420,0,420,0.9502262443438914,0.0,0.9502262443438914
1218,Adrenal_gland,10,1218__pred10,neoplastic_like,920.0,182,143,217,180,198.7554347826087,161.14021739130436,0.7316825996580095,0.9704641350210971,41.61007497928816,28.363319927449695,918,0,918,0.9978260869565218,0.0,0.9978260869565218
1218,Adrenal_gland,11,1218__pred11,neoplastic_like,695.0,183,0,217,25,199.37553956834532,10.913669064748202,0.6728361621383192,0.9774964838255977,34.81821542253825,25.758220648911095,694,0,694,0.9985611510791367,0.0,0.9985611510791367
1218,Adrenal_gland,12,1218__pred12,neoplastic_like,930.0,201,188,253,214,226.79677419354837,199.96344086021506,0.9147503758346825,0.8976833976833977,56.070665764609,22.653641897928377,821,0,821,0.8827956989247312,0.0,0.8827956989247312
1218,Adrenal_gland,13,1218__pred13,neoplastic_like,343.0,202,219,222,243,211.46938775510205,229.94460641399417,0.6085240182828242,0.9397260273972603,23.76380454450328,18.857421464194374,327,0,327,0.9533527696793003,0.0,0.9533527696793003
1218,Adrenal_gland,14,1218__pred14,neoplastic_like,322.0,218,224,238,245,227.22360248447205,234.02173913043478,0.5378803429556527,0.9498525073746312,22.18264668841318,18.700441338509705,299,0,299,0.9285714285714286,0.0,0.9285714285714286
1233,Esophagus,1,1233__pred1,normal_like,1166.0,0,133,39,180,17.060034305317323,153.08576329331046,0.8333364424937748,0.9749163879598662,52.401019831627345,28.965507951481563,0,1166,1166,0.0,1.0,1.0
1233,Esophagus,2,1233__pred2,normal_like,286.0,1,219,14,249,5.741258741258742,232.26573426573427,0.9035307911396459,0.9662162162162162,30.010219873569756,12.860074630904668,0,286,286,0.0,1.0,1.0
1233,Esophagus,3,1233__pred3,normal_like,498.0,17,234,49,255,33.08433734939759,245.73293172690762,0.7196828757486474,0.9688715953307393,31.09843076373864,21.591731592012643,0,497,497,0.0,0.9979919678714859,0.9979919678714859
1233,Esophagus,4,1233__pred4,neoplastic_like,998.0,38,167,72,206,53.8436873747495,185.874749498998,0.7504212907633582,0.9803536345776032,43.919244276880825,29.028855881973378,998,0,998,1.0,0.0,1.0
1233,Esophagus,5,1233__pred5,neoplastic_like,1451.0,49,1,88,51,67.8394210889042,25.435561681598898,0.6643430556117262,0.9731723675385647,49.72997569000118,37.1695659330603,1451,0,1451,1.0,0.0,1.0
1233,Esophagus,6,1233__pred6,neoplastic_like,1173.0,55,198,90,252,71.845694799659,223.65984654731457,0.8919572966323932,0.9670239076669415,57.617616709150134,26.050056895873364,1135,0,1135,0.9676044330775788,0.0,0.9676044330775788
1233,Esophagus,7,1233__pred7,normal_like,753.0,79,98,117,150,97.46347941567065,123.22709163346613,0.9670231402527455,0.9138349514563107,62.09877791885887,15.815846329111375,0,663,663,0.0,0.8804780876494024,0.8804780876494024
1233,Esophagus,8,1233__pred8,normal_like,954.0,101,225,144,256,123.68343815513627,241.75366876310272,0.7905232776926003,0.9665653495440729,45.06071852780321,27.59662570462251,0,936,936,0.0,0.9811320754716981,0.9811320754716981
1233,Esophagus,9,1233__pred9,neoplastic_like,333.0,105,196,129,214,116.2042042042042,204.86786786786786,0.6629672847689889,0.9596541786743515,23.830911045687397,17.840972668943536,308,0,308,0.924924924924925,0.0,0.924924924924925
1233,Esophagus,10,1233__pred10,normal_like,260.0,113,172,130,193,120.3423076923077,183.1346153846154,0.5731170969660102,0.9420289855072463,20.580471453423232,16.86515067175111,0,251,251,0.0,0.9653846153846154,0.9653846153846154
1233,Esophagus,11,1233__pred11,normal_like,534.0,128,159,152,190,140.02621722846442,173.31086142322098,0.6742298829980763,0.9621621621621622,30.572829426882688,22.578693066947423,0,534,534,0.0,1.0,1.0
1233,Esophagus,12,1233__pred12,normal_like,447.0,145,54,167,85,156.04026845637583,68.26845637583892,0.8821170655545096,0.9530916844349681,35.031994557155095,16.50112864265893,0,417,417,0.0,0.9328859060402684,0.9328859060402684
1233,Esophagus,13,1233__pred13,neoplastic_like,462.0,147,86,172,113,157.9935064935065,99.34632034632034,0.7624639182675274,0.9767441860465116,30.27880526036444,19.591317653081664,462,0,462,1.0,0.0,1.0
1233,Esophagus,14,1233__pred14,normal_like,540.0,208,209,236,236,220.02592592592592,224.01666666666668,0.6609525734314319,0.9660107334525939,30.859025938598084,23.15746709338669,0,467,467,0.0,0.8648148148148148,0.8648148148148148
1233,Esophagus,15,1233__pred15,neoplastic_like,378.0,227,0,255,22,244.23280423280423,8.034391534391535,0.8004242774147193,0.9593908629441624,30.482667770549817,18.272343805127072,364,0,364,0.9629629629629629,0.0,0.9629629629629629
1252,Esophagus,1,1252__pred1,neoplastic_like,1195.0,0,0,45,38,17.497907949790793,15.547280334728033,0.7411770085966538,0.9567654123298639,49.82562648930889,33.44842372164729,749,0,749,0.6267782426778242,0.0,0.6267782426778242
1252,Esophagus,2,1252__pred2,neoplastic_like,1187.0,1,68,45,103,22.30497051390059,84.81044650379107,0.635470528766786,0.9745484400656814,44.279880190160426,34.18960798129537,1125,0,1125,0.9477674810446504,0.0,0.9477674810446504
1252,Esophagus,3,1252__pred3,neoplastic_like,505.0,1,228,25,255,11.74851485148515,243.0970297029703,0.5319063002271237,0.9674329501915708,28.1931664287398,23.874064020236432,496,0,496,0.9821782178217822,0.0,0.9821782178217822
1252,Esophagus,4,1252__pred4,neoplastic_like,818.0,2,137,33,172,16.477995110024448,154.00611246943765,0.568423718778932,0.9657615112160567,35.62992511745492,29.31402099382526,818,0,818,1.0,0.0,1.0
1252,Esophagus,5,1252__pred5,neoplastic_like,1196.0,31,212,67,256,47.892140468227424,233.47993311036788,0.7646694555595357,0.976326530612245,48.68983203332099,31.376833303244073,1160,0,1160,0.9698996655518395,0.0,0.9698996655518395
1252,Esophagus,6,1252__pred6,neoplastic_like,266.0,45,99,66,116,55.44736842105263,107.16917293233082,0.6469095425807359,0.95,21.140909270047974,16.121354411899976,266,0,266,1.0,0.0,1.0
1252,Esophagus,7,1252__pred7,neoplastic_like,999.0,67,132,100,173,82.55255255255256,151.36236236236238,0.7458269659464654,0.9717898832684825,43.839826027964655,29.20344977422571,999,0,999,1.0,0.0,1.0
1252,Esophagus,8,1252__pred8,neoplastic_like,1078.0,67,222,108,254,87.21150278293135,237.84415584415584,0.7177829178676397,0.9817850637522769,44.55973489885274,31.02547125977979,1078,0,1078,1.0,0.0,1.0
1252,Esophagus,9,1252__pred9,neoplastic_like,531.0,111,159,140,181,124.96798493408663,169.93408662900188,0.6661082941938122,0.9797047970479705,30.15398483871024,22.490501562230214,531,0,531,1.0,0.0,1.0
1252,Esophagus,10,1252__pred10,neoplastic_like,1420.0,114,20,159,63,136.94154929577465,39.888028169014085,0.4945004035327095,0.977961432506887,45.710460841269025,39.7304994604109,1402,0,1402,0.9873239436619718,0.0,0.9873239436619718
1252,Esophagus,11,1252__pred11,neoplastic_like,1312.0,125,219,174,255,147.43521341463415,237.84375,0.7954376729435553,0.9798356982823002,52.80739551614237,32.003151169537844,1289,0,1289,0.9824695121951219,0.0,0.9824695121951219
1252,Esophagus,12,1252__pred12,neoplastic_like,1063.0,130,116,166,153,148.47318908748824,134.13828786453433,0.35174383750697946,0.9797235023041475,38.103059320124586,35.66813264273713,1062,0,1062,0.9990592662276576,0.0,0.9990592662276576
1252,Esophagus,13,1252__pred13,neoplastic_like,1618.0,144,162,195,212,168.03152039555007,185.32200247218788,0.851672658260644,0.9700239808153477,62.953748740190505,32.99243046675977,1597,0,1597,0.9870210135970334,0.0,0.9870210135970334
1252,Esophagus,14,1252__pred14,neoplastic_like,1515.0,167,196,219,234,192.29108910891088,214.7207920792079,0.7248892747970757,0.976159793814433,52.979908603938235,36.49602593114673,1453,0,1453,0.9590759075907591,0.0,0.9590759075907591
1252,Esophagus,15,1252__pred15,neoplastic_like,785.0,172,105,202,142,185.6343949044586,123.82929936305733,0.7768804122940317,0.9703337453646477,39.923909339521344,25.13801667710034,785,0,785,1.0,0.0,1.0
1252,Esophagus,16,1252__pred16,neoplastic_like,2148.0,195,11,256,58,225.90828677839852,33.50558659217877,0.7328156396630529,0.9781420765027322,63.53634668864349,43.23186145269781,2145,0,2145,0.9986033519553073,0.0,0.9986033519553073
1252,Esophagus,17,1252__pred17,neoplastic_like,541.0,211,158,245,182,225.93715341959336,169.77079482439927,0.789052953766571,0.944153577661431,33.69705098890856,20.70094717121866,541,0,541,1.0,0.0,1.0
1252,Esophagus,18,1252__pred18,neoplastic_like,540.0,231,143,255,172,243.88148148148147,156.0537037037037,0.5590440868153939,0.9782608695652174,29.042091677150648,24.079899811651206,538,0,538,0.9962962962962963,0.0,0.9962962962962963
1252,Esophagus,19,1252__pred19,neoplastic_like,823.0,233,85,256,129,244.8602673147023,107.33171324422844,0.8589424219061454,0.9614485981308412,45.87785258098059,23.492771909605985,823,0,823,1.0,0.0,1.0
1289,Pancreatic,1,1289__pred1,normal_like,217.0,1,19,18,42,7.852534562211981,30.963133640552996,0.9077283216578486,0.9601769911504425,25.960007084004662,10.891740367993938,0,217,217,0.0,1.0,1.0
1289,Pancreatic,2,1289__pred2,normal_like,539.0,1,66,40,103,18.7291280148423,84.139146567718,0.9661505450295702,0.9197952218430034,52.06034658444104,13.430472105207281,0,539,539,0.0,1.0,1.0
1289,Pancreatic,3,1289__pred3,normal_like,443.0,1,159,25,183,12.650112866817155,170.19187358916477,0.6751579404696838,0.9486081370449678,28.05188486171585,20.693123775075513,0,329,329,0.0,0.7426636568848759,0.7426636568848759
1289,Pancreatic,4,1289__pred4,normal_like,223.0,1,193,15,214,7.103139013452915,203.5605381165919,0.7817766673820493,0.9570815450643777,21.485460177604516,13.39744199919845,0,188,188,0.0,0.8430493273542601,0.8430493273542601
1289,Pancreatic,5,1289__pred5,unmatched,605.0,37,99,90,138,62.82314049586777,117.98181818181818,0.9796320498877488,0.9365325077399381,62.07148920713013,12.464017912895196,0,42,42,0.0,0.06942148760330578,0.06942148760330578
1289,Pancreatic,6,1289__pred6,normal_like,115.0,38,248,59,255,47.21739130434783,251.3217391304348,0.9487279442878542,0.9349593495934959,21.66491972598417,6.848146711343402,0,115,115,0.0,1.0,1.0
1289,Pancreatic,7,1289__pred7,normal_like,716.0,39,215,73,246,55.900837988826815,229.71787709497207,0.7591522354031206,0.9701897018970189,37.49638701251257,24.40689007741982,0,687,687,0.0,0.9594972067039106,0.9594972067039106
1289,Pancreatic,8,1289__pred8,normal_like,362.0,49,0,82,24,66.66298342541437,10.629834254143647,0.9424052704275718,0.9258312020460358,37.93710750812011,12.688944882249876,0,136,136,0.0,0.3756906077348066,0.3756906077348066
1289,Pancreatic,9,1289__pred9,unmatched,1004.0,110,178,189,233,147.54482071713147,204.1593625498008,0.9911919183167498,0.9261992619926199,98.79018817814696,13.083111416785139,0,0,0,0.0,0.0,0.0
1289,Pancreatic,10,1289__pred10,normal_like,651.0,162,123,192,152,176.62519201228878,137.95698924731184,0.4192504363551406,0.9745508982035929,30.34124740852728,27.54592724602289,0,651,651,0.0,1.0,1.0
1289,Pancreatic,11,1289__pred11,normal_like,207.0,164,19,196,40,178.7584541062802,29.56038647342995,0.9820388459493254,0.8884120171673819,37.73598832344375,7.1199825413982785,0,177,177,0.0,0.855072463768116,0.855072463768116
1289,Pancreatic,12,1289__pred12,normal_like,724.0,183,196,227,224,205.83839779005524,208.12707182320443,0.9096283229852951,0.9476439790575916,47.71651523306772,19.822540497468502,0,724,724,0.0,1.0,1.0
1289,Pancreatic,13,1289__pred13,normal_like,483.0,192,1,249,38,218.58592132505177,17.151138716356108,0.9914638134362939,0.8548672566371681,71.50037301291746,9.322372800060927,0,409,409,0.0,0.8467908902691511,0.8467908902691511
1289,Pancreatic,14,1289__pred14,normal_like,264.0,225,0,255,21,242.43939393939394,9.015151515151516,0.9505584235187479,0.9103448275862069,33.722079378519574,10.472249552508709,0,264,264,0.0,1.0,1.0
1299,Pancreatic,1,1299__pred1,normal_like,542.0,1,137,25,165,12.636531365313653,150.80442804428046,0.6681519315343495,0.9748201438848921,30.549841132069997,22.729841355256198,0,542,542,0.0,1.0,1.0
1299,Pancreatic,2,1299__pred2,normal_like,402.0,1,229,34,253,15.116915422885572,241.20398009950247,0.9385538538930189,0.9458823529411765,38.977010902749036,13.452245682469426,0,402,402,0.0,1.0,1.0
1299,Pancreatic,3,1299__pred3,normal_like,272.0,7,0,36,14,19.022058823529413,5.731617647058823,0.8665258560080566,0.9283276450511946,27.286929253579075,13.619784695903446,0,244,244,0.0,0.8970588235294118,0.8970588235294118
1299,Pancreatic,4,1299__pred4,normal_like,335.0,34,97,65,118,47.70746268656716,106.6268656716418,0.929671088363116,0.9128065395095368,34.77728232189537,12.811625472434502,0,332,332,0.0,0.991044776119403,0.991044776119403
1299,Pancreatic,5,1299__pred5,normal_like,360.0,65,17,84,42,74.36111111111111,28.891666666666666,0.6462973017795584,0.9703504043126685,24.575483572372697,18.753200280599756,0,345,345,0.0,0.9583333333333334,0.9583333333333334
1299,Pancreatic,6,1299__pred6,normal_like,513.0,70,216,117,238,92.1598440545809,224.52436647173488,0.9555838428555661,0.7941176470588235,52.19262138201492,15.38217757440874,0,513,513,0.0,1.0,1.0
1299,Pancreatic,7,1299__pred7,normal_like,403.0,95,60,127,79,112.73697270471465,69.45161290322581,0.8430942408775269,0.8975501113585747,32.48098425481282,17.46716385212891,0,311,311,0.0,0.771712158808933,0.771712158808933
1299,Pancreatic,8,1299__pred8,normal_like,587.0,102,95,128,124,114.66780238500851,110.15332197614991,0.4810004590207045,0.9702479338842975,29.35508336535206,25.736198733290355,0,580,580,0.0,0.9880749574105622,0.9880749574105622
1299,Pancreatic,9,1299__pred9,normal_like,938.0,155,197,194,231,172.24733475479744,214.1780383795309,0.6669257605211516,0.9600818833162743,40.68312074282655,30.313976610225954,0,894,894,0.0,0.9530916844349681,0.9530916844349681
1299,Pancreatic,10,1299__pred10,normal_like,521.0,180,158,223,174,201.97696737044146,166.04414587332053,0.9309379700241833,0.9542124542124543,42.81010222287127,15.633279625195854,0,521,521,0.0,1.0,1.0
1299,Pancreatic,11,1299__pred11,normal_like,1023.0,204,62,246,97,225.6080156402737,80.4672531769306,0.70917164119961,0.9534016775396086,43.555164561322016,30.707953504170423,0,587,587,0.0,0.5738025415444771,0.5738025415444771
1299,Pancreatic,12,1299__pred12,normal_like,673.0,207,109,237,143,221.53937592867757,125.81426448736998,0.8108766780641965,0.953257790368272,38.49569018055202,22.528334816177324,0,673,673,0.0,1.0,1.0
1320,Cervix,1,1320__pred1,neoplastic_like,1478.0,15,35,55,82,34.039242219215154,58.22733423545331,0.5586804696366957,0.979456593770709,47.65074140513157,39.520714058991906,1478,0,1478,1.0,0.0,1.0
1320,Cervix,2,1320__pred2,neoplastic_like,1432.0,27,156,72,196,48.857541899441344,175.5405027932961,0.48194062328207365,0.9821673525377229,45.62249270062095,39.97460502331865,1432,0,1432,1.0,0.0,1.0
1320,Cervix,3,1320__pred3,neoplastic_like,782.0,29,215,64,244,46.13427109974425,229.01406649616368,0.5868957077719508,0.9714285714285714,35.07454178262941,28.398542578654606,782,0,782,1.0,0.0,1.0
1320,Cervix,4,1320__pred4,neoplastic_like,1785.0,61,15,107,65,83.72605042016806,39.01232492997199,0.4814921988874884,0.9813084112149533,50.99001275418203,44.69021587449911,1785,0,1785,1.0,0.0,1.0
1320,Cervix,5,1320__pred5,neoplastic_like,1376.0,69,187,108,232,88.29796511627907,208.59593023255815,0.5332144654014461,0.98005698005698,45.53086146534235,38.51820285099813,1376,0,1376,1.0,0.0,1.0
1320,Cervix,6,1320__pred6,neoplastic_like,1368.0,84,116,124,165,104.01608187134502,140.35087719298247,0.7032719591644031,0.9757489300998573,49.68326561718026,35.32087279492335,1368,0,1368,1.0,0.0,1.0
1320,Cervix,7,1320__pred7,neoplastic_like,280.0,100,228,119,247,108.625,237.0142857142857,0.2716777171556521,0.9688581314878892,19.293501490096265,18.56783987982107,280,0,280,1.0,0.0,1.0
1320,Cervix,8,1320__pred8,neoplastic_like,1222.0,124,71,161,114,141.91489361702128,91.55319148936171,0.5738050591952508,0.9760383386581469,43.58726415685185,35.69761686709685,1222,0,1222,1.0,0.0,1.0
1320,Cervix,9,1320__pred9,neoplastic_like,433.0,159,165,190,184,174.13856812933025,173.84064665127022,0.8494698086549204,0.9643652561247216,32.36225459482526,17.07553030048608,433,0,433,1.0,0.0,1.0
1320,Cervix,10,1320__pred10,neoplastic_like,158.0,160,1,182,11,170.32911392405063,4.7215189873417724,0.8684231575954966,0.9404761904761905,20.66670740355728,10.247044954524434,154,0,154,0.9746835443037974,0.0,0.9746835443037974
1320,Cervix,11,1320__pred11,neoplastic_like,981.0,160,193,194,232,176.7553516819572,212.67991845056065,0.7311579267171144,0.9770916334661355,42.82754601467422,29.217304899261133,963,0,963,0.981651376146789,0.0,0.981651376146789
1320,Cervix,12,1320__pred12,neoplastic_like,706.0,179,235,224,255,199.03682719546742,245.73654390934846,0.9130537960966886,0.9684499314128944,47.77601917400791,19.48493064971892,706,0,706,1.0,0.0,1.0
1320,Cervix,13,1320__pred13,neoplastic_like,652.0,194,0,229,24,210.26687116564418,10.311349693251534,0.7269653023685162,0.9616519174041298,35.71849495803084,24.526968747816866,652,0,652,1.0,0.0,1.0
1320,Cervix,14,1320__pred14,neoplastic_like,585.0,196,101,226,127,210.34700854700856,113.43760683760684,0.6425336587691233,0.975,31.19381938821992,23.9024968598094,585,0,585,1.0,0.0,1.0
1320,Cervix,15,1320__pred15,neoplastic_like,726.0,228,55,255,87,241.96143250688706,69.99586776859505,0.5219601141112568,0.9771197846567967,33.12259850994538,28.252579324627835,720,0,720,0.9917355371900827,0.0,0.9917355371900827
1320,Cervix,16,1320__pred16,normal_like,187.0,235,106,254,123,245.3957219251337,113.26737967914438,0.8772932882374102,0.9166666666666666,23.000662037459428,11.03927518573631,0,187,187,0.0,1.0,1.0
1351,Cervix,1,1351__pred1,neoplastic_like,106.0,0,174,8,192,2.990566037735849,182.24528301886792,0.8976197539480925,0.9137931034482759,17.912345970061754,7.895236608311078,105,0,105,0.9905660377358491,0.0,0.9905660377358491
1351,Cervix,2,1351__pred2,neoplastic_like,527.0,3,0,39,26,20.358633776091082,11.738140417457306,0.9135881130517491,0.9547101449275363,40.79860877841471,16.590379889056724,502,0,502,0.952561669829222,0.0,0.952561669829222
1351,Cervix,3,1351__pred3,neoplastic_like,409.0,10,212,33,236,21.356968215158926,223.63814180929094,0.6790960677244878,0.960093896713615,26.65896491876777,19.56899736959159,407,0,407,0.9951100244498777,0.0,0.9951100244498777
1351,Cervix,4,1351__pred4,neoplastic_like,370.0,12,60,34,89,22.77027027027027,74.21621621621621,0.9095439402922605,0.9660574412532638,33.72240707203385,14.015294491220592,349,0,349,0.9432432432432433,0.0,0.9432432432432433
1351,Cervix,5,1351__pred5,neoplastic_like,628.0,18,227,53,253,37.11624203821656,240.59872611464968,0.7966782110790674,0.9544072948328267,37.12365626006882,22.437675060401187,613,0,613,0.9761146496815286,0.0,0.9761146496815286
1351,Cervix,6,1351__pred6,neoplastic_like,1302.0,21,1,73,55,46.25806451612903,26.72811059907834,0.9456746774475385,0.9489795918367347,72.05770497921063,23.427000993550838,1107,0,1107,0.8502304147465438,0.0,0.8502304147465438
1351,Cervix,7,1351__pred7,neoplastic_like,612.0,37,39,66,73,52.22222222222222,56.900326797385624,0.8624170577556062,0.9652996845425867,39.47708364702067,19.983236513653107,571,0,571,0.9330065359477124,0.0,0.9330065359477124
1351,Cervix,8,1351__pred8,neoplastic_like,338.0,42,181,62,206,51.23372781065089,192.27810650887574,0.8461566529781281,0.9629629629629629,28.50400571319888,15.190761008321799,337,0,337,0.9970414201183432,0.0,0.9970414201183432
1351,Cervix,9,1351__pred9,neoplastic_like,476.0,50,109,77,143,62.7563025210084,126.8781512605042,0.9228991367119863,0.9558232931726908,39.94713452003602,15.38131635784806,476,0,476,1.0,0.0,1.0
1351,Cervix,10,1351__pred10,neoplastic_like,654.0,51,73,79,108,65.89449541284404,90.25993883792049,0.8108001925197765,0.9631811487481591,38.41406732738492,22.484638228922933,654,0,654,1.0,0.0,1.0
1351,Cervix,11,1351__pred11,neoplastic_like,195.0,60,234,76,250,66.9948717948718,241.24615384615385,0.5059482890388326,0.9605911330049262,17.039290265251964,14.697475155554432,190,0,190,0.9743589743589743,0.0,0.9743589743589743
1351,Cervix,12,1351__pred12,unmatched,170.0,74,24,91,43,81.44705882352942,32.870588235294115,0.9187301838132662,0.9289617486338798,23.66666575780754,9.345631868547303,0,0,0,0.0,0.0,0.0
1351,Cervix,13,1351__pred13,neoplastic_like,731.0,80,94,130,122,104.98221614227086,107.52393980848153,0.9519422632631841,0.9371794871794872,55.461943354333854,16.986747203407674,720,0,720,0.9849521203830369,0.0,0.9849521203830369
1351,Cervix,14,1351__pred14,neoplastic_like,484.0,85,68,109,94,96.05371900826447,80.08884297520662,0.6146558351055085,0.9565217391304348,28.068958092485776,22.140665405292022,480,0,480,0.9917355371900827,0.0,0.9917355371900827
1351,Cervix,15,1351__pred15,neoplastic_like,534.0,87,20,118,58,99.91947565543072,38.0374531835206,0.936598890009721,0.8959731543624161,46.02557740315155,16.127517265727434,450,0,450,0.8426966292134831,0.0,0.8426966292134831
1351,Cervix,16,1351__pred16,neoplastic_like,476.0,94,237,130,256,113.94117647058823,247.38235294117646,0.893343708797616,0.9655172413793104,37.600767188475814,16.896808245479566,476,0,476,1.0,0.0,1.0
1351,Cervix,17,1351__pred17,neoplastic_like,585.0,101,114,136,142,118.1982905982906,128.51965811965812,0.8742437616608921,0.9669421487603306,39.31369771747083,19.086297991480553,553,0,553,0.9452991452991453,0.0,0.9452991452991453
1351,Cervix,18,1351__pred18,unmatched,287.0,105,0,130,17,115.52961672473867,7.32404181184669,0.8442389418757967,0.940983606557377,26.541839860903604,14.225549886859945,56,0,56,0.1951219512195122,0.0,0.1951219512195122
1351,Cervix,19,1351__pred19,neoplastic_like,478.0,107,22,135,50,121.19665271966527,36.11506276150627,0.8584063818340516,0.9617706237424547,34.61678515642791,17.757381146487102,459,0,459,0.9602510460251046,0.0,0.9602510460251046
1351,Cervix,20,1351__pred20,neoplastic_like,383.0,114,63,142,86,126.50130548302872,74.57963446475196,0.8740514888487201,0.9433497536945813,32.00496644722971,15.549078447411427,369,0,369,0.9634464751958225,0.0,0.9634464751958225
1351,Cervix,21,1351__pred21,neoplastic_like,369.0,118,42,149,62,133.15989159891598,51.83468834688347,0.9072410900529,0.9609375,33.45473188865648,14.071427884396014,352,0,352,0.9539295392953929,0.0,0.9539295392953929
1351,Cervix,22,1351__pred22,neoplastic_like,659.0,120,135,160,161,140.19878603945372,147.88315629742033,0.8879775747604658,0.9676945668135095,42.79366013331096,19.68023746062403,658,0,658,0.9984825493171472,0.0,0.9984825493171472
1351,Cervix,23,1351__pred23,neoplastic_like,515.0,127,100,161,120,143.96893203883496,108.9747572815534,0.8462718166955145,0.960820895522388,35.173597131959895,18.738781730757236,472,0,472,0.916504854368932,0.0,0.916504854368932
1351,Cervix,24,1351__pred24,neoplastic_like,455.0,136,202,181,217,155.82637362637362,208.55604395604396,0.9610215750991081,0.8956692913385826,47.456343239182196,13.1204158190699,455,0,455,1.0,0.0,1.0
1351,Cervix,25,1351__pred25,neoplastic_like,197.0,139,82,160,96,148.37055837563452,88.37055837563452,0.8427762731001821,0.933649289099526,21.73808401977344,11.700828456704194,197,0,197,1.0,0.0,1.0
1351,Cervix,26,1351__pred26,neoplastic_like,437.0,144,58,169,84,156.4599542334096,70.65675057208237,0.715596442970195,0.9479392624728851,28.361582361815508,19.810960770806922,397,0,397,0.9084668192219679,0.0,0.9084668192219679
1351,Cervix,27,1351__pred27,neoplastic_like,516.0,149,213,191,243,168.75,227.99612403100775,0.9542495052500973,0.9052631578947369,48.19273972254944,14.410183764062415,505,0,505,0.9786821705426356,0.0,0.9786821705426356
1351,Cervix,28,1351__pred28,neoplastic_like,631.0,150,163,191,191,167.6988906497623,175.18541996830427,0.9200189848255519,0.9040114613180515,46.88960552697303,18.374807445708804,585,0,585,0.9270998415213946,0.0,0.9270998415213946
1351,Cervix,29,1351__pred29,neoplastic_like,470.0,153,146,190,165,171.7148936170213,154.9787234042553,0.9034823493525718,0.951417004048583,37.53288165162209,16.087542509291275,464,0,464,0.9872340425531915,0.0,0.9872340425531915
1351,Cervix,30,1351__pred30,neoplastic_like,1038.0,159,199,225,256,191.57707129094413,228.73506743737957,0.9855148058778312,0.8445890968266884,92.1793801906718,15.632646540745418,729,0,729,0.7023121387283237,0.0,0.7023121387283237
1351,Cervix,31,1351__pred31,neoplastic_like,436.0,167,92,202,118,183.33715596330276,104.90366972477064,0.94633421986476,0.929637526652452,42.17034113166102,13.629017428363534,431,0,431,0.9885321100917431,0.0,0.9885321100917431
1351,Cervix,32,1351__pred32,neoplastic_like,269.0,167,183,193,203,179.35687732342006,192.32342007434943,0.9303547575150389,0.9471830985915493,30.635636087470257,11.232881944829222,247,0,247,0.9182156133828996,0.0,0.9182156133828996
1351,Cervix,33,1351__pred33,neoplastic_like,215.0,173,61,190,79,180.8232558139535,69.57674418604651,0.7842356144246553,0.9728506787330317,21.015979578369688,13.039640560301573,214,0,214,0.9953488372093023,0.0,0.9953488372093023
1351,Cervix,34,1351__pred34,neoplastic_like,156.0,184,111,201,125,192.12820512820514,117.73076923076923,0.8661204059355836,0.9454545454545454,19.92553359350373,9.959487359457867,156,0,156,1.0,0.0,1.0
1351,Cervix,35,1351__pred35,neoplastic_like,319.0,184,189,219,211,199.98746081504703,198.8526645768025,0.9591737974316985,0.9273255813953488,38.14973046790859,10.789403843628532,315,0,315,0.987460815047022,0.0,0.987460815047022
1351,Cervix,36,1351__pred36,neoplastic_like,298.0,189,235,209,256,199.43288590604027,246.16442953020135,0.7326080301270775,0.93125,24.234278841511923,16.495080616030574,255,0,255,0.8557046979865772,0.0,0.8557046979865772
1351,Cervix,37,1351__pred37,neoplastic_like,233.0,205,168,229,188,217.17596566523605,177.6824034334764,0.9374838138797486,0.9357429718875502,29.291906850494996,10.194429424803257,229,0,229,0.9828326180257511,0.0,0.9828326180257511
1351,Cervix,38,1351__pred38,neoplastic_like,124.0,207,141,223,151,215.28225806451613,145.43548387096774,0.7841529264608307,0.9538461538461539,15.981235690823427,9.917437615314993,124,0,124,1.0,0.0,1.0
1351,Cervix,39,1351__pred39,neoplastic_like,511.0,211,226,243,256,226.37964774951075,241.69471624266146,0.9058234708970636,0.9515828677839852,39.47595736829951,16.724199789475033,501,0,501,0.9804305283757339,0.0,0.9804305283757339
1351,Cervix,40,1351__pred40,neoplastic_like,620.0,214,201,251,233,232.99516129032259,215.4967741935484,0.9166048158086493,0.9267563527653214,45.29253490716718,18.107704613961328,580,0,580,0.9354838709677419,0.0,0.9354838709677419
1351,Cervix,41,1351__pred41,normal_like,327.0,231,71,255,89,242.0091743119266,79.5045871559633,0.7452666880311785,0.961764705882353,25.017941518035,16.681125269205378,0,313,313,0.0,0.9571865443425076,0.9571865443425076
1351,Cervix,42,1351__pred42,neoplastic_like,134.0,241,226,255,248,248.3955223880597,236.97014925373134,0.9543663255126759,0.9054054054054054,24.66607584842311,7.36623836611581,134,0,134,1.0,0.0,1.0
1409,Bile-duct,1,1409__pred1,neoplastic_like,136.0,0,206,9,228,3.7573529411764706,216.28676470588235,0.9119462730884358,0.9315068493150684,20.95496004381359,8.598021966830908,136,0,136,1.0,0.0,1.0
1409,Bile-duct,2,1409__pred2,neoplastic_like,329.0,11,225,40,241,25.711246200607903,232.16717325227964,0.8748147058240577,0.9563953488372093,29.526044063686374,14.304118403295792,329,0,329,1.0,0.0,1.0
1409,Bile-duct,3,1409__pred3,neoplastic_like,113.0,16,248,38,255,27.654867256637168,251.71681415929203,0.9526238093860592,0.9262295081967213,22.64450605007586,6.887350908867302,113,0,113,1.0,0.0,1.0
1409,Bile-duct,4,1409__pred4,neoplastic_like,641.0,25,173,64,195,43.697347893915754,183.5179407176287,0.8179118905085874,0.9653614457831325,37.69315200874046,21.68650988391178,641,0,641,1.0,0.0,1.0
1409,Bile-duct,5,1409__pred5,neoplastic_like,543.0,61,96,94,120,76.19705340699817,108.06077348066299,0.8236476775682372,0.9679144385026738,35.01123120008562,19.854933828862176,542,0,542,0.998158379373849,0.0,0.998158379373849
1409,Bile-duct,6,1409__pred6,neoplastic_like,528.0,61,122,95,143,77.83901515151516,131.2973484848485,0.8583640749177054,0.967032967032967,36.23532802049043,18.59021059013505,528,0,528,1.0,0.0,1.0
1409,Bile-duct,7,1409__pred7,neoplastic_like,508.0,87,174,122,192,103.16732283464567,183.05905511811022,0.8685078103485945,0.9676190476190476,36.258646251760894,17.97252195412799,508,0,508,1.0,0.0,1.0
1409,Bile-duct,8,1409__pred8,neoplastic_like,490.0,89,77,121,96,105.45510204081633,85.64081632653061,0.8058815322842994,0.9645669291338582,32.6125128009558,19.309112737600522,485,0,485,0.9897959183673469,0.0,0.9897959183673469
1409,Bile-duct,9,1409__pred9,neoplastic_like,365.0,93,99,120,117,106.21369863013699,107.18356164383562,0.8085542874145917,0.958005249343832,28.342436599540413,16.677301529511006,356,0,356,0.9753424657534246,0.0,0.9753424657534246
1409,Bile-duct,10,1409__pred10,neoplastic_like,584.0,100,150,133,173,116.10102739726027,160.84931506849315,0.7790751766333814,0.9684908789386402,34.48696986363316,21.62093373656642,584,0,584,1.0,0.0,1.0
1409,Bile-duct,11,1409__pred11,neoplastic_like,511.0,107,127,140,146,122.8747553816047,136.23091976516633,0.8142353499816501,0.9659735349716446,33.542414817505666,19.47254314604596,511,0,511,1.0,0.0,1.0
1409,Bile-duct,12,1409__pred12,neoplastic_like,402.0,123,28,150,49,136.18407960199005,38.49751243781095,0.8000264422349045,0.9571428571428572,29.304586812806466,17.581718868560586,387,0,387,0.9626865671641791,0.0,0.9626865671641791
1409,Bile-duct,13,1409__pred13,neoplastic_like,622.0,132,104,170,127,149.59324758842445,114.78938906752411,0.8288106486830039,0.9598765432098766,37.7567912412477,21.12602662343056,622,0,622,1.0,0.0,1.0
1409,Bile-duct,14,1409__pred14,neoplastic_like,499.0,134,49,167,70,149.48496993987976,60.056112224448896,0.7609782134671458,0.9689320388349515,31.582921496478985,20.490286760885088,495,0,495,0.9919839679358717,0.0,0.9919839679358717
1409,Bile-duct,15,1409__pred15,neoplastic_like,402.0,137,82,173,97,155.43034825870646,89.12935323383084,0.9219594949005396,0.9305555555555556,36.87284752498505,14.280349240387858,318,0,318,0.7910447761194029,0.0,0.7910447761194029
1409,Bile-duct,16,1409__pred16,neoplastic_like,459.0,162,30,194,49,177.11111111111111,38.56427015250544,0.816388809067834,0.9542619542619543,31.885848119243636,18.414161832513027,447,0,447,0.9738562091503268,0.0,0.9738562091503268
1409,Bile-duct,17,1409__pred17,neoplastic_like,301.0,169,138,201,157,186.98338870431894,147.38538205980066,0.9200396543404461,0.8179347826086957,33.07401070794038,12.959232847711156,301,0,301,1.0,0.0,1.0
1409,Bile-duct,18,1409__pred18,neoplastic_like,332.0,194,123,228,139,206.7921686746988,130.3855421686747,0.8850214486446776,0.907103825136612,31.721581930908467,14.767990403910877,332,0,332,1.0,0.0,1.0
1428,Testis,1,1428__pred1,normal_like,196.0,0,66,12,88,4.581632653061225,77.5204081632653,0.8387965365260855,0.9751243781094527,21.88253187346398,11.913835312766736,0,163,163,0.0,0.8316326530612245,0.8316326530612245
1428,Testis,2,1428__pred2,normal_like,411.0,11,94,31,120,19.802919708029197,107.16058394160584,0.6940341188695403,0.958041958041958,27.290050850750916,19.647256793273346,0,342,342,0.0,0.8321167883211679,0.8321167883211679
1428,Testis,3,1428__pred3,normal_like,938.0,14,116,43,160,27.119402985074625,137.38379530916845,0.7713769985287451,0.9532520325203252,43.693525160542215,27.805617628450193,0,887,887,0.0,0.9456289978678039,0.9456289978678039
1428,Testis,4,1428__pred4,normal_like,68.0,20,2,31,10,25.102941176470587,5.411764705882353,0.6957429910572117,0.9577464788732394,10.980065163714777,7.886879920661284,0,68,68,0.0,1.0,1.0
1428,Testis,5,1428__pred5,unmatched,157.0,21,243,38,255,29.095541401273884,249.15923566878982,0.6604788295686739,0.9573170731707317,16.49418074219971,12.384567665808445,0,0,0,0.0,0.0,0.0
1428,Testis,6,1428__pred6,normal_like,704.0,23,66,43,119,32.63494318181818,90.42897727272727,0.9579930316118807,0.9500674763832658,56.29855489782543,16.14594572224587,0,591,591,0.0,0.8394886363636364,0.8394886363636364
1428,Testis,7,1428__pred7,normal_like,1602.0,42,145,92,189,67.78838951310861,165.9769038701623,0.7341933508336801,0.9308541545613016,56.21904136835207,38.16938078751499,0,1173,1173,0.0,0.7322097378277154,0.7322097378277154
1428,Testis,8,1428__pred8,normal_like,552.0,43,75,59,118,50.5,95.64311594202898,0.9366788849690457,0.9616724738675958,44.877843855267656,15.715748454010791,0,491,491,0.0,0.8894927536231884,0.8894927536231884
1428,Testis,9,1428__pred9,normal_like,476.0,62,83,79,119,69.3718487394958,101.74159663865547,0.8959897166323513,0.9694501018329938,37.22281852809124,16.529715680475412,0,469,469,0.0,0.9852941176470589,0.9852941176470589
1428,Testis,10,1428__pred10,normal_like,519.0,72,118,98,146,85.37957610789981,131.65703275529864,0.41908448857267533,0.9664804469273743,27.24375280907791,24.73589018245935,0,401,401,0.0,0.7726396917148363,0.7726396917148363
1428,Testis,11,1428__pred11,normal_like,33.0,90,1,102,5,95.96969696969697,2.757575757575758,0.9623930902643967,0.8461538461538461,12.873373677613206,3.4971897967165195,0,33,33,0.0,1.0,1.0
1428,Testis,12,1428__pred12,normal_like,386.0,94,155,109,191,102.17357512953367,174.88341968911917,0.9078723728828266,0.9698492462311558,35.21865513423486,14.765303225370713,0,291,291,0.0,0.7538860103626943,0.7538860103626943
1428,Testis,13,1428__pred13,normal_like,327.0,112,214,134,233,122.31192660550458,222.7981651376147,0.5438940460697447,0.9589442815249267,22.382677389521106,18.782511007383565,0,311,311,0.0,0.9510703363914373,0.9510703363914373
1428,Testis,14,1428__pred14,normal_like,310.0,114,157,135,179,123.31290322580645,166.78064516129032,0.7748912122783904,0.9480122324159022,25.11783186938329,15.876846400651624,0,245,245,0.0,0.7903225806451613,0.7903225806451613
1428,Testis,15,1428__pred15,normal_like,395.0,116,186,146,209,130.9620253164557,198.126582278481,0.8982716671294578,0.844017094017094,34.857071015692114,15.317611055345965,0,199,199,0.0,0.5037974683544304,0.5037974683544304
1428,Testis,16,1428__pred16,normal_like,278.0,119,176,139,195,128.62230215827338,185.20503597122303,0.7775861095174061,0.972027972027972,23.839541105505834,14.989742371176217,0,256,256,0.0,0.920863309352518,0.920863309352518
1428,Testis,17,1428__pred17,normal_like,63.0,127,1,146,6,135.61904761904762,2.380952380952381,0.9740581156896485,0.8873239436619719,18.983996126777054,4.296040458477099,0,52,52,0.0,0.8253968253968254,0.8253968253968254
1428,Testis,18,1428__pred18,normal_like,505.0,127,230,152,255,139.34653465346534,242.06534653465346,0.4315882732561764,0.9655831739961759,26.82505136192069,24.198093076505604,0,381,381,0.0,0.7544554455445545,0.7544554455445545
1428,Testis,19,1428__pred19,normal_like,315.0,131,206,153,225,142.015873015873,214.98095238095237,0.6702438352933094,0.9603658536585366,23.281658129413852,17.278272063445364,0,280,280,0.0,0.8888888888888888,0.8888888888888888
1428,Testis,20,1428__pred20,normal_like,186.0,142,38,160,52,150.20430107526883,44.575268817204304,0.7681765640796077,0.9637305699481865,19.25334423450083,12.326723654848031,0,182,182,0.0,0.978494623655914,0.978494623655914
1428,Testis,21,1428__pred21,normal_like,469.0,156,228,180,254,166.8038379530917,241.272921108742,0.6591143272372405,0.9710144927536232,28.275965802481757,21.26473519009819,0,428,428,0.0,0.9125799573560768,0.9125799573560768
1428,Testis,22,1428__pred22,normal_like,312.0,161,157,181,185,171.92948717948718,169.79807692307693,0.9095934883348302,0.9397590361445783,31.423179914279885,13.056309926643507,0,312,312,0.0,1.0,1.0
1428,Testis,23,1428__pred23,normal_like,576.0,164,8,187,40,176.20833333333334,23.088541666666668,0.6829712815530768,0.9696969696969697,31.974146503469743,23.355362677366426,0,541,541,0.0,0.9392361111111112,0.9392361111111112
1428,Testis,24,1428__pred24,normal_like,255.0,171,202,188,224,178.9764705882353,212.49411764705883,0.8314075293315788,0.9375,24.48174905206074,13.603605441168229,0,188,188,0.0,0.7372549019607844,0.7372549019607844
1428,Testis,25,1428__pred25,normal_like,219.0,172,91,186,111,178.1917808219178,100.3607305936073,0.7655913722706296,0.9605263157894737,20.832084218151326,13.401845834559191,0,207,207,0.0,0.9452054794520548,0.9452054794520548
1428,Testis,26,1428__pred26,normal_like,334.0,188,180,204,215,195.89820359281438,195.95209580838323,0.9401127173000495,0.8835978835978836,36.20709021673193,12.341683629400183,0,329,329,0.0,0.9850299401197605,0.9850299401197605
1428,Testis,27,1428__pred27,normal_like,195.0,191,95,202,122,195.78974358974358,108.0051282051282,0.9492766100644354,0.9330143540669856,28.17761980462631,8.860233678126479,0,189,189,0.0,0.9692307692307692,0.9692307692307692
1428,Testis,28,1428__pred28,normal_like,759.0,194,21,227,54,210.62977602108037,37.94202898550725,0.5473690501325934,0.9631979695431472,34.388843589338634,28.77972555669015,0,759,759,0.0,1.0,1.0
1428,Testis,29,1428__pred29,normal_like,238.0,205,201,220,222,211.56302521008402,210.72268907563026,0.7368219783221556,0.9482071713147411,21.19888018315972,14.332283241063777,0,233,233,0.0,0.9789915966386554,0.9789915966386554
1428,Testis,30,1428__pred30,normal_like,360.0,208,224,237,243,222.65277777777777,232.75555555555556,0.8710687219060914,0.967741935483871,30.637148818376296,15.047777447444684,0,330,330,0.0,0.9166666666666666,0.9166666666666666
1428,Testis,31,1428__pred31,normal_like,538.0,215,84,249,110,230.66171003717471,94.94052044609666,0.8771356364127407,0.9134125636672326,38.67190826548584,18.571902623252814,0,347,347,0.0,0.6449814126394052,0.6449814126394052
1428,Testis,32,1428__pred32,normal_like,631.0,217,103,253,125,234.17591125198098,113.15213946117274,0.8233594876295709,0.9692780337941628,37.669342158838056,21.37811182332066,0,601,601,0.0,0.9524564183835182,0.9524564183835182
1428,Testis,33,1428__pred33,normal_like,604.0,220,26,254,55,237.78476821192052,40.78145695364238,0.8644232608565148,0.9207317073170732,39.50791685526057,19.863189207786363,0,266,266,0.0,0.44039735099337746,0.44039735099337746
1428,Testis,34,1428__pred34,normal_like,505.0,222,181,246,210,233.61188118811882,194.7108910891089,0.7627328217113339,0.9582542694497154,31.646984905834447,20.46653950768394,0,473,473,0.0,0.9366336633663367,0.9366336633663367
1428,Testis,35,1428__pred35,normal_like,413.0,229,54,256,74,242.26634382566587,63.11138014527845,0.7152987632601633,0.9627039627039627,27.486738566436692,19.208248953800254,0,382,382,0.0,0.9249394673123487,0.9249394673123487
1428,Testis,36,1428__pred36,normal_like,372.0,229,126,255,145,242.2715053763441,134.6478494623656,0.7287069123380041,0.9465648854961832,26.369218477199247,18.058318435300926,0,245,245,0.0,0.6586021505376344,0.6586021505376344
1428,Testis,37,1428__pred37,normal_like,297.0,239,142,255,167,247.8114478114478,153.2020202020202,0.7305499299215558,0.9580645161290322,24.320616962090757,16.607559052166643,0,295,295,0.0,0.9932659932659933,0.9932659932659933
1428,Testis,38,1428__pred38,normal_like,184.0,241,210,256,228,248.82065217391303,218.07065217391303,0.49277382703824785,0.92,17.08594093902721,14.867458480216655,0,177,177,0.0,0.9619565217391305,0.9619565217391305
1436,Testis,1,1436__pred1,normal_like,112.0,0,217,8,236,3.1607142857142856,226.79464285714286,0.8969827527575556,0.9491525423728814,18.277260451063974,8.079747002750926,0,111,111,0.0,0.9910714285714286,0.9910714285714286
1436,Testis,2,1436__pred2,normal_like,568.0,1,162,38,186,17.468309859154928,174.35739436619718,0.8920685348471911,0.9482470784641068,40.580742707838006,18.338442978875193,0,478,478,0.0,0.8415492957746479,0.8415492957746479
1436,Testis,3,1436__pred3,normal_like,367.0,7,153,41,175,25.493188010899182,162.4959128065395,0.9016798651130284,0.8864734299516909,35.019607105669806,15.142626355891728,0,275,275,0.0,0.7493188010899182,0.7493188010899182
1436,Testis,4,1436__pred4,normal_like,374.0,7,188,30,208,17.914438502673796,197.3342245989305,0.5695244360852962,0.9689119170984456,24.07415987765264,19.788343156762433,0,346,346,0.0,0.9251336898395722,0.9251336898395722
1436,Testis,5,1436__pred5,normal_like,182.0,25,243,47,255,36.417582417582416,248.78571428571428,0.8813778591348362,0.9528795811518325,22.444269668906117,10.602941650155108,0,178,178,0.0,0.978021978021978,0.978021978021978
1436,Testis,6,1436__pred6,normal_like,418.0,38,150,70,176,52.366028708133975,164.2177033492823,0.9165414204263966,0.9372197309417041,37.18875775278838,14.873263455403167,0,259,259,0.0,0.6196172248803827,0.6196172248803827
1436,Testis,7,1436__pred7,normal_like,548.0,44,139,76,168,60.59306569343066,152.21532846715328,0.848014178484087,0.9547038327526133,36.61697665753011,19.406028742937178,0,510,510,0.0,0.9306569343065694,0.9306569343065694
1436,Testis,8,1436__pred8,unmatched,147.0,69,139,84,156,75.51020408163265,147.12925170068027,0.893927496707767,0.9130434782608695,20.738623401566958,9.295291397439499,0,0,0,0.0,0.0,0.0
1436,Testis,9,1436__pred9,normal_like,515.0,77,111,113,134,95.52233009708738,121.16504854368932,0.9073965499066188,0.9397810218978102,40.16170940984174,16.87898275713841,0,495,495,0.0,0.9611650485436893,0.9611650485436893
1436,Testis,10,1436__pred10,normal_like,334.0,81,129,101,151,91.21556886227545,138.82634730538922,0.5459149495875,0.9570200573065902,22.586130682594863,18.923577239766413,0,314,314,0.0,0.9401197604790419,0.9401197604790419
1436,Testis,11,1436__pred11,normal_like,475.0,84,91,115,113,98.40842105263158,101.96631578947368,0.8396061944734274,0.9654471544715447,33.46229512977543,18.176570813315266,0,427,427,0.0,0.8989473684210526,0.8989473684210526
1436,Testis,12,1436__pred12,normal_like,440.0,94,167,127,192,108.81590909090909,178.38863636363635,0.8990328753539963,0.944206008583691,35.94190293656161,15.738281278344978,0,411,411,0.0,0.9340909090909091,0.9340909090909091
1436,Testis,13,1436__pred13,normal_like,608.0,96,81,138,103,116.45559210526316,91.05098684210526,0.9260183234467478,0.9485179407176287,45.48559487863787,17.16983693874789,0,421,421,0.0,0.6924342105263158,0.6924342105263158
1436,Testis,14,1436__pred14,normal_like,322.0,105,30,134,45,117.8695652173913,36.99689440993789,0.864207292474427,0.9498525073746312,28.67126269681892,14.425542181247028,0,227,227,0.0,0.7049689440993789,0.7049689440993789
1436,Testis,15,1436__pred15,unmatched,101.0,116,45,133,55,124.70297029702971,50.17821782178218,0.8990603859786639,0.8559322033898306,18.061106170859887,7.907597451078498,0,0,0,0.0,0.0,0.0
1436,Testis,16,1436__pred16,normal_like,285.0,119,2,154,16,134.54736842105262,8.69122807017544,0.9596167318671688,0.8636363636363636,36.95383670539652,10.395510852634327,0,246,246,0.0,0.8631578947368421,0.8631578947368421
1436,Testis,17,1436__pred17,normal_like,566.0,120,13,163,31,141.74911660777386,21.300353356890458,0.9247647760274212,0.956081081081081,43.897137954210976,16.704583275284477,0,489,489,0.0,0.8639575971731449,0.8639575971731449
1436,Testis,18,1436__pred18,normal_like,504.0,122,67,158,91,140.5952380952381,78.16666666666667,0.8810107921226049,0.9197080291970803,37.43978016380587,17.71261652575312,0,316,316,0.0,0.626984126984127,0.626984126984127
1436,Testis,19,1436__pred19,normal_like,239.0,140,39,162,55,149.20083682008368,47.26359832635983,0.8164871970820481,0.9598393574297188,23.18125429591943,13.384011035503585,0,195,195,0.0,0.8158995815899581,0.8158995815899581
1436,Testis,20,1436__pred20,normal_like,245.0,142,217,160,235,150.465306122449,225.59591836734694,0.4795986240269733,0.9607843137254902,18.87316262569623,16.560973400112992,0,242,242,0.0,0.9877551020408163,0.9877551020408163
1436,Testis,21,1436__pred21,normal_like,471.0,145,30,183,47,164.22929936305732,38.40127388535032,0.903038928472125,0.9573170731707317,37.49288802032312,16.105396975586736,0,241,241,0.0,0.5116772823779193,0.5116772823779193
1436,Testis,22,1436__pred22,normal_like,152.0,149,1,164,16,156.44078947368422,7.559210526315789,0.601942375981363,0.926829268292683,15.745147348576818,12.573122514469036,0,128,128,0.0,0.8421052631578947,0.8421052631578947
1436,Testis,23,1436__pred23,normal_like,480.0,155,50,182,73,167.75416666666666,61.90625,0.6006087078027661,0.97165991902834,27.772553158727863,22.205353444635612,0,451,451,0.0,0.9395833333333333,0.9395833333333333
1436,Testis,24,1436__pred24,normal_like,258.0,168,163,190,179,178.7674418604651,170.0968992248062,0.7975324228166667,0.9381818181818182,23.50645901929712,14.18088456593101,0,239,239,0.0,0.9263565891472868,0.9263565891472868
1436,Testis,25,1436__pred25,normal_like,499.0,188,167,215,200,200.92384769539078,180.51102204408818,0.7326943839090007,0.9039855072463768,32.310211004618374,21.988966608966873,0,460,460,0.0,0.9218436873747495,0.9218436873747495
1436,Testis,26,1436__pred26,normal_like,200.0,197,199,209,226,202.295,211.335,0.9498715291101135,0.9049773755656109,29.125522853440962,9.105817838815364,0,180,180,0.0,0.9,0.9
1436,Testis,27,1436__pred27,normal_like,212.0,207,232,240,242,220.2688679245283,235.74056603773585,0.9662799905636922,0.8688524590163934,34.325113847887536,8.838498854418015,0,193,193,0.0,0.910377358490566,0.910377358490566
1436,Testis,28,1436__pred28,normal_like,284.0,211,68,231,87,220.1232394366197,77.2394366197183,0.6665613157267922,0.9659863945578231,22.03570808933355,16.42652317521156,0,267,267,0.0,0.9401408450704225,0.9401408450704225
1436,Testis,29,1436__pred29,normal_like,184.0,215,0,233,13,223.02717391304347,5.489130434782608,0.652879599993227,0.9583333333333334,17.788571277131716,13.474161451253087,0,180,180,0.0,0.9782608695652174,0.9782608695652174
1436,Testis,30,1436__pred30,normal_like,159.0,215,215,230,229,221.44654088050314,221.61635220125785,0.29999891112631144,0.9578313253012049,14.57649222925325,13.905092348124345,0,159,159,0.0,1.0,1.0
1436,Testis,31,1436__pred31,normal_like,294.0,223,148,243,170,232.39115646258503,158.55102040816325,0.7630967643701008,0.9545454545454546,24.197517369454882,15.638474297770196,0,281,281,0.0,0.95578231292517,0.95578231292517
1436,Testis,32,1436__pred32,normal_like,212.0,244,23,256,45,250.17924528301887,32.74528301886792,0.8653888018287149,0.9724770642201835,23.46754119843953,11.75960858379254,0,211,211,0.0,0.9952830188679245,0.9952830188679245
1487,Colon,1,1487__pred1,normal_like,39.0,0,7,4,21,1.7179487179487178,13.051282051282051,0.9716343246096566,0.7647058823529411,15.290969965565374,3.6161362426571304,0,39,39,0.0,1.0,1.0
1487,Colon,2,1487__pred2,unmatched,86.0,1,117,9,131,4.267441860465116,123.94186046511628,0.8044005717241819,0.9555555555555556,13.69330785688011,8.13502029493531,0,0,0,0.0,0.0,0.0
1487,Colon,3,1487__pred3,normal_like,248.0,1,146,20,164,9.608870967741936,154.1290322580645,0.4830517665513869,0.9612403100775194,19.026486295250248,16.65943528085036,0,248,248,0.0,1.0,1.0
1487,Colon,4,1487__pred4,normal_like,217.0,1,187,20,202,10.32258064516129,193.79723502304148,0.6166961860528083,0.9644444444444444,18.75695238984601,14.765496440226551,0,207,207,0.0,0.9539170506912442,0.9539170506912442
1487,Colon,5,1487__pred5,normal_like,81.0,6,0,22,7,13.814814814814815,2.308641975308642,0.8959180796576935,0.9642857142857143,15.66533887348556,6.958846010583331,0,43,43,0.0,0.5308641975308642,0.5308641975308642
1487,Colon,6,1487__pred6,normal_like,184.0,8,14,23,29,15.146739130434783,20.847826086956523,0.4675521054074811,0.9787234042553191,16.272786024052838,14.384581650805796,0,179,179,0.0,0.9728260869565217,0.9728260869565217
1487,Colon,7,1487__pred7,normal_like,256.0,9,166,27,186,17.61328125,175.0546875,0.43602796532356697,0.9588014981273408,19.20435645801026,17.28263634997724,0,182,182,0.0,0.7109375,0.7109375
1487,Colon,8,1487__pred8,normal_like,261.0,11,96,28,116,18.333333333333332,105.455938697318,0.5776644563278629,0.9666666666666667,20.225091738912862,16.509223135009996,0,261,261,0.0,1.0,1.0
1487,Colon,9,1487__pred9,normal_like,185.0,19,44,31,65,24.437837837837836,54.12972972972973,0.8545490257224448,0.9438775510204082,21.302558336709474,11.063925427114173,0,185,185,0.0,1.0,1.0
1487,Colon,10,1487__pred10,normal_like,198.0,22,214,40,228,30.96969696969697,220.27272727272728,0.6165476255503088,0.9565217391304348,17.905838665782483,14.097582176304865,0,170,170,0.0,0.8585858585858586,0.8585858585858586
1487,Colon,11,1487__pred11,normal_like,260.0,25,29,46,47,36.176923076923075,36.66538461538462,0.632092989770196,0.9558823529411765,20.879233605439893,16.179162412101615,0,257,257,0.0,0.9884615384615385,0.9884615384615385
1487,Colon,12,1487__pred12,normal_like,195.0,26,80,43,96,33.728205128205126,87.25128205128205,0.5147643899988574,0.9653465346534653,17.039213067051303,14.608257296397307,0,195,195,0.0,1.0,1.0
1487,Colon,13,1487__pred13,normal_like,239.0,28,149,45,167,36.26359832635983,157.581589958159,0.4665137338628755,0.9637096774193549,18.55115522140454,16.40875566974929,0,238,238,0.0,0.99581589958159,0.99581589958159
1487,Colon,14,1487__pred14,normal_like,256.0,30,126,49,144,38.9375,134.73046875,0.4121767006936417,0.9411764705882353,18.953826513118344,17.26890578453039,0,256,256,0.0,1.0,1.0
1487,Colon,15,1487__pred15,normal_like,131.0,30,172,45,184,36.83206106870229,177.08396946564886,0.7003657145518576,0.9562043795620438,15.35089409667961,10.95722546541432,0,125,125,0.0,0.9541984732824428,0.9541984732824428
1487,Colon,16,1487__pred16,normal_like,226.0,32,190,47,209,38.95132743362832,198.57522123893804,0.6185031385798306,0.9741379310344828,19.140108653967264,15.039959143226936,0,223,223,0.0,0.9867256637168141,0.9867256637168141
1487,Colon,17,1487__pred17,normal_like,155.0,36,243,52,256,43.05806451612903,249.29032258064515,0.6400093803747285,0.9451219512195121,16.13784007378081,12.399785300779017,0,155,155,0.0,1.0,1.0
1487,Colon,18,1487__pred18,normal_like,188.0,37,7,51,24,43.20744680851064,15.351063829787234,0.6362333415160261,0.9740932642487047,17.647974821363476,13.615354073673972,0,188,188,0.0,1.0,1.0
1487,Colon,19,1487__pred19,normal_like,218.0,40,100,57,116,47.39449541284404,106.88073394495413,0.5250539387380273,0.9775784753363229,18.177620878769467,15.470408754963419,0,216,216,0.0,0.9908256880733946,0.9908256880733946
1487,Colon,20,1487__pred20,normal_like,264.0,42,61,64,76,52.79545454545455,68.46212121212122,0.6993450311635947,0.9705882352941176,21.747297646544133,15.544625888602187,0,261,261,0.0,0.9886363636363636,0.9886363636363636
1487,Colon,21,1487__pred21,normal_like,251.0,46,209,63,229,54.02788844621514,218.74103585657372,0.6010152770364174,0.9543726235741445,20.04819820468281,16.023272506977065,0,251,251,0.0,1.0,1.0
1487,Colon,22,1487__pred22,normal_like,147.0,49,82,64,95,55.70068027210884,88.03401360544218,0.5795056467792935,0.9483870967741935,15.163710583037043,12.357942275862317,0,128,128,0.0,0.8707482993197279,0.8707482993197279
1487,Colon,23,1487__pred23,normal_like,247.0,49,176,68,193,57.797570850202426,183.84615384615384,0.6139359933197238,0.9536679536679536,20.06325455946379,15.83704657087042,0,243,243,0.0,0.9838056680161943,0.9838056680161943
1487,Colon,24,1487__pred24,normal_like,270.0,51,136,69,155,59.75185185185185,145.04074074074074,0.44385794967144127,0.9747292418772563,19.608954162453287,17.571528139411214,0,267,267,0.0,0.9888888888888889,0.9888888888888889
1487,Colon,25,1487__pred25,normal_like,160.0,53,1,69,14,60.13125,6.04375,0.6466339373446446,0.9580838323353293,16.51591381250348,12.598346754156148,0,160,160,0.0,1.0,1.0
1487,Colon,26,1487__pred26,normal_like,113.0,53,39,67,51,59.442477876106196,45.02654867256637,0.6598131094028488,0.9338842975206612,13.87968789534311,10.429610326543655,0,97,97,0.0,0.8584070796460177,0.8584070796460177
1487,Colon,27,1487__pred27,normal_like,231.0,55,195,73,211,63.917748917748916,202.37662337662337,0.44536164432202857,0.9545454545454546,18.203871905790766,16.298850772836914,0,230,230,0.0,0.9956709956709957,0.9956709956709957
1487,Colon,28,1487__pred28,normal_like,249.0,56,228,75,247,65.8995983935743,237.58634538152612,0.5252344925490996,0.9467680608365019,19.544013440673112,16.631125518287234,0,244,244,0.0,0.9799196787148594,0.9799196787148594
1487,Colon,29,1487__pred29,normal_like,149.0,61,95,73,111,66.45637583892618,102.53691275167785,0.6762182993814697,0.9551282051282052,16.061109977674107,11.832240667143136,0,149,149,0.0,1.0,1.0
1487,Colon,30,1487__pred30,normal_like,215.0,62,22,78,39,69.38139534883722,29.809302325581395,0.4860385240275373,0.9555555555555556,17.712798578949258,15.47987687375846,0,205,205,0.0,0.9534883720930233,0.9534883720930233
1487,Colon,31,1487__pred31,normal_like,187.0,64,161,79,177,71.38502673796792,168.36898395721926,0.2191118515053558,0.949238578680203,15.683832306512677,15.302711215335803,0,176,176,0.0,0.9411764705882353,0.9411764705882353
1487,Colon,32,1487__pred32,normal_like,161.0,64,244,81,256,72.07453416149069,250.1801242236025,0.7464463573600973,0.9526627218934911,17.693046038860036,11.77375949124683,0,118,118,0.0,0.7329192546583851,0.7329192546583851
1487,Colon,33,1487__pred33,normal_like,253.0,66,123,87,140,75.81818181818181,130.67193675889328,0.668497389542877,0.9656488549618321,20.91555850758426,15.555203893919263,0,246,246,0.0,0.9723320158102767,0.9723320158102767
1487,Colon,34,1487__pred34,normal_like,204.0,73,176,88,194,80.2156862745098,185.15686274509804,0.6722335796778154,0.9577464788732394,18.750329457697482,13.881602432597564,0,59,59,0.0,0.28921568627450983,0.28921568627450983
1487,Colon,35,1487__pred35,normal_like,238.0,74,1,91,19,81.78571428571429,8.949579831932773,0.6258992847938446,0.9714285714285714,19.781838975368473,15.427933265356659,0,235,235,0.0,0.9873949579831933,0.9873949579831933
1487,Colon,36,1487__pred36,normal_like,428.0,74,40,95,67,83.43691588785046,52.63084112149533,0.6401434575618382,0.9574944071588367,26.7333704689297,20.538056120505225,0,428,428,0.0,1.0,1.0
1487,Colon,37,1487__pred37,normal_like,230.0,76,98,92,119,83.61304347826086,108.56521739130434,0.7730061135147082,0.9504132231404959,21.621866150333215,13.716881015084644,0,225,225,0.0,0.9782608695652174,0.9782608695652174
1487,Colon,38,1487__pred38,normal_like,135.0,78,222,89,238,82.98518518518519,229.6888888888889,0.7123343592299354,0.9642857142857143,15.661253440032558,10.991698299007126,0,111,111,0.0,0.8222222222222222,0.8222222222222222
1487,Colon,39,1487__pred39,normal_like,97.0,79,198,90,210,83.70103092783505,203.70103092783506,0.6942004863358084,0.9509803921568627,13.130095657743611,9.450802474423737,0,97,97,0.0,1.0,1.0
1487,Colon,40,1487__pred40,normal_like,169.0,82,24,97,39,89.11242603550296,30.923076923076923,0.5940069088271861,0.949438202247191,16.36750608654602,13.167002935855916,0,169,169,0.0,1.0,1.0
1487,Colon,41,1487__pred41,normal_like,156.0,85,139,101,154,91.36538461538461,145.93589743589743,0.43341235651532983,0.9341317365269461,15.019079862274857,13.535130519164575,0,56,56,0.0,0.358974358974359,0.358974358974359
1487,Colon,42,1487__pred42,normal_like,209.0,87,158,102,176,93.76076555023923,166.73684210526315,0.5714119307396757,0.95,18.022786401755962,14.790641048542762,0,200,200,0.0,0.9569377990430622,0.9569377990430622
1487,Colon,43,1487__pred43,normal_like,169.0,90,14,107,27,98.10650887573965,19.899408284023668,0.697518714426676,0.9657142857142857,17.34139253406499,12.426262091930674,0,169,169,0.0,1.0,1.0
1487,Colon,44,1487__pred44,normal_like,321.0,90,112,113,136,101.24299065420561,123.75700934579439,0.7955080804877435,0.9304347826086956,26.72483068332038,16.193723519270755,0,292,292,0.0,0.9096573208722741,0.9096573208722741
1487,Colon,45,1487__pred45,normal_like,160.0,90,207,103,223,95.9,214.50625,0.528693322003877,0.9467455621301775,15.494247455325592,13.15171740850359,0,151,151,0.0,0.94375,0.94375
1487,Colon,46,1487__pred46,normal_like,220.0,91,181,107,199,98.51818181818182,189.37272727272727,0.6339886626208613,0.9606986899563319,19.04067737223396,14.724962004465203,0,208,208,0.0,0.9454545454545454,0.9454545454545454
1487,Colon,47,1487__pred47,normal_like,259.0,93,69,109,89,100.42084942084942,78.93822393822394,0.6064927685581801,0.9700374531835206,20.406402108490806,16.22490589436139,0,259,259,0.0,1.0,1.0
1487,Colon,48,1487__pred48,normal_like,95.0,94,148,106,160,99.58947368421053,153.76842105263157,0.4210587729572114,0.9405940594059405,11.590600610669542,10.513061375184998,0,80,80,0.0,0.8421052631578947,0.8421052631578947
1487,Colon,49,1487__pred49,normal_like,158.0,96,1,113,13,104.0,5.7974683544303796,0.7355473942725566,0.9575757575757575,17.399114498566547,11.787434984359734,0,158,158,0.0,1.0,1.0
1487,Colon,50,1487__pred50,normal_like,348.0,100,27,123,51,111.03735632183908,38.729885057471265,0.8633235771864026,0.9534246575342465,29.751565893490806,15.014150678492102,0,342,342,0.0,0.9827586206896551,0.9827586206896551
1487,Colon,51,1487__pred51,normal_like,202.0,105,158,121,176,112.07920792079207,166.35148514851485,0.5840540546428274,0.9395348837209302,17.92174241083612,14.547342946361901,0,199,199,0.0,0.9851485148514851,0.9851485148514851
1487,Colon,52,1487__pred52,normal_like,232.0,111,191,128,209,118.79310344827586,199.71120689655172,0.34109744500899153,0.9666666666666667,17.73186987315941,16.66845315663313,0,232,232,0.0,1.0,1.0
1487,Colon,53,1487__pred53,normal_like,219.0,113,54,131,72,121.6027397260274,62.662100456621005,0.781346821659439,0.9690265486725663,21.164814706826412,13.208898701496139,0,206,206,0.0,0.9406392694063926,0.9406392694063926
1487,Colon,54,1487__pred54,normal_like,119.0,116,227,129,240,122.08403361344538,232.57983193277312,0.3213366121095659,0.9153846153846154,12.80790689437856,12.128640028951374,0,119,119,0.0,1.0,1.0
1487,Colon,55,1487__pred55,normal_like,342.0,117,111,137,134,127.0701754385965,122.46783625730994,0.5861951340809666,0.9688385269121813,23.286922594118703,18.866363719402617,0,290,290,0.0,0.847953216374269,0.847953216374269
1487,Colon,56,1487__pred56,normal_like,501.0,118,73,144,100,131.09580838323353,86.32135728542914,0.41655548333865056,0.943502824858757,26.793244565854245,24.35801448343568,0,467,467,0.0,0.9321357285429142,0.9321357285429142
1487,Colon,57,1487__pred57,normal_like,216.0,119,138,135,157,126.66666666666667,146.5787037037037,0.491612171941996,0.9515418502202643,17.851685820781118,15.54550254681205,0,216,216,0.0,1.0,1.0
1487,Colon,58,1487__pred58,normal_like,186.0,119,168,133,185,125.93548387096774,176.70967741935485,0.5570806576993068,0.9538461538461539,16.965406416207028,14.089064131765033,0,176,176,0.0,0.946236559139785,0.946236559139785
1487,Colon,59,1487__pred59,normal_like,169.0,128,193,141,210,134.2130177514793,201.1656804733728,0.7015070049113957,0.9548022598870056,17.39569419572542,12.397259929632423,0,152,152,0.0,0.8994082840236687,0.8994082840236687
1487,Colon,60,1487__pred60,normal_like,241.0,129,10,148,26,137.86721991701245,17.13278008298755,0.6670692096225963,0.9717741935483871,20.30981614701079,15.130726740821517,0,237,237,0.0,0.983402489626556,0.983402489626556
1487,Colon,61,1487__pred61,normal_like,201.0,131,28,147,45,138.6318407960199,36.08955223880597,0.6606097709724166,0.9571428571428572,18.539096209453948,13.917845789730427,0,185,185,0.0,0.9203980099502488,0.9203980099502488
1487,Colon,62,1487__pred62,normal_like,256.0,136,52,155,69,144.88671875,59.60546875,0.5762554819716209,0.9770992366412213,19.988865606906934,16.336292448648287,0,254,254,0.0,0.9921875,0.9921875
1487,Colon,63,1487__pred63,normal_like,236.0,138,145,154,164,145.30084745762713,154.47033898305085,0.6489209100186378,0.9516129032258065,19.95154083004204,15.180246924970819,0,235,235,0.0,0.9957627118644068,0.9957627118644068
1487,Colon,64,1487__pred64,normal_like,152.0,138,218,152,232,144.45394736842104,224.20394736842104,0.5511254891012288,0.9620253164556962,15.284006003266912,12.753316546286076,0,149,149,0.0,0.9802631578947368,0.9802631578947368
1487,Colon,65,1487__pred65,normal_like,180.0,140,98,154,117,146.65,106.64444444444445,0.752187792238364,0.8910891089108911,19.47598547838153,12.833677321659952,0,120,120,0.0,0.6666666666666666,0.6666666666666666
1487,Colon,66,1487__pred66,normal_like,187.0,141,1,162,19,152.83957219251337,8.304812834224599,0.859835363945024,0.85,22.885225595917834,11.684541501756325,0,187,187,0.0,1.0,1.0
1487,Colon,67,1487__pred67,normal_like,156.0,147,226,158,245,151.82051282051282,235.14102564102564,0.8095972215287663,0.9512195121951219,18.440497054220362,10.824310064855908,0,138,138,0.0,0.8846153846153846,0.8846153846153846
1487,Colon,68,1487__pred68,normal_like,198.0,151,172,167,188,158.83333333333334,179.44444444444446,0.11103253094549434,0.9473684210526315,15.930539032793362,15.83203688390872,0,186,186,0.0,0.9393939393939394,0.9393939393939394
1487,Colon,69,1487__pred69,normal_like,133.0,151,197,163,212,156.33082706766916,204.35338345864662,0.7557132008511035,0.9300699300699301,16.17047527947667,10.590088063925082,0,133,133,0.0,1.0,1.0
1487,Colon,70,1487__pred70,normal_like,336.0,155,208,172,238,162.85416666666666,221.19345238095238,0.879785525230756,0.9155313351498637,30.462092528586304,14.480790323541015,0,336,336,0.0,1.0,1.0
1487,Colon,71,1487__pred71,normal_like,188.0,158,100,173,118,164.66489361702128,108.25531914893617,0.6651917032666146,0.9261083743842364,18.03662517301342,13.467454130985942,0,188,188,0.0,1.0,1.0
1487,Colon,72,1487__pred72,normal_like,174.0,158,148,171,165,163.94252873563218,156.0977011494253,0.5951245744174952,0.9560439560439561,16.614618789106558,13.352063613974373,0,174,174,0.0,1.0,1.0
1487,Colon,73,1487__pred73,normal_like,147.0,162,59,175,74,168.56462585034015,65.83673469387755,0.5027224715870156,0.9483870967741935,14.75354134822851,12.753667364537806,0,145,145,0.0,0.9863945578231292,0.9863945578231292
1487,Colon,74,1487__pred74,normal_like,286.0,167,230,184,253,176.02447552447552,241.51048951048952,0.741365280982779,0.9629629629629629,23.45970346729442,15.74384737496899,0,285,285,0.0,0.9965034965034965,0.9965034965034965
1487,Colon,75,1487__pred75,normal_like,155.0,171,47,184,63,177.2258064516129,54.645161290322584,0.7112698823640266,0.9627329192546584,16.770005121800708,11.787955634370151,0,154,154,0.0,0.9935483870967742,0.9935483870967742
1487,Colon,76,1487__pred76,normal_like,307.0,171,180,191,203,179.50162866449512,191.30618892508144,0.5816909386593138,0.9246987951807228,22.471672732844855,18.278680883474852,0,283,283,0.0,0.9218241042345277,0.9218241042345277
1487,Colon,77,1487__pred77,normal_like,104.0,173,162,185,175,178.52884615384616,168.55769230769232,0.4228268977332608,0.9369369369369369,12.295223938656829,11.142060654814179,0,104,104,0.0,1.0,1.0
1487,Colon,78,1487__pred78,normal_like,193.0,175,90,190,106,182.45077720207254,97.74093264248705,0.3432381978354453,0.965,16.214160173098136,15.229123850119619,0,187,187,0.0,0.9689119170984456,0.9689119170984456
1487,Colon,79,1487__pred79,normal_like,223.0,177,12,194,29,184.304932735426,19.59641255605381,0.3545764299190823,0.9612068965517241,17.586040802203357,16.443423580820365,0,221,221,0.0,0.9910313901345291,0.9910313901345291
1487,Colon,80,1487__pred80,normal_like,211.0,180,204,195,223,187.01421800947867,212.43127962085308,0.582174515832169,0.9419642857142857,18.21600446056324,14.810774818455348,0,195,195,0.0,0.9241706161137441,0.9241706161137441
1487,Colon,81,1487__pred81,normal_like,121.0,183,139,196,152,188.71074380165288,145.0082644628099,0.5249176975868565,0.9307692307692308,13.588042065175175,11.565502619042052,0,118,118,0.0,0.9752066115702479,0.9752066115702479
1487,Colon,82,1487__pred82,normal_like,203.0,186,32,201,50,193.23152709359607,40.48275862068966,0.6183594754326427,0.9530516431924883,18.157836031466925,14.27015957312365,0,199,199,0.0,0.9802955665024631,0.9802955665024631
1487,Colon,83,1487__pred83,normal_like,177.0,188,116,203,131,194.35593220338984,123.27118644067797,0.516018855058763,0.946524064171123,16.251633233223597,13.920778885582166,0,171,171,0.0,0.9661016949152542,0.9661016949152542
1487,Colon,84,1487__pred84,normal_like,285.0,188,155,208,174,197.57543859649124,163.62105263157895,0.45810116410262736,0.9595959595959596,20.247729785286108,17.9982082982213,0,265,265,0.0,0.9298245614035088,0.9298245614035088
1487,Colon,85,1487__pred85,normal_like,155.0,189,54,202,69,194.8258064516129,60.78064516129032,0.5373182894608352,0.9627329192546584,15.304076612225263,12.9071451597606,0,155,155,0.0,1.0,1.0
1487,Colon,86,1487__pred86,normal_like,165.0,189,188,203,204,196.0060606060606,195.04242424242423,0.6424015018082622,0.9593023255813954,16.61653212380794,12.734382816800808,0,163,163,0.0,0.9878787878787879,0.9878787878787879
1487,Colon,87,1487__pred87,normal_like,198.0,196,90,210,108,202.16161616161617,98.73232323232324,0.6847069107121142,0.9473684210526315,18.637252313396086,13.583174792756035,0,198,198,0.0,1.0,1.0
1487,Colon,88,1487__pred88,normal_like,348.0,197,70,224,88,210.01724137931035,78.16666666666667,0.7673758229670242,0.9405405405405406,26.361104009190516,16.90267629678788,0,224,224,0.0,0.6436781609195402,0.6436781609195402
1487,Colon,89,1487__pred89,normal_like,189.0,199,207,211,227,204.94179894179894,216.3015873015873,0.8089840568256895,0.949748743718593,20.288077658020597,11.925952543405911,0,187,187,0.0,0.9894179894179894,0.9894179894179894
1487,Colon,90,1487__pred90,normal_like,206.0,203,138,220,154,210.873786407767,145.1893203883495,0.405316419248577,0.958139534883721,16.972420527783843,15.515787318221395,0,206,206,0.0,1.0,1.0
1487,Colon,91,1487__pred91,normal_like,142.0,204,114,215,130,208.88732394366198,121.61971830985915,0.7844443324965846,0.9659863945578231,17.076929665460195,10.591098688776482,0,140,140,0.0,0.9859154929577465,0.9859154929577465
1487,Colon,92,1487__pred92,normal_like,219.0,204,174,223,189,213.64840182648402,181.662100456621,0.6460059470063423,0.9647577092511013,19.26374850157037,14.704642916674652,0,215,215,0.0,0.9817351598173516,0.9817351598173516
1487,Colon,93,1487__pred93,normal_like,201.0,206,36,224,51,214.32835820895522,42.756218905472636,0.6175041286821771,0.9571428571428572,18.085739974230066,14.225657794988877,0,201,201,0.0,1.0,1.0
1487,Colon,94,1487__pred94,normal_like,173.0,209,241,226,255,216.34682080924856,248.4335260115607,0.5865320660424217,0.9402173913043478,16.906191527267417,13.69276418357465,0,164,164,0.0,0.9479768786127167,0.9479768786127167
1487,Colon,95,1487__pred95,normal_like,257.0,214,94,231,115,221.52918287937743,103.88715953307393,0.6091806515485523,0.9413919413919414,20.39744228117791,16.175813911290906,0,257,257,0.0,1.0,1.0
1487,Colon,96,1487__pred96,normal_like,196.0,214,224,231,239,222.07142857142858,230.66326530612244,0.6251170800136969,0.9751243781094527,17.88939347624658,13.963226114249741,0,187,187,0.0,0.9540816326530612,0.9540816326530612
1487,Colon,97,1487__pred97,normal_like,175.0,215,151,230,167,222.10285714285715,158.55428571428573,0.3330169576406627,0.9668508287292817,15.401848264850958,14.522723666019699,0,169,169,0.0,0.9657142857142857,0.9657142857142857
1487,Colon,98,1487__pred98,normal_like,147.0,216,203,228,219,221.66666666666666,210.7891156462585,0.7082399057464261,0.9363057324840764,16.321162768210915,11.522281276143413,0,146,146,0.0,0.9931972789115646,0.9931972789115646
1487,Colon,99,1487__pred99,normal_like,154.0,220,0,236,12,227.46103896103895,5.266233766233766,0.7074388865873111,0.9625,16.64834433988564,11.76662557517573,0,141,141,0.0,0.9155844155844156,0.9155844155844156
1487,Colon,100,1487__pred100,normal_like,110.0,227,43,238,57,231.79090909090908,49.736363636363635,0.7860049301092471,0.9401709401709402,15.09601941030028,9.33266455605811,0,109,109,0.0,0.990909090909091,0.990909090909091
1487,Colon,101,1487__pred101,normal_like,288.0,231,192,250,211,239.80555555555554,200.52083333333334,0.5638846435206433,0.9632107023411371,21.224496275724842,17.528325888658795,0,257,257,0.0,0.8923611111111112,0.8923611111111112
1487,Colon,102,1487__pred102,normal_like,92.0,233,148,242,163,236.7391304347826,155.04347826086956,0.8269603750977061,0.92,14.64706045048927,8.23545921012781,0,89,89,0.0,0.967391304347826,0.967391304347826
1487,Colon,103,1487__pred103,normal_like,182.0,234,219,249,235,240.5164835164835,226.4065934065934,0.5963429266460019,0.9479166666666666,17.077947025701487,13.708976809210727,0,164,164,0.0,0.9010989010989011,0.9010989010989011
1487,Colon,104,1487__pred104,normal_like,279.0,236,90,255,108,245.61648745519713,98.45878136200717,0.4620028020160202,0.9587628865979382,20.102480357586582,17.8284569137131,0,279,279,0.0,1.0,1.0
1487,Colon,105,1487__pred105,normal_like,236.0,239,8,255,29,247.2415254237288,18.122881355932204,0.7064219639901533,0.9554655870445344,20.711136632436173,14.659154778431562,0,236,236,0.0,1.0,1.0
1487,Colon,106,1487__pred106,normal_like,192.0,240,53,255,70,247.54166666666666,60.78125,0.6692211274555785,0.9696969696969697,18.168846384757547,13.50060313230381,0,192,192,0.0,1.0,1.0
1487,Colon,107,1487__pred107,normal_like,232.0,240,168,256,187,248.27586206896552,176.00862068965517,0.6323583414165382,0.9469387755102041,19.856841926435468,15.382619171808559,0,228,228,0.0,0.9827586206896551,0.9827586206896551
1487,Colon,108,1487__pred108,normal_like,121.0,246,114,256,129,250.64462809917356,121.13223140495867,0.7445961843227507,0.9307692307692308,15.355176156838391,10.249813254033501,0,116,116,0.0,0.9586776859504132,0.9586776859504132
1639,Bile-duct,1,1639__pred1,neoplastic_like,1070.0,5,133,40,174,21.061682242990653,152.57570093457943,0.6762092377871892,0.9648331830477908,43.31962481098624,31.91398440744942,1070,0,1070,1.0,0.0,1.0
1639,Bile-duct,2,1639__pred2,neoplastic_like,946.0,26,25,62,59,43.372093023255815,41.184989429175474,0.3003135338685146,0.9702564102564103,35.558976655706566,33.91759360003026,945,0,945,0.9989429175475687,0.0,0.9989429175475687
1639,Bile-duct,3,1639__pred3,neoplastic_like,625.0,95,100,122,130,108.3072,114.4992,0.4546384137349086,0.9765625,29.948428050306955,26.674349057391957,625,0,625,1.0,0.0,1.0
1639,Bile-duct,4,1639__pred4,neoplastic_like,1225.0,111,62,155,99,132.49714285714285,79.82367346938776,0.6082524834472665,0.9745425616547335,44.35433753890139,35.20597194041153,1200,0,1200,0.9795918367346939,0.0,0.9795918367346939
1639,Bile-duct,5,1639__pred5,neoplastic_like,1420.0,116,199,159,241,137.29014084507043,219.7112676056338,0.5915571633082863,0.977961432506887,47.47702397458048,38.27897064763682,1323,0,1323,0.9316901408450704,0.0,0.9316901408450704
1639,Bile-duct,6,1639__pred6,neoplastic_like,879.0,161,0,203,26,180.93287827076222,10.689419795221843,0.7824671110484002,0.9788418708240535,43.20007709731066,26.900338705388176,791,0,791,0.8998862343572241,0.0,0.8998862343572241
1639,Bile-duct,7,1639__pred7,neoplastic_like,1072.0,167,64,198,113,180.76865671641792,85.91044776119404,0.7801454303513262,0.9666366095581606,47.534528248098084,29.737515296893047,981,0,981,0.9151119402985075,0.0,0.9151119402985075
1639,Bile-duct,8,1639__pred8,neoplastic_like,190.0,178,137,192,154,184.2,144.72105263157894,0.579083687508649,0.9547738693467337,17.238913132836306,14.054336040281306,190,0,190,1.0,0.0,1.0
1639,Bile-duct,9,1639__pred9,neoplastic_like,384.0,183,166,206,187,193.49479166666666,176.26302083333334,0.4877604044648745,0.9696969696969697,23.727156264830676,20.71327454113064,384,0,384,1.0,0.0,1.0
1639,Bile-duct,10,1639__pred10,neoplastic_like,633.0,183,191,213,218,197.79936808846762,204.85150078988943,0.4782083442679209,0.9723502304147466,30.355499655218814,26.659608989886507,633,0,633,1.0,0.0,1.0
1639,Bile-duct,11,1639__pred11,neoplastic_like,1670.0,202,55,253,95,228.1491017964072,74.5185628742515,0.6280920919428439,0.9788980070339977,52.399575638192644,40.77415408509394,1521,0,1521,0.9107784431137724,0.0,0.9107784431137724
1639,Bile-duct,12,1639__pred12,neoplastic_like,333.0,234,135,256,156,245.15915915915915,145.84084084084085,0.6772480480461223,0.9514285714285714,24.243990125981348,17.837631376386998,333,0,333,1.0,0.0,1.0
1662,Bladder,1,1662__pred1,neoplastic_like,741.0,1,168,28,201,13.481781376518219,183.8029689608637,0.6220167523988686,0.9788639365918098,34.75953362834717,27.216851554484858,741,0,741,1.0,0.0,1.0
1662,Bladder,2,1662__pred2,neoplastic_like,237.0,5,224,20,246,11.873417721518987,233.59915611814347,0.7535698062255665,0.948,21.786628109788236,14.321829822699758,237,0,237,1.0,0.0,1.0
1662,Bladder,3,1662__pred3,neoplastic_like,1171.0,14,92,49,134,31.94192997438087,111.9265584970111,0.5835711181249327,0.9701739850869926,43.170613630626285,35.05721639435347,1171,0,1171,1.0,0.0,1.0
1662,Bladder,4,1662__pred4,neoplastic_like,492.0,20,232,47,255,33.09756097560975,244.64227642276424,0.47522096566131056,0.9781312127236581,27.290811125134617,24.012270094221204,492,0,492,1.0,0.0,1.0
1662,Bladder,5,1662__pred5,neoplastic_like,1012.0,44,9,85,43,64.01086956521739,25.23715415019763,0.7156867084389454,0.9749518304431599,42.97648420213484,30.015698829055147,1012,0,1012,1.0,0.0,1.0
1662,Bladder,6,1662__pred6,neoplastic_like,955.0,57,95,89,133,72.45445026178011,113.0303664921466,0.5288342347095959,0.9734964322120285,37.86436615566752,32.13643921957043,955,0,955,1.0,0.0,1.0
1662,Bladder,7,1662__pred7,neoplastic_like,255.0,69,217,84,240,75.50196078431372,227.04313725490195,0.7994298803584626,0.9622641509433962,23.34669556851612,14.025747010237891,255,0,255,1.0,0.0,1.0
1662,Bladder,8,1662__pred8,neoplastic_like,978.0,72,135,114,167,91.9877300613497,150.78629856850716,0.7633037723455015,0.971201588877855,44.01754257209575,28.437081944854107,978,0,978,1.0,0.0,1.0
1662,Bladder,9,1662__pred9,neoplastic_like,311.0,91,243,125,255,107.02250803858522,249.43729903536976,0.9286622239512329,0.9688473520249221,33.463774106315164,12.412600849798176,311,0,311,1.0,0.0,1.0
1662,Bladder,10,1662__pred10,neoplastic_like,1071.0,94,99,129,144,110.56209150326798,121.29971988795518,0.8413205444316063,0.9736363636363636,50.255339692998035,27.164846989865758,1021,0,1021,0.9533146591970122,0.0,0.9533146591970122
1662,Bladder,11,1662__pred11,neoplastic_like,295.0,95,1,124,18,106.34237288135593,7.555932203389831,0.8362096895492314,0.8858858858858859,28.129895338170474,15.426711465615448,295,0,295,1.0,0.0,1.0
1662,Bladder,12,1662__pred12,neoplastic_like,427.0,110,207,137,229,122.78454332552693,217.85714285714286,0.7936796496093408,0.9660633484162896,29.923795226576683,18.203720045885603,427,0,427,1.0,0.0,1.0
1662,Bladder,13,1662__pred13,neoplastic_like,1021.0,111,66,152,98,130.4711067580803,80.87463271302644,0.6313981469093035,0.9742366412213741,40.97575406794519,31.77500986019159,1021,0,1021,1.0,0.0,1.0
1662,Bladder,14,1662__pred14,neoplastic_like,1236.0,132,179,177,215,153.834142394822,196.17880258899677,0.6231565498553379,0.9770750988142293,44.902618695960165,35.11820902839404,1224,0,1224,0.9902912621359223,0.0,0.9902912621359223
1662,Bladder,15,1662__pred15,neoplastic_like,887.0,133,99,171,130,152.29763246899662,113.35963923337091,0.6482114137105424,0.9715224534501643,38.634142184224245,29.418369928678,887,0,887,1.0,0.0,1.0
1662,Bladder,16,1662__pred16,neoplastic_like,314.0,164,2,197,14,179.93630573248407,6.859872611464968,0.9224340946752191,0.9573170731707317,32.59581487645966,12.587022415217298,312,0,312,0.9936305732484076,0.0,0.9936305732484076
1662,Bladder,17,1662__pred17,neoplastic_like,701.0,167,207,197,247,184.86305278174038,223.49928673323822,0.6912080701225494,0.8773466833541927,38.37336476783253,27.73073457579692,688,0,688,0.9814550641940085,0.0,0.9814550641940085
1662,Bladder,18,1662__pred18,neoplastic_like,1017.0,176,22,210,63,191.94296951819075,42.53294001966568,0.7151232113032804,0.9713467048710601,43.154222444723935,30.164733351270844,1013,0,1013,0.9960668633235005,0.0,0.9960668633235005
1662,Bladder,19,1662__pred19,neoplastic_like,422.0,180,143,204,165,191.46208530805688,153.53317535545023,0.3890862014001521,0.9723502304147466,24.14985904697868,22.246882764751586,405,0,405,0.9597156398104265,0.0,0.9597156398104265
1662,Bladder,20,1662__pred20,neoplastic_like,2462.0,204,190,252,256,227.6685621445979,223.32696994313565,0.7851265410467282,0.975049504950495,71.61147817090456,44.35152213924225,2416,0,2416,0.9813160032493907,0.0,0.9813160032493907
1662,Bladder,21,1662__pred21,neoplastic_like,1018.0,205,8,236,50,220.71119842829077,27.967583497053045,0.7011543387309325,0.9769673704414588,42.69345296157531,30.44083893224076,1018,0,1018,1.0,0.0,1.0
1662,Bladder,22,1662__pred22,neoplastic_like,1409.0,207,77,247,124,226.5819730305181,99.96593328601845,0.7162070125431218,0.9798331015299027,50.70989890117897,35.38982464327754,1409,0,1409,1.0,0.0,1.0
1662,Bladder,23,1662__pred23,neoplastic_like,528.0,224,156,252,181,238.13636363636363,168.1969696969697,0.48473994068915677,0.9705882352941176,27.753933248349906,24.275208837112796,528,0,528,1.0,0.0,1.0
1663,Bladder,1,1663__pred1,normal_like,476.0,41,48,63,78,51.41386554621849,62.088235294117645,0.771423426605033,0.9577464788732394,31.050840782058344,19.758338212348452,0,448,448,0.0,0.9411764705882353,0.9411764705882353
1663,Bladder,2,1663__pred2,normal_like,75.0,47,112,57,131,51.68,120.8,0.9733561084109789,0.8522727272727273,20.513954242828103,4.70382269965839,0,75,75,0.0,1.0,1.0
1663,Bladder,3,1663__pred3,normal_like,138.0,67,220,80,235,72.77536231884058,226.7463768115942,0.7061011231852304,0.9583333333333334,15.778925638429557,11.173230985621524,0,138,138,0.0,1.0,1.0
1663,Bladder,4,1663__pred4,normal_like,229.0,80,1,106,36,91.44978165938865,13.43231441048035,0.9809322446466239,0.7582781456953642,43.925918027829844,8.537003175889849,0,223,223,0.0,0.9737991266375546,0.9737991266375546
1663,Bladder,5,1663__pred5,normal_like,281.0,84,65,101,89,92.18861209964413,77.51601423487544,0.801866707442256,0.9525423728813559,24.7197157757657,14.770103269571178,0,277,277,0.0,0.9857651245551602,0.9857651245551602
1663,Bladder,6,1663__pred6,normal_like,609.0,89,10,114,48,100.77339901477832,28.53366174055829,0.8885408142877643,0.9590551181102362,41.18725832314902,18.896614532169778,0,527,527,0.0,0.8653530377668309,0.8653530377668309
1663,Bladder,7,1663__pred7,normal_like,145.0,101,224,114,238,106.75862068965517,230.35172413793103,0.5387248643366715,0.9602649006622517,14.82532220500512,12.49006358442543,0,139,139,0.0,0.9586206896551724,0.9586206896551724
1663,Bladder,8,1663__pred8,normal_like,161.0,113,113,127,128,119.93788819875776,120.14906832298136,0.540791093276091,0.9877300613496932,15.637910666576806,13.153937044535157,0,150,150,0.0,0.9316770186335404,0.9316770186335404
1663,Bladder,9,1663__pred9,normal_like,105.0,164,142,177,155,169.93333333333334,148.0857142857143,0.8517659455797552,0.9545454545454546,16.16212158414718,8.467698959722554,0,105,105,0.0,1.0,1.0
1675,Bladder,1,1675__pred1,normal_like,317.0,31,206,57,222,44.041009463722396,213.1577287066246,0.7841182166262652,0.9635258358662614,25.590915534808218,15.882016237733485,0,298,298,0.0,0.9400630914826499,0.9400630914826499
1675,Bladder,2,1675__pred2,normal_like,222.0,53,218,76,231,64.95495495495496,224.5855855855856,0.8285351319350855,0.9527896995708155,22.637247316754912,12.675434193929762,0,207,207,0.0,0.9324324324324325,0.9324324324324325
1675,Bladder,3,1675__pred3,normal_like,104.0,128,151,141,162,133.95192307692307,156.39423076923077,0.7913438803020464,0.9629629629629629,14.760867724506928,9.024370849356217,0,104,104,0.0,1.0,1.0
1690,Breast,1,1690__pred1,normal_like,94.0,0,84,10,98,4.074468085106383,89.69148936170212,0.7423761746048618,0.912621359223301,13.669461529488787,9.158310874362314,0,94,94,0.0,1.0,1.0
1690,Breast,2,1690__pred2,normal_like,964.0,0,228,60,256,23.935684647302903,244.0435684647303,0.9425004259026594,0.9314009661835749,63.08413764218196,21.08303093142303,0,720,720,0.0,0.7468879668049793,0.7468879668049793
1690,Breast,3,1690__pred3,normal_like,367.0,3,31,24,54,12.956403269754768,42.38964577656676,0.7262401824425827,0.9657894736842105,26.14828934286587,17.97540748499945,0,367,367,0.0,1.0,1.0
1690,Breast,4,1690__pred4,normal_like,564.0,9,194,52,214,32.55673758865248,202.0,0.9257137241273183,0.9261083743842364,45.04700741213942,17.037901421017335,0,564,564,0.0,1.0,1.0
1690,Breast,5,1690__pred5,normal_like,511.0,14,66,46,93,28.651663405088062,78.1174168297456,0.8533825703742369,0.9290909090909091,35.94333988677664,18.736728668339115,0,511,511,0.0,1.0,1.0
1690,Breast,6,1690__pred6,normal_like,654.0,14,134,43,162,28.174311926605505,147.8730886850153,0.45745770616792175,0.9505813953488372,31.158920833614943,27.70749017027435,0,654,654,0.0,1.0,1.0
1690,Breast,7,1690__pred7,normal_like,181.0,27,166,44,181,35.0,172.7403314917127,0.6852820862656388,0.9526315789473684,17.857501522605073,13.005220797768477,0,179,179,0.0,0.988950276243094,0.988950276243094
1690,Breast,8,1690__pred8,normal_like,389.0,28,104,65,122,45.25192802056555,113.18766066838046,0.9416549168517098,0.9464720194647201,38.62689239966448,13.001034920441693,0,378,378,0.0,0.9717223650385605,0.9717223650385605
1690,Breast,9,1690__pred9,normal_like,467.0,35,125,65,148,48.897216274089935,136.63169164882228,0.8185779503165062,0.9688796680497925,32.369306303015414,18.592782436915986,0,463,463,0.0,0.9914346895074947,0.9914346895074947
1690,Breast,10,1690__pred10,normal_like,302.0,47,5,72,23,58.43046357615894,13.433774834437086,0.6956827065763701,0.9467084639498433,23.347517561234678,16.77167053983423,0,301,301,0.0,0.9966887417218543,0.9966887417218543
1690,Breast,11,1690__pred11,normal_like,666.0,60,223,91,255,76.01201201201201,239.55705705705705,0.7581198070637087,0.9340813464235624,36.95365139865532,24.098041287829194,0,597,597,0.0,0.8963963963963963,0.8963963963963963
1690,Breast,12,1690__pred12,unmatched,436.0,71,206,121,221,95.0137614678899,213.0183486238532,0.9776322965737569,0.8772635814889336,52.5720958280967,11.057036970217249,0,0,0,0.0,0.0,0.0
1690,Breast,13,1690__pred13,normal_like,701.0,80,33,112,63,94.7660485021398,47.838801711840226,0.5884716055158362,0.9682320441988951,33.299637449345276,26.923352424034327,0,701,701,0.0,1.0,1.0
1690,Breast,14,1690__pred14,normal_like,1013.0,91,117,150,161,123.18460019743337,137.6939782823297,0.9654150792436529,0.9077060931899642,73.01433095534048,19.036129228456137,0,804,804,0.0,0.7936821322803553,0.7936821322803553
1690,Breast,15,1690__pred15,normal_like,204.0,93,242,110,256,100.84803921568627,248.5,0.6063445737523071,0.9577464788732394,18.236112479454,14.501393541025775,0,202,202,0.0,0.9901960784313726,0.9901960784313726
1690,Breast,16,1690__pred16,normal_like,617.0,117,17,147,45,131.62884927066452,30.86709886547812,0.7270022829409396,0.973186119873817,33.84405423368394,23.238513592711705,0,617,617,0.0,1.0,1.0
1690,Breast,17,1690__pred17,normal_like,572.0,117,89,145,123,130.51223776223776,104.98601398601399,0.8553685013262929,0.9315960912052117,38.44401109542374,19.914766870285035,0,570,570,0.0,0.9965034965034965,0.9965034965034965
1690,Breast,18,1690__pred18,normal_like,565.0,149,204,194,237,173.51150442477876,220.3716814159292,0.786487944163737,0.6341189674523008,45.99430529682657,28.40634187979944,0,555,555,0.0,0.9823008849557522,0.9823008849557522
1690,Breast,19,1690__pred19,normal_like,438.0,157,111,184,134,169.41780821917808,121.0,0.48359713623882505,0.9563318777292577,25.713367510801415,22.50667145251522,0,436,436,0.0,0.9954337899543378,0.9954337899543378
1690,Breast,20,1690__pred20,normal_like,1071.0,164,134,195,188,178.11577964519142,158.26797385620915,0.893408985207519,0.9411247803163445,55.96474012364502,25.141837017654765,0,849,849,0.0,0.7927170868347339,0.7927170868347339
1690,Breast,21,1690__pred21,normal_like,642.0,187,36,212,71,199.15420560747663,53.12149532710281,0.7883654991314073,0.963963963963964,36.51324916177433,22.463212024331717,0,606,606,0.0,0.9439252336448598,0.9439252336448598
1690,Breast,22,1690__pred22,normal_like,117.0,204,0,220,10,211.26495726495727,3.888888888888889,0.7552620013040143,0.9140625,15.403474951453695,10.095791768479744,0,117,117,0.0,1.0,1.0
1690,Breast,23,1690__pred23,normal_like,263.0,209,164,222,191,214.8745247148289,177.69961977186313,0.9004732724704626,0.9392857142857143,27.995962178422882,12.175761808803307,0,249,249,0.0,0.9467680608365019,0.9467680608365019
1690,Breast,24,1690__pred24,normal_like,424.0,211,70,236,94,222.93632075471697,81.94339622641509,0.6818753889307488,0.9636363636363636,27.25335199557837,19.934964545067007,0,423,423,0.0,0.9976415094339622,0.9976415094339622
1690,Breast,25,1690__pred25,normal_like,384.0,217,108,255,122,236.04427083333334,114.38020833333333,0.9423656740831399,0.9056603773584906,38.829672259093336,12.991815104775595,0,384,384,0.0,1.0,1.0
1690,Breast,26,1690__pred26,normal_like,337.0,234,59,256,80,244.79525222551928,69.7893175074184,0.5509513147579727,0.9519774011299436,22.95062539178374,19.153154923377283,0,337,337,0.0,1.0,1.0
1690,Breast,27,1690__pred27,normal_like,552.0,236,13,256,55,246.95108695652175,35.22826086956522,0.9173869487466754,0.9261744966442953,43.066265256256635,17.140221339060087,0,552,552,0.0,1.0,1.0
1690,Breast,28,1690__pred28,normal_like,245.0,237,212,256,229,246.24489795918367,219.54285714285714,0.5087114710650382,0.9496124031007752,19.26173604050783,16.58314259773326,0,245,245,0.0,1.0,1.0
1765,Cervix,1,1765__pred1,normal_like,546.0,75,105,102,135,87.67765567765568,119.32417582417582,0.7885997590318876,0.9680851063829787,33.72259351848796,20.736253367043936,0,506,506,0.0,0.9267399267399268,0.9267399267399268
1765,Cervix,2,1765__pred2,normal_like,284.0,81,38,96,63,87.72887323943662,51.11267605633803,0.8169013725097187,0.9498327759197325,25.259224116503166,14.568949139859164,0,284,284,0.0,1.0,1.0
1765,Cervix,3,1765__pred3,normal_like,406.0,95,8,118,37,105.35960591133005,21.995073891625616,0.8853012000267713,0.9376443418013857,33.547581115542236,15.60023069504545,0,406,406,0.0,1.0,1.0
1765,Cervix,4,1765__pred4,normal_like,510.0,106,50,132,87,119.01176470588236,66.57254901960785,0.9314659436873383,0.9568480300187617,42.54995670743809,15.480887996275806,0,510,510,0.0,1.0,1.0
1765,Cervix,5,1765__pred5,normal_like,224.0,129,45,148,74,138.20089285714286,59.79017857142857,0.9654198057496229,0.9451476793248945,33.16064471812023,8.64498698910932,0,222,222,0.0,0.9910714285714286,0.9910714285714286
1765,Cervix,6,1765__pred6,unmatched,23.0,140,1,148,5,143.7826086956522,2.130434782608696,0.9139200183684932,0.92,8.554334980272893,3.4721559905876,0,0,0,0.0,0.0,0.0
1765,Cervix,7,1765__pred7,normal_like,463.0,140,171,157,214,147.87257019438445,192.1814254859611,0.9423019663766875,0.929718875502008,43.12866316470669,14.437928206051048,0,460,460,0.0,0.9935205183585313,0.9935205183585313
1765,Cervix,8,1765__pred8,normal_like,239.0,142,14,157,46,148.97907949790795,29.02928870292887,0.9634292446738578,0.9263565891472868,33.76037697624352,9.046526927823564,0,239,239,0.0,1.0,1.0
1765,Cervix,9,1765__pred9,normal_like,358.0,143,110,155,159,148.768156424581,132.91620111731842,0.9791688643488657,0.9017632241813602,48.856120774189236,9.920118937606567,0,358,358,0.0,1.0,1.0
1765,Cervix,10,1765__pred10,normal_like,244.0,154,12,169,43,161.06967213114754,25.811475409836067,0.949000583055374,0.9104477611940298,31.73323026576556,10.00467241775818,0,244,244,0.0,1.0,1.0
1765,Cervix,11,1765__pred11,normal_like,270.0,155,235,176,256,164.4925925925926,245.32962962962964,0.8854900114824085,0.9574468085106383,27.291930891342666,12.681425260236137,0,270,270,0.0,1.0,1.0
1765,Cervix,12,1765__pred12,normal_like,218.0,165,95,176,121,169.85321100917432,108.61467889908256,0.9168787634282426,0.956140350877193,26.548038269181173,10.59706884385121,0,218,218,0.0,1.0,1.0
1765,Cervix,13,1765__pred13,normal_like,414.0,170,187,189,224,178.78743961352657,206.06521739130434,0.9349453071782067,0.9409090909090909,38.7335655877478,13.742354252200661,0,414,414,0.0,1.0,1.0
1765,Cervix,14,1765__pred14,normal_like,189.0,177,42,188,67,182.67724867724868,52.804232804232804,0.9168071137213849,0.9356435643564357,24.757822791359228,9.886549662282496,0,189,189,0.0,1.0,1.0
1765,Cervix,15,1765__pred15,normal_like,252.0,178,119,196,153,184.9404761904762,138.17460317460316,0.9700571753472145,0.8456375838926175,38.41882777642495,9.33103693405718,0,252,252,0.0,1.0,1.0
1765,Cervix,16,1765__pred16,normal_like,241.0,181,7,196,28,188.24066390041494,16.365145228215766,0.7370165038849003,0.9678714859437751,21.379571625353268,14.449912553273425,0,241,241,0.0,1.0,1.0
1765,Cervix,17,1765__pred17,normal_like,102.0,181,100,191,119,185.7843137254902,108.3529411764706,0.9495475397738431,0.918918918918919,20.430009012472226,6.407323438813844,0,102,102,0.0,1.0,1.0
1765,Cervix,18,1765__pred18,normal_like,290.0,184,235,204,256,193.6689655172414,245.40344827586208,0.7691814798787758,0.9446254071661238,24.082078379614483,15.389180158790841,0,290,290,0.0,1.0,1.0
1765,Cervix,19,1765__pred19,normal_like,227.0,194,156,207,183,200.24229074889868,168.09691629955947,0.920553383452643,0.8764478764478765,28.095257534718247,10.974479009772523,0,227,227,0.0,1.0,1.0
1765,Cervix,20,1765__pred20,normal_like,144.0,195,130,209,148,201.79166666666666,138.33333333333334,0.9099097885773371,0.9536423841059603,21.10767640080476,8.755594862906474,0,144,144,0.0,1.0,1.0
1765,Cervix,21,1765__pred21,normal_like,148.0,196,109,212,130,203.19594594594594,118.88513513513513,0.9496677709680297,0.8757396449704142,24.87326111368147,7.791769874183162,0,136,136,0.0,0.918918918918919,0.918918918918919
1765,Cervix,22,1765__pred22,normal_like,262.0,196,201,211,224,202.5267175572519,212.54198473282443,0.7665231901112189,0.9632352941176471,22.89566470494101,14.703976613678378,0,262,262,0.0,1.0,1.0
1765,Cervix,23,1765__pred23,normal_like,410.0,201,99,238,132,218.58048780487806,114.16829268292683,0.9731408207437736,0.8779443254817987,48.92466302060739,11.262978435551704,0,381,381,0.0,0.9292682926829269,0.9292682926829269
1765,Cervix,24,1765__pred24,normal_like,260.0,202,57,223,74,211.45384615384614,64.88846153846154,0.7094297769613974,0.9558823529411765,21.769470629003756,15.34260323337372,0,260,260,0.0,1.0,1.0
1765,Cervix,25,1765__pred25,normal_like,262.0,203,0,215,29,208.49236641221373,12.877862595419847,0.9350418636569428,0.9357142857142857,31.05349542111268,11.009623128026911,0,249,249,0.0,0.950381679389313,0.950381679389313
1765,Cervix,26,1765__pred26,normal_like,161.0,210,182,222,199,215.54037267080744,189.8695652173913,0.7680357720076962,0.9698795180722891,17.883931134999777,11.452993670812692,0,161,161,0.0,1.0,1.0
1765,Cervix,27,1765__pred27,normal_like,273.0,218,65,236,89,227.36996336996336,76.96336996336996,0.8246185185083036,0.9479166666666666,24.966819296645575,14.123460650956494,0,273,273,0.0,1.0,1.0
1765,Cervix,28,1765__pred28,normal_like,183.0,218,225,241,242,228.29508196721312,233.86885245901638,0.9533628529161032,0.9195979899497487,28.246508928123607,8.525546544962355,0,183,183,0.0,1.0,1.0
1765,Cervix,29,1765__pred29,normal_like,194.0,221,241,240,256,228.8556701030928,249.11855670103094,0.7608214481710726,0.9326923076923077,19.941374244672872,12.94117946384226,0,170,170,0.0,0.8762886597938144,0.8762886597938144
1765,Cervix,30,1765__pred30,normal_like,250.0,224,151,245,169,234.296,159.352,0.8555052494522979,0.9541984732824428,24.804655224342046,12.843705041829677,0,249,249,0.0,0.996,0.996
1765,Cervix,31,1765__pred31,normal_like,147.0,232,193,249,205,239.7687074829932,198.2517006802721,0.714188370969475,0.9245283018867925,16.400199381060908,11.479377761248388,0,147,147,0.0,1.0,1.0
1765,Cervix,32,1765__pred32,normal_like,169.0,242,149,256,165,248.37278106508876,156.28402366863907,0.7639978369910054,0.9548022598870056,18.321926158231108,11.82165128332794,0,167,167,0.0,0.9881656804733728,0.9881656804733728
1765,Cervix,33,1765__pred33,normal_like,197.0,242,169,256,189,249.69035532994923,178.28934010152284,0.6518423751265402,0.9516908212560387,18.717815712105764,14.194739409152472,0,197,197,0.0,1.0,1.0
1765,Cervix,34,1765__pred34,normal_like,49.0,243,132,252,140,246.87755102040816,135.85714285714286,0.7696386388060483,0.9245283018867925,9.885336873852284,6.311587218454164,0,49,49,0.0,1.0,1.0
1786,Cervix,1,1786__pred1,normal_like,954.0,50,42,112,78,80.30398322851153,58.225366876310275,0.9680194625484522,0.9389763779527559,70.2312985114634,17.619284642910216,0,899,899,0.0,0.9423480083857443,0.9423480083857443
1786,Cervix,2,1786__pred2,normal_like,435.0,56,9,91,32,74.41609195402299,19.995402298850575,0.9278748928909007,0.9436008676789588,38.75894982097136,14.452888777149331,0,416,416,0.0,0.9563218390804598,0.9563218390804598
1786,Cervix,3,1786__pred3,normal_like,277.0,92,0,119,18,104.29963898916968,8.498194945848375,0.8947353347380043,0.9264214046822743,28.409149563555516,12.687434617906579,0,247,247,0.0,0.8916967509025271,0.8916967509025271
1786,Cervix,4,1786__pred4,normal_like,488.0,107,0,144,25,126.63319672131148,10.565573770491802,0.9091258490589812,0.9494163424124513,38.95284921694616,16.224700616455998,0,475,475,0.0,0.9733606557377049,0.9733606557377049
1786,Cervix,5,1786__pred5,normal_like,539.0,136,21,175,48,155.21706864564007,33.781076066790355,0.9251969727831457,0.9423076923076923,42.770511262926625,16.230863060110835,0,480,480,0.0,0.8905380333951762,0.8905380333951762
1786,Cervix,6,1786__pred6,normal_like,158.0,137,0,158,13,149.0126582278481,5.310126582278481,0.8476902370644509,0.9080459770114943,20.114584702118545,10.670616787093925,0,137,137,0.0,0.8670886075949367,0.8670886075949367
1786,Cervix,7,1786__pred7,unmatched,84.0,149,211,158,223,152.9047619047619,216.47619047619048,0.6496381032477804,0.9545454545454546,11.895152805056577,9.043213818194733,0,0,0,0.0,0.0,0.0
1786,Cervix,8,1786__pred8,normal_like,861.0,169,36,213,74,191.42160278745644,53.465737514518004,0.8986112129582573,0.9389312977099237,50.860578120607556,22.314865669392713,0,809,809,0.0,0.9396051103368177,0.9396051103368177
1786,Cervix,9,1786__pred9,normal_like,282.0,176,84,201,107,188.95035460992906,93.86879432624113,0.9299731107924909,0.9463087248322147,31.6373394153992,11.630757478143527,0,280,280,0.0,0.9929078014184397,0.9929078014184397
1786,Cervix,10,1786__pred10,normal_like,346.0,196,13,218,37,206.77745664739885,23.898843930635838,0.7815966136227595,0.9611111111111111,26.684106184029538,16.6451239443011,0,304,304,0.0,0.8786127167630058,0.8786127167630058
1786,Cervix,11,1786__pred11,normal_like,1043.0,197,124,256,184,226.85522531160115,154.00767018216683,0.9788676278734396,0.9085365853658537,82.5271842986432,16.87638890082079,0,1035,1035,0.0,0.9923298178331735,0.9923298178331735
1786,Cervix,12,1786__pred12,normal_like,207.0,207,177,230,203,216.43478260869566,188.7342995169082,0.9678283036016574,0.92,32.90776159929166,8.279973076592736,0,207,207,0.0,1.0,1.0
1786,Cervix,13,1786__pred13,unmatched,170.0,219,71,241,95,229.3235294117647,82.3529411764706,0.9739279692816146,0.9239130434782609,31.181266402544104,7.073703135741941,0,0,0,0.0,0.0,0.0
1786,Cervix,14,1786__pred14,normal_like,311.0,226,109,254,133,239.99035369774919,120.016077170418,0.9470062808057736,0.9452887537993921,35.210002379599636,11.309982442913041,0,296,296,0.0,0.9517684887459807,0.9517684887459807
1786,Cervix,15,1786__pred15,normal_like,99.0,232,0,250,8,240.37373737373738,2.7777777777777777,0.8808821140370388,0.9611650485436893,16.88879666144106,7.994070680252567,0,98,98,0.0,0.98989898989899,0.98989898989899
1786,Cervix,16,1786__pred16,normal_like,355.0,239,32,256,64,247.38028169014083,46.07887323943662,0.9139037963098013,0.9441489361702128,33.596035889058115,13.6376672440527,0,319,319,0.0,0.8985915492957747,0.8985915492957747
1788,Cervix,1,1788__pred1,neoplastic_like,185.0,0,0,18,17,7.735135135135135,7.302702702702702,0.8863677677616414,0.9585492227979274,22.687306453829425,10.503810791167538,185,0,185,1.0,0.0,1.0
1788,Cervix,2,1788__pred2,unmatched,128.0,0,90,12,108,5.546875,98.1328125,0.8859318796854017,0.9078014184397163,18.94898588472225,8.788831044461881,0,0,0,0.0,0.0,0.0
1788,Cervix,3,1788__pred3,unmatched,265.0,0,113,13,138,5.430188679245283,124.57735849056604,0.8501720337316581,0.9601449275362319,25.550372006608672,13.452398565674468,0,0,0,0.0,0.0,0.0
1788,Cervix,4,1788__pred4,neoplastic_like,729.0,0,158,28,192,12.946502057613168,173.82716049382717,0.7434489444429923,0.9732977303070761,37.38708264978212,25.00420771102191,695,0,695,0.953360768175583,0.0,0.953360768175583
1788,Cervix,5,1788__pred5,neoplastic_like,858.0,1,204,37,237,18.285547785547784,220.1107226107226,0.7367624402778168,0.9738933030646992,40.21973171181384,27.194639529804434,858,0,858,1.0,0.0,1.0
1788,Cervix,6,1788__pred6,neoplastic_like,659.0,2,25,35,63,17.078907435508345,43.071320182094084,0.9208646256023749,0.9523121387283237,46.76582638952869,18.23317595837126,659,0,659,1.0,0.0,1.0
1788,Cervix,7,1788__pred7,neoplastic_like,49.0,6,251,20,256,12.387755102040817,252.91836734693877,0.9541396960522444,0.8166666666666667,14.964913073356366,4.479922142684369,49,0,49,1.0,0.0,1.0
1788,Cervix,8,1788__pred8,neoplastic_like,405.0,16,0,45,22,29.869135802469135,9.822222222222223,0.8725651413031652,0.9551886792452831,32.6677980783468,15.958146608635856,405,0,405,1.0,0.0,1.0
1788,Cervix,9,1788__pred9,neoplastic_like,413.0,21,106,50,126,33.922518159806295,114.772397094431,0.8325418788817777,0.953810623556582,31.083108756018547,17.21886452846197,413,0,413,1.0,0.0,1.0
1788,Cervix,10,1788__pred10,neoplastic_like,524.0,23,127,54,154,38.215648854961835,141.34732824427482,0.8658084448927601,0.9579524680073126,36.83566847026799,18.43166955309112,524,0,524,1.0,0.0,1.0
1788,Cervix,11,1788__pred11,neoplastic_like,682.0,32,57,68,81,49.62903225806452,67.54105571847508,0.7498040852079602,0.9742857142857143,36.46562266177017,24.12784053419616,682,0,682,1.0,0.0,1.0
1788,Cervix,12,1788__pred12,neoplastic_like,313.0,33,87,57,103,44.239616613418534,94.50798722044729,0.7445112744848513,0.9571865443425076,24.636185459550795,16.447361008194097,313,0,313,1.0,0.0,1.0
1788,Cervix,13,1788__pred13,unmatched,300.0,34,187,55,209,44.57666666666667,197.55,0.8002895060701893,0.967741935483871,25.394988544798068,15.227185525624789,0,0,0,0.0,0.0,0.0
1788,Cervix,14,1788__pred14,neoplastic_like,312.0,35,232,60,255,47.35576923076923,243.65705128205127,0.9001533072196566,0.9285714285714286,30.41959948596745,13.249962672949877,294,0,294,0.9423076923076923,0.0,0.9423076923076923
1788,Cervix,15,1788__pred15,neoplastic_like,343.0,42,36,68,53,54.74635568513119,43.947521865889215,0.78231982727115,0.9607843137254902,26.496658022966187,16.504157386015635,343,0,343,1.0,0.0,1.0
1788,Cervix,16,1788__pred16,neoplastic_like,607.0,56,97,84,128,69.5667215815486,113.18945634266886,0.6844526083088789,0.9440124416796267,32.845507586269896,23.946258886721424,598,0,598,0.985172981878089,0.0,0.985172981878089
1788,Cervix,17,1788__pred17,neoplastic_like,451.0,60,174,85,199,71.9179600886918,186.06651884700665,0.7501494729595929,0.9595744680851064,29.539027079530968,19.533222301691332,451,0,451,1.0,0.0,1.0
1788,Cervix,18,1788__pred18,neoplastic_like,289.0,73,83,95,103,83.62629757785467,91.4567474048443,0.7059391118704649,0.9352750809061489,22.98636282036682,16.280609246084186,287,0,287,0.9930795847750865,0.0,0.9930795847750865
1788,Cervix,19,1788__pred19,neoplastic_like,453.0,79,226,111,251,95.29359823399558,237.43487858719647,0.9017965533705932,0.9577167019027484,37.01711702738669,15.997347733641115,436,0,436,0.9624724061810155,0.0,0.9624724061810155
1788,Cervix,20,1788__pred20,neoplastic_like,64.0,84,1,95,9,88.796875,4.125,0.7817410090205256,0.9411764705882353,11.598510771074151,7.232868839076019,56,0,56,0.875,0.0,0.875
1788,Cervix,21,1788__pred21,neoplastic_like,527.0,84,51,119,73,102.0853889943074,62.03415559772296,0.8686974039689294,0.9512635379061372,37.05637516625365,18.355621007164164,519,0,519,0.9848197343453511,0.0,0.9848197343453511
1788,Cervix,22,1788__pred22,neoplastic_like,77.0,86,250,105,255,95.03896103896103,252.3116883116883,0.963544045888457,0.9625,19.382584499913833,5.185805742634762,77,0,77,1.0,0.0,1.0
1788,Cervix,23,1788__pred23,neoplastic_like,332.0,93,172,110,198,100.67771084337349,184.90662650602408,0.7704729562964354,0.9595375722543352,25.829055317525683,16.46531723404022,332,0,332,1.0,0.0,1.0
1788,Cervix,24,1788__pred24,neoplastic_like,588.0,97,95,125,127,109.73299319727892,110.20068027210884,0.8518535213442556,0.9671052631578947,37.853535947639585,19.826928302612085,588,0,588,1.0,0.0,1.0
1788,Cervix,25,1788__pred25,neoplastic_like,590.0,112,221,141,253,125.39322033898306,235.95762711864407,0.824746701264436,0.959349593495935,36.591538997375636,20.692600351588872,589,0,589,0.9983050847457627,0.0,0.9983050847457627
1788,Cervix,26,1788__pred26,unmatched,70.0,113,74,126,81,119.77142857142857,76.81428571428572,0.8584012606251978,0.9210526315789473,13.32301965607221,6.834426979774727,0,0,0,0.0,0.0,0.0
1788,Cervix,27,1788__pred27,neoplastic_like,591.0,118,160,138,199,127.39763113367174,179.20473773265653,0.8835246843569748,0.964110929853181,40.13082809914635,18.79666180754376,591,0,591,1.0,0.0,1.0
1788,Cervix,28,1788__pred28,neoplastic_like,178.0,118,203,137,218,125.76404494382022,209.54494382022472,0.8716778272050663,0.9518716577540107,21.732327117546962,10.650564664888922,178,0,178,1.0,0.0,1.0
1788,Cervix,29,1788__pred29,neoplastic_like,197.0,127,60,146,73,136.0,66.33502538071066,0.7250528833220187,0.9704433497536946,19.099637277291833,13.153790213559304,197,0,197,1.0,0.0,1.0
1788,Cervix,30,1788__pred30,unmatched,220.0,131,90,151,109,140.22272727272727,98.35454545454546,0.8297080946843397,0.9205020920502092,23.0749693524573,12.880390796443523,0,0,0,0.0,0.0,0.0
1788,Cervix,31,1788__pred31,neoplastic_like,542.0,136,31,161,58,147.5110701107011,44.46309963099631,0.5284428534422161,0.9765765765765766,28.564294907316427,24.250197311405977,534,0,534,0.985239852398524,0.0,0.985239852398524
1788,Cervix,32,1788__pred32,neoplastic_like,309.0,150,78,176,97,162.49514563106797,87.2168284789644,0.8968831494235218,0.9279279279279279,30.02790815131036,13.280370405012025,308,0,308,0.9967637540453075,0.0,0.9967637540453075
1788,Cervix,33,1788__pred33,neoplastic_like,590.0,150,137,172,172,161.0,154.11694915254236,0.8067978175278557,0.9672131147540983,35.68383340189288,21.082994514645833,590,0,590,1.0,0.0,1.0
1788,Cervix,34,1788__pred34,normal_like,271.0,154,210,174,231,163.20664206642067,219.55719557195573,0.8281686552338552,0.9575971731448764,25.068127247172406,14.05015819916533,0,271,271,0.0,1.0,1.0
1788,Cervix,35,1788__pred35,neoplastic_like,524.0,173,41,196,71,183.86641221374046,55.62022900763359,0.6704325069824669,0.9776119402985075,29.999504374088055,22.258747881050116,523,0,523,0.9980916030534351,0.0,0.9980916030534351
1788,Cervix,36,1788__pred36,neoplastic_like,422.0,176,141,195,173,184.9170616113744,156.9431279620853,0.8966790636123644,0.9173913043478261,35.280480309068665,15.618005839804065,418,0,418,0.990521327014218,0.0,0.990521327014218
1788,Cervix,37,1788__pred37,neoplastic_like,441.0,183,188,203,217,192.68253968253967,201.75510204081633,0.7577996281756112,0.962882096069869,29.346457410131432,19.148191814247237,438,0,438,0.9931972789115646,0.0,0.9931972789115646
1788,Cervix,38,1788__pred38,neoplastic_like,929.0,194,0,226,36,209.08396124865448,15.72335844994618,0.5492668974061159,0.9557613168724279,38.090305073386794,31.830048407113104,912,0,912,0.9817007534983854,0.0,0.9817007534983854
1788,Cervix,39,1788__pred39,neoplastic_like,394.0,195,219,214,249,203.87817258883248,233.12436548223351,0.8684382293413826,0.9609756097560975,31.84406694500921,15.788204953571048,394,0,394,1.0,0.0,1.0
1788,Cervix,40,1788__pred40,neoplastic_like,777.0,204,60,232,103,216.83783783783784,79.44015444015444,0.8191207916194034,0.940677966101695,42.84870272191674,24.578918583523812,723,0,723,0.9305019305019305,0.0,0.9305019305019305
1788,Cervix,41,1788__pred41,neoplastic_like,684.0,206,143,228,185,215.69298245614036,162.69005847953215,0.8891572271101641,0.95,44.01078708332632,20.13941625984752,683,0,683,0.9985380116959064,0.0,0.9985380116959064
1788,Cervix,42,1788__pred42,neoplastic_like,480.0,213,188,234,222,222.47291666666666,206.24791666666667,0.8271329047388681,0.9467455621301775,33.44161977593642,18.794403277025754,480,0,480,1.0,0.0,1.0
1788,Cervix,43,1788__pred43,neoplastic_like,128.0,215,235,225,255,219.515625,244.3359375,0.9275181549487149,0.9014084507042254,20.957198804460965,7.833342068223494,128,0,128,1.0,0.0,1.0
1788,Cervix,44,1788__pred44,neoplastic_like,571.0,218,3,252,36,237.22066549912435,18.69352014010508,0.8818748038351504,0.9063492063492063,39.81744898867342,18.773276104472018,512,0,512,0.8966725043782837,0.0,0.8966725043782837
1788,Cervix,45,1788__pred45,neoplastic_like,611.0,224,19,255,57,238.87234042553192,38.88216039279869,0.9027750310862802,0.9215686274509803,43.53993804387827,18.72709592679527,611,0,611,1.0,0.0,1.0
1788,Cervix,46,1788__pred46,neoplastic_like,262.0,225,171,239,195,231.50381679389312,182.21374045801528,0.8452866753244139,0.9562043795620438,25.010767830228907,13.363579668394129,262,0,262,1.0,0.0,1.0
1788,Cervix,47,1788__pred47,neoplastic_like,305.0,234,130,248,157,240.5672131147541,142.70819672131148,0.8496151855863481,0.9682539682539683,27.137942234957197,14.312635030378202,305,0,305,1.0,0.0,1.0
1788,Cervix,48,1788__pred48,neoplastic_like,345.0,237,218,256,243,246.73333333333332,230.38840579710146,0.7469709941702436,0.9530386740331491,25.834941594589235,17.17653211571181,345,0,345,1.0,0.0,1.0
1788,Cervix,49,1788__pred49,neoplastic_like,240.0,247,159,255,193,250.53333333333333,176.00416666666666,0.9714456191611461,0.9561752988047809,36.1350776823624,8.573492403959149,231,0,231,0.9625,0.0,0.9625
1806,Cervix,1,1806__pred1,normal_like,85.0,0,6,6,24,2.235294117647059,14.16470588235294,0.9451959278458235,0.8947368421052632,18.660013551981805,6.09256323445288,0,85,85,0.0,1.0,1.0
1806,Cervix,2,1806__pred2,unmatched,17.0,0,88,5,94,1.8235294117647058,90.58823529411765,0.8936478718788138,0.8947368421052632,7.002276380144081,3.1424035212779384,0,0,0,0.0,0.0,0.0
1806,Cervix,3,1806__pred3,normal_like,290.0,0,98,18,116,8.213793103448277,106.72068965517241,0.22126308261014888,0.9764309764309764,19.545246489569355,19.06080104121039,0,283,283,0.0,0.9758620689655172,0.9758620689655172
1806,Cervix,4,1806__pred4,normal_like,93.0,0,135,11,145,5.118279569892473,139.53763440860214,0.5813209983829282,0.9893617021276596,12.050218992024737,9.804953727982209,0,93,93,0.0,1.0,1.0
1806,Cervix,5,1806__pred5,normal_like,40.0,0,150,6,160,2.275,154.325,0.8820168047546441,0.8163265306122449,10.866491017659262,5.120485617900961,0,40,40,0.0,1.0,1.0
1806,Cervix,6,1806__pred6,normal_like,231.0,7,60,25,84,14.731601731601732,71.93506493506493,0.9240629688512227,0.9094488188976378,28.112648274617044,10.745786472402166,0,231,231,0.0,1.0,1.0
1806,Cervix,7,1806__pred7,normal_like,286.0,8,1,20,34,12.895104895104895,17.68881118881119,0.9550630952719565,0.9079365079365079,35.890496227937966,10.638035353650066,0,286,286,0.0,1.0,1.0
1806,Cervix,8,1806__pred8,normal_like,437.0,13,31,37,59,24.366132723112127,44.48741418764302,0.7975577791107002,0.9583333333333334,30.60777462540521,18.463912391577413,0,437,437,0.0,1.0,1.0
1806,Cervix,9,1806__pred9,unmatched,72.0,15,248,30,256,20.77777777777778,251.68055555555554,0.9010483402336406,0.8780487804878049,14.91956954175714,6.470895924938729,0,0,0,0.0,0.0,0.0
1806,Cervix,10,1806__pred10,normal_like,291.0,17,120,35,143,26.27147766323024,130.10996563573883,0.7182525769295374,0.9540983606557377,23.199755446681742,16.141982984285008,0,291,291,0.0,1.0,1.0
1806,Cervix,11,1806__pred11,normal_like,426.0,17,193,45,213,29.504694835680752,203.49765258215962,0.7439383502412805,0.9551569506726457,28.763682619906184,19.221280733831314,0,426,426,0.0,1.0,1.0
1806,Cervix,12,1806__pred12,normal_like,235.0,22,58,41,76,30.153191489361703,67.00851063829788,0.7937022249007488,0.94,22.368746417601972,13.607053479468396,0,229,229,0.0,0.9744680851063829,0.9744680851063829
1806,Cervix,13,1806__pred13,normal_like,92.0,24,8,36,19,29.782608695652176,13.173913043478262,0.6832890228935146,0.92,12.811301281817174,9.354146089811419,0,92,92,0.0,1.0,1.0
1806,Cervix,14,1806__pred14,normal_like,214.0,26,82,40,102,32.60280373831776,91.61214953271028,0.72835728021182,0.9511111111111111,19.964665023939812,13.679739412905922,0,214,214,0.0,1.0,1.0
1806,Cervix,15,1806__pred15,normal_like,267.0,29,225,47,245,37.749063670411985,234.9250936329588,0.5474303049205554,0.9709090909090909,20.181606632373743,16.889003299553814,0,267,267,0.0,1.0,1.0
1806,Cervix,16,1806__pred16,normal_like,180.0,33,50,47,71,39.82222222222222,59.72222222222222,0.7331096847900274,0.9424083769633508,18.515018782320155,12.592257291203305,0,169,169,0.0,0.9388888888888889,0.9388888888888889
1806,Cervix,17,1806__pred17,normal_like,265.0,35,10,51,33,41.47924528301887,21.562264150943395,0.8470032394429281,0.9201388888888888,25.70246042984118,13.663112539388027,0,265,265,0.0,1.0,1.0
1806,Cervix,18,1806__pred18,normal_like,227.0,38,125,52,147,45.25550660792952,136.91189427312776,0.7960160960760826,0.941908713692946,22.350081035089037,13.527955437564627,0,227,227,0.0,1.0,1.0
1806,Cervix,19,1806__pred19,normal_like,252.0,39,165,68,178,54.05952380952381,169.75,0.8960670884456715,0.9655172413793104,27.712500707578698,12.302096064126593,0,252,252,0.0,1.0,1.0
1806,Cervix,20,1806__pred20,normal_like,350.0,44,0,60,34,52.33428571428571,15.362857142857143,0.9226658651692615,0.9283819628647215,34.28172223309194,13.219047262531733,0,348,348,0.0,0.9942857142857143,0.9942857142857143
1806,Cervix,21,1806__pred21,normal_like,228.0,46,102,66,127,55.5921052631579,114.75,0.9443872837168102,0.912,30.48789268460994,10.02549551476273,0,228,228,0.0,1.0,1.0
1806,Cervix,22,1806__pred22,normal_like,415.0,52,87,75,115,63.19759036144578,100.0,0.8244178134124488,0.9584295612009238,30.61766275293748,17.32903638739145,0,290,290,0.0,0.6987951807228916,0.6987951807228916
1806,Cervix,23,1806__pred23,normal_like,319.0,58,128,80,147,68.69278996865204,136.81504702194357,0.6490446126241388,0.9579579579579579,23.145336207106407,17.607822556509294,0,319,319,0.0,1.0,1.0
1806,Cervix,24,1806__pred24,normal_like,244.0,63,48,80,69,71.1188524590164,58.03688524590164,0.8498036525236836,0.9606299212598425,24.295103877618864,12.805934093236852,0,244,244,0.0,1.0,1.0
1806,Cervix,25,1806__pred25,normal_like,339.0,70,20,85,50,76.84070796460178,34.985250737463126,0.8860709285189867,0.946927374301676,30.603934738958447,14.186444280602846,0,339,339,0.0,1.0,1.0
1806,Cervix,26,1806__pred26,normal_like,280.0,70,230,90,248,79.99642857142857,238.70714285714286,0.5052439703552181,0.9655172413793104,20.421239992605862,17.6230512896102,0,280,280,0.0,1.0,1.0
1806,Cervix,27,1806__pred27,normal_like,245.0,72,81,87,102,79.52244897959184,90.63673469387756,0.76867254948907,0.9607843137254902,22.151455695257898,14.169012220007819,0,243,243,0.0,0.9918367346938776,0.9918367346938776
1806,Cervix,28,1806__pred28,normal_like,319.0,76,190,100,211,88.47962382445141,199.46081504702195,0.8714707022532222,0.9550898203592815,29.029416845913435,14.237406837997987,0,319,319,0.0,1.0,1.0
1806,Cervix,29,1806__pred29,normal_like,144.0,81,116,95,131,88.68055555555556,122.07638888888889,0.7459431943038078,0.9230769230769231,17.136959169449486,11.413378853099298,0,96,96,0.0,0.6666666666666666,0.6666666666666666
1806,Cervix,30,1806__pred30,normal_like,416.0,88,62,116,93,101.89663461538461,75.30048076923077,0.9191898423578473,0.9122807017543859,37.901423431745734,14.926138457215421,0,407,407,0.0,0.9783653846153846,0.9783653846153846
1806,Cervix,31,1806__pred31,normal_like,227.0,91,90,107,111,98.66519823788546,101.0352422907489,0.6007931192888303,0.9537815126050421,19.125858466245017,15.28929819987874,0,227,227,0.0,1.0,1.0
1806,Cervix,32,1806__pred32,normal_like,241.0,91,230,110,249,99.56846473029046,239.8298755186722,0.8459519599624955,0.9601593625498008,24.26559170108016,12.939847903253813,0,241,241,0.0,1.0,1.0
1806,Cervix,33,1806__pred33,normal_like,434.0,93,0,115,26,103.05990783410138,10.94700460829493,0.6416716117775062,0.96875,27.112309529825293,20.794585416472444,0,404,404,0.0,0.9308755760368663,0.9308755760368663
1806,Cervix,34,1806__pred34,normal_like,195.0,98,115,112,136,104.62051282051281,125.32820512820513,0.8722998019794992,0.9112149532710281,23.178169193166358,11.3334624429745,0,195,195,0.0,1.0,1.0
1806,Cervix,35,1806__pred35,normal_like,540.0,99,176,129,206,113.64074074074074,189.86481481481482,0.8011354218406903,0.8737864077669902,35.274763815217284,21.11135043860719,0,540,540,0.0,1.0,1.0
1806,Cervix,36,1806__pred36,normal_like,222.0,100,197,117,214,107.29729729729729,204.6891891891892,0.29525788774631323,0.9568965517241379,17.27891699487331,16.50858130939113,0,222,222,0.0,1.0,1.0
1806,Cervix,37,1806__pred37,normal_like,298.0,115,233,136,253,124.53020134228188,241.86912751677852,0.7811801563190032,0.9644012944983819,24.755004446108924,15.454689513248614,0,298,298,0.0,1.0,1.0
1806,Cervix,38,1806__pred38,normal_like,30.0,118,77,124,83,120.4,79.4,0.668341290421965,0.9375,7.281025568787226,5.416025603090641,0,30,30,0.0,1.0,1.0
1806,Cervix,39,1806__pred39,normal_like,185.0,119,90,134,105,126.44864864864864,97.4,0.27650751752155583,0.9788359788359788,15.720012229493967,15.107116537246162,0,184,184,0.0,0.9945945945945946,0.9945945945945946
1806,Cervix,40,1806__pred40,normal_like,251.0,119,144,135,166,126.12350597609561,154.08366533864543,0.7227297493330389,0.943609022556391,21.732577310432863,15.020052390483798,0,233,233,0.0,0.9282868525896414,0.9282868525896414
1806,Cervix,41,1806__pred41,normal_like,476.0,132,151,155,185,143.3403361344538,168.01470588235293,0.8743425989249664,0.9558232931726908,35.49575335148963,17.226415666083895,0,445,445,0.0,0.9348739495798319,0.9348739495798319
1806,Cervix,42,1806__pred42,normal_like,148.0,134,50,151,62,141.70945945945945,55.479729729729726,0.820760722999382,0.9548387096774194,18.18105459072405,10.386329607711525,0,148,148,0.0,1.0,1.0
1806,Cervix,43,1806__pred43,normal_like,232.0,141,9,157,28,148.6594827586207,17.719827586206897,0.7417072099034843,0.9547325102880658,21.029076591847705,14.104702144786069,0,232,232,0.0,1.0,1.0
1806,Cervix,44,1806__pred44,normal_like,272.0,143,203,164,221,151.96323529411765,212.72058823529412,0.7543155255848459,0.9220338983050848,23.71741367890171,15.570768165245356,0,272,272,0.0,1.0,1.0
1806,Cervix,45,1806__pred45,normal_like,223.0,148,58,165,77,155.66367713004485,66.65470852017937,0.6419025776110675,0.9409282700421941,19.28613851943974,14.788344922647756,0,223,223,0.0,1.0,1.0
1806,Cervix,46,1806__pred46,normal_like,212.0,156,230,176,251,165.04245283018867,240.25943396226415,0.9319351222321236,0.9422222222222222,27.569518908785845,9.99739821317147,0,212,212,0.0,1.0,1.0
1806,Cervix,47,1806__pred47,normal_like,256.0,161,112,178,131,168.98046875,120.7734375,0.6915891064143974,0.9770992366412213,21.24366584182011,15.344111868171467,0,253,253,0.0,0.98828125,0.98828125
1806,Cervix,48,1806__pred48,normal_like,373.0,165,150,182,176,172.41286863270778,162.5201072386059,0.7677947282329617,0.9764397905759162,27.357217625524655,17.52765757416941,0,373,373,0.0,1.0,1.0
1806,Cervix,49,1806__pred49,normal_like,241.0,173,214,189,234,180.70954356846474,223.38174273858922,0.7226060769485556,0.9563492063492064,21.074633348854448,14.568052115128491,0,241,241,0.0,1.0,1.0
1806,Cervix,50,1806__pred50,normal_like,175.0,190,109,204,127,196.6742857142857,118.11428571428571,0.7534721806681587,0.9162303664921466,18.815804952658,12.371011470363175,0,175,175,0.0,1.0,1.0
1806,Cervix,51,1806__pred51,neoplastic_like,920.0,190,149,222,188,205.05978260869566,168.05760869565216,0.6228312824921611,0.9563409563409564,38.8710303811178,30.410990870575965,918,0,918,0.9978260869565218,0.0,0.9978260869565218
1806,Cervix,52,1806__pred52,normal_like,189.0,194,238,213,254,204.13756613756613,245.16931216931218,0.8136043942073863,0.9356435643564357,20.76473338360928,12.073007593579618,0,188,188,0.0,0.9947089947089947,0.9947089947089947
1806,Cervix,53,1806__pred53,normal_like,319.0,217,216,237,236,226.31347962382446,225.88401253918497,0.40280345647827803,0.9755351681957186,21.189583361060727,19.394539572099774,0,319,319,0.0,1.0,1.0
1806,Cervix,54,1806__pred54,unmatched,147.0,238,23,252,37,244.70068027210885,29.503401360544217,0.6448083861224914,0.9607843137254902,15.677898688890478,11.983311844959271,0,0,0,0.0,0.0,0.0
1811,Cervix,1,1811__pred1,neoplastic_like,218.0,0,31,8,62,3.220183486238532,46.42660550458716,0.962667919065259,0.9775784753363229,32.47777857715088,8.79125399592239,218,0,218,1.0,0.0,1.0
1811,Cervix,2,1811__pred2,normal_like,311.0,0,125,14,153,5.67524115755627,137.67845659163987,0.8728756253339497,0.9688473520249221,28.813913351463977,14.059540574273639,0,282,282,0.0,0.9067524115755627,0.9067524115755627
1811,Cervix,3,1811__pred3,neoplastic_like,649.0,0,201,27,235,12.788906009244993,217.50539291217257,0.7759710185689903,0.9657738095238095,36.22264092517507,22.8481031148191,627,0,627,0.9661016949152542,0.0,0.9661016949152542
1811,Cervix,4,1811__pred4,neoplastic_like,172.0,0,236,13,256,4.744186046511628,247.9127906976744,0.8280797509261444,0.9398907103825137,21.076947979291138,11.815954461355426,148,0,148,0.8604651162790697,0.0,0.8604651162790697
1811,Cervix,5,1811__pred5,unmatched,178.0,6,0,21,16,13.140449438202246,6.595505617977528,0.3902894213393999,0.9319371727748691,15.91798201285054,14.655562228642317,0,0,0,0.0,0.0,0.0
1811,Cervix,6,1811__pred6,neoplastic_like,592.0,15,94,40,123,27.861486486486488,107.47128378378379,0.6039575077066688,0.9801324503311258,30.907650319773204,24.633907816484623,588,0,588,0.9932432432432432,0.0,0.9932432432432432
1811,Cervix,7,1811__pred7,neoplastic_like,622.0,17,128,41,160,28.265273311897108,143.37781350482314,0.6732494712720508,0.9688473520249221,32.810622353886366,24.26067979982129,618,0,618,0.9935691318327974,0.0,0.9935691318327974
1811,Cervix,8,1811__pred8,normal_like,353.0,26,235,50,256,36.906515580736546,245.58356940509915,0.7871295644355522,0.9489247311827957,27.0725733543975,16.698029855553266,0,343,343,0.0,0.9716713881019831,0.9716713881019831
1811,Cervix,9,1811__pred9,normal_like,331.0,28,59,56,76,42.202416918429,65.8882175226586,0.8764523897766056,0.8275,31.508900346411377,15.171174238409394,0,315,315,0.0,0.9516616314199395,0.9516616314199395
1811,Cervix,10,1811__pred10,unmatched,128.0,42,1,55,14,48.1484375,6.9296875,0.4177412875923239,0.9411764705882353,13.421097650805356,12.193953305739159,0,0,0,0.0,0.0,0.0
1811,Cervix,11,1811__pred11,neoplastic_like,414.0,42,82,67,103,54.265700483091784,91.33333333333333,0.7252588622066412,0.9409090909090909,28.344915854827192,19.51480211488573,411,0,411,0.9927536231884058,0.0,0.9927536231884058
1811,Cervix,12,1811__pred12,neoplastic_like,532.0,43,24,71,47,56.42481203007519,34.89473684210526,0.6464516452875525,0.9708029197080292,29.92060792417089,22.828076208557494,532,0,532,1.0,0.0,1.0
1811,Cervix,13,1811__pred13,neoplastic_like,380.0,49,203,70,229,59.8,214.81052631578947,0.6442715141890012,0.9523809523809523,25.606373610122166,19.58367378042958,356,0,356,0.9368421052631579,0.0,0.9368421052631579
1811,Cervix,14,1811__pred14,neoplastic_like,415.0,96,23,123,45,107.7277108433735,32.21927710843374,0.7674567691516635,0.956221198156682,29.255294673334866,18.75558989247616,415,0,415,1.0,0.0,1.0
1811,Cervix,15,1811__pred15,neoplastic_like,539.0,96,124,126,152,110.17625231910947,136.14471243042672,0.7449092220442504,0.9625,32.41723784169149,21.627673541437247,526,0,526,0.9758812615955473,0.0,0.9758812615955473
1811,Cervix,16,1811__pred16,neoplastic_like,189.0,107,212,121,230,112.9047619047619,219.6984126984127,0.7309731552724801,0.9692307692307692,18.917720752003913,12.909570270251214,186,0,186,0.9841269841269841,0.0,0.9841269841269841
1811,Cervix,17,1811__pred17,neoplastic_like,643.0,120,52,153,78,135.05598755832037,64.11353032659409,0.726305072040652,0.9554234769687965,34.83858579561322,23.947085525182704,590,0,590,0.9175738724727839,0.0,0.9175738724727839
1811,Cervix,18,1811__pred18,unmatched,156.0,121,153,136,167,128.50641025641025,160.06410256410257,0.6811602065638683,0.9629629629629629,16.586942415986517,12.143871058012179,0,0,0,0.0,0.0,0.0
1811,Cervix,19,1811__pred19,normal_like,243.0,146,163,161,184,152.7119341563786,173.26748971193416,0.7813454817166475,0.9759036144578314,22.326681917936337,13.9340540700248,0,243,243,0.0,1.0,1.0
1811,Cervix,20,1811__pred20,unmatched,141.0,153,121,183,134,169.91489361702128,125.83687943262412,0.9423376956673082,0.6,30.593946462008745,10.238677617378439,0,0,0,0.0,0.0,0.0
1811,Cervix,21,1811__pred21,unmatched,490.0,157,71,182,96,168.47755102040816,82.69183673469388,0.4193237486004043,0.9645669291338582,26.256870241622348,23.836952167726242,0,0,0,0.0,0.0,0.0
1811,Cervix,22,1811__pred22,normal_like,216.0,164,200,183,218,172.88425925925927,208.2685185185185,0.8081061396320712,0.9515418502202643,21.831206057966146,12.85938589382409,0,212,212,0.0,0.9814814814814815,0.9814814814814815
1811,Cervix,23,1811__pred23,unmatched,248.0,169,45,190,64,178.90322580645162,52.63306451612903,0.8225985469825587,0.9051094890510949,24.405470228311156,13.877501276004523,0,0,0,0.0,0.0,0.0
1811,Cervix,24,1811__pred24,normal_like,362.0,178,202,195,230,185.82044198895028,215.3038674033149,0.83344260637349,0.9526315789473684,29.03835657744069,16.046770880009916,0,362,362,0.0,1.0,1.0
1811,Cervix,25,1811__pred25,normal_like,450.0,188,14,216,37,201.85111111111112,24.006666666666668,0.7772999586586079,0.967741935483871,30.28761263617114,19.05485097009694,0,436,436,0.0,0.9688888888888889,0.9688888888888889
1811,Cervix,26,1811__pred26,neoplastic_like,312.0,200,94,228,110,214.69871794871796,100.84935897435898,0.8909237740753942,0.968944099378882,29.783696244476566,13.526351110865487,309,0,309,0.9903846153846154,0.0,0.9903846153846154
1811,Cervix,27,1811__pred27,neoplastic_like,754.0,208,196,243,226,225.68302387267906,209.0106100795756,0.708218152569057,0.9580686149936467,37.2128546756162,26.272039482330836,752,0,752,0.9973474801061007,0.0,0.9973474801061007
1811,Cervix,28,1811__pred28,neoplastic_like,522.0,209,1,250,23,230.772030651341,10.842911877394636,0.9200395837388478,0.9542961608775137,41.577446278223796,16.291100594310198,521,0,521,0.9980842911877394,0.0,0.9980842911877394
1811,Cervix,29,1811__pred29,unmatched,278.0,214,146,231,176,221.31654676258992,158.0071942446043,0.8922680038393614,0.8742138364779874,29.585027956501396,13.357822261507723,0,0,0,0.0,0.0,0.0
1811,Cervix,30,1811__pred30,normal_like,295.0,217,67,238,87,227.43050847457627,76.18983050847457,0.6139629288240274,0.9546925566343042,21.87815167882619,17.26918780380972,0,295,295,0.0,1.0,1.0
1811,Cervix,31,1811__pred31,neoplastic_like,555.0,229,116,256,141,242.5063063063063,127.3981981981982,0.599776609600277,0.9652173913043478,29.949165824189556,23.964348967218285,527,0,527,0.9495495495495495,0.0,0.9495495495495495
1811,Cervix,32,1811__pred32,normal_like,533.0,231,169,256,198,243.80675422138836,182.90243902439025,0.6240350033632323,0.9690909090909091,29.65218141439099,23.17010744210368,0,528,528,0.0,0.9906191369606003,0.9906191369606003
1811,Cervix,33,1811__pred33,neoplastic_like,75.0,236,245,247,256,241.36,250.96,0.7865553793464869,0.9146341463414634,12.903934367183815,7.968434257373223,74,0,74,0.9866666666666667,0.0,0.9866666666666667
1811,Cervix,34,1811__pred34,unmatched,391.0,241,217,256,250,248.84398976982098,233.17902813299233,0.8965288437429594,0.9467312348668281,33.731100190472254,14.942383681479777,6,0,6,0.015345268542199489,0.0,0.015345268542199489
1811,Cervix,35,1811__pred35,unmatched,89.0,249,72,255,93,252.14606741573033,81.23595505617978,0.973299146057785,0.9081632653061225,22.540790308734493,5.174020896992171,0,0,0,0.0,0.0,0.0
1820,Cervix,1,1820__pred1,neoplastic_like,102.0,1,0,11,13,5.03921568627451,5.186274509803922,0.6385134760880068,0.9532710280373832,13.202269814950846,10.16060735306795,98,0,98,0.9607843137254902,0.0,0.9607843137254902
1820,Cervix,2,1820__pred2,normal_like,64.0,1,48,9,58,4.390625,52.53125,0.5202242794923302,0.9552238805970149,9.776505389264333,8.349425796046424,0,64,64,0.0,1.0,1.0
1820,Cervix,3,1820__pred3,neoplastic_like,503.0,11,12,32,46,21.82703777335984,27.646123260437374,0.845159867297702,0.9544592030360531,34.84742956445298,18.626425357269625,501,0,501,0.9960238568588469,0.0,0.9960238568588469
1820,Cervix,4,1820__pred4,neoplastic_like,373.0,16,62,35,91,24.871313672922252,76.36461126005362,0.886136659641697,0.9491094147582697,32.24483455888199,14.943030790319288,368,0,368,0.9865951742627346,0.0,0.9865951742627346
1820,Cervix,5,1820__pred5,neoplastic_like,473.0,21,200,50,224,34.17547568710359,212.50951374207187,0.7915830001518265,0.9732510288065843,31.492285972125256,19.24372858322868,464,0,464,0.9809725158562368,0.0,0.9809725158562368
1820,Cervix,6,1820__pred6,neoplastic_like,491.0,32,37,52,71,41.20977596741344,54.15682281059063,0.822377375233425,0.9533980582524272,33.26309091248026,18.924782722149505,467,0,467,0.9511201629327902,0.0,0.9511201629327902
1820,Cervix,7,1820__pred7,neoplastic_like,381.0,33,0,59,20,45.58530183727034,8.493438320209973,0.5519094097349126,0.9338235294117647,24.68866105089762,20.587975014366503,379,0,379,0.994750656167979,0.0,0.994750656167979
1820,Cervix,8,1820__pred8,neoplastic_like,1285.0,36,176,79,218,57.067704280155645,196.06536964980546,0.7759892488537693,0.9764437689969605,50.963024240101305,32.14473052073173,1283,0,1283,0.998443579766537,0.0,0.998443579766537
1820,Cervix,9,1820__pred9,neoplastic_like,660.0,55,72,87,102,70.25909090909092,86.48636363636363,0.7882358372659567,0.9705882352941176,37.04738609404655,22.797971228567487,660,0,660,1.0,0.0,1.0
1820,Cervix,10,1820__pred10,neoplastic_like,505.0,56,30,80,60,66.95049504950495,45.205940594059406,0.7980674715649608,0.9439252336448598,32.913557516616635,19.832659699380525,403,0,403,0.7980198019801981,0.0,0.7980198019801981
1820,Cervix,11,1820__pred11,neoplastic_like,601.0,57,2,81,35,69.53743760399334,18.173044925124792,0.7487761427883326,0.953968253968254,34.25750399530027,22.70666050241598,586,0,586,0.9750415973377704,0.0,0.9750415973377704
1820,Cervix,12,1820__pred12,neoplastic_like,1130.0,63,115,98,159,79.42743362831858,136.3778761061947,0.787960495948138,0.9758203799654577,48.37202527610469,29.783903805180348,1130,0,1130,1.0,0.0,1.0
1820,Cervix,13,1820__pred13,neoplastic_like,393.0,72,240,107,256,88.02290076335878,248.25445292620864,0.8895821703584288,0.9357142857142857,34.14868940603995,15.598273642416782,379,0,379,0.9643765903307888,0.0,0.9643765903307888
1820,Cervix,14,1820__pred14,neoplastic_like,652.0,84,34,110,67,96.44171779141104,51.216257668711656,0.6539643480286865,0.9673590504451038,33.30139856058445,25.193352780709482,652,0,652,1.0,0.0,1.0
1820,Cervix,15,1820__pred15,neoplastic_like,726.0,84,169,115,206,98.58677685950413,187.65702479338842,0.8633007823318304,0.9628647214854111,42.853382321502785,21.627663467283142,660,0,660,0.9090909090909091,0.0,0.9090909090909091
1820,Cervix,16,1820__pred16,neoplastic_like,563.0,87,67,112,102,99.75488454706927,81.82770870337478,0.8263698175022987,0.9723661485319517,35.953268049216156,20.246284917762225,484,0,484,0.8596802841918295,0.0,0.8596802841918295
1820,Cervix,17,1820__pred17,neoplastic_like,632.0,93,110,123,140,108.09018987341773,124.16930379746836,0.789290456781914,0.9708141321044547,36.27176258213919,22.271588086982504,607,0,607,0.9604430379746836,0.0,0.9604430379746836
1820,Cervix,18,1820__pred18,neoplastic_like,699.0,106,159,135,192,120.79971387696709,174.69384835479255,0.7682810796183279,0.9694868238557559,37.43066693692266,23.9598427613408,699,0,699,1.0,0.0,1.0
1820,Cervix,19,1820__pred19,neoplastic_like,725.0,107,76,136,109,121.92413793103448,93.18344827586206,0.6051091415981223,0.9526938239159002,34.50764287650627,27.47300207542239,621,0,621,0.856551724137931,0.0,0.856551724137931
1820,Cervix,20,1820__pred20,neoplastic_like,251.0,108,1,125,20,115.44621513944223,8.812749003984063,0.6147045335675424,0.9580152671755725,20.54212643807897,16.20275554659872,245,0,245,0.9760956175298805,0.0,0.9760956175298805
1820,Cervix,21,1820__pred21,neoplastic_like,358.0,130,121,156,146,141.64245810055866,133.42737430167597,0.8947197574403006,0.9572192513368984,32.26406310780409,14.410033445380325,357,0,357,0.9972067039106145,0.0,0.9972067039106145
1820,Cervix,22,1820__pred22,unmatched,169.0,131,2,144,20,136.55029585798817,10.207100591715976,0.799800235764051,0.9388888888888889,18.964417805630237,11.383700148905762,0,0,0,0.0,0.0,0.0
1820,Cervix,23,1820__pred23,neoplastic_like,577.0,142,82,165,117,152.8734835355286,98.58578856152513,0.8021130890184142,0.9616666666666667,35.098907738590796,20.960090657988907,577,0,577,1.0,0.0,1.0
1820,Cervix,24,1820__pred24,neoplastic_like,312.0,143,163,165,184,153.4647435897436,173.41346153846155,0.8170762612366657,0.9659442724458205,26.332255307092442,15.181324702589963,310,0,310,0.9935897435897436,0.0,0.9935897435897436
1820,Cervix,25,1820__pred25,unmatched,81.0,162,14,173,25,166.80246913580248,19.123456790123456,0.7566294975897969,0.9529411764705882,12.601546088394754,8.239443633899509,0,0,0,0.0,0.0,0.0
1820,Cervix,26,1820__pred26,neoplastic_like,464.0,164,75,187,101,175.29310344827587,87.65732758620689,0.5170195881309447,0.9686847599164927,26.277513304344843,22.492856765634233,464,0,464,1.0,0.0,1.0
1820,Cervix,27,1820__pred27,normal_like,91.0,166,48,178,57,171.67032967032966,52.120879120879124,0.6407723312339417,0.978494623655914,12.273677945973947,9.422882492901783,0,91,91,0.0,1.0,1.0
1820,Cervix,28,1820__pred28,neoplastic_like,214.0,170,16,186,35,178.20560747663552,24.58411214953271,0.725833401362127,0.9511111111111111,19.98159619426976,13.744751272235076,197,0,197,0.9205607476635514,0.0,0.9205607476635514
1820,Cervix,29,1820__pred29,neoplastic_like,568.0,172,115,198,145,184.18133802816902,129.9911971830986,0.7564398253275737,0.9676320272572402,33.26417506956751,21.756875869885754,568,0,568,1.0,0.0,1.0
1820,Cervix,30,1820__pred30,normal_like,125.0,173,55,186,68,179.112,61.144,0.5039504464348237,0.9541984732824428,13.586034326619519,11.73470030618235,0,125,125,0.0,1.0,1.0
1820,Cervix,31,1820__pred31,normal_like,197.0,178,207,194,223,185.51269035532994,214.80710659898477,0.5603199625601701,0.9752475247524752,17.403842846826773,14.415189617764366,0,197,197,0.0,1.0,1.0
1820,Cervix,32,1820__pred32,neoplastic_like,365.0,193,163,216,188,203.9917808219178,174.96712328767123,0.8495017772425665,0.9630606860158312,29.714325412265712,15.67685485151861,321,0,321,0.8794520547945206,0.0,0.8794520547945206
1820,Cervix,33,1820__pred33,neoplastic_like,452.0,198,44,219,72,208.1769911504425,57.75,0.7050203404151696,0.9658119658119658,28.502433877007014,20.21355795785785,439,0,439,0.9712389380530974,0.0,0.9712389380530974
1820,Cervix,34,1820__pred34,unmatched,377.0,199,89,219,115,208.3289124668435,101.61538461538461,0.7844283359693285,0.9666666666666667,27.873499572588667,17.287687014239257,0,0,0,0.0,0.0,0.0
1820,Cervix,35,1820__pred35,neoplastic_like,726.0,206,118,235,159,219.49586776859505,139.1487603305785,0.8923211600267753,0.9603174603174603,45.518671754102414,20.547178212308303,726,0,726,1.0,0.0,1.0
1820,Cervix,36,1820__pred36,neoplastic_like,477.0,207,202,236,230,219.9098532494759,216.46121593291406,0.8794012057171952,0.9636363636363636,35.877286332263544,17.080509457247192,473,0,473,0.9916142557651991,0.0,0.9916142557651991
1820,Cervix,37,1820__pred37,neoplastic_like,702.0,221,104,253,137,236.65242165242165,120.16666666666667,0.8199131756532982,0.9722991689750693,39.56834405309622,22.65239780443714,701,0,701,0.9985754985754985,0.0,0.9985754985754985
1820,Cervix,38,1820__pred38,neoplastic_like,1063.0,223,61,255,104,238.41580432737535,82.1241768579492,0.7623710150678887,0.9779208831646734,45.78359859937522,29.628407045662335,1063,0,1063,1.0,0.0,1.0
1820,Cervix,39,1820__pred39,neoplastic_like,489.0,228,199,256,224,241.85071574642126,210.53374233128835,0.7624019255194082,0.9588235294117647,31.084140971618545,20.114665165797017,487,0,487,0.9959100204498977,0.0,0.9959100204498977
1820,Cervix,40,1820__pred40,neoplastic_like,286.0,235,239,256,256,246.2027972027972,248.04545454545453,0.6324652813926138,0.9761092150170648,22.093851355783233,17.113647794558922,286,0,286,1.0,0.0,1.0
1820,Cervix,41,1820__pred41,neoplastic_like,283.0,243,168,255,197,248.81625441696113,182.08833922261485,0.9067414130693706,0.9593220338983051,29.38554015382398,12.391503192624548,281,0,281,0.9929328621908127,0.0,0.9929328621908127
1820,Cervix,42,1820__pred42,neoplastic_like,56.0,249,148,255,162,252.26785714285714,154.28571428571428,0.9169514315583566,0.9180327868852459,13.726194890807593,5.476735801922283,53,0,53,0.9464285714285714,0.0,0.9464285714285714
1844,Colon,1,1844__pred1,normal_like,1116.0,0,0,41,32,18.344086021505376,14.50268817204301,0.6189031995115057,0.9772329246935202,42.94009028023621,33.728035414715265,0,1046,1046,0.0,0.9372759856630825,0.9372759856630825
1844,Colon,2,1844__pred2,normal_like,2154.0,2,59,77,102,37.928969359331475,80.86304549675023,0.9193063965345167,0.9369290996085254,84.64196502310726,33.310215895362454,0,1178,1178,0.0,0.5468895078922934,0.5468895078922934
1844,Colon,3,1844__pred3,normal_like,1583.0,14,33,72,68,42.843967150979154,50.01073910296905,0.7941893425330636,0.9693815064298836,57.65491299491703,35.03518276882519,0,1583,1583,0.0,1.0,1.0
1844,Colon,4,1844__pred4,normal_like,933.0,20,198,61,233,40.650589496248664,213.63772775991424,0.7790721070324713,0.9569230769230769,44.07860850362001,27.63439281612777,0,906,906,0.0,0.9710610932475884,0.9710610932475884
1844,Colon,5,1844__pred5,normal_like,1625.0,25,130,106,166,63.22092307692308,149.77046153846155,0.9577935690993972,0.9296338672768879,86.59384324822298,24.891999190332985,0,1122,1122,0.0,0.6904615384615385,0.6904615384615385
1844,Colon,6,1844__pred6,normal_like,1433.0,31,107,94,137,61.34822051639916,122.40614096301465,0.9021014387635957,0.9708672086720868,65.31881419461898,28.18663836848099,0,1361,1361,0.0,0.9497557571528262,0.9497557571528262
1844,Colon,7,1844__pred7,unmatched,1392.0,55,183,130,219,90.8764367816092,201.11206896551724,0.9505243814870361,0.9336016096579477,76.24904763733433,23.686763911608992,0,148,148,0.0,0.10632183908045977,0.10632183908045977
1844,Colon,8,1844__pred8,unmatched,1047.0,55,216,102,247,78.12416427889207,231.77363896848138,0.8092100940113848,0.9632014719411224,47.77668197908751,28.069726651027267,0,146,146,0.0,0.13944603629417382,0.13944603629417382
1844,Colon,9,1844__pred9,normal_like,1194.0,63,165,124,193,92.63400335008376,178.3718592964824,0.9237829004304369,0.9598070739549839,63.13128545953207,24.174019680949318,0,888,888,0.0,0.7437185929648241,0.7437185929648241
1844,Colon,10,1844__pred10,unmatched,405.0,82,1,110,25,98.24197530864197,10.088888888888889,0.8328396527160086,0.9597156398104265,31.56792823270402,17.47330062663597,0,0,0,0.0,0.0,0.0
1844,Colon,11,1844__pred11,normal_like,727.0,95,43,128,82,110.21320495185695,62.13755158184319,0.8963598568704174,0.9249363867684478,46.78934734925199,20.74299038876802,0,714,714,0.0,0.9821182943603851,0.9821182943603851
1844,Colon,12,1844__pred12,normal_like,406.0,101,88,130,116,114.89655172413794,102.80049261083744,0.9288319860824589,0.9419953596287703,37.78380064002819,13.99894360152964,0,406,406,0.0,1.0,1.0
1844,Colon,13,1844__pred13,normal_like,972.0,103,125,146,162,124.66255144032922,142.5216049382716,0.8626833122108222,0.9681274900398407,49.83070425229831,25.201604781749936,0,972,972,0.0,1.0,1.0
1844,Colon,14,1844__pred14,normal_like,923.0,120,29,149,76,134.44853737811485,51.00541711809318,0.877160909349224,0.9495884773662552,50.415979979265025,24.209580305932956,0,923,923,0.0,1.0,1.0
1844,Colon,15,1844__pred15,normal_like,950.0,161,189,195,230,177.02315789473684,209.82105263157894,0.8108689858744623,0.9634888438133874,45.56702686072148,26.667087372768396,0,950,950,0.0,1.0,1.0
1844,Colon,16,1844__pred16,normal_like,756.0,163,144,190,189,175.50661375661375,166.07407407407408,0.9132484943602476,0.9618320610687023,48.813671283907716,19.886835112007763,0,756,756,0.0,1.0,1.0
1844,Colon,17,1844__pred17,normal_like,903.0,171,0,223,21,196.7718715393134,9.070874861572536,0.9176688254956573,0.9720129171151776,54.11089926090185,21.50075502904948,0,903,903,0.0,1.0,1.0
1844,Colon,18,1844__pred18,normal_like,2637.0,189,25,254,82,221.61205915813423,52.4835039817975,0.7086982804295242,0.9411134903640257,69.88683920757028,49.30598216635093,0,2372,2372,0.0,0.8995070155479712,0.8995070155479712
1844,Colon,19,1844__pred19,normal_like,605.0,201,215,231,246,216.79338842975207,228.46611570247933,0.8171891083490406,0.971107544141252,37.001576848198425,21.326585504380557,0,605,605,0.0,1.0,1.0
1844,Colon,20,1844__pred20,normal_like,827.0,221,104,254,139,237.25997581620314,120.69407496977026,0.7137108132771648,0.9627473806752037,38.85852706350376,27.218085597785556,0,765,765,0.0,0.9250302297460702,0.9250302297460702
1844,Colon,21,1844__pred21,normal_like,256.0,244,124,256,157,250.21484375,140.66796875,0.9386345148727285,0.9110320284697508,31.635594641663683,10.91154023326176,0,229,229,0.0,0.89453125,0.89453125
1850,Colon,1,1850__pred1,normal_like,583.0,0,176,23,209,9.547169811320755,192.0188679245283,0.7182698590031865,0.96843853820598,33.054302572726556,22.998014344980948,0,496,496,0.0,0.8507718696397941,0.8507718696397941
1850,Colon,2,1850__pred2,normal_like,923.0,27,130,78,158,52.86457204767064,143.74322860238354,0.924491683011423,0.9486125385405961,56.03074171861122,21.359042801385144,0,917,917,0.0,0.9934994582881906,0.9934994582881906
1850,Colon,3,1850__pred3,normal_like,858.0,33,164,68,195,49.142191142191145,178.53962703962705,0.6279355840391317,0.9727891156462585,37.611009557729005,29.271344243571615,0,858,858,0.0,1.0,1.0
1850,Colon,4,1850__pred4,normal_like,1037.0,67,218,102,255,83.96142719382836,236.13789778206365,0.4439673819806472,0.9764595103578154,38.3921322474193,34.400999339203864,0,1037,1037,0.0,1.0,1.0
1850,Colon,5,1850__pred5,normal_like,1207.0,76,55,148,82,108.7837613918807,69.61309030654515,0.9521183601248663,0.9342105263157895,72.44494085497607,22.148567528407888,0,1109,1109,0.0,0.9188069594034797,0.9188069594034797
1850,Colon,6,1850__pred6,normal_like,1085.0,93,0,142,27,116.51244239631336,11.637788018433179,0.8381159290856224,0.9748427672955975,50.771008238789236,27.695186614092812,0,1085,1085,0.0,1.0,1.0
1850,Colon,7,1850__pred7,normal_like,1061.0,103,123,136,167,119.41847313854853,142.2827521206409,0.6205545353881571,0.963669391462307,41.833880066923214,32.80459311278332,0,1061,1061,0.0,1.0,1.0
1850,Colon,8,1850__pred8,normal_like,929.0,111,210,147,244,127.67922497308935,226.41227125941873,0.3749706164063933,0.9677083333333333,35.81914940147284,33.20566593594628,0,929,929,0.0,1.0,1.0
1850,Colon,9,1850__pred9,normal_like,1199.0,148,1,196,43,170.51459549624687,19.87322768974145,0.8820980746200121,0.9787755102040816,57.28373308153024,26.984407479414124,0,1179,1179,0.0,0.9833194328607172,0.9833194328607172
1850,Colon,10,1850__pred10,normal_like,879.0,148,215,187,254,166.68941979522185,233.5631399317406,0.8767505212841484,0.9596069868995634,48.389913180497715,23.272908446917356,0,852,852,0.0,0.9692832764505119,0.9692832764505119
1850,Colon,11,1850__pred11,normal_like,1227.0,151,158,190,199,170.1882640586797,178.27872860635696,0.5839230441306023,0.9792498004788508,43.915997174926495,35.65140245524723,0,1227,1227,0.0,1.0,1.0
1850,Colon,12,1850__pred12,normal_like,450.0,153,84,179,108,165.6911111111111,95.24222222222222,0.6845963078848624,0.9656652360515021,28.093912594074336,20.47828277175525,0,450,450,0.0,1.0,1.0
1850,Colon,13,1850__pred13,normal_like,813.0,192,80,226,111,208.94341943419434,94.55719557195572,0.40438242389310997,0.9806996381182147,33.67774562680222,30.801329136163172,0,806,806,0.0,0.991389913899139,0.991389913899139
1850,Colon,14,1850__pred14,normal_like,810.0,201,157,233,189,217.30493827160493,171.90740740740742,0.3578145147695607,0.9747292418772563,33.28953876893355,31.08552769071679,0,809,809,0.0,0.9987654320987654,0.9987654320987654
1850,Colon,15,1850__pred15,normal_like,1287.0,217,203,255,253,236.1173271173271,226.94094794094795,0.8593076255146715,0.9742619227857684,56.76951063117767,29.03528246853125,0,1237,1237,0.0,0.9611499611499611,0.9611499611499611
1850,Colon,16,1850__pred16,normal_like,522.0,232,23,256,52,244.183908045977,37.660919540229884,0.6635750549328284,0.9648798521256932,29.95462468254473,22.40934575007679,0,522,522,0.0,1.0,1.0
1850,Colon,17,1850__pred17,normal_like,282.0,240,80,255,105,248.0744680851064,92.33687943262412,0.7768750104251655,0.9527027027027027,24.337490365345005,15.324218614390002,0,282,282,0.0,1.0,1.0
1943,Colon,1,1943__pred1,normal_like,773.0,1,106,34,145,16.97412677878396,125.72056921086676,0.8924775570873136,0.96625,46.784804955363235,21.104241779786875,0,739,739,0.0,0.9560155239327296,0.9560155239327296
1943,Colon,2,1943__pred2,normal_like,102.0,1,222,9,240,3.8529411764705883,230.63725490196077,0.8789074684206701,0.9622641509433962,16.92019813775958,8.070804362668214,0,102,102,0.0,1.0,1.0
1943,Colon,3,1943__pred3,normal_like,555.0,7,0,35,29,19.97117117117117,12.396396396396396,0.7999786534006056,0.9652173913043478,34.66086991512642,20.79750843478999,0,467,467,0.0,0.8414414414414414,0.8414414414414414
1943,Colon,4,1943__pred4,normal_like,797.0,7,27,32,71,19.607277289836887,49.360100376411545,0.867270231656806,0.9767156862745098,45.34643206126978,22.57516206247588,0,746,746,0.0,0.9360100376411543,0.9360100376411543
1943,Colon,5,1943__pred5,normal_like,720.0,7,195,47,238,22.725,217.6486111111111,0.9489783521919781,0.8910891089108911,56.25328361173455,17.738979265078687,0,718,718,0.0,0.9972222222222222,0.9972222222222222
1943,Colon,6,1943__pred6,normal_like,729.0,30,198,68,234,47.61454046639232,215.8148148148148,0.9197932330980054,0.9604743083003953,48.80365955585669,19.15072069941668,0,729,729,0.0,1.0,1.0
1943,Colon,7,1943__pred7,normal_like,578.0,33,160,62,187,47.07093425605537,172.64186851211073,0.45645237301694647,0.9649415692821369,28.858089761856615,25.67642323294563,0,568,568,0.0,0.9826989619377162,0.9826989619377162
1943,Colon,8,1943__pred8,normal_like,905.0,37,21,65,62,49.98232044198895,40.56022099447514,0.7670258577426511,0.9794372294372294,42.413844300746646,27.213409126781578,0,843,843,0.0,0.9314917127071823,0.9314917127071823
1943,Colon,9,1943__pred9,normal_like,826.0,47,59,74,102,60.416464891041166,80.33777239709443,0.7996369927218118,0.9615832363213038,42.0132479106581,25.22827076098735,0,756,756,0.0,0.9152542372881356,0.9152542372881356
1943,Colon,10,1943__pred10,normal_like,582.0,50,128,92,152,70.08934707903781,140.4295532646048,0.9337383130715642,0.9478827361563518,46.05668934683723,16.486285325007483,0,548,548,0.0,0.9415807560137457,0.9415807560137457
1943,Colon,11,1943__pred11,normal_like,675.0,55,174,88,200,71.04148148148148,187.3037037037037,0.5883425830030155,0.9684361549497847,32.74449203921243,26.477581877017645,0,670,670,0.0,0.9925925925925926,0.9925925925925926
1943,Colon,12,1943__pred12,normal_like,1266.0,77,27,111,83,93.16034755134281,53.76224328593997,0.88286391226417,0.9686304514154552,58.684872399561826,27.560112615622476,0,1159,1159,0.0,0.915481832543444,0.915481832543444
1943,Colon,13,1943__pred13,normal_like,875.0,92,152,126,190,108.848,170.0217142857143,0.8382895821478404,0.9743875278396437,45.25375425084055,24.673489608683994,0,840,840,0.0,0.96,0.96
1943,Colon,14,1943__pred14,unmatched,303.0,92,182,108,209,98.62376237623762,196.82838283828383,0.8560646432619174,0.9380804953560371,27.985678440105254,14.464923224235687,0,0,0,0.0,0.0,0.0
1943,Colon,15,1943__pred15,normal_like,1321.0,106,56,135,113,120.9114307342922,84.19454958364875,0.8652269031324437,0.97060984570169,58.03756674704334,29.09890425268166,0,1217,1217,0.0,0.9212717638152914,0.9212717638152914
1943,Colon,16,1943__pred16,normal_like,899.0,140,60,167,102,153.42157953281423,80.04560622914349,0.8000838872171665,0.9635584137191854,43.944567190061264,26.36182441479992,0,829,829,0.0,0.9221357063403782,0.9221357063403782
1943,Colon,17,1943__pred17,normal_like,379.0,142,101,162,127,151.5725593667546,112.24538258575198,0.6811945201852084,0.9404466501240695,26.166368691832652,19.156463133950844,0,379,379,0.0,1.0,1.0
1943,Colon,18,1943__pred18,normal_like,715.0,147,160,179,191,162.1160839160839,175.2013986013986,0.6566277977935764,0.9662162162162162,34.80437209943333,26.249971864339553,0,702,702,0.0,0.9818181818181818,0.9818181818181818
1943,Colon,19,1943__pred19,normal_like,754.0,148,226,185,255,165.20159151193633,240.53846153846155,0.7690074467179027,0.9716494845360825,39.215399989491054,25.06804521268222,0,754,754,0.0,1.0,1.0
1943,Colon,20,1943__pred20,normal_like,639.0,162,107,186,145,173.61658841940533,125.58528951486699,0.8606967585773723,0.9523099850968704,40.13776819135363,20.434858368040214,0,505,505,0.0,0.7902973395931142,0.7902973395931142
1943,Colon,21,1943__pred21,unmatched,448.0,171,73,188,107,178.71875,89.61383928571429,0.9015674676322069,0.9471458773784355,36.496507929584666,15.789795695446067,0,0,0,0.0,0.0,0.0
1943,Colon,22,1943__pred22,normal_like,901.0,190,85,216,130,202.19533851276358,106.67702552719201,0.8039541971646952,0.9709051724137931,43.93159975063809,26.125736715648383,0,875,875,0.0,0.9711431742508324,0.9711431742508324
1943,Colon,23,1943__pred23,normal_like,724.0,192,127,217,167,203.9889502762431,146.957182320442,0.8234168262275716,0.9653333333333334,40.34991863238569,22.896036114715212,0,712,712,0.0,0.9834254143646409,0.9834254143646409
1943,Colon,24,1943__pred24,normal_like,614.0,209,230,240,255,223.44788273615634,242.80944625407167,0.7044740312400659,0.9746031746031746,33.326507471779315,23.65281431578034,0,607,607,0.0,0.988599348534202,0.988599348534202
1943,Colon,25,1943__pred25,normal_like,858.0,216,113,242,159,228.07692307692307,135.2039627039627,0.8513773138920727,0.9629629629629629,45.80112179911298,24.02515162374291,0,736,736,0.0,0.8578088578088578,0.8578088578088578
1943,Colon,26,1943__pred26,normal_like,572.0,221,204,254,229,236.24125874125875,216.4020979020979,0.8320965319390227,0.9645868465430016,36.307613270831375,20.137321812961922,0,571,571,0.0,0.9982517482517482,0.9982517482517482
1949,Colon,1,1949__pred1,normal_like,529.0,195,144,237,168,214.66162570888469,155.18147448015122,0.924853276951939,0.9412811387900356,43.202873258067825,16.43109360930288,0,529,529,0.0,1.0,1.0
1949,Colon,2,1949__pred2,normal_like,318.0,237,182,255,206,246.92767295597486,193.51257861635222,0.6139684452159954,0.9607250755287009,23.113153393315752,18.24391853574552,0,315,315,0.0,0.9905660377358491,0.9905660377358491
1956,Colon,1,1956__pred1,normal_like,295.0,0,12,15,41,6.125423728813559,26.91864406779661,0.8410658459825824,0.9516129032258065,26.97398821404025,14.59111369038315,0,293,293,0.0,0.9932203389830508,0.9932203389830508
1956,Colon,2,1956__pred2,normal_like,629.0,0,186,27,218,11.356120826709063,199.7058823529412,0.7202527528399166,0.9721792890262752,34.42457139560256,23.880729168079057,0,530,530,0.0,0.8426073131955485,0.8426073131955485
1956,Colon,3,1956__pred3,normal_like,947.0,1,213,41,245,20.051742344244985,228.74445617740233,0.7224196903035972,0.9673135852911133,41.79429021506606,28.898864111596062,0,933,933,0.0,0.9852164730728616,0.9852164730728616
1956,Colon,4,1956__pred4,normal_like,672.0,6,238,59,255,34.992559523809526,247.1875,0.949356447999752,0.9545454545454546,53.28021007495973,16.74070090206567,0,580,580,0.0,0.8630952380952381,0.8630952380952381
1956,Colon,5,1956__pred5,normal_like,1149.0,64,223,115,256,92.6692776327241,241.34638816362053,0.8045118942188816,0.9639261744966443,50.85547931743209,30.20492736218293,0,237,237,0.0,0.206266318537859,0.206266318537859
1956,Colon,6,1956__pred6,unmatched,1281.0,134,221,182,255,156.88446526151444,238.56049960967994,0.7360192341389353,0.9711902956785443,49.43350598536974,33.46453707775357,0,143,143,0.0,0.11163153786104606,0.11163153786104606
1956,Colon,7,1956__pred7,normal_like,540.0,200,239,237,256,217.77037037037036,247.26111111111112,0.8871535157532779,0.9694793536804309,38.7870848994907,17.899247472697397,0,540,540,0.0,1.0,1.0
1956,Colon,8,1956__pred8,normal_like,1100.0,221,181,256,224,239.76181818181817,200.71818181818182,0.7405016642789665,0.9683098591549296,46.06469057095898,30.95798376242968,0,1049,1049,0.0,0.9536363636363636,0.9536363636363636
1981,Colon,1,1981__pred1,normal_like,677.0,0,129,25,162,10.768094534711965,145.04579025110783,0.6320981839565738,0.9713055954088953,33.80854872556346,26.19784902983506,0,546,546,0.0,0.8064992614475628,0.8064992614475628
1981,Colon,2,1981__pred2,normal_like,674.0,5,88,33,119,18.311572700296736,103.05786350148368,0.40648278165725726,0.9782293178519593,30.653286874290522,28.006634320669487,0,674,674,0.0,1.0,1.0
1981,Colon,3,1981__pred3,normal_like,276.0,47,56,66,75,55.97463768115942,65.17028985507247,0.5557465845755905,0.9752650176678446,20.580252516094575,17.109428963319246,0,276,276,0.0,1.0,1.0
1981,Colon,4,1981__pred4,normal_like,533.0,57,78,83,104,70.30393996247655,90.25328330206379,0.4536836392745699,0.970856102003643,27.652220055063548,24.642630150707248,0,533,533,0.0,1.0,1.0
1981,Colon,5,1981__pred5,normal_like,677.0,71,47,108,78,89.1536189069424,61.85819793205317,0.8579137397420115,0.9521800281293952,41.569884039451246,21.35834651152844,0,677,677,0.0,1.0,1.0
1981,Colon,6,1981__pred6,normal_like,727.0,82,151,113,181,97.58321870701513,165.0123796423659,0.32094280518049356,0.9758389261744966,31.291005816946793,29.63566710273617,0,727,727,0.0,1.0,1.0
1981,Colon,7,1981__pred7,normal_like,532.0,84,100,108,129,95.56203007518798,114.14661654135338,0.6838074372064458,0.9637681159420289,30.50544054667432,22.258676533703934,0,530,530,0.0,0.9962406015037594,0.9962406015037594
1981,Colon,8,1981__pred8,normal_like,988.0,88,216,121,256,105.16497975708502,237.42712550607288,0.736075044038427,0.9695780176643768,43.66730388425178,29.558395404107262,0,988,988,0.0,1.0,1.0
1981,Colon,9,1981__pred9,normal_like,968.0,91,11,136,55,111.78202479338843,33.87603305785124,0.9277462949438574,0.9166666666666666,58.67596719468547,21.89854482554515,0,968,968,0.0,1.0,1.0
1981,Colon,10,1981__pred10,normal_like,277.0,119,0,146,13,131.44404332129963,5.1732851985559565,0.857474857475137,0.9719298245614035,26.716072999580735,13.74611064854013,0,276,276,0.0,0.9963898916967509,0.9963898916967509
1981,Colon,11,1981__pred11,normal_like,856.0,123,119,160,149,141.14953271028037,133.09345794392524,0.7207087978213219,0.9650507328072153,39.75366873666482,27.55875105794936,0,856,856,0.0,1.0,1.0
1981,Colon,12,1981__pred12,normal_like,399.0,149,59,170,84,158.94486215538848,70.17543859649123,0.5935196209601578,0.9637681159420289,25.202159571321232,20.283189965432175,0,399,399,0.0,1.0,1.0
1981,Colon,13,1981__pred13,normal_like,503.0,153,188,177,219,163.55666003976143,203.14711729622266,0.6535631288117618,0.9654510556621881,29.36061068838808,22.222224371004167,0,494,494,0.0,0.9821073558648111,0.9821073558648111
1981,Colon,14,1981__pred14,normal_like,829.0,155,0,183,43,168.01326899879373,20.329312424607963,0.8805524371090174,0.9684579439252337,47.2972755903882,22.416484039458826,0,829,829,0.0,1.0,1.0
1981,Colon,15,1981__pred15,normal_like,725.0,163,153,194,188,177.73931034482757,170.35862068965517,0.8030938230277543,0.9628154050464808,39.78485918111577,23.70591146614219,0,725,725,0.0,1.0,1.0
1981,Colon,16,1981__pred16,normal_like,638.0,168,214,196,244,181.64576802507838,229.02507836990597,0.5323207014357886,0.9666666666666667,30.988762277942275,26.23331282939068,0,638,638,0.0,1.0,1.0
1981,Colon,17,1981__pred17,normal_like,751.0,180,27,211,59,195.25699067909454,42.74833555259654,0.46109901657127683,0.9665379665379665,32.85422759031013,29.153155799751673,0,751,751,0.0,1.0,1.0
1981,Colon,18,1981__pred18,normal_like,664.0,189,90,217,120,201.8524096385542,104.75150602409639,0.5780411838454227,0.9750367107195301,32.278767351551686,26.339719210900505,0,556,556,0.0,0.8373493975903614,0.8373493975903614
1981,Colon,19,1981__pred19,normal_like,1052.0,213,45,249,86,229.59790874524714,65.50760456273764,0.6984870931960476,0.9740740740740741,43.35446889669839,31.025440025567413,0,781,781,0.0,0.7423954372623575,0.7423954372623575
1981,Colon,20,1981__pred20,normal_like,816.0,219,135,250,169,233.5514705882353,151.32720588235293,0.6411447667497433,0.9760765550239234,36.89441254287143,28.313508431122973,0,758,758,0.0,0.928921568627451,0.928921568627451
1981,Colon,21,1981__pred21,normal_like,424.0,231,20,254,44,241.9811320754717,30.92452830188679,0.41018647366131106,0.9614512471655329,24.41683272783053,22.268192367695598,0,376,376,0.0,0.8867924528301887,0.8867924528301887
1981,Colon,22,1981__pred22,normal_like,393.0,235,109,255,133,245.44274809160305,119.69974554707379,0.6369267028790059,0.9800498753117207,25.737904293569905,19.841977500731772,0,393,393,0.0,1.0,1.0
1981,Colon,23,1981__pred23,normal_like,824.0,235,176,255,255,247.9878640776699,212.23665048543688,0.9790283733550175,0.789272030651341,80.52625820926616,16.40512668215753,0,680,680,0.0,0.8252427184466019,0.8252427184466019
2017,Colon,1,2017__pred1,normal_like,891.0,10,73,48,107,27.874298540965206,90.08417508417509,0.7934025949801461,0.9705882352941176,43.325448027980094,26.372080362189667,0,890,890,0.0,0.9988776655443322,0.9988776655443322
2017,Colon,2,2017__pred2,normal_like,301.0,51,24,71,43,61.009966777408636,32.52823920265781,0.6810133724395669,0.9804560260586319,22.930540015310328,16.791368984019464,0,301,301,0.0,1.0,1.0
2017,Colon,3,2017__pred3,normal_like,569.0,55,232,90,255,73.87873462214411,244.4182776801406,0.8333720561754591,0.964406779661017,36.864452453905194,20.375440619844266,0,569,569,0.0,1.0,1.0
2017,Colon,4,2017__pred4,unmatched,660.0,79,198,111,232,94.16515151515152,214.1530303030303,0.866958780598061,0.9579100145137881,41.111187110653425,20.488987177178856,0,0,0,0.0,0.0,0.0
2017,Colon,5,2017__pred5,normal_like,722.0,82,59,111,93,95.6371191135734,76.03047091412742,0.7655677761629378,0.9704301075268817,37.90986079191128,24.38950803790758,0,712,712,0.0,0.9861495844875346,0.9861495844875346
2017,Colon,6,2017__pred6,normal_like,825.0,103,5,133,40,117.14787878787878,22.16,0.514758692469724,0.975177304964539,35.044317388085496,30.044723655539713,0,801,801,0.0,0.9709090909090909,0.9709090909090909
2017,Colon,7,2017__pred7,normal_like,628.0,107,134,135,171,121.18152866242038,151.18630573248407,0.8846216495541989,0.9646697388632872,41.56734397990964,19.383246823771398,0,614,614,0.0,0.9777070063694268,0.9777070063694268
2017,Colon,8,2017__pred8,normal_like,839.0,225,100,255,138,241.74493444576876,116.8772348033373,0.7721438886414358,0.9490950226244343,41.99631158415734,26.68646078758195,0,839,839,0.0,1.0,1.0
2017,Colon,9,2017__pred9,normal_like,404.0,231,147,255,168,243.21534653465346,156.85148514851485,0.49058861435726375,0.964200477326969,24.348158587944976,21.216773756617457,0,404,404,0.0,1.0,1.0
2017,Colon,10,2017__pred10,normal_like,428.0,236,174,255,203,246.2032710280374,189.15420560747663,0.756913979034451,0.9661399548532731,29.260088335573048,19.12189259478055,0,428,428,0.0,1.0,1.0
2017,Colon,11,2017__pred11,normal_like,441.0,241,46,255,89,248.0997732426304,65.43310657596372,0.9507286900829357,0.9264705882352942,43.57141291165171,13.508189146868386,0,441,441,0.0,1.0,1.0
2021,Colon,1,2021__pred1,normal_like,723.0,3,205,35,235,18.024896265560166,219.35408022130014,0.5091163093378764,0.9691689008042895,32.771446840804664,28.20630992638072,0,600,600,0.0,0.8298755186721992,0.8298755186721992
2021,Colon,2,2021__pred2,normal_like,1096.0,22,63,71,101,47.41240875912409,82.31021897810218,0.8983500904986469,0.9588801399825022,56.78291692754472,24.943612448147267,0,1074,1074,0.0,0.9799270072992701,0.9799270072992701
2021,Colon,3,2021__pred3,normal_like,1389.0,35,163,88,202,59.45860331173506,181.21022318214543,0.8322164099135325,0.9625779625779626,57.05159270361157,31.632309316394583,0,1389,1389,0.0,1.0,1.0
2021,Colon,4,2021__pred4,normal_like,469.0,91,240,136,255,113.08528784648188,248.33262260127933,0.9286418061722027,0.9571428571428572,41.71028377927475,15.473581878387572,0,469,469,0.0,1.0,1.0
2021,Colon,5,2021__pred5,normal_like,1089.0,112,182,154,226,132.8374655647383,203.68044077134985,0.880276163932778,0.9586267605633803,54.33369394032874,25.77925510193487,0,1089,1089,0.0,1.0,1.0
2021,Colon,6,2021__pred6,normal_like,362.0,133,108,168,134,149.18232044198896,120.27900552486187,0.9690182477371285,0.9354005167958657,43.47937404089521,10.738933226262436,0,362,362,0.0,1.0,1.0
2021,Colon,7,2021__pred7,normal_like,456.0,166,235,194,255,179.37938596491227,245.51315789473685,0.6928472317961032,0.9640591966173362,28.653274699757056,20.661429424098177,0,456,456,0.0,1.0,1.0
2021,Colon,8,2021__pred8,unmatched,285.0,214,0,242,14,228.37543859649122,5.757894736842105,0.8531101690053104,0.9437086092715232,27.175265683795974,14.178173414582728,0,0,0,0.0,0.0,0.0
2028,Colon,1,2028__pred1,normal_like,1001.0,1,10,50,44,19.117882117882118,26.84115884115884,0.7176804123277218,0.8272727272727273,46.46250013003849,32.3552129431501,0,998,998,0.0,0.997002997002997,0.997002997002997
2028,Colon,2,2028__pred2,normal_like,632.0,5,168,56,210,28.806962025316455,188.98417721518987,0.9812154120646615,0.9199417758369723,65.31314358749714,12.599905053530424,0,632,632,0.0,1.0,1.0
2028,Colon,3,2028__pred3,normal_like,1114.0,52,95,98,137,73.61938958707361,116.71184919210054,0.8928412309136562,0.9720767888307156,56.38900458298389,25.396003605536926,0,772,772,0.0,0.6929982046678635,0.6929982046678635
2028,Colon,4,2028__pred4,normal_like,354.0,65,4,87,29,74.08474576271186,13.790960451977401,0.736763073400385,0.9147286821705426,26.706002806763312,18.057290481531677,0,354,354,0.0,1.0,1.0
2028,Colon,5,2028__pred5,normal_like,1607.0,81,20,142,55,110.88861232109521,37.321717485998754,0.8415091122575948,0.9611244019138756,62.00194115733172,33.49610981553968,0,1603,1603,0.0,0.9975108898568762,0.9975108898568762
2028,Colon,6,2028__pred6,normal_like,637.0,95,143,125,186,109.36734693877551,164.85243328100472,0.9458960727119078,0.9465081723625557,50.302287824477915,16.321570829492774,0,632,632,0.0,0.9921507064364207,0.9921507064364207
2028,Colon,7,2028__pred7,normal_like,287.0,106,2,137,15,120.5993031358885,6.888501742160279,0.8864332767010936,0.9471947194719472,29.033283551425978,13.43824107142191,0,287,287,0.0,1.0,1.0
2028,Colon,8,2028__pred8,normal_like,610.0,180,226,206,256,191.9360655737705,240.9049180327869,0.6208284539651493,0.9713375796178344,31.52693245376542,24.71542666149513,0,558,558,0.0,0.9147540983606557,0.9147540983606557
2028,Colon,9,2028__pred9,normal_like,1261.0,192,136,254,190,222.41712926249008,164.34258524980174,0.967834891662339,0.9596651445966514,80.30180492701368,20.202826984171956,0,1185,1185,0.0,0.9397303727200634,0.9397303727200634
2028,Colon,10,2028__pred10,normal_like,1194.0,200,25,254,72,225.91708542713567,49.86013400335008,0.9434537560716538,0.9350039154267815,68.85428607422602,22.82548248105636,0,1026,1026,0.0,0.8592964824120602,0.8592964824120602
2028,Colon,11,2028__pred11,normal_like,854.0,210,188,255,234,234.9320843091335,208.9121779859485,0.950827985566713,0.953125,60.559019620441475,18.756306655577816,0,841,841,0.0,0.9847775175644028,0.9847775175644028
2028,Colon,12,2028__pred12,normal_like,254.0,234,17,252,36,242.23622047244095,26.137795275590552,0.4425748854470387,0.9584905660377359,19.009897746285365,17.046775050233947,0,254,254,0.0,1.0,1.0
2030,Colon,1,2030__pred1,normal_like,548.0,24,240,72,255,50.03832116788321,248.12408759124088,0.9497708456304713,0.9664902998236331,48.5649515448679,15.198218334640705,0,548,548,0.0,1.0,1.0
2030,Colon,2,2030__pred2,normal_like,610.0,39,188,83,209,61.678688524590164,197.0393442622951,0.9297444642600475,0.8579465541490858,48.674522148716356,17.922222861841643,0,610,610,0.0,1.0,1.0
2030,Colon,3,2030__pred3,normal_like,687.0,94,191,137,216,113.76855895196506,204.45123726346435,0.8865884376620577,0.9635343618513323,44.39919319158722,20.537251861412894,0,654,654,0.0,0.9519650655021834,0.9519650655021834
2030,Colon,4,2030__pred4,normal_like,1159.0,109,59,161,97,129.7118205349439,75.44521138912856,0.8244842762243989,0.9257188498402555,52.916532561555755,29.944664783061366,0,924,924,0.0,0.7972389991371872,0.7972389991371872
2030,Colon,5,2030__pred5,normal_like,609.0,111,1,181,15,145.14121510673235,7.085385878489327,0.9879918646041338,0.9116766467065869,70.95118304666164,10.962376930252889,0,609,609,0.0,1.0,1.0
2030,Colon,6,2030__pred6,unmatched,573.0,125,158,155,187,139.49214659685865,172.39616055846423,0.8456077327906778,0.9581939799331104,37.023121776758046,19.763120037098947,0,0,0,0.0,0.0,0.0
2030,Colon,7,2030__pred7,normal_like,191.0,167,197,184,212,174.86910994764398,203.95287958115182,0.7321452528201182,0.9597989949748744,18.905569116161672,12.87750073512973,0,191,191,0.0,1.0,1.0
2030,Colon,8,2030__pred8,normal_like,1374.0,179,105,255,159,223.21470160116448,127.44250363901018,0.9715913701746713,0.8207885304659498,92.16931687924047,21.8132294097445,0,1229,1229,0.0,0.8944687045123726,0.8944687045123726
2030,Colon,9,2030__pred9,normal_like,761.0,188,75,233,100,208.36005256241788,87.892247043364,0.8754895190682829,0.9536340852130326,45.55551856475216,22.01411701890593,0,559,559,0.0,0.7345597897503285,0.7345597897503285
2030,Colon,10,2030__pred10,normal_like,676.0,200,11,249,40,224.05769230769232,25.560650887573964,0.954949865007604,0.9548022598870056,54.187365414978416,16.081031278615974,0,621,621,0.0,0.9186390532544378,0.9186390532544378
2030,Colon,11,2030__pred11,normal_like,723.0,210,197,248,232,227.14522821576764,214.63347164591977,0.9062593420106294,0.96271637816245,46.87907368868642,19.816822205194743,0,682,682,0.0,0.9432918395573997,0.9432918395573997
2030,Colon,12,2030__pred12,normal_like,498.0,233,49,255,88,245.3734939759036,64.99799196787149,0.9151516251415768,0.9558541266794626,40.69768767971705,16.405636344499904,0,486,486,0.0,0.9759036144578314,0.9759036144578314
2090,Esophagus,1,2090__pred1,normal_like,332.0,1,161,19,184,8.966867469879517,172.37048192771084,0.6735386825593768,0.967930029154519,24.05327502052395,17.779025752092156,0,332,332,0.0,1.0,1.0
2090,Esophagus,2,2090__pred2,normal_like,245.0,23,101,36,125,29.240816326530613,112.56326530612245,0.8580723640415524,0.9459459459459459,24.68687978803474,12.677423504244283,0,245,245,0.0,1.0,1.0
2090,Esophagus,3,2090__pred3,unmatched,105.0,36,241,52,252,43.04761904761905,245.92380952380952,0.8464977657668082,0.9051724137931034,16.2648379801676,8.6592740653191,0,0,0,0.0,0.0,0.0
2090,Esophagus,4,2090__pred4,normal_like,225.0,41,12,55,33,47.44444444444444,21.706666666666667,0.7818923976202901,0.9297520661157025,21.573075302544808,13.448944417364077,0,221,221,0.0,0.9822222222222222,0.9822222222222222
2090,Esophagus,5,2090__pred5,normal_like,363.0,43,175,65,198,54.14876033057851,186.37465564738292,0.7814047050879271,0.968,27.339399615359266,17.060457590733993,0,363,363,0.0,1.0,1.0
2090,Esophagus,6,2090__pred6,normal_like,292.0,45,219,67,237,55.523972602739725,227.3835616438356,0.6320806911416255,0.948051948051948,21.94927662150262,17.00855096127066,0,292,292,0.0,1.0,1.0
2090,Esophagus,7,2090__pred7,normal_like,464.0,55,190,91,211,73.09482758620689,200.23060344827587,0.9240207209665915,0.9411764705882353,39.60511949163298,15.14271625157091,0,464,464,0.0,1.0,1.0
2090,Esophagus,8,2090__pred8,normal_like,483.0,56,116,75,150,64.44927536231884,130.32505175983437,0.8242470845734318,0.9621513944223108,33.279027798904146,18.843593627867204,0,483,483,0.0,1.0,1.0
2090,Esophagus,9,2090__pred9,normal_like,231.0,65,141,86,155,75.3073593073593,147.62770562770564,0.7390487801305465,0.9705882352941176,20.90092072817966,14.07994524284314,0,231,231,0.0,1.0,1.0
2090,Esophagus,10,2090__pred10,normal_like,361.0,93,208,113,236,103.45983379501385,222.62049861495845,0.8773303523439793,0.9525065963060686,31.273516204236667,15.00775126679675,0,361,361,0.0,1.0,1.0
2090,Esophagus,11,2090__pred11,normal_like,727.0,105,125,140,152,122.17056396148556,139.12379642365886,0.6353113758889144,0.9693333333333334,34.875648983634356,26.932932029570207,0,670,670,0.0,0.921595598349381,0.921595598349381
2090,Esophagus,12,2090__pred12,normal_like,571.0,135,147,152,191,143.00525394045533,169.16287215411558,0.9298523157663525,0.964527027027027,44.468851845791086,16.36155675936192,0,571,571,0.0,1.0,1.0
2090,Esophagus,13,2090__pred13,normal_like,566.0,150,43,174,72,161.98233215547702,56.88339222614841,0.6120940471920767,0.9708404802744426,30.301499996165454,23.961970930461774,0,566,566,0.0,1.0,1.0
2090,Esophagus,14,2090__pred14,unmatched,232.0,170,242,193,256,180.81896551724137,249.3448275862069,0.7661072248955931,0.9469387755102041,22.02197004383614,14.153801628852465,0,0,0,0.0,0.0,0.0
2090,Esophagus,15,2090__pred15,normal_like,306.0,186,128,202,154,194.48366013071896,139.8986928104575,0.7864560235783475,0.9622641509433962,25.3257927996019,15.642381624196707,0,306,306,0.0,1.0,1.0
2090,Esophagus,16,2090__pred16,normal_like,1253.0,199,181,233,241,215.97605746209098,211.69672785315242,0.9026323712725918,0.9564885496183206,61.555382831440035,26.494197787542095,0,1237,1237,0.0,0.9872306464485235,0.9872306464485235
2090,Esophagus,17,2090__pred17,normal_like,107.0,205,37,217,50,209.47663551401868,43.11214953271028,0.3786051256410855,0.9304347826086956,12.315928546766772,11.399109836368496,0,107,107,0.0,1.0,1.0
2090,Esophagus,18,2090__pred18,normal_like,353.0,209,9,226,35,216.46458923512748,21.705382436260624,0.7994905844696376,0.9618528610354223,27.40554093425377,16.461922527430897,0,353,353,0.0,1.0,1.0
2090,Esophagus,19,2090__pred19,normal_like,951.0,215,80,238,135,225.98843322818087,108.13459516298633,0.9138480793257284,0.9625506072874493,54.6789187126712,22.202717342888917,0,915,915,0.0,0.9621451104100947,0.9621451104100947
2090,Esophagus,20,2090__pred20,unmatched,210.0,244,179,256,201,250.11904761904762,189.41904761904763,0.840387405144604,0.963302752293578,22.361890907495713,12.119835623478014,0,0,0,0.0,0.0,0.0
2126,HeadNeck,1,2126__pred1,normal_like,182.0,73,13,96,29,84.29120879120879,20.384615384615383,0.9510533292351793,0.9430051813471503,27.480728089564046,8.492281544664571,0,182,182,0.0,1.0,1.0
2126,HeadNeck,2,2126__pred2,unmatched,163.0,100,185,121,198,109.90184049079754,190.72392638036808,0.9197312183623146,0.9106145251396648,23.105841116106177,9.07016801314281,0,0,0,0.0,0.0,0.0
2126,HeadNeck,3,2126__pred3,normal_like,220.0,110,41,134,62,122.06363636363636,50.35,0.950638215104366,0.9090909090909091,30.904727874363356,9.589781578014579,0,205,205,0.0,0.9318181818181818,0.9318181818181818
2126,HeadNeck,4,2126__pred4,normal_like,248.0,129,188,156,202,141.31854838709677,194.11290322580646,0.9164861774390208,0.9465648854961832,28.258712913944454,11.305360207496898,0,248,248,0.0,1.0,1.0
2126,HeadNeck,5,2126__pred5,normal_like,168.0,182,208,197,222,188.94642857142858,214.54166666666666,0.4488412621182593,0.96,15.478086556618589,13.831396218497941,0,156,156,0.0,0.9285714285714286,0.9285714285714286
2126,HeadNeck,6,2126__pred6,normal_like,105.0,200,75,208,96,203.11428571428573,84.91428571428571,0.9457351696635943,0.875,20.81285197685306,6.762895623581211,0,99,99,0.0,0.9428571428571428,0.9428571428571428
2126,HeadNeck,7,2126__pred7,normal_like,344.0,220,27,244,66,232.34302325581396,46.44767441860465,0.9700736089738439,0.86,44.262027295024055,10.747308153275764,0,335,335,0.0,0.9738372093023255,0.9738372093023255
2131,HeadNeck,1,2131__pred1,unmatched,63.0,8,35,18,44,12.571428571428571,38.84126984126984,0.4628240388664267,0.9264705882352942,9.687100055067104,8.587131518784474,0,0,0,0.0,0.0,0.0
2131,HeadNeck,2,2131__pred2,unmatched,52.0,35,45,42,54,37.94230769230769,48.80769230769231,0.6517488284170841,0.9454545454545454,9.322240725029268,7.070312509986114,0,0,0,0.0,0.0,0.0
2131,HeadNeck,3,2131__pred3,unmatched,87.0,50,234,59,248,54.45977011494253,240.55172413793105,0.816680454283941,0.9157894736842105,13.913241149194153,8.029194353829226,0,0,0,0.0,0.0,0.0
2131,HeadNeck,4,2131__pred4,unmatched,60.0,58,187,67,196,62.05,190.98333333333332,0.5432028213497873,0.9090909090909091,9.637475505712207,8.091638983070908,0,0,0,0.0,0.0,0.0
2131,HeadNeck,5,2131__pred5,unmatched,58.0,72,49,82,57,76.44827586206897,52.672413793103445,0.669262171070007,0.9354838709677419,9.986560667245632,7.42027765161495,0,0,0,0.0,0.0,0.0
2131,HeadNeck,6,2131__pred6,unmatched,51.0,82,152,91,162,86.09803921568627,156.31372549019608,0.881519211919445,0.9444444444444444,11.829562018424829,5.585305865760755,0,0,0,0.0,0.0,0.0
2131,HeadNeck,7,2131__pred7,unmatched,45.0,83,213,91,222,86.31111111111112,216.95555555555555,0.7998584137142646,0.9183673469387755,9.907982052251867,5.946659217559533,0,0,0,0.0,0.0,0.0
2131,HeadNeck,8,2131__pred8,unmatched,61.0,103,181,110,193,105.60655737704919,186.29508196721312,0.8001691633222542,0.9242424242424242,11.446754210384746,6.865469939736424,0,0,0,0.0,0.0,0.0
2131,HeadNeck,9,2131__pred9,unmatched,51.0,110,103,120,110,114.07843137254902,105.7843137254902,0.8027203017916694,0.9444444444444444,10.521050830354904,6.274288598878177,0,0,0,0.0,0.0,0.0
2131,HeadNeck,10,2131__pred10,unmatched,52.0,115,127,123,134,118.5,130.0,0.4823412290324038,1.0,8.682431421244592,7.605665904189708,0,0,0,0.0,0.0,0.0
2131,HeadNeck,11,2131__pred11,unmatched,74.0,138,244,149,253,142.8918918918919,247.97297297297297,0.7768467935068624,0.9367088607594937,12.223741405416439,7.697163487072005,0,0,0,0.0,0.0,0.0
2131,HeadNeck,12,2131__pred12,unmatched,27.0,154,124,159,132,155.59259259259258,127.5925925925926,0.8790411087351183,0.9310344827586207,8.483053268480708,4.044261541272371,0,0,0,0.0,0.0,0.0
2131,HeadNeck,13,2131__pred13,unmatched,59.0,162,244,175,251,167.71186440677965,247.38983050847457,0.9075853762699098,0.921875,13.496707012871745,5.666829712202022,0,0,0,0.0,0.0,0.0
2131,HeadNeck,14,2131__pred14,unmatched,27.0,195,2,201,8,197.55555555555554,4.222222222222222,0.6648477811586504,0.9,6.904477579756392,5.157498840417991,0,0,0,0.0,0.0,0.0
2131,HeadNeck,15,2131__pred15,unmatched,30.0,196,237,204,242,199.66666666666666,239.1,0.8045579118299421,0.8571428571428571,8.31523062455851,4.938200942579514,0,0,0,0.0,0.0,0.0
2131,HeadNeck,16,2131__pred16,unmatched,32.0,209,151,216,158,211.875,154.46875,0.6673519151306461,0.9142857142857143,7.5549367015194635,5.626482598927523,0,0,0,0.0,0.0,0.0
2131,HeadNeck,17,2131__pred17,unmatched,117.0,220,87,237,97,227.34188034188034,91.42735042735043,0.8482626251272332,0.936,17.028137923779973,9.017689616657329,0,0,0,0.0,0.0,0.0
2146,HeadNeck,1,2146__pred1,normal_like,132.0,1,30,13,45,5.651515151515151,37.083333333333336,0.5542285972095162,0.9496402877697842,14.548639336624532,12.109770917377856,0,132,132,0.0,1.0,1.0
2146,HeadNeck,2,2146__pred2,normal_like,357.0,26,0,55,21,39.14005602240896,9.88795518207283,0.852994778732134,0.9296875,30.01709876143379,15.666507537195233,0,357,357,0.0,1.0,1.0
2146,HeadNeck,3,2146__pred3,normal_like,461.0,40,32,63,58,50.3470715835141,44.42733188720174,0.5530015671118672,0.9524793388429752,26.849350341506124,22.370347427377826,0,461,461,0.0,1.0,1.0
2146,HeadNeck,4,2146__pred4,normal_like,412.0,80,88,99,122,88.7135922330097,103.92718446601941,0.9079638824874368,0.9342403628117913,36.13365163992304,15.14175005079128,0,390,390,0.0,0.9466019417475728,0.9466019417475728
2146,HeadNeck,5,2146__pred5,normal_like,717.0,101,192,131,225,114.87587168758716,209.418410041841,0.5370448014397631,0.9650067294751009,33.25106759926196,28.049061820950698,0,689,689,0.0,0.9609483960948396,0.9609483960948396
2146,HeadNeck,6,2146__pred6,normal_like,400.0,111,0,143,18,126.025,7.9375,0.8798491837809388,0.9478672985781991,32.90246101214237,15.636993296169551,0,383,383,0.0,0.9575,0.9575
2146,HeadNeck,7,2146__pred7,normal_like,523.0,115,8,161,47,138.04015296367112,24.550669216061184,0.9758560484757047,0.8381410256410257,58.51653423714956,12.780870128766946,0,522,522,0.0,0.9980879541108987,0.9980879541108987
2162,HeadNeck,1,2162__pred1,normal_like,106.0,0,222,8,239,3.2830188679245285,230.03773584905662,0.8699273407433852,0.9636363636363636,16.650182335852342,8.2115353954866,0,106,106,0.0,1.0,1.0
2162,HeadNeck,2,2162__pred2,unmatched,573.0,13,74,46,104,26.724258289703315,89.24607329842932,0.7993832881900036,0.7680965147453083,39.233588578599246,23.572379742996315,0,0,0,0.0,0.0,0.0
2162,HeadNeck,3,2162__pred3,neoplastic_like,383.0,41,92,69,110,55.36814621409922,100.05221932114883,0.768358836701371,0.9551122194513716,27.957429731292926,17.89329446861335,356,0,356,0.9295039164490861,0.0,0.9295039164490861
2162,HeadNeck,4,2162__pred4,neoplastic_like,348.0,47,34,67,57,56.39655172413793,44.48850574712644,0.7259363869106473,0.9560439560439561,25.497216115483088,17.536012522537092,283,0,283,0.8132183908045977,0.0,0.8132183908045977
2162,HeadNeck,5,2162__pred5,neoplastic_like,285.0,51,11,71,32,61.217543859649126,21.873684210526317,0.8195251564817061,0.9628378378378378,25.303608118753008,14.500060762809841,270,0,270,0.9473684210526315,0.0,0.9473684210526315
2162,HeadNeck,6,2162__pred6,neoplastic_like,397.0,59,166,84,189,69.35012594458438,176.6498740554156,0.5754689580699104,0.931924882629108,25.640311393855892,20.969252358361388,395,0,395,0.9949622166246851,0.0,0.9949622166246851
2162,HeadNeck,7,2162__pred7,neoplastic_like,418.0,65,227,89,249,76.96650717703349,237.53827751196172,0.35538673018522454,0.9698375870069605,23.865121367748937,22.307190844156533,418,0,418,1.0,0.0,1.0
2162,HeadNeck,8,2162__pred8,neoplastic_like,386.0,67,67,90,90,78.65025906735751,78.96373056994818,0.6298335358853375,0.9578163771712159,25.45012375477387,19.767878296660136,368,0,368,0.9533678756476683,0.0,0.9533678756476683
2162,HeadNeck,9,2162__pred9,neoplastic_like,121.0,74,23,84,41,78.44628099173553,31.628099173553718,0.8178396572696827,0.8344827586206897,17.59405560420799,10.12443191877197,111,0,111,0.9173553719008265,0.0,0.9173553719008265
2162,HeadNeck,10,2162__pred10,neoplastic_like,341.0,85,132,105,157,95.13489736070382,144.2258064516129,0.7512844709638475,0.8973684210526316,26.182123373252146,17.27963897140164,337,0,337,0.9882697947214076,0.0,0.9882697947214076
2162,HeadNeck,11,2162__pred11,neoplastic_like,520.0,88,62,109,101,97.16923076923077,80.14615384615385,0.9128846753278366,0.933572710951526,40.820602149936235,16.663686270349086,484,0,484,0.9307692307692308,0.0,0.9307692307692308
2162,HeadNeck,12,2162__pred12,neoplastic_like,449.0,88,193,110,219,99.33630289532294,205.815144766147,0.6465546379557903,0.9655913978494624,27.471705288915075,20.957276132501683,449,0,449,1.0,0.0,1.0
2162,HeadNeck,13,2162__pred13,neoplastic_like,360.0,97,224,117,247,107.06388888888888,234.6611111111111,0.6889178012370236,0.96,25.225869154834527,18.284705730603733,360,0,360,1.0,0.0,1.0
2162,HeadNeck,14,2162__pred14,neoplastic_like,430.0,109,123,134,150,120.08372093023256,136.97906976744187,0.7556301473553926,0.9347826086956522,29.42481266664025,19.273209179315046,430,0,430,1.0,0.0,1.0
2162,HeadNeck,15,2162__pred15,normal_like,253.0,124,1,148,16,136.83399209486166,7.41501976284585,0.8358167368465712,0.9068100358422939,25.159710840813542,13.81289623959736,0,242,242,0.0,0.9565217391304348,0.9565217391304348
2162,HeadNeck,16,2162__pred16,neoplastic_like,506.0,127,77,157,102,140.37747035573122,87.60079051383399,0.5558213170940458,0.9267399267399268,28.586881548507858,23.764325757202137,499,0,499,0.9861660079051383,0.0,0.9861660079051383
2162,HeadNeck,17,2162__pred17,unmatched,229.0,128,155,145,174,136.00873362445415,163.57205240174673,0.6103503067776457,0.9423868312757202,19.319519862538836,15.303602561610978,0,0,0,0.0,0.0,0.0
2162,HeadNeck,18,2162__pred18,unmatched,379.0,134,236,159,256,147.06332453825857,247.0448548812665,0.6190249328595087,0.9619289340101523,25.44841736482447,19.986457497716636,0,0,0,0.0,0.0,0.0
2162,HeadNeck,19,2162__pred19,normal_like,119.0,137,44,150,55,143.00840336134453,48.69747899159664,0.5288450906267868,0.9596774193548387,13.38438403855868,11.359572593182753,0,116,116,0.0,0.9747899159663865,0.9747899159663865
2162,HeadNeck,20,2162__pred20,neoplastic_like,474.0,156,48,181,73,168.2594936708861,60.71518987341772,0.4699913789191798,0.9753086419753086,26.221018817133103,23.14453304145294,474,0,474,1.0,0.0,1.0
2162,HeadNeck,21,2162__pred21,neoplastic_like,652.0,157,90,186,120,170.66717791411043,105.0659509202454,0.27184240617487504,0.9687964338781575,29.498747242779075,28.38787700098384,645,0,645,0.9892638036809815,0.0,0.9892638036809815
2162,HeadNeck,22,2162__pred22,neoplastic_like,745.0,161,226,194,256,177.13288590604026,240.6765100671141,0.624822204544686,0.962532299741602,35.09155799017116,27.39833280386502,723,0,723,0.9704697986577181,0.0,0.9704697986577181
2162,HeadNeck,23,2162__pred23,neoplastic_like,707.0,182,177,212,208,196.65629420084866,191.12588401697312,0.5932314923284665,0.9658469945355191,33.54139898326134,27.00189691236946,690,0,690,0.9759547383309759,0.0,0.9759547383309759
2162,HeadNeck,24,2162__pred24,neoplastic_like,139.0,189,223,202,237,194.58992805755395,229.15827338129498,0.41287072404552805,0.9652777777777778,13.984033625053382,12.736512927271974,139,0,139,1.0,0.0,1.0
2162,HeadNeck,25,2162__pred25,neoplastic_like,324.0,202,235,222,255,211.320987654321,245.32407407407408,0.4514956104284935,0.9557522123893806,21.739458918726967,19.397539625162892,324,0,324,1.0,0.0,1.0
2162,HeadNeck,26,2162__pred26,neoplastic_like,598.0,203,130,227,161,214.6153846153846,145.50836120401337,0.6396129386103561,0.9568,31.67944214648151,24.35189648656213,596,0,596,0.9966555183946488,0.0,0.9966555183946488
2162,HeadNeck,27,2162__pred27,neoplastic_like,511.0,206,159,232,185,218.93737769080235,171.80430528375734,0.30452774006398575,0.9714828897338403,26.205377045041242,24.960712501611248,479,0,479,0.9373776908023483,0.0,0.9373776908023483
2162,HeadNeck,28,2162__pred28,neoplastic_like,553.0,214,47,241,77,227.4900542495479,62.698010849909586,0.7012946157530491,0.9617391304347827,31.754778414030753,22.637078444595332,464,0,464,0.8390596745027125,0.0,0.8390596745027125
2162,HeadNeck,29,2162__pred29,neoplastic_like,581.0,215,182,241,211,226.70740103270225,195.90017211703957,0.6632647815208405,0.9447154471544715,32.03761547292201,23.97646489174678,573,0,573,0.9862306368330465,0.0,0.9862306368330465
2162,HeadNeck,30,2162__pred30,neoplastic_like,605.0,228,84,251,121,239.46776859504132,102.96859504132232,0.8640232201545461,0.952755905511811,39.76629963952363,20.02042145620591,595,0,595,0.9834710743801653,0.0,0.9834710743801653
2162,HeadNeck,31,2162__pred31,neoplastic_like,210.0,244,226,256,249,250.36190476190475,237.1952380952381,0.8248742132109986,0.9722222222222222,22.313803741218667,12.614357233064416,210,0,210,1.0,0.0,1.0
2162,HeadNeck,32,2162__pred32,neoplastic_like,100.0,248,46,255,67,251.75,55.6,0.9420575347889436,0.9433962264150944,20.062573806196934,6.730017256359796,99,0,99,0.99,0.0,0.99
2198,Liver,1,2198__pred1,neoplastic_like,1381.0,0,99,36,147,16.09341057204924,122.58218682114409,0.6681046908735928,0.9780453257790368,48.813140976577,36.320261194313964,1358,0,1358,0.9833454018826937,0.0,0.9833454018826937
2198,Liver,2,2198__pred2,neoplastic_like,2097.0,11,193,62,251,35.621840724845015,222.19790176442538,0.6995111714049479,0.9794488556749182,61.28070787191012,43.792521362844106,1996,0,1996,0.9518359561278016,0.0,0.9518359561278016
2198,Liver,3,2198__pred3,neoplastic_like,918.0,94,25,127,63,109.32570806100217,43.729847494553375,0.6422784459149868,0.975557917109458,39.11911701373921,29.98368415193609,884,0,884,0.9629629629629629,0.0,0.9629629629629629
2198,Liver,4,2198__pred4,neoplastic_like,1490.0,95,156,145,196,120.5993288590604,176.26174496644296,0.6409731743883421,0.9719504240052185,49.95896315013787,38.34666565053953,1415,0,1415,0.9496644295302014,0.0,0.9496644295302014
2198,Liver,5,2198__pred5,neoplastic_like,831.0,145,87,171,128,156.74488567990372,106.85920577617328,0.7837936980936272,0.9674039580908033,41.33819705831845,25.671900336806512,503,0,503,0.605294825511432,0.0,0.605294825511432
2198,Liver,6,2198__pred6,neoplastic_like,803.0,146,42,176,78,159.7895392278954,60.349937733499374,0.7107416255180243,0.9709794437726723,38.397357202789586,27.01074208097013,803,0,803,1.0,0.0,1.0
2198,Liver,7,2198__pred7,neoplastic_like,619.0,167,155,200,182,181.06623586429725,167.4474959612278,0.6655743297671115,0.9656786271450858,33.03454045313812,24.654720422391662,619,0,619,1.0,0.0,1.0
2198,Liver,8,2198__pred8,neoplastic_like,240.0,196,0,225,12,210.68333333333334,5.058333333333334,0.91614311433784,0.916030534351145,28.368355388163092,11.37149317439546,233,0,233,0.9708333333333333,0.0,0.9708333333333333
2198,Liver,9,2198__pred9,neoplastic_like,688.0,205,219,233,251,218.40116279069767,234.88808139534885,0.4501872472882466,0.9676511954992968,31.32935190844753,27.975049025900248,638,0,638,0.9273255813953488,0.0,0.9273255813953488
2198,Liver,10,2198__pred10,neoplastic_like,483.0,214,137,245,159,229.7391304347826,147.96687370600415,0.6899301755728723,0.9342359767891683,29.693956176953467,21.494739954288573,483,0,483,1.0,0.0,1.0
2199,Liver,1,2199__pred1,neoplastic_like,747.0,0,126,28,160,11.991967871485944,141.97054886211512,0.5909502064352278,0.9626288659793815,34.983259481041934,28.221276509089275,739,0,739,0.9892904953145917,0.0,0.9892904953145917
2199,Liver,2,2199__pred2,neoplastic_like,153.0,1,44,9,73,3.549019607843137,60.54248366013072,0.9638801223524908,0.9216867469879518,28.677190982791135,7.637781518786308,153,0,153,1.0,0.0,1.0
2199,Liver,3,2199__pred3,neoplastic_like,638.0,1,86,25,117,11.468652037617554,100.87617554858934,0.6106481578500824,0.9770290964777948,32.45386440316883,25.70028114721624,638,0,638,1.0,0.0,1.0
2199,Liver,4,2199__pred4,neoplastic_like,1242.0,28,83,68,123,47.43961352657005,102.2866344605475,0.4383053274524757,0.9779527559055118,41.983443181649754,37.73581641193826,1227,0,1227,0.9879227053140096,0.0,0.9879227053140096
2199,Liver,5,2199__pred5,neoplastic_like,1406.0,78,67,126,107,101.75320056899004,86.6443812233286,0.7216036388317218,0.9763888888888889,50.92824021507877,35.257948000489684,1403,0,1403,0.9978662873399715,0.0,0.9978662873399715
2199,Liver,6,2199__pred6,neoplastic_like,1044.0,80,150,121,184,99.97509578544062,166.35919540229884,0.6801804526309915,0.9711627906976744,42.712031752143,31.309829074918696,1043,0,1043,0.9990421455938697,0.0,0.9990421455938697
2199,Liver,7,2199__pred7,unmatched,603.0,124,16,154,45,137.74295190713102,29.44776119402985,0.4227374579067103,0.9234303215926493,29.320757939760618,26.57200125394678,0,0,0,0.0,0.0,0.0
2199,Liver,8,2199__pred8,neoplastic_like,670.0,152,176,192,200,171.98059701492537,187.5044776119403,0.8165506040429116,0.9544159544159544,38.83185452441412,22.416614606009027,670,0,670,1.0,0.0,1.0
2199,Liver,9,2199__pred9,neoplastic_like,1098.0,164,230,218,256,191.35063752276866,243.65027322404373,0.8789681651969006,0.9581151832460733,55.040120480991305,26.247557479479322,1043,0,1043,0.9499089253187614,0.0,0.9499089253187614
2199,Liver,10,2199__pred10,neoplastic_like,1233.0,192,25,236,64,214.38767234387672,43.209245742092456,0.7320889145657785,0.974703557312253,48.232144848646605,32.85617539033194,1168,0,1168,0.9472830494728305,0.0,0.9472830494728305
2199,Liver,11,2199__pred11,neoplastic_like,1688.0,192,80,241,125,216.2399289099526,101.614336492891,0.4833340585044078,0.975158867706528,49.60266237480043,43.42395627623954,1146,11,1155,0.6789099526066351,0.006516587677725118,0.6842417061611374
2199,Liver,12,2199__pred12,neoplastic_like,1295.0,218,151,256,192,237.62471042471043,169.6749034749035,0.5598374377205064,0.9780966767371602,44.92306288428146,37.22336059579137,1295,0,1295,1.0,0.0,1.0
2225,Liver,1,2225__pred1,neoplastic_like,318.0,0,20,14,50,5.487421383647798,33.75471698113208,0.8814339511307048,0.9636363636363636,29.788477068402013,14.069315306500709,318,0,318,1.0,0.0,1.0
2225,Liver,2,2225__pred2,neoplastic_like,805.0,0,168,29,206,12.031055900621118,186.11801242236024,0.575363402280507,0.9698795180722891,36.31252666100039,29.69993886666948,805,0,805,1.0,0.0,1.0
2225,Liver,3,2225__pred3,neoplastic_like,883.0,18,39,56,70,37.04303510758777,54.19705549263873,0.61749824752132,0.9703296703296703,37.817654229370305,29.746317613419578,876,0,876,0.9920724801812004,0.0,0.9920724801812004
2225,Liver,4,2225__pred4,neoplastic_like,941.0,36,2,81,27,58.910733262486715,13.985122210414453,0.8315186195310452,0.9691040164778579,46.86131188751813,26.031312617230554,941,0,941,1.0,0.0,1.0
2225,Liver,5,2225__pred5,neoplastic_like,835.0,43,85,79,116,59.57724550898204,99.77245508982035,0.5251020677175332,0.9720605355064028,35.41610810478091,30.14049835902806,830,0,830,0.9940119760479041,0.0,0.9940119760479041
2225,Liver,6,2225__pred6,neoplastic_like,286.0,52,182,70,204,60.41258741258741,192.6013986013986,0.6998289109797718,0.9565217391304348,22.673341796401786,16.19580619376536,273,0,273,0.9545454545454546,0.0,0.9545454545454546
2225,Liver,7,2225__pred7,neoplastic_like,234.0,80,236,103,255,89.28632478632478,245.81196581196582,0.9058880732323598,0.9212598425196851,27.287894757717808,11.556892139929104,231,0,231,0.9871794871794872,0.0,0.9871794871794872
2225,Liver,8,2225__pred8,unmatched,491.0,85,18,111,43,97.55193482688391,29.938900203665987,0.4359853615417679,0.9442307692307692,26.480068396012534,23.830837035414177,0,0,0,0.0,0.0,0.0
2225,Liver,9,2225__pred9,neoplastic_like,322.0,87,209,111,234,98.48757763975155,220.94099378881987,0.9027792523355898,0.9498525073746312,31.209281341626117,13.423242936659289,318,0,318,0.9875776397515528,0.0,0.9875776397515528
2225,Liver,10,2225__pred10,neoplastic_like,728.0,108,0,151,22,128.16346153846155,9.266483516483516,0.8670798305950752,0.9616908850726552,44.20179601448029,22.01997404880884,728,0,728,1.0,0.0,1.0
2225,Liver,11,2225__pred11,neoplastic_like,195.0,120,114,137,132,128.27179487179487,123.43076923076923,0.6841577317929796,0.9466019417475728,18.94410873873262,13.816584089531517,195,0,195,1.0,0.0,1.0
2225,Liver,12,2225__pred12,neoplastic_like,631.0,140,232,171,256,154.7068145800317,244.2741679873217,0.6345296452841053,0.9828660436137072,32.41745350053078,25.05540198031363,625,0,625,0.9904912836767037,0.0,0.9904912836767037
2225,Liver,13,2225__pred13,neoplastic_like,614.0,144,66,174,106,159.36482084690553,85.70684039087948,0.9345104258002432,0.9608763693270735,47.035799881718575,16.74172310039648,614,0,614,1.0,0.0,1.0
2225,Liver,14,2225__pred14,neoplastic_like,340.0,147,105,170,126,157.57647058823528,115.1735294117647,0.6559067496766297,0.9550561797752809,24.040927827100223,18.147100303347933,340,0,340,1.0,0.0,1.0
2225,Liver,15,2225__pred15,neoplastic_like,949.0,150,139,188,175,168.46469968387777,156.2054794520548,0.7539847101643763,0.9743326488706365,43.10522955543999,28.31547904802296,948,0,948,0.9989462592202318,0.0,0.9989462592202318
2225,Liver,16,2225__pred16,neoplastic_like,525.0,181,39,212,68,196.89523809523808,51.179047619047616,0.8763136042788502,0.9528130671506352,37.95870129821208,18.286265711373236,525,0,525,1.0,0.0,1.0
2225,Liver,17,2225__pred17,neoplastic_like,1263.0,192,173,229,224,209.25653206650833,197.9699129057799,0.795434364994459,0.906025824964132,53.15068605463639,32.211428155868354,1262,0,1262,0.9992082343626286,0.0,0.9992082343626286
2225,Liver,18,2225__pred18,neoplastic_like,1115.0,200,1,236,41,217.69865470852017,20.069058295964126,0.6427782841247027,0.9789288849868305,43.059593229910014,32.98589905713897,1115,0,1115,1.0,0.0,1.0
2225,Liver,19,2225__pred19,neoplastic_like,573.0,218,93,251,115,234.16579406631763,104.59511343804537,0.7545486108224223,0.9679054054054054,33.47622309704522,21.96857581375366,573,0,573,1.0,0.0,1.0
2225,Liver,20,2225__pred20,neoplastic_like,466.0,227,137,254,161,240.92918454935622,147.76824034334763,0.7817019422700062,0.9648033126293996,30.96743201901897,19.3129072779851,466,0,466,1.0,0.0,1.0
2225,Liver,21,2225__pred21,unmatched,128.0,245,234,255,252,250.4453125,242.0703125,0.8181656018451521,0.9624060150375939,17.39231150691031,10.000277362233266,0,0,0,0.0,0.0,0.0
2229,Liver,1,2229__pred1,normal_like,263.0,38,213,58,234,48.4828897338403,224.3764258555133,0.8284907746804048,0.9460431654676259,24.94639407314154,13.970048309344255,0,249,249,0.0,0.9467680608365019,0.9467680608365019
2229,Liver,2,2229__pred2,normal_like,553.0,39,90,78,120,54.62386980108499,103.76311030741411,0.9159358408536749,0.9232053422370617,43.69013966016131,17.533933313901453,0,497,497,0.0,0.8987341772151899,0.8987341772151899
2229,Liver,3,2229__pred3,normal_like,356.0,64,96,91,118,77.26123595505618,106.80337078651685,0.8725097636286746,0.9368421052631579,30.58416467748762,14.94332121763416,0,323,323,0.0,0.9073033707865169,0.9073033707865169
2229,Liver,4,2229__pred4,normal_like,315.0,89,198,111,221,98.79047619047618,210.37777777777777,0.7878105479738514,0.9487951807228916,25.976429700652147,15.999341302957381,0,289,289,0.0,0.9174603174603174,0.9174603174603174
2229,Liver,5,2229__pred5,normal_like,231.0,105,160,127,174,115.43722943722943,166.87445887445887,0.7794446150052472,0.9545454545454546,21.701781113657944,13.595539604298489,0,208,208,0.0,0.9004329004329005,0.9004329004329005
2229,Liver,6,2229__pred6,normal_like,363.0,126,50,152,77,138.54545454545453,62.815426997245176,0.9228089654282671,0.9502617801047121,34.870048497558855,13.433960019399194,0,346,346,0.0,0.953168044077135,0.953168044077135
2229,Liver,7,2229__pred7,normal_like,439.0,145,143,179,164,161.56719817767654,152.74715261958997,0.9055033927437864,0.9522776572668112,36.44288862018436,15.464139721851561,0,439,439,0.0,1.0,1.0
2229,Liver,8,2229__pred8,normal_like,907.0,174,36,236,59,203.79823594266813,46.87982359426682,0.9590831862832372,0.9418483904465212,64.16610967437116,18.166993105166856,0,857,857,0.0,0.9448732083792724,0.9448732083792724
2229,Liver,9,2229__pred9,normal_like,469.0,190,134,227,155,208.18336886993603,143.4051172707889,0.924535323156869,0.9398797595190381,40.02447998103342,15.253183664746084,0,465,465,0.0,0.9914712153518124,0.9914712153518124
2229,Liver,10,2229__pred10,normal_like,250.0,209,182,230,198,219.036,189.28,0.7288144764755662,0.922509225092251,21.852003895988194,14.96231231226366,0,101,101,0.0,0.404,0.404
2229,Liver,11,2229__pred11,normal_like,230.0,215,205,235,221,224.48260869565217,212.65652173913043,0.7179033119241602,0.9543568464730291,20.60328129639149,14.342826474490355,0,206,206,0.0,0.8956521739130435,0.8956521739130435
2229,Liver,12,2229__pred12,normal_like,287.0,220,0,242,18,230.37979094076655,8.522648083623693,0.6838282282117437,0.944078947368421,22.54352410525624,16.44872528251309,0,272,272,0.0,0.9477351916376306,0.9477351916376306
2229,Liver,13,2229__pred13,unmatched,157.0,245,58,256,81,250.62420382165604,71.0828025477707,0.9217885954221038,0.8971428571428571,23.697655375376446,9.187412755219903,0,0,0,0.0,0.0,0.0
2300,Ovarian,1,2300__pred1,normal_like,69.0,1,143,8,158,3.5217391304347827,149.92753623188406,0.8846586533121773,0.8961038961038961,14.670127924205529,6.839789895126779,0,69,69,0.0,1.0,1.0
2300,Ovarian,2,2300__pred2,neoplastic_like,1503.0,1,161,43,207,20.308050565535595,184.2814371257485,0.661350533480198,0.9791530944625407,50.914855042120266,38.19006056932023,1501,0,1501,0.9986693280106453,0.0,0.9986693280106453
2300,Ovarian,3,2300__pred3,normal_like,277.0,2,81,17,105,8.490974729241877,92.8014440433213,0.8153849331753256,0.9551724137931035,24.791989439624185,14.352558063745597,0,269,269,0.0,0.9711191335740073,0.9711191335740073
2300,Ovarian,4,2300__pred4,normal_like,194.0,38,91,54,106,45.45360824742268,98.32474226804123,0.5007914336930394,0.9556650246305419,16.89592546634958,14.624572192657714,0,169,169,0.0,0.8711340206185567,0.8711340206185567
2300,Ovarian,5,2300__pred5,neoplastic_like,823.0,38,230,78,256,57.31470230862698,244.2187120291616,0.7551772012461472,0.9821002386634845,40.598121563708055,26.612909270180964,823,0,823,1.0,0.0,1.0
2300,Ovarian,6,2300__pred6,normal_like,411.0,46,103,70,126,56.961070559610704,114.32360097323601,0.3719437988982611,0.9558139534883721,23.921563524627224,22.205316946804917,0,350,350,0.0,0.851581508515815,0.851581508515815
2300,Ovarian,7,2300__pred7,normal_like,594.0,59,84,98,113,79.01346801346801,96.82828282828282,0.925864915933821,0.9504,45.157584794242204,17.063004647128206,0,507,507,0.0,0.8535353535353535,0.8535353535353535
2300,Ovarian,8,2300__pred8,unmatched,333.0,86,39,105,61,95.43543543543544,49.990990990990994,0.537503061161464,0.9708454810495627,22.473916506582206,18.951395231792837,0,0,0,0.0,0.0,0.0
2300,Ovarian,9,2300__pred9,normal_like,429.0,88,159,116,179,101.97668997668998,169.2913752913753,0.7201768499269963,0.9428571428571428,28.457978722913165,19.743876249833484,0,428,428,0.0,0.9976689976689976,0.9976689976689976
2300,Ovarian,10,2300__pred10,normal_like,203.0,122,175,139,195,129.98029556650246,185.10837438423644,0.8610980329610312,0.9354838709677419,22.649900761276033,11.516092022465308,0,203,203,0.0,1.0,1.0
2300,Ovarian,11,2300__pred11,normal_like,436.0,128,203,150,230,139.0,215.59174311926606,0.7395144118992077,0.9667405764966741,28.792808104917487,19.38161169985655,0,436,436,0.0,1.0,1.0
2300,Ovarian,12,2300__pred12,normal_like,258.0,130,0,157,14,144.25193798449612,5.5271317829457365,0.8653580122357398,0.9347826086956522,26.493567530614403,13.2773620721693,0,258,258,0.0,1.0,1.0
2300,Ovarian,13,2300__pred13,normal_like,349.0,137,122,161,141,148.20630372492838,131.06876790830947,0.640384854812949,0.9667590027700831,24.08150193704611,18.49589844777497,0,314,314,0.0,0.8997134670487106,0.8997134670487106
2300,Ovarian,14,2300__pred14,normal_like,328.0,153,61,171,86,161.78048780487805,72.57926829268293,0.7064214801388258,0.967551622418879,24.407318826562303,17.275290819141826,0,315,315,0.0,0.9603658536585366,0.9603658536585366
2300,Ovarian,15,2300__pred15,normal_like,285.0,158,21,178,39,167.5298245614035,29.835087719298247,0.6436155877775264,0.9628378378378378,21.784127027753367,16.672458176726973,0,246,246,0.0,0.8631578947368421,0.8631578947368421
2300,Ovarian,16,2300__pred16,normal_like,450.0,170,68,195,94,182.45777777777778,79.98222222222222,0.632468709481654,0.9615384615384616,27.330855878928354,21.17009586422688,0,446,446,0.0,0.9911111111111112,0.9911111111111112
2325,Pancreatic,1,2325__pred1,unmatched,66.0,15,250,32,255,23.257575757575758,252.37878787878788,0.9538563915005391,0.9565217391304348,17.00357677949971,5.10554823706478,0,0,0,0.0,0.0,0.0
2325,Pancreatic,2,2325__pred2,normal_like,286.0,25,76,40,107,32.27972027972028,91.8986013986014,0.9325831762657508,0.9315960912052117,32.24106169293439,11.637577216415147,0,286,286,0.0,1.0,1.0
2325,Pancreatic,3,2325__pred3,normal_like,312.0,30,154,45,184,37.28525641025641,169.64743589743588,0.8635575491304575,0.9483282674772037,28.460255720592702,14.351092324039044,0,298,298,0.0,0.9551282051282052,0.9551282051282052
2325,Pancreatic,4,2325__pred4,normal_like,254.0,37,230,51,255,42.988188976377955,242.90944881889763,0.8639255257451677,0.9442379182156134,25.46547742262626,12.824913160547638,0,254,254,0.0,1.0,1.0
2325,Pancreatic,5,2325__pred5,normal_like,342.0,55,210,77,230,65.76608187134502,218.64327485380116,0.5958543507933273,0.9715909090909091,23.444336403826078,18.82797115791411,0,339,339,0.0,0.9912280701754386,0.9912280701754386
2325,Pancreatic,6,2325__pred6,normal_like,357.0,56,93,74,118,64.32773109243698,105.48179271708683,0.7086378429677147,0.9571045576407506,25.53059662226846,18.013684257527103,0,357,357,0.0,1.0,1.0
2325,Pancreatic,7,2325__pred7,normal_like,345.0,56,122,73,150,63.573913043478264,135.368115942029,0.7939028439360291,0.9583333333333334,26.894409945309548,16.353001595537684,0,341,341,0.0,0.9884057971014493,0.9884057971014493
2325,Pancreatic,8,2325__pred8,normal_like,792.0,77,134,96,195,85.12247474747475,163.34343434343435,0.9536810737103003,0.9439809296781884,58.403459341709734,17.568903132709455,0,790,790,0.0,0.9974747474747475,0.9974747474747475
2325,Pancreatic,9,2325__pred9,normal_like,406.0,84,227,105,256,93.2487684729064,242.80295566502463,0.8364122617825288,0.9463869463869464,31.244900244053543,17.125355999112024,0,400,400,0.0,0.9852216748768473,0.9852216748768473
2325,Pancreatic,10,2325__pred10,normal_like,390.0,86,1,110,25,97.86153846153846,12.88974358974359,0.7877411506656691,0.9512195121951219,28.560114806879223,17.593213383071035,0,362,362,0.0,0.9282051282051282,0.9282051282051282
2325,Pancreatic,11,2325__pred11,normal_like,396.0,90,105,105,148,97.00757575757575,124.63131313131314,0.9574815911425373,0.9145496535796767,42.23930317375412,12.185801238985041,0,375,375,0.0,0.946969696969697,0.946969696969697
2325,Pancreatic,12,2325__pred12,normal_like,288.0,95,84,111,108,102.20833333333333,95.44791666666667,0.7704850365940026,0.9411764705882353,24.058896945983204,15.336538341428799,0,275,275,0.0,0.9548611111111112,0.9548611111111112
2325,Pancreatic,13,2325__pred13,normal_like,331.0,100,26,120,47,109.65861027190333,35.987915407854985,0.3471011468342871,0.9594202898550724,21.229691894865617,19.909793109914595,0,328,328,0.0,0.9909365558912386,0.9909365558912386
2325,Pancreatic,14,2325__pred14,normal_like,267.0,108,104,125,126,115.9812734082397,114.5692883895131,0.6577782463091506,0.956989247311828,21.289416937100007,16.035436703086894,0,255,255,0.0,0.9550561797752809,0.9550561797752809
2325,Pancreatic,15,2325__pred15,normal_like,372.0,112,207,129,237,120.45698924731182,223.2258064516129,0.7929506879616114,0.9662337662337662,28.200130572554954,17.181939587626648,0,362,362,0.0,0.9731182795698925,0.9731182795698925
2325,Pancreatic,16,2325__pred16,normal_like,439.0,113,170,129,207,121.41685649202734,186.9248291571754,0.9105884664828299,0.9543478260869566,37.024660184081476,15.302818556136083,0,433,433,0.0,0.9863325740318907,0.9863325740318907
2325,Pancreatic,17,2325__pred17,normal_like,654.0,116,103,155,153,133.85932721712538,125.60397553516819,0.9747926627751634,0.897119341563786,62.6469946943485,13.977338406083481,0,654,654,0.0,1.0,1.0
2325,Pancreatic,18,2325__pred18,normal_like,398.0,124,78,144,104,133.23115577889448,89.42462311557789,0.6228846867135036,0.961352657004831,25.57991493660409,20.011516949054403,0,391,391,0.0,0.9824120603015075,0.9824120603015075
2325,Pancreatic,19,2325__pred19,neoplastic_like,1347.0,132,160,171,207,149.67780252412769,181.53229398663697,0.6994424940748234,0.9642090193271295,49.37461059889065,35.28748522834739,1287,0,1287,0.955456570155902,0.0,0.955456570155902
2325,Pancreatic,20,2325__pred20,neoplastic_like,465.0,139,0,163,27,150.7763440860215,11.580645161290322,0.7221688275102878,0.96875,29.38101939449291,20.323345845511547,459,0,459,0.9870967741935484,0.0,0.9870967741935484
2325,Pancreatic,21,2325__pred21,neoplastic_like,482.0,141,229,165,255,153.42116182572613,242.43153526970954,0.6795637467771339,0.9506903353057199,29.211104059449763,21.429746826115732,482,0,482,1.0,0.0,1.0
2325,Pancreatic,22,2325__pred22,unmatched,195.0,144,48,157,67,150.01538461538462,56.54358974358974,0.726054249949139,0.9558823529411765,19.007731184714164,13.070427297512476,0,0,0,0.0,0.0,0.0
2325,Pancreatic,23,2325__pred23,normal_like,578.0,156,98,197,129,176.46020761245674,112.11418685121107,0.9416236191419065,0.9337641357027464,47.59794133465384,16.024676685020363,0,554,554,0.0,0.9584775086505191,0.9584775086505191
2325,Pancreatic,24,2325__pred24,neoplastic_like,391.0,176,131,195,159,185.20460358056266,144.15601023017902,0.7851744193578872,0.9490291262135923,28.52775001620577,17.666513306097546,391,0,391,1.0,0.0,1.0
2325,Pancreatic,25,2325__pred25,neoplastic_like,479.0,197,135,220,166,208.38622129436325,150.61169102296452,0.8258543953069281,0.952286282306163,33.074844764031724,18.650356769247846,479,0,479,1.0,0.0,1.0
2325,Pancreatic,26,2325__pred26,normal_like,297.0,198,71,225,85,211.06734006734007,77.6936026936027,0.8533146638619774,0.954983922829582,26.989771239896793,14.072366416751706,0,294,294,0.0,0.98989898989899,0.98989898989899
2325,Pancreatic,27,2325__pred27,neoplastic_like,396.0,206,0,228,23,215.93686868686868,9.97979797979798,0.5264185821444446,0.9519230769230769,24.63829847393429,20.948110733420194,396,0,396,1.0,0.0,1.0
2325,Pancreatic,28,2325__pred28,neoplastic_like,574.0,223,29,254,54,238.6219512195122,41.06794425087108,0.6250652808308145,0.9663299663299664,30.646399430147742,23.921735970268962,574,0,574,1.0,0.0,1.0
2325,Pancreatic,29,2325__pred29,neoplastic_like,790.0,223,104,256,133,239.99746835443037,117.0873417721519,0.5973984016320806,0.9681372549019608,35.986649396665065,28.859299341040696,790,0,790,1.0,0.0,1.0
2375,Prostate,1,2375__pred1,normal_like,571.0,6,114,35,142,20.607705779334502,128.2661996497373,0.7196430608647334,0.964527027027027,32.4392975534183,22.524038035305193,0,569,569,0.0,0.9964973730297724,0.9964973730297724
2375,Prostate,2,2375__pred2,normal_like,609.0,36,89,64,119,50.26600985221675,103.89983579638752,0.4372367374585804,0.9712918660287081,29.456272174437366,26.49139378229343,0,609,609,0.0,1.0,1.0
2375,Prostate,3,2375__pred3,normal_like,712.0,52,53,83,83,66.8244382022472,67.51404494382022,0.4800366188369999,0.9753424657534246,32.16138445259563,28.213524689272273,0,711,711,0.0,0.9985955056179775,0.9985955056179775
2375,Prostate,4,2375__pred4,unmatched,272.0,60,0,87,14,72.90073529411765,5.669117647058823,0.8430275201224781,0.951048951048951,26.18347445830493,14.083316686416918,0,0,0,0.0,0.0,0.0
2375,Prostate,5,2375__pred5,normal_like,315.0,70,90,94,108,82.03492063492064,98.93333333333334,0.7583003858288607,0.9603658536585366,24.884439247801172,16.222297922562582,0,315,315,0.0,1.0,1.0
2375,Prostate,6,2375__pred6,normal_like,744.0,92,15,118,52,105.18145161290323,34.00268817204301,0.7553109657325797,0.96875,38.162943145213724,25.01071726578925,0,726,726,0.0,0.9758064516129032,0.9758064516129032
2375,Prostate,7,2375__pred7,normal_like,319.0,102,198,131,220,115.57366771159874,208.70846394984326,0.9230626077908821,0.9300291545189504,32.54643564357335,12.518977991991164,0,319,319,0.0,1.0,1.0
2375,Prostate,8,2375__pred8,normal_like,238.0,117,42,133,65,124.12605042016807,53.063025210084035,0.8216245739333737,0.9260700389105059,23.29650575853708,13.279683853810344,0,238,238,0.0,1.0,1.0
2375,Prostate,9,2375__pred9,unmatched,291.0,178,1,200,20,187.41237113402062,7.962199312714777,0.6171147259712446,0.9572368421052632,22.64946239123836,17.822254692616518,0,0,0,0.0,0.0,0.0
2375,Prostate,10,2375__pred10,normal_like,556.0,226,0,256,37,240.5791366906475,18.47661870503597,0.9362569043654038,0.9737302977232924,45.03082507461774,15.820054287779797,0,553,553,0.0,0.9946043165467626,0.9946043165467626
2375,Prostate,11,2375__pred11,normal_like,157.0,231,139,249,155,239.7324840764331,146.3184713375796,0.9042302587405255,0.9289940828402367,21.786384147205403,9.303771702263825,0,157,157,0.0,1.0,1.0
2375,Prostate,12,2375__pred12,normal_like,221.0,238,235,255,255,247.02262443438914,246.4343891402715,0.7929740396833909,0.9404255319148936,21.969286541644788,13.384906999794577,0,221,221,0.0,1.0,1.0
2380,Prostate,1,2380__pred1,normal_like,251.0,61,144,79,167,70.90836653386454,155.86852589641435,0.8442526687423522,0.9194139194139194,25.490974177871927,13.661769389963242,0,234,234,0.0,0.9322709163346613,0.9322709163346613
2380,Prostate,2,2380__pred2,normal_like,826.0,87,98,146,161,114.11501210653753,130.272397094431,0.9876999098261283,0.8777895855472901,84.30040512437499,13.181329559768892,0,377,377,0.0,0.45641646489104115,0.45641646489104115
2380,Prostate,3,2380__pred3,normal_like,24.0,127,251,135,255,130.41666666666666,252.79166666666666,0.8652268292230232,0.96,7.854128067048098,3.9379076615446116,0,19,19,0.0,0.7916666666666666,0.7916666666666666
2380,Prostate,4,2380__pred4,normal_like,255.0,165,71,193,97,178.54901960784315,82.83529411764705,0.9709389288884113,0.8916083916083916,37.554083263204355,8.987720477400483,0,246,246,0.0,0.9647058823529412,0.9647058823529412
2380,Prostate,5,2380__pred5,unmatched,217.0,169,0,196,16,181.85253456221199,6.2949308755760365,0.9359893980046738,0.9393939393939394,28.503570397051526,10.03406030626852,0,0,0,0.0,0.0,0.0
2380,Prostate,6,2380__pred6,normal_like,242.0,227,215,255,254,245.44214876033058,233.73140495867767,0.9798323958702324,0.6558265582655827,47.535362319762854,9.498568863173695,0,194,194,0.0,0.8016528925619835,0.8016528925619835
2380,Prostate,7,2380__pred7,normal_like,88.0,230,80,243,93,236.23863636363637,86.4090909090909,0.9295377588034436,0.946236559139785,17.462824970271562,6.439013983713145,0,83,83,0.0,0.9431818181818182,0.9431818181818182
2391,Prostate,1,2391__pred1,neoplastic_like,689.0,1,178,30,209,14.6966618287373,193.62844702467345,0.4651019703031077,0.9636363636363636,31.615932947541914,27.98822954564001,632,0,632,0.9172714078374455,0.0,0.9172714078374455
2391,Prostate,2,2391__pred2,neoplastic_like,872.0,11,210,41,247,25.334862385321102,228.71215596330276,0.6445630392502705,0.9732142857142857,38.252841776155314,29.246254857835037,798,0,798,0.9151376146788991,0.0,0.9151376146788991
2391,Prostate,3,2391__pred3,normal_like,437.0,73,183,94,229,82.80549199084668,206.60411899313502,0.9719642817237181,0.8882113821138211,49.42448550452587,11.621107614138435,0,431,431,0.0,0.9862700228832952,0.9862700228832952
2391,Prostate,4,2391__pred4,normal_like,133.0,75,19,90,33,81.94736842105263,25.571428571428573,0.8493459897136547,0.9300699300699301,17.97275394260135,9.4866758603245,0,133,133,0.0,1.0,1.0
2391,Prostate,5,2391__pred5,neoplastic_like,394.0,89,78,114,103,100.88578680203045,90.24365482233503,0.8525677976842452,0.9586374695863747,31.038237176473064,16.221099163725942,394,0,394,1.0,0.0,1.0
2391,Prostate,6,2391__pred6,neoplastic_like,694.0,92,126,125,168,108.20028818443804,147.93804034582132,0.9284614004645719,0.946793997271487,49.78193905011357,18.490450867426468,645,0,645,0.9293948126801153,0.0,0.9293948126801153
2391,Prostate,7,2391__pred7,neoplastic_like,848.0,110,62,142,101,125.63207547169812,80.90683962264151,0.7367414612266456,0.9603624009060022,40.07717125471452,27.099163156693336,736,0,736,0.8679245283018868,0.0,0.8679245283018868
2391,Prostate,8,2391__pred8,neoplastic_like,487.0,111,177,135,203,121.72689938398358,188.78439425051334,0.4387062747565144,0.960552268244576,26.480588886295592,23.79626525786422,476,0,476,0.9774127310061602,0.0,0.9774127310061602
2391,Prostate,9,2391__pred9,neoplastic_like,619.0,120,206,147,235,132.4264943457189,219.40549273021003,0.45869616914791256,0.9717425431711146,29.88786921295367,26.55815649285493,603,0,603,0.9741518578352181,0.0,0.9741518578352181
2391,Prostate,10,2391__pred10,neoplastic_like,362.0,135,237,160,256,148.3342541436464,246.97513812154696,0.7457564518054662,0.9476439790575916,26.829996992211672,17.874644878707677,351,0,351,0.9696132596685083,0.0,0.9696132596685083
2391,Prostate,11,2391__pred11,neoplastic_like,756.0,165,45,192,82,177.91534391534393,63.96825396825397,0.6975220110775464,0.9704749679075738,36.93968517433264,26.469624801310353,722,0,722,0.955026455026455,0.0,0.955026455026455
2391,Prostate,12,2391__pred12,neoplastic_like,633.0,196,71,227,104,210.347551342812,87.9083728278041,0.8226523745389712,0.966412213740458,37.860920738760484,21.525625648912648,592,0,592,0.9352290679304898,0.0,0.9352290679304898
2391,Prostate,13,2391__pred13,neoplastic_like,630.0,211,101,240,128,224.93174603174603,114.33968253968254,0.46401567625008633,0.9662576687116564,30.119402141762265,26.68057927152306,586,0,586,0.9301587301587302,0.0,0.9301587301587302
2391,Prostate,14,2391__pred14,neoplastic_like,639.0,217,126,248,154,232.4788732394366,139.48043818466354,0.5099434474612874,0.9681818181818181,30.84771248544185,26.535446858522633,536,53,589,0.838810641627543,0.08294209702660407,0.9217527386541471
2391,Prostate,15,2391__pred15,normal_like,408.0,235,148,256,173,245.4313725490196,160.25245098039215,0.530534394309057,0.9357798165137615,24.962526487914438,21.15982032204979,0,407,407,0.0,0.9975490196078431,0.9975490196078431
2414,Skin,1,2414__pred1,unmatched,126.0,1,3,12,19,5.753968253968254,10.071428571428571,0.7912812633429124,0.9402985074626866,16.34858443194913,9.996380182418564,0,0,0,0.0,0.0,0.0
2414,Skin,2,2414__pred2,neoplastic_like,315.0,1,82,21,102,10.11111111111111,92.16507936507936,0.5040369791777871,0.9545454545454546,21.645279965293263,18.69464027609909,298,0,298,0.946031746031746,0.0,0.946031746031746
2414,Skin,3,2414__pred3,neoplastic_like,444.0,1,170,25,194,11.308558558558559,180.81981981981983,0.5664924420960601,0.958963282937365,26.511021519298904,21.846856242104966,442,0,442,0.9954954954954955,0.0,0.9954954954954955
2414,Skin,4,2414__pred4,neoplastic_like,627.0,2,115,25,150,11.894736842105264,131.79106858054226,0.7554999916669077,0.9587155963302753,35.19215941392332,23.056095972191727,608,0,608,0.9696969696969697,0.0,0.9696969696969697
2414,Skin,5,2414__pred5,normal_like,302.0,4,53,30,68,15.990066225165563,60.86754966887417,0.8317684619460259,0.9467084639498433,26.538207240946026,14.731961583188607,0,301,301,0.0,0.9966887417218543,0.9966887417218543
2414,Skin,6,2414__pred6,neoplastic_like,412.0,10,219,33,241,20.466019417475728,229.04368932038835,0.425009897452217,0.9671361502347418,24.204088462819836,21.90926742997301,412,0,412,1.0,0.0,1.0
2414,Skin,7,2414__pred7,neoplastic_like,216.0,11,70,30,87,20.125,77.31018518518519,0.6672276279072401,0.9391304347826087,19.380447624481448,14.435601479217116,209,0,209,0.9675925925925926,0.0,0.9675925925925926
2414,Skin,8,2414__pred8,normal_like,155.0,14,15,27,32,19.56774193548387,23.16774193548387,0.6900768901419881,0.9171597633136095,16.608014322093695,12.019818863063449,0,138,138,0.0,0.8903225806451613,0.8903225806451613
2414,Skin,9,2414__pred9,normal_like,166.0,23,38,37,53,29.174698795180724,44.78915662650602,0.4419606841319982,0.9540229885057471,15.356758973594937,13.775541404781888,0,166,166,0.0,1.0,1.0
2414,Skin,10,2414__pred10,normal_like,370.0,23,91,44,116,32.99189189189189,102.56756756756756,0.6254907248737357,0.9462915601023018,24.641627033040212,19.2261761412041,0,368,368,0.0,0.9945945945945946,0.9945945945945946
2414,Skin,11,2414__pred11,normal_like,149.0,23,245,43,256,32.624161073825505,251.21476510067114,0.8560730284505035,0.9490445859872612,19.593304814769034,10.12689526532048,0,149,149,0.0,1.0,1.0
2414,Skin,12,2414__pred12,normal_like,210.0,25,20,42,36,32.84285714285714,27.32857142857143,0.4652233791267126,0.9502262443438914,17.37879655135855,15.383594555463825,0,202,202,0.0,0.9619047619047619,0.9619047619047619
2414,Skin,13,2414__pred13,neoplastic_like,288.0,33,68,51,89,41.548611111111114,78.60416666666667,0.6527856668371401,0.9568106312292359,22.06779046807324,16.717292567003668,287,0,287,0.9965277777777778,0.0,0.9965277777777778
2414,Skin,14,2414__pred14,normal_like,241.0,37,237,55,255,45.84647302904564,245.40248962655602,0.7238280987564719,0.9525691699604744,21.137025156516795,14.584132016439735,0,236,236,0.0,0.979253112033195,0.979253112033195
2414,Skin,15,2414__pred15,normal_like,220.0,38,8,61,20,48.83181818181818,13.959090909090909,0.8655953125239774,0.9565217391304348,23.701975322735823,11.868626697504629,0,215,215,0.0,0.9772727272727273,0.9772727272727273
2414,Skin,16,2414__pred16,normal_like,242.0,38,136,58,151,46.70247933884298,143.36363636363637,0.7182247894507521,0.979757085020243,21.168069564501053,14.728978756286354,0,241,241,0.0,0.9958677685950413,0.9958677685950413
2414,Skin,17,2414__pred17,normal_like,279.0,39,153,57,173,47.028673835125446,162.37992831541217,0.6827273183880886,0.9721254355400697,22.081341670238373,16.134245840622754,0,279,279,0.0,1.0,1.0
2414,Skin,18,2414__pred18,normal_like,346.0,42,23,64,47,52.58381502890173,33.96242774566474,0.836203623461147,0.9584487534626038,28.454304063500956,15.604883588666864,0,331,331,0.0,0.9566473988439307,0.9566473988439307
2414,Skin,19,2414__pred19,neoplastic_like,267.0,44,119,64,136,53.438202247191015,127.187265917603,0.5478604441936341,0.960431654676259,20.163152052409767,16.867882915910698,267,0,267,1.0,0.0,1.0
2414,Skin,20,2414__pred20,normal_like,256.0,44,186,65,202,53.828125,193.40234375,0.6889083153797483,0.9377289377289377,21.479120695364266,15.569108195826422,0,256,256,0.0,1.0,1.0
2414,Skin,21,2414__pred21,normal_like,235.0,46,171,65,187,54.99574468085106,178.83829787234043,0.4877286779760273,0.9437751004016064,18.590659050719736,16.229557366750452,0,235,235,0.0,1.0,1.0
2414,Skin,22,2414__pred22,normal_like,275.0,49,99,69,117,58.48,107.49454545454546,0.46061150967871217,0.9615384615384616,19.890683532680843,17.655007423253494,0,272,272,0.0,0.9890909090909091,0.9890909090909091
2414,Skin,23,2414__pred23,normal_like,174.0,50,52,63,69,56.09770114942529,59.53448275862069,0.7080588443823634,0.9560439560439561,17.73580685790787,12.524200924277842,0,168,168,0.0,0.9655172413793104,0.9655172413793104
2414,Skin,24,2414__pred24,normal_like,100.0,54,85,67,95,60.65,89.58,0.6692535596810258,0.9523809523809523,13.172143027995132,9.78735143182461,0,100,100,0.0,1.0,1.0
2414,Skin,25,2414__pred25,normal_like,217.0,58,240,74,256,65.27649769585254,248.09677419354838,0.44766116076525453,0.9644444444444444,17.716066061517836,15.84176417465723,0,217,217,0.0,1.0,1.0
2414,Skin,26,2414__pred26,neoplastic_like,265.0,67,209,85,227,75.50943396226415,217.2301886792453,0.13046022184997447,0.9706959706959707,18.442827033163457,18.28520622903313,261,0,261,0.9849056603773585,0.0,0.9849056603773585
2414,Skin,27,2414__pred27,normal_like,225.0,70,55,87,73,78.69777777777777,62.782222222222224,0.4328356709610433,0.9453781512605042,17.911378601441974,16.146621342972573,0,221,221,0.0,0.9822222222222222,0.9822222222222222
2414,Skin,28,2414__pred28,neoplastic_like,175.0,72,91,85,109,78.02857142857142,99.48,0.7350731326581749,0.9459459459459459,18.155640988219716,12.309303528961365,150,0,150,0.8571428571428571,0.0,0.8571428571428571
2414,Skin,29,2414__pred29,unmatched,164.0,73,226,86,244,78.54878048780488,234.29268292682926,0.6941913807457805,0.9318181818181818,17.089686027350133,12.300993211326734,18,0,18,0.10975609756097561,0.0,0.10975609756097561
2414,Skin,30,2414__pred30,neoplastic_like,241.0,75,137,91,156,81.96265560165975,145.55601659751036,0.6840873108129165,0.9678714859437751,20.601657046215518,15.026851349483785,241,0,241,1.0,0.0,1.0
2414,Skin,31,2414__pred31,normal_like,537.0,78,76,108,110,94.02234636871508,92.35009310986965,0.8842842618532021,0.8647342995169082,40.478750194205375,18.901510868479328,0,438,438,0.0,0.8156424581005587,0.8156424581005587
2414,Skin,32,2414__pred32,normal_like,205.0,80,19,97,35,87.77073170731707,26.585365853658537,0.5457666055890665,0.9534883720930233,17.668298368126084,14.804925107301788,0,205,205,0.0,1.0,1.0
2414,Skin,33,2414__pred33,neoplastic_like,250.0,80,241,101,256,90.776,248.536,0.7338082731806408,0.9727626459143969,21.78683125906894,14.801028061890042,250,0,250,1.0,0.0,1.0
2414,Skin,34,2414__pred34,normal_like,463.0,82,162,105,192,93.31533477321814,176.81425485961122,0.7741363791427072,0.93158953722334,31.01259187229906,19.6315552923097,4,462,463,0.008639308855291577,0.9978401727861771,1.0
2414,Skin,35,2414__pred35,normal_like,145.0,85,44,100,57,92.09655172413792,49.772413793103446,0.6719593560997292,0.9477124183006536,15.811127290163878,11.709531543271384,0,145,145,0.0,1.0,1.0
2414,Skin,36,2414__pred36,normal_like,242.0,88,145,104,166,95.94628099173553,154.8305785123967,0.7797428263154089,0.9490196078431372,22.26205888314366,13.938273552191834,0,165,165,0.0,0.6818181818181818,0.6818181818181818
2414,Skin,37,2414__pred37,normal_like,159.0,90,7,103,24,95.44654088050315,15.264150943396226,0.6622738967403634,0.9464285714285714,16.48021645887262,12.347997096596188,0,154,154,0.0,0.9685534591194969,0.9685534591194969
2414,Skin,38,2414__pred38,neoplastic_like,172.0,92,57,106,74,98.52906976744185,65.22093023255815,0.7993673191316312,0.9662921348314607,19.10531107357259,11.479285719340934,162,0,162,0.9418604651162791,0.0,0.9418604651162791
2414,Skin,39,2414__pred39,normal_like,221.0,92,195,110,211,100.47058823529412,203.00452488687782,0.5163825226518997,0.9484978540772532,18.178810629571462,15.567570615084103,0,221,221,0.0,1.0,1.0
2414,Skin,40,2414__pred40,neoplastic_like,250.0,94,116,111,135,101.584,124.58,0.43135256293702556,0.9578544061302682,18.830172416044622,16.98826979954204,229,0,229,0.916,0.0,0.916
2414,Skin,41,2414__pred41,unmatched,215.0,102,129,118,147,109.49767441860465,137.68372093023257,0.6131697787001613,0.9598214285714286,18.65218501368959,14.734315038204372,0,0,0,0.0,0.0,0.0
2414,Skin,42,2414__pred42,neoplastic_like,205.0,105,30,121,50,112.51219512195122,39.74146341463415,0.8377508088724321,0.9360730593607306,21.981160285979737,12.002872548372146,196,0,196,0.9560975609756097,0.0,0.9560975609756097
2414,Skin,43,2414__pred43,normal_like,144.0,106,13,117,31,110.72916666666667,21.805555555555557,0.8215082282306942,0.9290322580645162,18.030092678606596,10.28069862284156,4,139,143,0.027777777777777776,0.9652777777777778,0.9930555555555556
2414,Skin,44,2414__pred44,neoplastic_like,1104.0,108,215,151,247,128.8659420289855,230.55797101449275,0.7191354205981393,0.9778565101860053,45.03864749977437,31.296002717702855,1066,0,1066,0.9655797101449275,0.0,0.9655797101449275
2414,Skin,45,2414__pred45,normal_like,231.0,113,70,136,83,124.26839826839827,76.33766233766234,0.8302560361931259,0.9625,23.019319665215242,12.830558985630208,0,231,231,0.0,1.0,1.0
2414,Skin,46,2414__pred46,normal_like,547.0,115,88,141,117,127.3436928702011,101.87934186471664,0.7351894768222033,0.9630281690140845,32.1329280404841,21.781680014993245,0,512,512,0.0,0.9360146252285192,0.9360146252285192
2414,Skin,47,2414__pred47,normal_like,819.0,117,178,149,210,132.74358974358975,193.31379731379732,0.470678680347736,0.9669421487603306,34.48249897255829,30.424070837446425,3,816,816,0.003663003663003663,0.9963369963369964,0.9963369963369964
2414,Skin,48,2414__pred48,normal_like,207.0,118,117,138,131,127.17874396135265,123.53140096618357,0.6895438060232605,0.9495412844036697,19.12462633089404,13.850895450405073,0,206,206,0.0,0.9951690821256038,0.9951690821256038
2414,Skin,49,2414__pred49,neoplastic_like,876.0,118,144,151,179,133.2568493150685,161.88698630136986,0.4752493657664173,0.9798657718120806,35.68249633535584,31.395285317564685,848,10,851,0.9680365296803652,0.01141552511415525,0.9714611872146118
2414,Skin,50,2414__pred50,normal_like,234.0,124,25,142,41,132.4017094017094,32.56410256410256,0.4767992379018231,0.970954356846473,18.4068598452896,16.17985477590539,0,231,231,0.0,0.9871794871794872,0.9871794871794872
2414,Skin,51,2414__pred51,neoplastic_like,238.0,127,3,146,20,136.25210084033614,10.34873949579832,0.5601168233450857,0.9596774193548387,19.264507697243573,15.958980772984686,233,0,233,0.9789915966386554,0.0,0.9789915966386554
2414,Skin,52,2414__pred52,normal_like,446.0,130,45,156,68,141.78699551569505,55.356502242152466,0.5122322725730453,0.948936170212766,25.956398540938164,22.29257395273793,0,446,446,0.0,1.0,1.0
2414,Skin,53,2414__pred53,neoplastic_like,373.0,132,240,165,256,148.35656836461126,248.87399463806972,0.8647589437115526,0.951530612244898,31.433137302509007,15.785318753083754,372,0,372,0.9973190348525469,0.0,0.9973190348525469
2414,Skin,54,2414__pred54,normal_like,252.0,138,77,154,98,145.4404761904762,86.98015873015873,0.6495461529060811,0.9618320610687023,20.585910055603705,15.651923710833914,0,252,252,0.0,1.0,1.0
2414,Skin,55,2414__pred55,normal_like,139.0,142,117,155,133,147.13669064748203,124.35251798561151,0.6665014852174379,0.9266666666666666,15.568960594006,11.606717764420194,0,138,138,0.0,0.9928057553956835,0.9928057553956835
2414,Skin,56,2414__pred56,normal_like,362.0,144,5,163,31,152.9696132596685,17.281767955801104,0.7564613234840588,0.9576719576719577,26.565917033160147,17.375130630425854,0,353,353,0.0,0.9751381215469613,0.9751381215469613
2414,Skin,57,2414__pred57,normal_like,197.0,145,101,159,120,151.60406091370558,109.8730964467005,0.678864824817532,0.9471153846153846,18.615260489442278,13.66850203830126,0,196,196,0.0,0.9949238578680203,0.9949238578680203
2414,Skin,58,2414__pred58,normal_like,226.0,152,59,169,76,159.74778761061947,67.14601769911505,0.26125226216440656,0.9658119658119658,17.2813470011747,16.68117551090641,0,220,220,0.0,0.9734513274336283,0.9734513274336283
2414,Skin,59,2414__pred59,unmatched,188.0,153,34,171,48,161.66489361702128,39.6968085106383,0.7431552959386366,0.9591836734693877,18.973278529352285,12.69538073034291,0,9,9,0.0,0.047872340425531915,0.047872340425531915
2414,Skin,60,2414__pred60,normal_like,251.0,155,123,174,141,163.63346613545818,131.4820717131474,0.5259654713818559,0.943609022556391,19.548128164856795,16.625798763134625,0,251,251,0.0,1.0,1.0
2414,Skin,61,2414__pred61,neoplastic_like,282.0,155,162,177,179,165.76241134751774,170.0531914893617,0.6819185065857399,0.9527027027027027,22.183274750989103,16.225471790442846,279,0,279,0.9893617021276596,0.0,0.9893617021276596
2414,Skin,62,2414__pred62,neoplastic_like,268.0,156,82,173,103,164.044776119403,92.13059701492537,0.6349002696691973,0.9537366548042705,21.033779009833687,16.250573621134546,268,0,268,1.0,0.0,1.0
2414,Skin,63,2414__pred63,neoplastic_like,287.0,164,141,183,161,172.9128919860627,150.77351916376307,0.36464274469867347,0.9630872483221476,19.822382233401864,18.45756168177701,286,0,286,0.9965156794425087,0.0,0.9965156794425087
2414,Skin,64,2414__pred64,normal_like,234.0,165,17,181,37,172.7094017094017,26.854700854700855,0.6588743828134489,0.9435483870967742,20.011867698768683,15.053987135085851,0,77,77,0.0,0.32905982905982906,0.32905982905982906
2414,Skin,65,2414__pred65,normal_like,239.0,165,107,181,127,172.79497907949792,116.24686192468619,0.7188546114389994,0.9676113360323887,20.94467535004291,14.55990988673527,0,239,239,0.0,1.0,1.0
2414,Skin,66,2414__pred66,neoplastic_like,348.0,165,180,187,201,175.30459770114942,189.78735632183907,0.5055846680288283,0.9666666666666667,22.67542427480532,19.563834420804678,336,0,336,0.9655172413793104,0.0,0.9655172413793104
2414,Skin,67,2414__pred67,normal_like,207.0,167,42,184,58,174.81642512077295,49.42028985507246,0.5432874655170246,0.971830985915493,17.729975727292093,14.885143334454716,0,201,201,0.0,0.9710144927536232,0.9710144927536232
2414,Skin,68,2414__pred68,unmatched,130.0,167,223,178,237,171.9923076923077,229.46923076923076,0.5985471882304675,0.948905109489051,14.434743827880316,11.563493574228447,0,0,0,0.0,0.0,0.0
2414,Skin,69,2414__pred69,normal_like,235.0,174,61,192,79,182.15744680851063,69.2127659574468,0.6853460589593031,0.9552845528455285,20.28934636754831,14.775057815079744,0,229,229,0.0,0.9744680851063829,0.9744680851063829
2414,Skin,70,2414__pred70,normal_like,409.0,177,91,197,121,187.45476772616138,104.1760391198044,0.8281944183155665,0.9402298850574713,31.050509214958208,17.40197541515941,0,406,406,0.0,0.9926650366748166,0.9926650366748166
2414,Skin,71,2414__pred71,neoplastic_like,127.0,181,0,201,9,190.92125984251967,3.716535433070866,0.9034238603065315,0.900709219858156,19.79236494678367,8.485947991319291,127,0,127,1.0,0.0,1.0
2414,Skin,72,2414__pred72,normal_like,228.0,181,157,199,174,189.28508771929825,165.47368421052633,0.43471841187860616,0.95,18.023484425828475,16.23134510088775,0,194,194,0.0,0.8508771929824561,0.8508771929824561
2414,Skin,73,2414__pred73,normal_like,167.0,188,43,203,57,194.8323353293413,49.48502994011976,0.5768132197171377,0.9542857142857143,16.12526243799577,13.172340966820597,0,167,167,0.0,1.0,1.0
2414,Skin,74,2414__pred74,neoplastic_like,252.0,188,215,202,238,194.49603174603175,226.07142857142858,0.7962588630900284,0.9473684210526315,23.069389411088874,13.955966703939406,252,0,252,1.0,0.0,1.0
2414,Skin,75,2414__pred75,neoplastic_like,224.0,191,24,209,41,199.55803571428572,31.821428571428573,0.7019925071997788,0.9613733905579399,20.05648912346549,14.283917267671995,143,0,143,0.6383928571428571,0.0,0.6383928571428571
2414,Skin,76,2414__pred76,normal_like,216.0,192,149,209,166,200.91666666666666,157.03240740740742,0.491012385108219,0.9432314410480349,17.865923767468907,15.563945789501968,0,204,204,0.0,0.9444444444444444,0.9444444444444444
2414,Skin,77,2414__pred77,normal_like,56.0,192,251,210,255,200.32142857142858,252.78571428571428,0.9795983202682732,0.8888888888888888,19.436646710239504,3.906095363386112,0,55,55,0.0,0.9821428571428571,0.9821428571428571
2414,Skin,78,2414__pred78,neoplastic_like,275.0,199,9,228,24,213.07272727272726,15.709090909090909,0.9237994058431612,0.9450171821305842,30.340488129441635,11.616669551647309,225,0,225,0.8181818181818182,0.0,0.8181818181818182
2414,Skin,79,2414__pred79,normal_like,258.0,202,51,220,69,210.54263565891472,59.31782945736434,0.23643804962922113,0.9626865671641791,18.39531752450088,17.87374709812437,0,244,244,0.0,0.9457364341085271,0.9457364341085271
2414,Skin,80,2414__pred80,normal_like,244.0,202,112,217,133,209.22540983606558,122.10245901639344,0.7254847907101161,0.9312977099236641,21.426057536702274,14.746231248948611,0,244,244,0.0,1.0,1.0
2414,Skin,81,2414__pred81,normal_like,278.0,203,92,220,113,210.20503597122303,102.13309352517986,0.6637620359488945,0.9455782312925171,21.88178571251041,16.366346419934658,0,271,271,0.0,0.9748201438848921,0.9748201438848921
2414,Skin,82,2414__pred82,neoplastic_like,244.0,206,136,223,154,214.25409836065575,144.577868852459,0.5541041666148484,0.9568627450980393,19.39100367069159,16.141989410071886,244,0,244,1.0,0.0,1.0
2414,Skin,83,2414__pred83,unmatched,92.0,207,239,218,250,212.56521739130434,244.34782608695653,0.4738387440687302,0.9583333333333334,11.624278373608968,10.23647473756328,0,0,0,0.0,0.0,0.0
2414,Skin,84,2414__pred84,normal_like,588.0,214,214,245,245,227.9404761904762,230.19557823129253,0.8570295962018746,0.9483870967741935,38.56089051216064,19.86916147896022,0,585,585,0.0,0.9948979591836735,0.9948979591836735
2414,Skin,85,2414__pred85,neoplastic_like,212.0,219,30,236,47,226.81132075471697,37.54716981132076,0.16444452880048402,0.954954954954955,16.550815821085347,16.325498517683506,212,0,212,1.0,0.0,1.0
2414,Skin,86,2414__pred86,normal_like,427.0,219,164,243,187,230.5854800936768,175.11943793911007,0.5334344168338111,0.9660633484162896,25.419110490473294,21.500536740035006,0,427,427,0.0,1.0,1.0
2414,Skin,87,2414__pred87,normal_like,277.0,224,121,243,140,232.30685920577616,130.0072202166065,0.4683552662985928,0.9685314685314685,20.066346578208854,17.729424544803905,0,250,250,0.0,0.9025270758122743,0.9025270758122743
2414,Skin,88,2414__pred88,normal_like,254.0,226,140,243,159,233.31102362204723,148.67322834645668,0.5498374447485931,0.9657794676806084,19.716030550190172,16.468242018918698,0,237,237,0.0,0.9330708661417323,0.9330708661417323
2414,Skin,89,2414__pred89,normal_like,298.0,227,184,245,206,235.9295302013423,194.56711409395973,0.5584645911088297,0.9581993569131833,21.48001262833879,17.818279653975907,0,298,298,0.0,1.0,1.0
2414,Skin,90,2414__pred90,unmatched,162.0,234,45,248,60,241.01234567901236,52.94444444444444,0.5216947408369854,0.9585798816568047,15.718737511211561,13.410161544437106,10,0,10,0.06172839506172839,0.0,0.06172839506172839
2414,Skin,91,2414__pred91,neoplastic_like,203.0,236,72,254,87,244.1231527093596,78.8423645320197,0.45253420294425145,0.9620853080568721,17.077807166978243,15.229084103995609,177,0,177,0.8719211822660099,0.0,0.8719211822660099
2414,Skin,92,2414__pred92,normal_like,198.0,236,89,256,102,245.8181818181818,95.06565656565657,0.7852039554969029,0.9428571428571428,20.29210897311236,12.565629371913827,0,198,198,0.0,1.0,1.0
2414,Skin,93,2414__pred93,unmatched,211.0,242,144,256,164,248.45023696682463,153.521327014218,0.7281934482537535,0.9295154185022027,19.94320869471456,13.668509897353522,36,0,36,0.17061611374407584,0.0,0.17061611374407584
2414,Skin,94,2414__pred94,normal_like,99.0,248,214,255,233,251.6060606060606,222.5050505050505,0.932121002921908,0.9339622641509434,19.08159313884125,6.9103413495994,0,99,99,0.0,1.0,1.0
2414,Skin,95,2414__pred95,normal_like,109.0,249,181,256,200,252.25688073394497,189.74311926605503,0.9350358238576832,0.9478260869565217,19.816801865510275,7.026111534450148,0,109,109,0.0,1.0,1.0
2414,Skin,96,2414__pred96,normal_like,35.0,251,14,256,25,252.97142857142856,18.885714285714286,0.921692652158734,0.8536585365853658,11.143480790427693,4.3227895325538075,0,35,35,0.0,1.0,1.0
2479,Stomach,1,2479__pred1,neoplastic_like,442.0,0,14,19,44,8.002262443438914,27.126696832579185,0.7676052620847624,0.9629629629629629,30.153701212469002,19.32619757685016,437,0,437,0.9886877828054299,0.0,0.9886877828054299
2479,Stomach,2,2479__pred2,neoplastic_like,166.0,0,190,13,209,5.313253012048193,200.53614457831324,0.7753708536916456,0.9273743016759777,18.905405685812124,11.938880284515049,166,0,166,1.0,0.0,1.0
2479,Stomach,3,2479__pred3,normal_like,40.0,1,0,12,6,5.725,2.475,0.930553995393073,0.7692307692307693,12.819759092876124,4.694014997911689,0,40,40,0.0,1.0,1.0
2479,Stomach,4,2479__pred4,neoplastic_like,246.0,1,71,17,92,7.638211382113822,81.57317073170732,0.6303013106226042,0.968503937007874,20.31032714404591,15.767934712967147,246,0,246,1.0,0.0,1.0
2479,Stomach,5,2479__pred5,normal_like,266.0,7,59,25,80,15.785714285714286,68.73684210526316,0.6269920158755172,0.9743589743589743,20.922598911769363,16.299241870510905,3,251,254,0.011278195488721804,0.943609022556391,0.9548872180451128
2479,Stomach,6,2479__pred6,normal_like,277.0,18,140,36,159,26.9927797833935,148.72563176895306,0.5271617673245546,0.9685314685314685,20.41955298734769,17.351820433201052,0,277,277,0.0,1.0,1.0
2479,Stomach,7,2479__pred7,neoplastic_like,705.0,22,18,56,56,39.11063829787234,36.81418439716312,0.9219838361284192,0.9670781893004116,48.2942155424658,18.7008900771559,705,0,705,1.0,0.0,1.0
2479,Stomach,8,2479__pred8,neoplastic_like,328.0,25,221,45,242,34.353658536585364,231.0091463414634,0.5499203086735478,0.9704142011834319,22.36817996789285,18.682287074271812,327,0,327,0.9969512195121951,0.0,0.9969512195121951
2479,Stomach,9,2479__pred9,neoplastic_like,395.0,38,49,60,77,48.255696202531645,60.946835443037976,0.752182402349363,0.9122401847575058,28.18683698624185,18.573855916615823,365,0,365,0.9240506329113924,0.0,0.9240506329113924
2479,Stomach,10,2479__pred10,neoplastic_like,118.0,43,0,62,8,50.79661016949152,3.406779661016949,0.9088313407259714,0.944,19.515457912729225,8.141141601167162,118,0,118,1.0,0.0,1.0
2479,Stomach,11,2479__pred11,neoplastic_like,289.0,44,165,63,184,53.14878892733564,173.6643598615917,0.26866350874668166,0.9829931972789115,19.563419611245703,18.844152756898946,289,0,289,1.0,0.0,1.0
2479,Stomach,12,2479__pred12,unmatched,107.0,61,69,73,81,66.4392523364486,74.51401869158879,0.7517448816137019,0.9385964912280702,14.383011365511159,9.484934975201782,0,0,0,0.0,0.0,0.0
2479,Stomach,13,2479__pred13,neoplastic_like,447.0,61,233,84,256,71.80089485458613,244.75838926174498,0.24692702670540734,0.9696312364425163,24.483682814284467,23.725522991336423,447,0,447,1.0,0.0,1.0
2479,Stomach,14,2479__pred14,neoplastic_like,590.0,67,194,90,229,78.36949152542373,212.2084745762712,0.7723225610787071,0.9703947368421053,34.68369958554376,22.032145836638424,590,0,590,1.0,0.0,1.0
2479,Stomach,15,2479__pred15,normal_like,452.0,77,68,105,89,90.75442477876106,78.35398230088495,0.6984356170370842,0.9658119658119658,28.410475730784317,20.332607339476723,0,431,431,0.0,0.9535398230088495,0.9535398230088495
2479,Stomach,16,2479__pred16,neoplastic_like,454.0,93,175,115,203,103.7488986784141,188.01762114537445,0.7625216950030786,0.9659574468085106,29.972966368853314,19.391389614949414,453,0,453,0.9977973568281938,0.0,0.9977973568281938
2479,Stomach,17,2479__pred17,neoplastic_like,340.0,98,222,119,244,107.76176470588236,232.49411764705883,0.5872721779030688,0.947075208913649,23.18908352008102,18.769001093252122,340,0,340,1.0,0.0,1.0
2479,Stomach,18,2479__pred18,normal_like,176.0,107,111,124,124,115.04545454545455,117.38636363636364,0.6763471627442044,0.9513513513513514,17.450903182728915,12.85403861381839,0,174,174,0.0,0.9886363636363636,0.9886363636363636
2479,Stomach,19,2479__pred19,neoplastic_like,647.0,112,199,146,224,127.76816074188562,211.06027820710975,0.6586686560075204,0.9656716417910448,33.23979632117619,25.0107236876881,647,0,647,1.0,0.0,1.0
2479,Stomach,20,2479__pred20,neoplastic_like,264.0,113,168,130,188,120.71969696969697,177.4848484848485,0.5816856921328816,0.9565217391304348,20.37790830069521,16.57566863948026,264,0,264,1.0,0.0,1.0
2479,Stomach,21,2479__pred21,neoplastic_like,541.0,119,227,144,255,131.26247689463955,240.23844731977817,0.6247150543002311,0.9695340501792115,29.714738608184465,23.202836951216007,541,0,541,1.0,0.0,1.0
2479,Stomach,22,2479__pred22,normal_like,262.0,121,88,139,106,129.54198473282443,96.13358778625954,0.4525489178840937,0.9492753623188406,19.468036124218152,17.360418339188257,0,257,257,0.0,0.9809160305343512,0.9809160305343512
2479,Stomach,23,2479__pred23,neoplastic_like,764.0,124,5,152,41,137.00523560209425,23.951570680628272,0.6986475579225448,0.9707750952986023,37.14930036444563,26.579061143804978,764,0,764,1.0,0.0,1.0
2479,Stomach,24,2479__pred24,neoplastic_like,373.0,127,154,147,181,136.7882037533512,166.98391420911528,0.7794563842491992,0.9564102564102565,27.707135999556964,17.35731541369369,373,0,373,1.0,0.0,1.0
2479,Stomach,25,2479__pred25,normal_like,530.0,143,84,167,113,154.2509433962264,97.22641509433963,0.6435261597027208,0.9618874773139746,29.84719082975107,22.845759742198744,0,530,530,0.0,1.0,1.0
2479,Stomach,26,2479__pred26,neoplastic_like,340.0,148,136,171,157,158.4558823529412,144.0735294117647,0.36410478471994134,0.9523809523809523,22.391132653714248,20.854160304677418,340,0,340,1.0,0.0,1.0
2479,Stomach,27,2479__pred27,neoplastic_like,147.0,154,245,170,256,161.1768707482993,250.05442176870747,0.7140269801777774,0.9607843137254902,16.392566802280033,11.476734100836785,147,0,147,1.0,0.0,1.0
2479,Stomach,28,2479__pred28,neoplastic_like,419.0,155,161,175,190,163.91169451073986,175.6778042959427,0.7613060085552387,0.9632183908045977,28.81423129690709,18.68293873828839,419,0,419,1.0,0.0,1.0
2479,Stomach,29,2479__pred29,normal_like,191.0,165,29,186,43,174.9109947643979,34.97905759162304,0.8791738315876302,0.9317073170731708,23.110505011683166,11.012182891733524,0,191,191,0.0,1.0,1.0
2479,Stomach,30,2479__pred30,normal_like,253.0,201,48,221,65,210.4822134387352,55.88537549407115,0.6956477755269656,0.9693486590038314,21.178793510257318,15.214485774226587,0,253,253,0.0,1.0,1.0
2479,Stomach,31,2479__pred31,normal_like,168.0,205,109,220,123,211.78571428571428,115.0297619047619,0.5383618698307979,0.9491525423728814,15.95854361368426,13.448484442594257,0,168,168,0.0,1.0,1.0
2479,Stomach,32,2479__pred32,unmatched,193.0,207,69,224,83,214.91709844559585,75.21761658031087,0.5596743534033223,0.9698492462311558,17.23738643655643,14.284839796383501,0,0,0,0.0,0.0,0.0
2479,Stomach,33,2479__pred33,normal_like,204.0,215,92,230,110,221.9607843137255,100.51470588235294,0.690435722782879,0.9622641509433962,18.94746385488056,13.706476867667215,0,204,204,0.0,1.0,1.0
2479,Stomach,34,2479__pred34,neoplastic_like,80.0,223,248,237,256,228.875,251.4125,0.8238080050398175,0.898876404494382,13.67858068551876,7.753962240671099,54,0,54,0.675,0.0,0.675
2479,Stomach,35,2479__pred35,neoplastic_like,518.0,228,3,255,30,240.70849420849422,16.474903474903474,0.5189004442459464,0.9487179487179487,28.4873255459367,24.351953797632472,518,0,518,1.0,0.0,1.0
2479,Stomach,36,2479__pred36,normal_like,112.0,247,228,255,247,250.83928571428572,236.24107142857142,0.8878205001194855,0.9411764705882353,17.997684801152996,8.282353072079898,0,104,104,0.0,0.9285714285714286,0.9285714285714286
2505,Stomach,1,2505__pred1,normal_like,1044.0,0,155,34,204,14.881226053639846,176.09961685823754,0.8366131874794404,0.9413886384129847,50.4026721298719,27.6102863498421,0,919,919,0.0,0.8802681992337165,0.8802681992337165
2505,Stomach,2,2505__pred2,neoplastic_like,223.0,1,32,17,50,8.085201793721973,40.82062780269058,0.3700538749616389,0.9570815450643777,17.502196225298093,16.259720491692946,223,0,223,1.0,0.0,1.0
2505,Stomach,3,2505__pred3,unmatched,165.0,1,78,13,94,5.890909090909091,84.88484848484849,0.7121403939003953,0.9705882352941176,17.58166458184516,12.342980435533013,0,0,0,0.0,0.0,0.0
2505,Stomach,4,2505__pred4,normal_like,562.0,7,218,37,248,20.494661921708186,234.37366548042704,0.507996537456591,0.9273927392739274,30.28438133012475,26.085727776702274,0,562,562,0.0,1.0,1.0
2505,Stomach,5,2505__pred5,neoplastic_like,731.0,21,187,54,222,36.98084815321477,203.51983584131327,0.8678617787270828,0.9656538969616909,43.378407919440214,21.55064159797904,724,0,724,0.9904240766073872,0.0,0.9904240766073872
2505,Stomach,6,2505__pred6,neoplastic_like,318.0,37,1,66,17,50.43396226415094,7.735849056603773,0.912897871771803,0.9034090909090909,32.19545291399601,13.14179881065534,270,0,270,0.8490566037735849,0.0,0.8490566037735849
2505,Stomach,7,2505__pred7,neoplastic_like,1164.0,49,103,89,143,68.71821305841924,121.85481099656357,0.7625707849080909,0.9716193656093489,47.93647787169506,31.01033680560595,1121,0,1121,0.9630584192439863,0.0,0.9630584192439863
2505,Stomach,8,2505__pred8,normal_like,235.0,53,215,71,232,61.62127659574468,222.86382978723404,0.603498608300792,0.9631147540983607,19.37277609824122,15.44715522822499,0,235,235,0.0,1.0,1.0
2505,Stomach,9,2505__pred9,neoplastic_like,1051.0,64,152,99,191,80.92197906755472,171.05708848715508,0.39125601734857046,0.9749536178107606,38.14277045875191,35.10210030376649,1034,0,1034,0.9838249286393911,0.0,0.9838249286393911
2505,Stomach,10,2505__pred10,neoplastic_like,293.0,73,243,105,256,89.16382252559727,249.79522184300342,0.9212040973607621,0.9242902208201893,31.96523703352064,12.437024755479063,274,0,274,0.9351535836177475,0.0,0.9351535836177475
2505,Stomach,11,2505__pred11,neoplastic_like,1552.0,74,200,125,240,98.6423969072165,218.94136597938143,0.7310005553705068,0.9742623979912115,53.877254332015,36.764591991190656,1552,0,1552,1.0,0.0,1.0
2505,Stomach,12,2505__pred12,normal_like,147.0,109,1,124,15,116.0,6.510204081632653,0.529887745161415,0.91875,15.069031910792127,12.77956059972902,0,129,129,0.0,0.8775510204081632,0.8775510204081632
2505,Stomach,13,2505__pred13,normal_like,89.0,110,110,121,121,115.15730337078652,115.14606741573034,0.41573028558306646,0.956989247311828,11.164690387893964,10.154151363780086,0,89,89,0.0,1.0,1.0
2505,Stomach,14,2505__pred14,normal_like,117.0,122,114,133,128,127.2905982905983,120.93162393162393,0.6181274957144216,0.9669421487603306,13.783059241642762,10.834557687145669,0,109,109,0.0,0.9316239316239316,0.9316239316239316
2505,Stomach,15,2505__pred15,normal_like,123.0,123,101,135,114,128.7560975609756,106.67479674796748,0.45048841222706665,0.9761904761904762,13.261730503316521,11.839837928407674,0,123,123,0.0,1.0,1.0
2505,Stomach,16,2505__pred16,neoplastic_like,1046.0,132,188,172,223,151.97705544933078,204.92925430210326,0.505084297919738,0.969416126042632,39.385883822666884,33.992775369062606,930,0,930,0.8891013384321224,0.0,0.8891013384321224
2505,Stomach,17,2505__pred17,normal_like,134.0,140,131,153,145,145.8507462686567,137.4179104477612,0.509252243142102,0.9640287769784173,14.108148220281473,12.141716558806277,0,128,128,0.0,0.9552238805970149,0.9552238805970149
2505,Stomach,18,2505__pred18,neoplastic_like,492.0,140,239,182,256,161.33943089430895,248.3109756097561,0.905971368553726,0.9407265774378585,39.840528019308294,16.866047900211555,481,0,481,0.9776422764227642,0.0,0.9776422764227642
2505,Stomach,19,2505__pred19,normal_like,288.0,148,7,167,31,156.02777777777777,17.95486111111111,0.8282428842745633,0.9411764705882353,26.01728970564486,14.579289776422295,0,288,288,0.0,1.0,1.0
2505,Stomach,20,2505__pred20,normal_like,491.0,156,24,184,49,171.45213849287168,36.287169042769854,0.6167295297465799,0.9515503875968992,28.86928919742299,22.72518651087715,0,490,490,0.0,0.9979633401221996,0.9979633401221996
2505,Stomach,21,2505__pred21,neoplastic_like,614.0,166,70,195,98,180.73778501628664,83.68241042345277,0.6571552848586089,0.9669291338582677,32.33730986425968,24.374416108908665,603,0,603,0.9820846905537459,0.0,0.9820846905537459
2505,Stomach,22,2505__pred22,neoplastic_like,886.0,186,201,215,244,200.99887133182844,221.42212189616254,0.7806786958316324,0.9609544468546638,43.174802816923915,26.98134244665904,850,0,850,0.9593679458239278,0.0,0.9593679458239278
2505,Stomach,23,2505__pred23,neoplastic_like,605.0,203,134,230,164,215.37851239669422,148.14710743801652,0.6908410817860947,0.968,32.75838601424131,23.68453056393882,605,0,605,1.0,0.0,1.0
2505,Stomach,24,2505__pred24,normal_like,303.0,206,11,226,32,215.996699669967,21.356435643564357,0.652154349099335,0.9588607594936709,22.64242593134766,17.16491090667228,0,303,303,0.0,1.0,1.0
2505,Stomach,25,2505__pred25,neoplastic_like,758.0,230,59,256,97,243.40237467018468,78.09630606860158,0.7234131203114258,0.9755469755469756,37.534794476657595,25.914601034226077,758,0,758,1.0,0.0,1.0
2505,Stomach,26,2505__pred26,normal_like,271.0,233,207,254,224,242.8228782287823,215.13653136531366,0.6262230245180824,0.9508771929824561,21.199918071290792,16.528388337803573,0,263,263,0.0,0.9704797047970479,0.9704797047970479
2505,Stomach,27,2505__pred27,normal_like,81.0,247,42,255,55,251.02469135802468,48.666666666666664,0.7571184578880628,0.9642857142857143,13.006698558235517,8.496984997868312,0,81,81,0.0,1.0,1.0
2525,Testis,1,2525__pred1,unmatched,134.0,0,66,11,81,4.723880597014926,72.71641791044776,0.6827799729492445,0.9640287769784173,15.348169737902522,11.213741998075703,0,12,12,0.0,0.08955223880597014,0.08955223880597014
2525,Testis,2,2525__pred2,normal_like,255.0,2,45,17,67,8.694117647058823,55.462745098039214,0.7269232301196615,0.9514925373134329,21.836708207679816,14.995676581491526,0,255,255,0.0,1.0,1.0
2525,Testis,3,2525__pred3,neoplastic_like,191.0,6,165,23,180,13.910994764397905,172.0523560209424,0.5776812677456208,0.9408866995073891,17.270486932309176,14.097249612309193,191,0,191,1.0,0.0,1.0
2525,Testis,4,2525__pred4,neoplastic_like,188.0,8,148,27,160,16.675531914893618,153.40425531914894,0.7776558349700329,0.9740932642487047,19.53217367485025,12.279686714054762,188,0,188,1.0,0.0,1.0
2525,Testis,5,2525__pred5,normal_like,194.0,10,1,23,21,16.010309278350515,10.608247422680412,0.7960629932885486,0.941747572815534,20.25749998470574,12.26011799206261,0,194,194,0.0,1.0,1.0
2525,Testis,6,2525__pred6,neoplastic_like,576.0,11,114,41,141,25.13715277777778,126.984375,0.7601216816838944,0.9680672268907563,33.63270044971457,21.853881477076108,576,0,576,1.0,0.0,1.0
2525,Testis,7,2525__pred7,normal_like,276.0,19,78,37,101,27.358695652173914,89.78260869565217,0.7730822457519109,0.9230769230769231,23.794804108094187,15.093182131638445,0,262,262,0.0,0.9492753623188406,0.9492753623188406
2525,Testis,8,2525__pred8,normal_like,178.0,20,31,34,49,26.51123595505618,39.17977528089887,0.7632636979858853,0.9417989417989417,18.782058544187322,12.13484554135255,0,178,178,0.0,1.0,1.0
2525,Testis,9,2525__pred9,normal_like,307.0,20,219,38,241,28.36156351791531,229.78827361563518,0.6610139239349936,0.9623824451410659,22.82737883334618,17.12906323666925,0,307,307,0.0,1.0,1.0
2525,Testis,10,2525__pred10,unmatched,176.0,29,0,46,12,37.33522727272727,5.028409090909091,0.7100882981240484,0.9832402234636871,18.02891155339211,12.694384498144892,0,0,0,0.0,0.0,0.0
2525,Testis,11,2525__pred11,normal_like,233.0,30,54,47,73,37.836909871244636,63.648068669527895,0.6773955419046653,0.9510204081632653,20.16842228409248,14.836274174978891,0,233,233,0.0,1.0,1.0
2525,Testis,12,2525__pred12,normal_like,156.0,34,97,53,109,43.1025641025641,102.6025641025641,0.8638703052156819,0.9285714285714286,20.04122596721358,10.095052104085788,0,155,155,0.0,0.9935897435897436,0.9935897435897436
2525,Testis,13,2525__pred13,normal_like,188.0,39,121,53,141,45.37765957446808,130.56914893617022,0.8701502631144996,0.9591836734693877,22.034623224793933,10.858364522843704,0,188,188,0.0,1.0,1.0
2525,Testis,14,2525__pred14,normal_like,196.0,41,79,57,95,48.224489795918366,86.38265306122449,0.48443662477016314,0.9423076923076923,16.89733828024844,14.782236906925265,0,196,196,0.0,1.0,1.0
2525,Testis,15,2525__pred15,normal_like,125.0,47,160,61,172,52.976,165.952,0.5458257397052109,0.9689922480620154,13.811636847289986,11.572752809879834,0,125,125,0.0,1.0,1.0
2525,Testis,16,2525__pred16,normal_like,211.0,58,141,75,158,66.0521327014218,149.18957345971563,0.693061964446606,0.9461883408071748,19.367009875583328,13.96125164804919,0,211,211,0.0,1.0,1.0
2525,Testis,17,2525__pred17,normal_like,100.0,59,188,69,200,63.34,193.32,0.5873034693705788,0.970873786407767,12.545993988177308,10.154311145942831,0,100,100,0.0,1.0,1.0
2525,Testis,18,2525__pred18,normal_like,267.0,66,204,87,222,76.96629213483146,211.12734082397003,0.6560369815869048,0.9535714285714286,21.823127169569425,16.470541384438953,0,267,267,0.0,1.0,1.0
2525,Testis,19,2525__pred19,normal_like,381.0,70,107,92,130,81.25459317585302,118.55380577427822,0.15069468425410537,0.957286432160804,22.48680587860105,22.23001446828812,0,381,381,0.0,1.0,1.0
2525,Testis,20,2525__pred20,normal_like,234.0,71,84,86,104,78.8119658119658,93.93589743589743,0.7172560489121104,0.9512195121951219,20.873111644998414,14.544586697640206,0,234,234,0.0,1.0,1.0
2525,Testis,21,2525__pred21,normal_like,241.0,71,165,90,182,79.02074688796681,173.88381742738588,0.4426005098994178,0.926923076923077,18.988095147086014,17.026983825360077,0,241,241,0.0,1.0,1.0
2525,Testis,22,2525__pred22,normal_like,166.0,74,188,90,201,81.77710843373494,194.15060240963857,0.563199030278765,0.9595375722543352,15.993649895298717,13.215893200246445,0,166,166,0.0,1.0,1.0
2525,Testis,23,2525__pred23,normal_like,178.0,80,221,96,236,87.75842696629213,228.1067415730337,0.48525078093724777,0.956989247311828,16.105037050115882,14.081842129631715,0,173,173,0.0,0.9719101123595506,0.9719101123595506
2525,Testis,24,2525__pred24,normal_like,142.0,80,238,92,253,85.71126760563381,244.3450704225352,0.6602680353089874,0.9594594594594594,15.790931390491869,11.859463839797133,0,141,141,0.0,0.9929577464788732,0.9929577464788732
2525,Testis,25,2525__pred25,neoplastic_like,181.0,81,8,97,23,88.81767955801105,15.027624309392266,0.6768693311687853,0.9526315789473684,17.741077346049245,13.059263654914147,181,0,181,1.0,0.0,1.0
2525,Testis,26,2525__pred26,normal_like,219.0,84,35,101,53,91.8675799086758,43.68493150684932,0.7269628413948765,0.948051948051948,20.165416492083114,13.847123661178832,0,217,217,0.0,0.9908675799086758,0.9908675799086758
2525,Testis,27,2525__pred27,normal_like,130.0,90,60,102,74,95.56923076923077,66.31538461538462,0.7666443463300665,0.9558823529411765,16.109792725579794,10.343646747786696,0,130,130,0.0,1.0,1.0
2525,Testis,28,2525__pred28,normal_like,168.0,94,197,105,216,99.06547619047619,206.10119047619048,0.798723253519542,0.96,18.849886624203705,11.341949750430377,0,168,168,0.0,1.0,1.0
2525,Testis,29,2525__pred29,normal_like,206.0,97,174,109,194,102.69417475728156,183.53398058252426,0.7955039949264122,0.9716981132075472,20.870227163040287,12.646279561823693,0,206,206,0.0,1.0,1.0
2525,Testis,30,2525__pred30,normal_like,351.0,100,231,120,254,109.45868945868946,242.17094017094018,0.6178698270951171,0.9696132596685083,23.86278491094127,18.762840206638042,0,350,350,0.0,0.9971509971509972,0.9971509971509972
2525,Testis,31,2525__pred31,normal_like,223.0,102,6,118,24,109.42152466367713,14.349775784753364,0.6478029089774135,0.9695652173913043,19.305379670143598,14.706992197512486,0,223,223,0.0,1.0,1.0
2525,Testis,32,2525__pred32,normal_like,211.0,102,118,117,137,108.54976303317535,126.72037914691943,0.6435827613752204,0.9419642857142857,18.80168649855433,14.390369528476041,0,211,211,0.0,1.0,1.0
2525,Testis,33,2525__pred33,normal_like,249.0,103,105,123,121,113.10843373493977,112.04417670682732,0.7278672100854228,0.950381679389313,21.6985505017819,14.879089009767839,0,238,238,0.0,0.9558232931726908,0.9558232931726908
2525,Testis,34,2525__pred34,neoplastic_like,344.0,109,63,128,92,119.04651162790698,77.88372093023256,0.9049342868048382,0.9222520107238605,32.75869719135984,13.940507239688458,344,0,344,1.0,0.0,1.0
2525,Testis,35,2525__pred35,normal_like,172.0,110,199,121,219,114.57558139534883,208.76162790697674,0.8440368180443615,0.945054945054945,20.305710919189448,10.889652886002104,0,160,160,0.0,0.9302325581395349,0.9302325581395349
2525,Testis,36,2525__pred36,normal_like,206.0,115,175,128,194,120.69902912621359,183.52912621359224,0.7156770931549582,0.976303317535545,19.436695032907647,13.575196423230558,0,206,206,0.0,1.0,1.0
2525,Testis,37,2525__pred37,normal_like,185.0,117,159,135,172,125.71351351351352,165.2864864864865,0.7147921478733796,0.9635416666666666,18.369214242916,12.846270468773149,0,182,182,0.0,0.9837837837837838,0.9837837837837838
2525,Testis,38,2525__pred38,normal_like,67.0,120,43,127,57,123.13432835820896,50.28358208955224,0.8881565529142137,0.9178082191780822,13.967067194729964,6.418440129596279,0,67,67,0.0,1.0,1.0
2525,Testis,39,2525__pred39,normal_like,219.0,121,196,137,214,128.8310502283105,205.26940639269407,0.5515658200866873,0.9563318777292577,18.47659886561982,15.411910765632516,0,214,214,0.0,0.9771689497716894,0.9771689497716894
2525,Testis,40,2525__pred40,normal_like,281.0,123,139,142,160,132.05338078291814,148.58007117437722,0.5235019677620151,0.8726708074534162,21.356019302827608,18.195850930931602,0,235,235,0.0,0.8362989323843416,0.8362989323843416
2525,Testis,41,2525__pred41,normal_like,272.0,123,216,139,241,129.5,227.03308823529412,0.8627915050008381,0.9251700680272109,26.745611758094114,13.521508975424865,0,271,271,0.0,0.9963235294117647,0.9963235294117647
2525,Testis,42,2525__pred42,normal_like,187.0,126,17,143,32,133.7058823529412,24.0,0.6676725851286565,0.9444444444444444,17.980731271462137,13.385846168714608,0,187,187,0.0,1.0,1.0
2525,Testis,43,2525__pred43,unmatched,196.0,127,0,144,14,134.28571428571428,5.775510204081633,0.6540747462177514,0.9751243781094527,18.393932163462107,13.913720665155019,0,0,0,0.0,0.0,0.0
2525,Testis,44,2525__pred44,neoplastic_like,248.0,128,34,147,51,136.71774193548387,41.25403225806452,0.47214524160022203,0.9649805447470817,18.988142927765956,16.73844240571087,248,0,248,1.0,0.0,1.0
2525,Testis,45,2525__pred45,normal_like,259.0,133,231,149,254,141.36293436293437,242.63706563706563,0.8531414710662025,0.9283154121863799,25.46304898350738,13.283553825716167,0,259,259,0.0,1.0,1.0
2525,Testis,46,2525__pred46,normal_like,209.0,134,110,153,123,142.94736842105263,115.91866028708134,0.7368336464703112,0.9587155963302753,19.8877947278219,13.4456227559588,0,209,209,0.0,1.0,1.0
2525,Testis,47,2525__pred47,normal_like,234.0,135,171,152,190,143.23076923076923,179.60683760683762,0.5945794370511097,0.9551020408163265,19.317119936938216,15.531676708168815,0,227,227,0.0,0.9700854700854701,0.9700854700854701
2525,Testis,48,2525__pred48,normal_like,214.0,136,91,153,107,143.91121495327104,99.44859813084112,0.3833608999475063,0.9553571428571429,17.333253946273604,16.008969514271108,0,214,214,0.0,1.0,1.0
2525,Testis,49,2525__pred49,normal_like,248.0,145,188,159,213,151.7741935483871,199.84274193548387,0.8505978225675367,0.9288389513108615,25.004335504996796,13.147700563029113,0,244,244,0.0,0.9838709677419355,0.9838709677419355
2525,Testis,50,2525__pred50,normal_like,207.0,150,77,163,97,156.54589371980677,86.3671497584541,0.783472427392157,0.9539170506912442,20.647469305150853,12.830885591135207,0,206,206,0.0,0.9951690821256038,0.9951690821256038
2525,Testis,51,2525__pred51,normal_like,158.0,151,141,163,158,156.64556962025316,149.01898734177215,0.6693172469950559,0.9693251533742331,16.469429018154457,12.236402534093212,0,157,157,0.0,0.9936708860759493,0.9936708860759493
2525,Testis,52,2525__pred52,normal_like,98.0,151,246,164,256,157.37755102040816,251.12244897959184,0.681975632418353,0.9514563106796117,13.286244589111016,9.71722573904667,0,98,98,0.0,1.0,1.0
2525,Testis,53,2525__pred53,normal_like,146.0,159,222,172,237,165.013698630137,229.2945205479452,0.45554647438590057,0.9299363057324841,14.477602482944627,12.888135500014005,0,144,144,0.0,0.9863013698630136,0.9863013698630136
2525,Testis,54,2525__pred54,normal_like,235.0,164,109,179,130,170.61702127659575,119.42553191489361,0.6544631471420773,0.9591836734693877,19.994985662716253,15.118086735331202,0,235,235,0.0,1.0,1.0
2525,Testis,55,2525__pred55,normal_like,230.0,166,207,185,224,175.0608695652174,214.76956521739132,0.7853958067749967,0.9704641350210971,21.787097693950408,13.486080192234784,0,215,215,0.0,0.9347826086956522,0.9347826086956522
2525,Testis,56,2525__pred56,normal_like,256.0,168,160,186,179,175.91015625,169.078125,0.6011188126881466,0.9696969696969697,20.30844369319239,16.229689094982973,0,252,252,0.0,0.984375,0.984375
2525,Testis,57,2525__pred57,normal_like,228.0,170,178,187,195,178.05263157894737,186.2061403508772,0.42633850114381605,0.9539748953974896,17.92252097278226,16.21206183577355,0,227,227,0.0,0.9956140350877193,0.9956140350877193
2525,Testis,58,2525__pred58,normal_like,253.0,173,79,190,98,180.9328063241107,87.68774703557312,0.45524144713890236,0.9547169811320755,19.076508596384816,16.985113334970404,0,253,253,0.0,1.0,1.0
2525,Testis,59,2525__pred59,normal_like,249.0,173,143,192,160,182.69076305220884,151.0441767068273,0.618538710694527,0.9540229885057471,20.234341777919965,15.899221618527248,0,249,249,0.0,1.0,1.0
2525,Testis,60,2525__pred60,normal_like,200.0,177,100,194,116,185.64,107.385,0.36236957450306045,0.9523809523809523,16.7293956819275,15.592373780714265,0,200,200,0.0,1.0,1.0
2525,Testis,61,2525__pred61,normal_like,238.0,178,57,198,74,187.26050420168067,65.21428571428571,0.6402374063235732,0.9407114624505929,19.89917436110702,15.286090138330568,0,238,238,0.0,1.0,1.0
2525,Testis,62,2525__pred62,normal_like,249.0,180,218,196,239,187.429718875502,228.13253012048193,0.6825910703909424,0.950381679389313,20.885228311289346,15.262936147322042,0,233,233,0.0,0.9357429718875502,0.9357429718875502
2525,Testis,63,2525__pred63,normal_like,163.0,180,243,195,256,187.159509202454,249.4478527607362,0.48584423806263977,0.9644970414201184,15.5157815356368,13.561497612477547,0,163,163,0.0,1.0,1.0
2525,Testis,64,2525__pred64,normal_like,226.0,193,190,207,211,199.47345132743362,199.8849557522124,0.7683319224485325,0.9416666666666667,21.219310318114236,13.581453624170384,0,221,221,0.0,0.9778761061946902,0.9778761061946902
2525,Testis,65,2525__pred65,normal_like,185.0,197,14,213,29,204.61081081081082,20.972972972972972,0.5033776076399807,0.9390862944162437,16.53103566655769,14.28391477742679,0,185,185,0.0,1.0,1.0
2525,Testis,66,2525__pred66,normal_like,233.0,197,166,216,182,206.26180257510728,173.3519313304721,0.644789348833653,0.966804979253112,19.702976105265442,15.060173080047472,0,228,228,0.0,0.9785407725321889,0.9785407725321889
2525,Testis,67,2525__pred67,normal_like,192.0,199,93,214,110,205.921875,100.97916666666667,0.5807897970228106,0.96,17.335093584725662,14.111694785331728,0,192,192,0.0,1.0,1.0
2525,Testis,68,2525__pred68,normal_like,233.0,201,52,215,73,207.57081545064378,61.69527896995708,0.7546447351398881,0.9628099173553719,21.269843973868106,13.955859665566809,0,233,233,0.0,1.0,1.0
2525,Testis,69,2525__pred69,normal_like,103.0,204,115,216,126,209.45631067961165,120.07766990291262,0.49202216849243086,0.944954128440367,12.303044925344704,10.710817703117183,0,91,91,0.0,0.883495145631068,0.883495145631068
2525,Testis,70,2525__pred70,normal_like,292.0,205,230,222,252,212.79794520547946,240.26712328767124,0.7585479589271235,0.9733333333333334,23.90428916883308,15.576446318666044,0,284,284,0.0,0.9726027397260274,0.9726027397260274
2525,Testis,71,2525__pred71,normal_like,194.0,207,207,222,224,214.31443298969072,215.2577319587629,0.4682273136372808,0.9797979797979798,16.759808257630073,14.809101461973967,0,194,194,0.0,1.0,1.0
2525,Testis,72,2525__pred72,normal_like,208.0,209,186,225,202,216.89903846153845,193.1778846153846,0.26978094509182954,0.9765258215962441,16.606566141827557,15.990823256878555,0,208,208,0.0,1.0,1.0
2525,Testis,73,2525__pred73,normal_like,211.0,210,142,226,160,217.9004739336493,150.53080568720378,0.5119838984715902,0.9377777777777778,17.69681828709184,15.201479224701796,0,211,211,0.0,1.0,1.0
2525,Testis,74,2525__pred74,normal_like,141.0,216,100,229,115,221.9290780141844,107.2127659574468,0.5931835577850073,0.9276315789473685,14.960861366425165,12.044499422668292,0,141,141,0.0,1.0,1.0
2525,Testis,75,2525__pred75,normal_like,119.0,220,128,231,142,224.54621848739495,134.88235294117646,0.6580092640251881,0.9444444444444444,14.193312671368261,10.68770400308646,0,118,118,0.0,0.9915966386554622,0.9915966386554622
2525,Testis,76,2525__pred76,normal_like,212.0,226,33,246,46,236.00943396226415,38.985849056603776,0.760955520376321,0.9680365296803652,20.4229874608857,13.25051698893429,0,211,211,0.0,0.9952830188679245,0.9952830188679245
2525,Testis,77,2525__pred77,normal_like,214.0,227,51,242,71,233.69158878504672,61.10747663551402,0.6752702497046537,0.9385964912280702,19.26211677645256,14.207167109159919,0,214,214,0.0,1.0,1.0
2525,Testis,78,2525__pred78,normal_like,244.0,229,16,248,33,238.14344262295083,23.598360655737704,0.5424739153276978,0.953125,19.227470243230446,16.152471810344814,0,244,244,0.0,1.0,1.0
2525,Testis,79,2525__pred79,normal_like,327.0,229,194,248,217,238.39449541284404,205.08256880733944,0.7605648122308275,0.9646017699115044,25.43602759373736,16.514646573657917,0,327,327,0.0,1.0,1.0
2525,Testis,80,2525__pred80,normal_like,151.0,230,172,243,187,235.98013245033113,179.3841059602649,0.5563540031890242,0.94375,15.254939030597965,12.676021096734512,0,141,141,0.0,0.9337748344370861,0.9337748344370861
2525,Testis,81,2525__pred81,normal_like,211.0,233,97,248,115,239.87203791469193,105.65402843601896,0.5965797958330122,0.9547511312217195,18.305520558843003,14.691164461756216,0,211,211,0.0,1.0,1.0
2525,Testis,82,2525__pred82,normal_like,113.0,245,154,255,169,249.79646017699116,160.90265486725664,0.7938832754429223,0.9186991869918699,15.38655717652858,9.356106606674137,0,113,113,0.0,1.0,1.0
2525,Testis,83,2525__pred83,normal_like,78.0,249,2,256,17,252.3846153846154,9.26923076923077,0.9054459468800179,0.9069767441860465,15.950814040113306,6.7705078120966045,0,78,78,0.0,1.0,1.0
2525,Testis,84,2525__pred84,normal_like,50.0,251,121,255,137,252.64,128.18,0.9734564074228568,0.8771929824561403,17.146636262726336,3.924393567643048,0,50,50,0.0,1.0,1.0
2534,Testis,1,2534__pred1,neoplastic_like,1167.0,0,0,27,52,11.659811482433591,22.22879177377892,0.8600736774321401,0.9839797639123102,55.13535305674778,28.12839444954767,1167,0,1167,1.0,0.0,1.0
2534,Testis,2,2534__pred2,normal_like,208.0,1,106,21,120,10.038461538461538,112.29807692307692,0.8157339892784427,0.9541284403669725,21.43475386332651,12.398445271960691,0,208,208,0.0,1.0,1.0
2534,Testis,3,2534__pred3,unmatched,419.0,24,40,60,59,40.35799522673031,49.09546539379475,0.9268244704138145,0.9436936936936937,37.81547632076605,14.199517548637195,0,0,0,0.0,0.0,0.0
2534,Testis,4,2534__pred4,neoplastic_like,1264.0,33,0,81,34,53.80142405063291,14.417721518987342,0.7764782532878611,0.9790859798605732,51.59537680976282,32.51251963952163,1233,0,1233,0.9754746835443038,0.0,0.9754746835443038
2534,Testis,5,2534__pred5,neoplastic_like,1156.0,43,215,84,253,63.187716262975776,233.19636678200692,0.3694500579300901,0.9714285714285714,39.87775670224583,37.05642885074665,1106,0,1106,0.9567474048442907,0.0,0.9567474048442907
2534,Testis,6,2534__pred6,unmatched,219.0,45,183,64,199,54.35159817351598,190.45205479452054,0.5324817353331468,0.9605263157894737,18.1719038235252,15.381453408023495,0,0,0,0.0,0.0,0.0
2534,Testis,7,2534__pred7,neoplastic_like,287.0,77,171,95,190,85.47386759581882,180.3170731707317,0.39351734180293835,0.9663299663299664,19.962795730847645,18.35214133956908,287,0,287,1.0,0.0,1.0
2534,Testis,8,2534__pred8,normal_like,655.0,94,202,128,228,111.34198473282443,214.5267175572519,0.6383997883094434,0.9675036927621861,33.02554569617274,25.41992600377158,0,597,597,0.0,0.9114503816793893,0.9114503816793893
2534,Testis,9,2534__pred9,neoplastic_like,288.0,105,178,128,195,115.73611111111111,185.99305555555554,0.7549129238025795,0.9568106312292359,23.658127275350463,15.515592165401603,281,0,281,0.9756944444444444,0.0,0.9756944444444444
2534,Testis,10,2534__pred10,neoplastic_like,805.0,137,223,172,254,154.62360248447206,238.327950310559,0.6308596760155477,0.971049457177322,36.4069350690943,28.248029694981636,803,0,803,0.9975155279503105,0.0,0.9975155279503105
2534,Testis,11,2534__pred11,normal_like,318.0,138,145,158,165,146.8993710691824,154.3427672955975,0.2719392419691956,0.9724770642201835,20.54274244981322,19.76857734703892,0,315,315,0.0,0.9905660377358491,0.9905660377358491
2534,Testis,12,2534__pred12,neoplastic_like,566.0,138,194,170,217,152.67667844522967,204.92402826855124,0.7704903980407208,0.9129032258064517,34.87011025579766,22.22800768918542,437,0,437,0.7720848056537103,0.0,0.7720848056537103
2534,Testis,13,2534__pred13,neoplastic_like,1341.0,151,57,205,89,175.88665175242357,73.37956748695004,0.8138267880729634,0.9731494920174165,54.63693948935065,31.749936840220155,1253,0,1253,0.9343773303504848,0.0,0.9343773303504848
2534,Testis,14,2534__pred14,neoplastic_like,1753.0,156,96,202,146,179.3377067883628,118.28009127210497,0.5476023429931669,0.9669056811913955,52.472741264945455,43.90597399723394,416,0,416,0.23730747290359383,0.0,0.23730747290359383
2534,Testis,15,2534__pred15,normal_like,427.0,157,35,190,53,171.91100702576114,42.72833723653396,0.8819546617860403,0.9552572706935123,34.23574664097244,16.136479941909137,0,276,276,0.0,0.6463700234192038,0.6463700234192038
2534,Testis,16,2534__pred16,normal_like,370.0,168,0,195,21,178.78108108108108,7.986486486486487,0.7967243516899156,0.9319899244332494,29.20842970605119,17.651906306935484,0,369,369,0.0,0.9972972972972973,0.9972972972972973
2534,Testis,17,2534__pred17,normal_like,254.0,183,7,202,27,192.10629921259843,16.68503937007874,0.8089811595846582,0.9442379182156134,23.540348721405426,13.837830803337084,0,234,234,0.0,0.9212598425196851,0.9212598425196851
2534,Testis,18,2534__pred18,neoplastic_like,1142.0,203,170,241,213,222.41330998248688,191.74518388791594,0.7166748738147979,0.9719148936170213,45.75869528977197,31.912454142009942,1003,0,1003,0.8782837127845884,0.0,0.8782837127845884
2534,Testis,19,2534__pred19,neoplastic_like,695.0,205,0,250,19,227.1179856115108,8.218705035971222,0.9017076033193556,0.9666203059805285,45.86455588765077,19.82937501687344,695,0,695,1.0,0.0,1.0
2534,Testis,20,2534__pred20,neoplastic_like,779.0,213,217,255,246,235.2875481386393,231.88446726572528,0.8958757360066537,0.95,47.85951499563348,21.264207408786497,779,0,779,1.0,0.0,1.0
2534,Testis,21,2534__pred21,neoplastic_like,1101.0,214,86,252,130,233.3623978201635,109.28065395095368,0.8368442716843507,0.9691901408450704,51.02237535970849,27.931740956720244,1075,0,1075,0.9763851044504995,0.0,0.9763851044504995
2534,Testis,22,2534__pred22,neoplastic_like,495.0,224,23,255,48,242.13333333333333,37.62626262626262,0.8105530768722697,0.9116022099447514,34.82949931659146,20.39842518009054,494,0,494,0.997979797979798,0.0,0.997979797979798
2602,Colon,1,2602__pred1,neoplastic_like,368.0,0,24,18,52,7.461956521739131,37.432065217391305,0.8030804832318547,0.934010152284264,28.584785565821893,17.032832498655267,367,0,367,0.9972826086956522,0.0,0.9972826086956522
2602,Colon,2,2602__pred2,normal_like,260.0,2,153,23,171,12.0,161.80384615384617,0.7815789984768403,0.9558823529411765,23.137927875982587,14.433584607149575,0,251,251,0.0,0.9653846153846154,0.9653846153846154
2602,Colon,3,2602__pred3,neoplastic_like,520.0,9,59,43,85,25.221153846153847,71.98653846153846,0.8549834743504565,0.9454545454545454,35.99597744658652,18.669502342697996,428,0,428,0.823076923076923,0.0,0.823076923076923
2602,Colon,4,2602__pred4,neoplastic_like,328.0,17,35,35,58,25.609756097560975,45.51829268292683,0.638700800870644,0.967551622418879,23.405945806784935,18.009826440615083,257,0,257,0.7835365853658537,0.0,0.7835365853658537
2602,Colon,5,2602__pred5,neoplastic_like,457.0,31,62,54,95,42.36542669584245,78.29102844638949,0.8942129104353265,0.9481327800829875,36.23889070155,16.222045894624735,343,0,343,0.75054704595186,0.0,0.75054704595186
2602,Colon,6,2602__pred6,neoplastic_like,585.0,33,95,63,122,48.26495726495727,108.391452991453,0.5199652098276039,0.962171052631579,29.640862280915027,25.3188522349551,495,0,495,0.8461538461538461,0.0,0.8461538461538461
2602,Colon,7,2602__pred7,neoplastic_like,351.0,46,24,69,48,57.07977207977208,35.56410256410256,0.8622421250579838,0.9564032697547684,29.729902555135403,15.058086109058124,276,0,276,0.7863247863247863,0.0,0.7863247863247863
2602,Colon,8,2602__pred8,normal_like,345.0,47,179,74,196,60.481159420289856,186.8840579710145,0.7862846561744191,0.9478021978021978,26.719827475206632,16.509230661417472,0,265,265,0.0,0.7681159420289855,0.7681159420289855
2602,Colon,9,2602__pred9,neoplastic_like,588.0,51,67,77,99,64.05102040816327,82.79591836734694,0.756179621950151,0.9560975609756097,33.91080692001204,22.190014753575866,523,0,523,0.8894557823129252,0.0,0.8894557823129252
2602,Colon,10,2602__pred10,normal_like,405.0,55,149,89,178,71.6395061728395,163.29382716049383,0.962519460746439,0.9418604651162791,43.7474407298609,11.864858215197794,0,300,300,0.0,0.7407407407407407,0.7407407407407407
2602,Colon,11,2602__pred11,neoplastic_like,690.0,74,33,102,70,87.29855072463768,50.8304347826087,0.8626419542389325,0.967741935483871,41.75973748813267,21.122703457056943,579,0,579,0.8391304347826087,0.0,0.8391304347826087
2602,Colon,12,2602__pred12,neoplastic_like,413.0,80,117,106,145,92.2590799031477,131.72154963680387,0.8079647109839044,0.9017467248908297,31.1499328526047,18.35450223722655,406,0,406,0.9830508474576272,0.0,0.9830508474576272
2602,Colon,13,2602__pred13,neoplastic_like,1114.0,101,102,139,146,119.97127468581688,125.9245960502693,0.636218635112806,0.9537671232876712,43.08960217997441,33.244007824888094,1087,0,1087,0.9757630161579892,0.0,0.9757630161579892
2602,Colon,14,2602__pred14,neoplastic_like,764.0,109,57,143,94,124.55890052356021,73.67146596858639,0.8359879918576453,0.9646464646464646,42.5565751648002,23.352824262147205,691,0,691,0.9044502617801047,0.0,0.9044502617801047
2602,Colon,15,2602__pred15,neoplastic_like,1131.0,117,135,159,177,136.55968169761275,154.8134394341291,0.8313721727704679,0.9641943734015346,51.193452541746296,28.449022408578493,1045,0,1045,0.9239610963748894,0.0,0.9239610963748894
2602,Colon,16,2602__pred16,normal_like,403.0,120,239,149,255,133.98014888337468,246.77667493796525,0.8245215972604156,0.9595238095238096,30.433572857699396,17.22024323376692,0,281,281,0.0,0.6972704714640199,0.6972704714640199
2602,Colon,17,2602__pred17,neoplastic_like,910.0,123,81,163,116,144.22637362637363,97.310989010989,0.6771536978412508,0.958904109589041,39.99076495080292,29.42686871687317,869,0,869,0.954945054945055,0.0,0.954945054945055
2602,Colon,18,2602__pred18,neoplastic_like,992.0,144,154,176,195,159.18649193548387,173.55040322580646,0.7176673366368759,0.9678048780487805,42.6914668400368,29.729743901411936,857,0,857,0.8639112903225806,0.0,0.8639112903225806
2602,Colon,19,2602__pred19,normal_like,235.0,147,215,170,233,157.8808510638298,224.46808510638297,0.8910475498398185,0.9325396825396826,25.817799708269145,11.718956778043966,0,235,235,0.0,1.0,1.0
2602,Colon,20,2602__pred20,neoplastic_like,782.0,174,186,201,229,186.8388746803069,207.7378516624041,0.8687213739321943,0.9618696186961869,45.12159632843109,22.348776058923093,580,0,580,0.7416879795396419,0.0,0.7416879795396419
2602,Colon,21,2602__pred21,neoplastic_like,1077.0,199,202,232,245,215.09563602599815,222.61652739090064,0.7109315763192721,0.9659192825112107,44.27464747229002,31.136641029966274,734,0,734,0.6815227483751161,0.0,0.6815227483751161
2602,Colon,22,2602__pred22,neoplastic_like,963.0,225,209,255,256,240.49428868120458,233.70820353063343,0.8844222541261393,0.9563058589870904,52.00011418840137,24.267806284825642,867,0,867,0.9003115264797508,0.0,0.9003115264797508
2635,Colon,1,2635__pred1,normal_like,85.0,1,246,12,256,5.435294117647059,251.16470588235293,0.4981175444539789,0.9444444444444444,11.423863918007083,9.905741107321449,0,85,85,0.0,1.0,1.0
2635,Colon,2,2635__pred2,normal_like,151.0,2,185,15,203,6.821192052980132,194.80794701986756,0.8320496594709174,0.937888198757764,19.162160291159626,10.629272321715622,0,128,128,0.0,0.847682119205298,0.847682119205298
2635,Colon,3,2635__pred3,neoplastic_like,792.0,14,103,55,128,33.888888888888886,115.48232323232324,0.7970889893519033,0.9705882352941176,40.950540190678694,24.728469268922154,757,0,757,0.9558080808080808,0.0,0.9558080808080808
2635,Colon,4,2635__pred4,neoplastic_like,1346.0,46,186,110,227,76.38930163447252,209.08320950965825,0.9159480469055968,0.86337395766517,68.79301615306716,27.606421845632628,1129,0,1129,0.8387815750371471,0.0,0.8387815750371471
2635,Colon,5,2635__pred5,neoplastic_like,572.0,88,138,117,164,102.10314685314685,151.23076923076923,0.5891521917163003,0.9662162162162162,30.13519367049831,24.34990211751468,570,0,570,0.9965034965034965,0.0,0.9965034965034965
2635,Colon,6,2635__pred6,neoplastic_like,586.0,105,44,131,73,116.8703071672355,57.406143344709896,0.6299546535322499,0.9766666666666667,31.052083036644746,24.116038775392038,551,0,551,0.9402730375426621,0.0,0.9402730375426621
2635,Colon,7,2635__pred7,normal_like,405.0,109,228,138,249,122.21975308641976,237.33086419753087,0.8778455768216809,0.9619952494061758,33.08299120029611,15.844892819593946,0,386,386,0.0,0.9530864197530864,0.9530864197530864
2635,Colon,8,2635__pred8,neoplastic_like,540.0,118,83,148,106,132.75185185185185,93.26666666666667,0.6506327219281656,0.9694793536804309,30.14148125558321,22.889216632179153,509,0,509,0.9425925925925925,0.0,0.9425925925925925
2635,Colon,9,2635__pred9,neoplastic_like,399.0,132,25,159,46,145.0125313283208,35.13032581453634,0.7314285556096732,0.9591346153846154,27.310990062881864,18.62385791074192,384,0,384,0.9624060150375939,0.0,0.9624060150375939
2635,Colon,10,2635__pred10,neoplastic_like,213.0,137,184,154,201,144.42253521126761,192.10798122065728,0.6767499472540952,0.9466666666666667,19.208936115260688,14.141867538700367,184,0,184,0.863849765258216,0.0,0.863849765258216
2635,Colon,11,2635__pred11,neoplastic_like,203.0,138,142,170,153,153.28571428571428,146.82758620689654,0.971167574291531,0.90625,33.020847651761194,7.872099622787701,200,0,200,0.9852216748768473,0.0,0.9852216748768473
2635,Colon,12,2635__pred12,neoplastic_like,574.0,150,101,180,125,164.49477351916377,112.46864111498257,0.6185689002570052,0.9745331069609507,30.525502513705565,23.984820237151336,536,0,536,0.9337979094076655,0.0,0.9337979094076655
2635,Colon,13,2635__pred13,neoplastic_like,589.0,150,157,186,180,167.5942275042445,167.6893039049236,0.8539090626655557,0.9608482871125612,38.13640017148261,19.847030979054285,485,0,485,0.8234295415959253,0.0,0.8234295415959253
2635,Colon,14,2635__pred14,normal_like,127.0,183,60,196,74,189.28346456692913,66.58267716535433,0.5696848909050585,0.9338235294117647,14.064522424067293,11.55911345349192,0,120,120,0.0,0.9448818897637795,0.9448818897637795
2635,Colon,15,2635__pred15,neoplastic_like,441.0,209,175,234,198,220.97052154195012,186.29024943310657,0.6626778014984266,0.9607843137254902,27.4969224688637,20.592572301056297,417,0,417,0.9455782312925171,0.0,0.9455782312925171
2635,Colon,16,2635__pred16,neoplastic_like,458.0,213,211,234,255,220.46943231441048,226.65065502183407,0.9189478535899598,0.710077519379845,45.5631234520718,17.969141763952408,452,0,452,0.9868995633187773,0.0,0.9868995633187773
2635,Colon,17,2635__pred17,neoplastic_like,585.0,216,100,247,127,230.67008547008547,113.42222222222222,0.7423889378441525,0.9653465346534653,33.445884039958344,22.40771057650388,567,0,567,0.9692307692307692,0.0,0.9692307692307692
2635,Colon,18,2635__pred18,neoplastic_like,354.0,217,51,237,75,225.74011299435028,61.6045197740113,0.5966244461293696,0.9698630136986301,23.825875475986166,19.12075524207372,333,0,333,0.940677966101695,0.0,0.940677966101695
2635,Colon,19,2635__pred19,neoplastic_like,371.0,224,26,247,48,234.75741239892184,36.05121293800539,0.551318674442844,0.9636363636363636,23.81588590703942,19.86946842659152,354,0,354,0.954177897574124,0.0,0.954177897574124
2635,Colon,20,2635__pred20,neoplastic_like,367.0,231,155,253,176,241.97547683923705,164.92370572207085,0.6173943222924838,0.9607329842931938,24.59013111332463,19.34392086031276,362,0,362,0.9863760217983651,0.0,0.9863760217983651
